date,t,close,ret,abs_ret,loss
2008-01-02,0,27560.51953,,,
2008-01-03,1,26887.2793,-0.024731010553670885,0.024731010553670885,0.024731010553670885
2008-01-04,2,27519.68945,0.02324844219618427,0.02324844219618427,0.0
2008-01-07,3,27179.49023,-0.012439075268813937,0.012439075268813937,0.012439075268813937
2008-01-08,4,27112.90039,-0.0024530094412948955,0.0024530094412948955,0.0024530094412948955
2008-01-09,5,27615.84961,0.018380225359091895,0.018380225359091895,0.0
2008-01-10,6,27230.85938,-0.014039002898377007,0.014039002898377007,0.014039002898377007
2008-01-11,7,26867.00977,-0.013451734873266119,0.013451734873266119,0.013451734873266119
2008-01-14,8,26468.13086,-0.014957731137450025,0.014957731137450025,0.014957731137450025
2008-01-15,9,25837.7793,-0.024103665402176233,0.024103665402176233,0.024103665402176233
2008-01-16,10,24450.84961,-0.05517277062642734,0.05517277062642734,0.05517277062642734
2008-01-17,11,25114.98047,0.026799535386361484,0.026799535386361484,0.0
2008-01-18,12,25201.86914,0.003453664410205448,0.003453664410205448,0.0
2008-01-21,13,23818.85938,-0.05644048617895692,0.05644048617895692,0.05644048617895692
2008-01-22,14,21757.63086,-0.09051313766880753,0.09051313766880753,0.09051313766880753
2008-01-23,15,24090.16992,0.10183933000988254,0.10183933000988254,0.0
2008-01-24,16,23539.26953,-0.02313379981148067,0.02313379981148067,0.02313379981148067
2008-01-25,17,25122.36914,0.06508857971129167,0.06508857971129167,0.0
2008-01-28,18,24053.60938,-0.04347358658925948,0.04347358658925948,0.04347358658925948
2008-01-29,19,24291.80078,0.009853813486209617,0.009853813486209617,0.0
2008-01-30,20,23653.68945,-0.02661977206281385,0.02661977206281385,0.02661977206281385
2008-01-31,21,23455.74023,-0.00840385402043431,0.00840385402043431,0.00840385402043431
2008-02-01,22,24123.58008,0.028074537840748093,0.028074537840748093,0.0
2008-02-04,23,25032.08008,0.036968416761252954,0.036968416761252954,0.0
2008-02-05,24,24808.69922,-0.00896383880284013,0.00896383880284013,0.00896383880284013
2008-02-06,25,23469.46094,-0.05549432510891705,0.05549432510891705,0.05549432510891705
2008-02-11,26,22616.10938,-0.03703758477624852,0.03703758477624852,0.03703758477624852
2008-02-12,27,22921.66992,0.013420291052618438,0.013420291052618438,0.0
2008-02-13,28,23169.55078,0.010756202423387151,0.010756202423387151,0.0
2008-02-14,29,24021.67969,0.03611779276164917,0.03611779276164917,0.0
2008-02-15,30,24148.42969,0.0052626117798197924,0.0052626117798197924,0.0
2008-02-18,31,23759.25,-0.016247426456404312,0.016247426456404312,0.016247426456404312
2008-02-19,32,24123.16992,0.015200857769652742,0.015200857769652742,0.0
2008-02-20,33,23590.58008,-0.022325302911530898,0.022325302911530898,0.022325302911530898
2008-02-21,34,23623.0,0.0013733305138270424,0.0013733305138270424,0.0
2008-02-22,35,23305.03906,-0.013551207853137015,0.013551207853137015,0.013551207853137015
2008-02-25,36,23269.14063,-0.0015415596086949535,0.0015415596086949535,0.0015415596086949535
2008-02-26,37,23714.75,0.018969171173040422,0.018969171173040422,0.0
2008-02-27,38,24483.83984,0.031916084129797184,0.031916084129797184,0.0
2008-02-28,39,24591.68945,0.004395257073442238,0.004395257073442238,0.0
2008-02-29,40,24331.66992,-0.010629767934457135,0.010629767934457135,0.010629767934457135
2008-03-03,41,23584.9707,-0.031169116271190234,0.031169116271190234,0.031169116271190234
2008-03-04,42,23119.86914,-0.019917290666866094,0.019917290666866094,0.019917290666866094
2008-03-05,43,23114.33984,-0.00023918653085353014,0.00023918653085353014,0.00023918653085353014
2008-03-06,44,23342.73047,0.009832409511375317,0.009832409511375317,0.0
2008-03-07,45,22501.33008,-0.03671118460423983,0.03671118460423983,0.03671118460423983
2008-03-10,46,22705.05078,0.009012978929357374,0.009012978929357374,0.0
2008-03-11,47,22995.34961,0.012704603557059713,0.012704603557059713,0.0
2008-03-12,48,23422.75977,0.018416184783445644,0.018416184783445644,0.0
2008-03-13,49,22301.64063,-0.049047942787812104,0.049047942787812104,0.049047942787812104
2008-03-14,50,22237.10938,-0.0028977595977117687,0.0028977595977117687,0.0028977595977117687
2008-03-17,51,21084.60938,-0.05321912595358924,0.05321912595358924,0.05321912595358924
2008-03-18,52,21384.60938,0.014128114377106371,0.014128114377106371,0.0
2008-03-19,53,21866.93945,0.02230440661399058,0.02230440661399058,0.0
2008-03-20,54,21108.2207,-0.03531331081155109,0.03531331081155109,0.03531331081155109
2008-03-25,55,22464.51953,0.062274583561620744,0.062274583561620744,0.0
2008-03-26,56,22617.00977,0.006765113071773854,0.006765113071773854,0.0
2008-03-27,57,22664.2207,0.0020852325176168307,0.0020852325176168307,0.0
2008-03-28,58,23285.94922,0.027062640511863023,0.027062640511863023,0.0
2008-03-31,59,22849.19922,-0.01893406925347385,0.01893406925347385,0.01893406925347385
2008-04-01,60,23137.46094,0.012536918080099824,0.012536918080099824,0.0
2008-04-02,61,23872.42969,0.03127123387838182,0.03127123387838182,0.0
2008-04-03,62,24264.63086,0.016295546275420847,0.016295546275420847,0.0
2008-04-07,63,24578.75977,0.012862876105952381,0.012862876105952381,0.0
2008-04-08,64,24311.68945,-0.01092536398395616,0.01092536398395616,0.01092536398395616
2008-04-09,65,23984.57031,-0.013546562158722963,0.013546562158722963,0.013546562158722963
2008-04-10,66,24187.09961,0.008408697214546734,0.008408697214546734,0.0
2008-04-11,67,24667.78906,0.019678888872030953,0.019678888872030953,0.0
2008-04-14,68,23811.19922,-0.035342280470176846,0.035342280470176846,0.035342280470176846
2008-04-15,69,23901.33008,0.003778083808690269,0.003778083808690269,0.0
2008-04-16,70,23878.34961,-0.0009619349447760328,0.0009619349447760328,0.0009619349447760328
2008-04-17,71,24258.96094,0.015813898098516077,0.015813898098516077,0.0
2008-04-18,72,24197.7793,-0.002525207936326268,0.002525207936326268,0.002525207936326268
2008-04-21,73,24721.66992,0.02141931921670448,0.02141931921670448,0.0
2008-04-22,74,24939.15039,0.008758689806924735,0.008758689806924735,0.0
2008-04-23,75,25289.24023,0.013940144408536526,0.013940144408536526,0.0
2008-04-24,76,25680.7793,0.015363807013139663,0.015363807013139663,0.0
2008-04-25,77,25516.7793,-0.0064065774002539655,0.0064065774002539655,0.0064065774002539655
2008-04-28,78,25666.28906,0.005842173595034694,0.005842173595034694,0.0
2008-04-29,79,25914.15039,0.009610745487197647,0.009610745487197647,0.0
2008-04-30,80,25755.34961,-0.006146809239519158,0.006146809239519158,0.006146809239519158
2008-05-02,81,26241.01953,0.018681459983744375,0.018681459983744375,0.0
2008-05-05,82,26183.94922,-0.002177219516001472,0.002177219516001472,0.002177219516001472
2008-05-06,83,26262.13086,0.0029814124446527757,0.0029814124446527757,0.0
2008-05-07,84,25610.21094,-0.025136873485545053,0.025136873485545053,0.025136873485545053
2008-05-08,85,25449.78906,-0.006283682250291633,0.006283682250291633,0.006283682250291633
2008-05-09,86,25063.16992,-0.015308019868927047,0.015308019868927047,0.015308019868927047
2008-05-13,87,25552.76953,0.01934627256812327,0.01934627256812327,0.0
2008-05-14,88,25533.48047,-0.0007551566582648661,0.0007551566582648661,0.0007551566582648661
2008-05-15,89,25513.71094,-0.0007745590087253618,0.0007745590087253618,0.0007745590087253618
2008-05-16,90,25618.85938,0.004112783204805126,0.004112783204805126,0.0
2008-05-19,91,25742.23047,0.004804077469357182,0.004804077469357182,0.0
2008-05-20,92,25169.46094,-0.02250146010801579,0.02250146010801579,0.02250146010801579
2008-05-21,93,25460.28906,0.011488554408598972,0.011488554408598972,0.0
2008-05-22,94,25043.11914,-0.01652084179239921,0.01652084179239921,0.01652084179239921
2008-05-23,95,24714.07031,-0.013226375143954527,0.013226375143954527,0.013226375143954527
2008-05-26,96,24127.31055,-0.024028312891868353,0.024028312891868353,0.024028312891868353
2008-05-27,97,24282.03906,0.00639252698718451,0.00639252698718451,0.0
2008-05-28,98,24249.50977,-0.0013405422104035836,0.0013405422104035836,0.0013405422104035836
2008-05-29,99,24383.99023,0.005530377322534363,0.005530377322534363,0.0
2008-05-30,100,24533.11914,0.006097227490503343,0.006097227490503343,0.0
2008-06-02,101,24831.35938,0.01208333918228277,0.01208333918228277,0.0
2008-06-03,102,24375.75977,-0.018518159054952577,0.018518159054952577,0.018518159054952577
2008-06-04,103,24123.25,-0.010413080715540701,0.010413080715540701,0.010413080715540701
2008-06-05,104,24255.28906,0.005458593435065495,0.005458593435065495,0.0
2008-06-06,105,24402.17969,0.006037760697765293,0.006037760697765293,0.0
2008-06-10,106,23375.51953,-0.042983159056595,0.042983159056595,0.042983159056595
2008-06-11,107,23327.59961,-0.0020521086256710674,0.0020521086256710674,0.0020521086256710674
2008-06-12,108,23023.85938,-0.013106149598037575,0.013106149598037575,0.013106149598037575
2008-06-13,109,22592.30078,-0.01892186780187366,0.01892186780187366,0.01892186780187366
2008-06-16,110,23029.68945,0.019175054371823208,0.019175054371823208,0.0
2008-06-17,111,23057.99023,0.0012281279402071021,0.0012281279402071021,0.0
2008-06-18,112,23325.80078,0.011547720451611454,0.011547720451611454,0.0
2008-06-19,113,22797.60938,-0.02290439883949169,0.02290439883949169,0.02290439883949169
2008-06-20,114,22745.59961,-0.0022839757567680863,0.0022839757567680863,0.0022839757567680863
2008-06-23,115,22714.96094,-0.0013479233105897492,0.0013479233105897492,0.0013479233105897492
2008-06-24,116,22456.01953,-0.011465070881371275,0.011465070881371275,0.011465070881371275
2008-06-25,117,22635.16016,0.007945747870554243,0.007945747870554243,0.0
2008-06-26,118,22455.66992,-0.007961316645822336,0.007961316645822336,0.007961316645822336
2008-06-27,119,22042.34961,-0.018577554757731818,0.018577554757731818,0.018577554757731818
2008-06-30,120,22102.00977,0.0027029589809863808,0.0027029589809863808,0.0
2008-07-02,121,21704.44922,-0.018151271498229704,0.018151271498229704,0.018151271498229704
2008-07-03,122,21242.7793,-0.0215002327306415,0.0215002327306415,0.0215002327306415
2008-07-04,123,21423.82031,0.008486361611948823,0.008486361611948823,0.0
2008-07-07,124,21913.06055,0.02257942961836079,0.02257942961836079,0.0
2008-07-08,125,21220.81055,-0.032100501297811945,0.032100501297811945,0.032100501297811945
2008-07-09,126,21805.81055,0.027194143359098533,0.027194143359098533,0.0
2008-07-10,127,21821.7793,0.0007320482643233817,0.0007320482643233817,0.0
2008-07-11,128,22184.55078,0.01648761427410861,0.01648761427410861,0.0
2008-07-14,129,22014.46094,-0.007696582933414575,0.007696582933414575,0.007696582933414575
2008-07-15,130,21174.76953,-0.03888919645818589,0.03888919645818589,0.03888919645818589
2008-07-16,131,21223.5,0.0022987019044862222,0.0022987019044862222,0.0
2008-07-17,132,21734.7207,0.023801955794665375,0.023801955794665375,0.0
2008-07-18,133,21874.18945,0.00639636372624075,0.00639636372624075,0.0
2008-07-21,134,22532.90039,0.02966910289180369,0.02966910289180369,0.0
2008-07-22,135,22527.48047,-0.00024056254841653413,0.00024056254841653413,0.00024056254841653413
2008-07-23,136,23134.55078,0.026591286651125756,0.026591286651125756,0.0
2008-07-24,137,23087.7207,-0.002026300072403231,0.002026300072403231,0.002026300072403231
2008-07-25,138,22740.71094,-0.015144153079067024,0.015144153079067024,0.015144153079067024
2008-07-28,139,22687.21094,-0.002355380678665142,0.002355380678665142,0.002355380678665142
2008-07-29,140,22258.0,-0.019099876456030174,0.019099876456030174,0.019099876456030174
2008-07-30,141,22690.59961,0.019249230070284895,0.019249230070284895,0.0
2008-07-31,142,22731.09961,0.001783289107558872,0.001783289107558872,0.0
2008-08-01,143,22862.59961,0.005768356894764182,0.005768356894764182,0.0
2008-08-04,144,22514.91992,-0.015324173616582115,0.015324173616582115,0.015324173616582115
2008-08-05,145,21949.75,-0.025422447072580567,0.025422447072580567,0.025422447072580567
2008-08-07,146,22104.19922,0.007011850494174965,0.007011850494174965,0.0
2008-08-08,147,21885.21094,-0.00995649126721787,0.00995649126721787,0.00995649126721787
2008-08-11,148,21859.33984,-0.0011828263203081946,0.0011828263203081946,0.0011828263203081946
2008-08-12,149,21640.89063,-0.010043673055614377,0.010043673055614377,0.010043673055614377
2008-08-13,150,21293.32031,-0.016191186722727124,0.016191186722727124,0.016191186722727124
2008-08-14,151,21392.71094,0.004656830663588352,0.004656830663588352,0.0
2008-08-15,152,21160.58008,-0.010910233123574642,0.010910233123574642,0.010910233123574642
2008-08-18,153,20930.66992,-0.010924477012794753,0.010924477012794753,0.010924477012794753
2008-08-19,154,20484.36914,-0.02155342925791892,0.02155342925791892,0.02155342925791892
2008-08-20,155,20931.25977,0.02158160999418257,0.02158160999418257,0.0
2008-08-21,156,20392.06055,-0.026098087955375604,0.026098087955375604,0.026098087955375604
2008-08-25,157,21104.78906,0.034354348025456005,0.034354348025456005,0.0
2008-08-26,158,21056.66016,-0.002283077161537861,0.002283077161537861,0.002283077161537861
2008-08-27,159,21464.7207,0.01919378247705339,0.01919378247705339,0.0
2008-08-28,160,20972.28906,-0.023208691957341543,0.023208691957341543,0.023208691957341543
2008-08-29,161,21261.89063,0.013714300179731964,0.013714300179731964,0.0
2008-09-01,162,20906.31055,-0.016865244347068042,0.016865244347068042,0.016865244347068042
2008-09-02,163,21042.46094,0.006491292271167737,0.006491292271167737,0.0
2008-09-03,164,20585.06055,-0.02197674917878345,0.02197674917878345,0.02197674917878345
2008-09-04,165,20389.48047,-0.009546492064904655,0.009546492064904655,0.009546492064904655
2008-09-05,166,19933.2793,-0.022628443032404633,0.022628443032404633,0.022628443032404633
2008-09-08,167,20794.26953,0.042286783801401384,0.042286783801401384,0.0
2008-09-09,168,20491.10938,-0.01468634209016706,0.01468634209016706,0.01468634209016706
2008-09-10,169,19999.7793,-0.024269864800590568,0.024269864800590568,0.024269864800590568
2008-09-11,170,19388.7207,-0.03102974872303399,0.03102974872303399,0.03102974872303399
2008-09-12,171,19352.90039,-0.00184919057073607,0.00184919057073607,0.00184919057073607
2008-09-16,172,18300.60938,-0.05590794045282266,0.05590794045282266,0.05590794045282266
2008-09-17,173,17637.18945,-0.036924649093251105,0.036924649093251105,0.036924649093251105
2008-09-18,174,17632.46094,-0.00026813478308085337,0.00026813478308085337,0.00026813478308085337
2008-09-19,175,19327.73047,0.09179930173118223,0.09179930173118223,0.0
2008-09-22,176,19632.19922,0.015630159033715785,0.015630159033715785,0.0
2008-09-23,177,18872.84961,-0.039446674937291704,0.039446674937291704,0.039446674937291704
2008-09-24,178,18961.99023,0.004712100556838905,0.004712100556838905,0.0
2008-09-25,179,18934.42969,-0.0014545197101547558,0.0014545197101547558,0.0014545197101547558
2008-09-26,180,18682.08984,-0.01341663919840741,0.01341663919840741,0.01341663919840741
2008-09-29,181,17880.67969,-0.043844519341105226,0.043844519341105226,0.043844519341105226
2008-09-30,182,18016.21094,0.0075511773651282255,0.0075511773651282255,0.0
2008-10-02,183,18211.10938,0.010759852985511742,0.010759852985511742,0.0
2008-10-03,184,17682.40039,-0.02946199669667493,0.02946199669667493,0.02946199669667493
2008-10-06,185,16803.75977,-0.050967159454929245,0.050967159454929245,0.050967159454929245
2008-10-08,186,15431.73047,-0.08517684740887255,0.08517684740887255,0.08517684740887255
2008-10-09,187,15943.24023,0.03260911957153034,0.03260911957153034,0.0
2008-10-10,188,14796.87012,-0.07461924933966735,0.07461924933966735,0.07461924933966735
2008-10-13,189,16312.16016,0.09749517173546707,0.09749517173546707,0.0
2008-10-14,190,16832.88086,0.03142331588552949,0.03142331588552949,0.0
2008-10-15,191,15998.29981,-0.0508517129293935,0.0508517129293935,0.0508517129293935
2008-10-16,192,15230.51953,-0.04918117611492967,0.04918117611492967,0.04918117611492967
2008-10-17,193,14554.20996,-0.04542098250825788,0.04542098250825788,0.04542098250825788
2008-10-20,194,15323.00977,0.0514753091040383,0.0514753091040383,0.0
2008-10-21,195,15041.16992,-0.018564502468972677,0.018564502468972677,0.018564502468972677
2008-10-22,196,14266.59961,-0.05286998905551599,0.05286998905551599,0.05286998905551599
2008-10-23,197,13760.49023,-0.03611965462415334,0.03611965462415334,0.03611965462415334
2008-10-24,198,12618.37988,-0.08664698735786658,0.08664698735786658,0.08664698735786658
2008-10-27,199,11015.83984,-0.13582024922484415,0.13582024922484415,0.13582024922484415
2008-10-28,200,12596.29004,0.13406810686316284,0.13406810686316284,0.0
2008-10-29,201,12702.07031,0.008362667382977307,0.008362667382977307,0.0
2008-10-30,202,14329.84961,0.12057975030455914,0.12057975030455914,0.0
2008-10-31,203,13968.66992,-0.025527788017795316,0.025527788017795316,0.025527788017795316
2008-11-03,204,14344.37012,0.02654058009220428,0.02654058009220428,0.0
2008-11-04,205,14384.33984,0.0027825646083652344,0.0027825646083652344,0.0
2008-11-05,206,14840.16016,0.031196926432267347,0.031196926432267347,0.0
2008-11-06,207,13790.04004,-0.07339043477953311,0.07339043477953311,0.07339043477953311
2008-11-07,208,14243.42969,0.032349130646922575,0.032349130646922575,0.0
2008-11-10,209,14744.62988,0.03458321456067637,0.03458321456067637,0.0
2008-11-11,210,14040.90039,-0.04890441367860987,0.04890441367860987,0.04890441367860987
2008-11-12,211,13939.08984,-0.007277414930678461,0.007277414930678461,0.007277414930678461
2008-11-13,212,13221.34961,-0.052864194237471906,0.052864194237471906,0.052864194237471906
2008-11-14,213,13542.66016,0.024011797237069032,0.024011797237069032,0.0
2008-11-17,214,13529.53027,-0.0009699910366265385,0.0009699910366265385,0.0009699910366265385
2008-11-18,215,12915.88965,-0.046416414722813215,0.046416414722813215,0.046416414722813215
2008-11-19,216,12815.79981,-0.007779539307108507,0.007779539307108507,0.007779539307108507
2008-11-20,217,12298.55957,-0.041196622495055735,0.041196622495055735,0.041196622495055735
2008-11-21,218,12659.2002,0.02890209197433613,0.02890209197433613,0.0
2008-11-24,219,12457.94043,-0.01602603421081028,0.01602603421081028,0.01602603421081028
2008-11-25,220,12878.59961,0.033208783679315346,0.033208783679315346,0.0
2008-11-26,221,13369.4502,0.03740527952014894,0.03740527952014894,0.0
2008-11-27,222,13552.05957,0.013566265207607842,0.013566265207607842,0.0
2008-11-28,223,13888.24023,0.024503921874247325,0.024503921874247325,0.0
2008-12-01,224,14108.83984,0.015759084511614674,0.015759084511614674,0.0
2008-12-02,225,13405.84961,-0.051110390185508336,0.051110390185508336,0.051110390185508336
2008-12-03,226,13588.66016,0.013544483401366492,0.013544483401366492,0.0
2008-12-04,227,13509.78027,-0.0058217455717777256,0.0058217455717777256,0.0058217455717777256
2008-12-05,228,13846.08984,0.024588983160183986,0.024588983160183986,0.0
2008-12-08,229,15044.87012,0.08303420652506333,0.08303420652506333,0.0
2008-12-09,230,14753.21973,-0.01957573153198844,0.01957573153198844,0.01957573153198844
2008-12-10,231,15577.74023,0.05438164117460076,0.05438164117460076,0.0
2008-12-11,232,15613.90039,0.002318581227562788,0.002318581227562788,0.0
2008-12-12,233,14758.38965,-0.05634985722984709,0.05634985722984709,0.05634985722984709
2008-12-15,234,15046.9502,0.01936361522472474,0.01936361522472474,0.0
2008-12-16,235,15130.20996,0.005518078627973821,0.005518078627973821,0.0
2008-12-17,236,15460.51953,0.021596242611781946,0.021596242611781946,0.0
2008-12-18,237,15497.80957,0.00240904849315271,0.00240904849315271,0.0
2008-12-19,238,15127.50977,-0.024183770516552627,0.024183770516552627,0.024183770516552627
2008-12-22,239,14622.38965,-0.03396103364038616,0.03396103364038616,0.03396103364038616
2008-12-23,240,14220.79004,-0.027848910517127123,0.027848910517127123,0.027848910517127123
2008-12-24,241,14184.13965,-0.0025805668761638145,0.0025805668761638145,0.0025805668761638145
2008-12-29,242,14328.48047,0.01012478351247914,0.01012478351247914,0.0
2008-12-30,243,14235.5,-0.006510353030794391,0.006510353030794391,0.006510353030794391
2008-12-31,244,14387.48047,0.010619571812954476,0.010619571812954476,0.0
2009-01-02,245,15042.80957,0.04454169097273031,0.04454169097273031,0.0
2009-01-05,246,15563.30957,0.03401608584266569,0.03401608584266569,0.0
2009-01-06,247,15509.50977,-0.0034628240953242795,0.0034628240953242795,0.0034628240953242795
2009-01-07,248,14987.45996,-0.03423952054839674,0.03423952054839674,0.03423952054839674
2009-01-08,249,14415.91016,-0.03888137990835183,0.03888137990835183,0.03888137990835183
2009-01-09,250,14377.44043,-0.002672127564320448,0.002672127564320448,0.002672127564320448
2009-01-12,251,13971.0,-0.02867658864940914,0.02867658864940914,0.02867658864940914
2009-01-13,252,13668.04981,-0.021922774143337875,0.021922774143337875,0.021922774143337875
2009-01-14,253,13704.61035,0.002671319596084132,0.002671319596084132,0.0
2009-01-15,254,13242.95996,-0.03426621066494384,0.03426621066494384,0.03426621066494384
2009-01-16,255,13255.50977,0.0009472102401524296,0.0009472102401524296,0.0
2009-01-19,256,13339.99023,0.006353010407096349,0.006353010407096349,0.0
2009-01-20,257,12959.76953,-0.028916400516406426,0.028916400516406426,0.028916400516406426
2009-01-21,258,12583.62988,-0.02945315421524164,0.02945315421524164,0.02945315421524164
2009-01-22,259,12657.99023,0.005891901137170308,0.005891901137170308,0.0
2009-01-23,260,12578.59961,-0.006291728192957535,0.006291728192957535,0.006291728192957535
2009-01-29,261,13154.42969,0.044761634138836826,0.044761634138836826,0.0
2009-01-30,262,13278.20996,0.009365782339530782,0.009365782339530782,0.0
2009-02-02,263,12861.49023,-0.03188674967210936,0.03188674967210936,0.03188674967210936
2009-02-03,264,12776.88965,-0.006599550162997403,0.006599550162997403,0.006599550162997403
2009-02-04,265,13063.88965,0.022213865796349097,0.022213865796349097,0.0
2009-02-05,266,13178.90039,0.00876518664102477,0.00876518664102477,0.0
2009-02-06,267,13655.04004,0.035491591784014176,0.035491591784014176,0.0
2009-02-09,268,13769.05957,0.008315327657619775,0.008315327657619775,0.0
2009-02-10,269,13880.63965,0.00807102347252453,0.00807102347252453,0.0
2009-02-11,270,13539.20996,-0.02490512112572496,0.02490512112572496,0.02490512112572496
2009-02-12,271,13228.29981,-0.023231457520394017,0.023231457520394017,0.023231457520394017
2009-02-13,272,13554.66992,0.024372671827562087,0.024372671827562087,0.0
2009-02-16,273,13455.87988,-0.007314955174225091,0.007314955174225091,0.007314955174225091
2009-02-17,274,12945.40039,-0.038675633503963525,0.038675633503963525,0.038675633503963525
2009-02-18,275,13016.0,0.00543882710272392,0.00543882710272392,0.0
2009-02-19,276,13023.36035,0.0005653249616806022,0.0005653249616806022,0.0
2009-02-20,277,12699.16992,-0.02520806417989263,0.02520806417989263,0.02520806417989263
2009-02-23,278,13175.09961,0.036792024231630194,0.036792024231630194,0.0
2009-02-24,279,12798.51953,-0.028999152412666263,0.028999152412666263,0.028999152412666263
2009-02-25,280,13005.08008,0.016010553995847943,0.016010553995847943,0.0
2009-02-26,281,12894.94043,-0.008505036810706912,0.008505036810706912,0.008505036810706912
2009-02-27,282,12811.57031,-0.006486326607424431,0.006486326607424431,0.006486326607424431
2009-03-02,283,12317.45996,-0.03933092832413898,0.03933092832413898,0.03933092832413898
2009-03-03,284,12033.87988,-0.023291769741188517,0.023291769741188517,0.023291769741188517
2009-03-04,285,12331.15039,0.024402617875296073,0.024402617875296073,0.0
2009-03-05,286,12211.24023,-0.009771755002370597,0.009771755002370597,0.009771755002370597
2009-03-06,287,11921.51953,-0.024011727041154174,0.024011727041154174,0.024011727041154174
2009-03-09,288,11344.58008,-0.049605026977273425,0.049605026977273425,0.049605026977273425
2009-03-10,289,11694.04981,0.03034004530932144,0.03034004530932144,0.0
2009-03-11,290,11930.66016,0.02003142151255055,0.02003142151255055,0.0
2009-03-12,291,12001.53027,0.0059225934514497425,0.0059225934514497425,0.0
2009-03-13,292,12525.79981,0.042756337860282656,0.042756337860282656,0.0
2009-03-16,293,12976.70996,0.03536570717525045,0.03536570717525045,0.0
2009-03-17,294,12878.08984,-0.007628803863026334,0.007628803863026334,0.007628803863026334
2009-03-18,295,13117.16992,0.018394647600496583,0.018394647600496583,0.0
2009-03-19,296,13130.91992,0.0010476953821445534,0.0010476953821445534,0.0
2009-03-20,297,12833.50977,-0.022910047470036332,0.022910047470036332,0.022910047470036332
2009-03-23,298,13447.41992,0.04672755929449579,0.04672755929449579,0.0
2009-03-24,299,13910.33984,0.03384517684396293,0.03384517684396293,0.0
2009-03-25,300,13622.11035,-0.020938203328707772,0.020938203328707772,0.020938203328707772
2009-03-26,301,14108.98047,0.035117273754666556,0.035117273754666556,0.0
2009-03-27,302,14119.5,0.0007453132660213413,0.0007453132660213413,0.0
2009-03-30,303,13456.33008,-0.04810718742247211,0.04810718742247211,0.04810718742247211
2009-03-31,304,13576.01953,0.008855333248176223,0.008855333248176223,0.0
2009-04-01,305,13519.54004,-0.004168917172910014,0.004168917172910014,0.004168917172910014
2009-04-02,306,14521.96973,0.07152660720620752,0.07152660720620752,0.0
2009-04-03,307,14545.69043,0.0016321028342112243,0.0016321028342112243,0.0
2009-04-06,308,14998.04004,0.030624769198464463,0.030624769198464463,0.0
2009-04-07,309,14928.96973,-0.004615926092821354,0.004615926092821354,0.004615926092821354
2009-04-08,310,14474.86035,-0.030890226727978032,0.030890226727978032,0.030890226727978032
2009-04-09,311,14901.41016,0.029042474339791013,0.029042474339791013,0.0
2009-04-14,312,15580.16016,0.04454247015180357,0.04454247015180357,0.0
2009-04-15,313,15669.62012,0.005725493336759868,0.005725493336759868,0.0
2009-04-16,314,15582.99023,-0.005543864074482485,0.005543864074482485,0.005543864074482485
2009-04-17,315,15601.26953,0.0011723415745148458,0.0011723415745148458,0.0
2009-04-20,316,15750.91016,0.009545860465978606,0.009545860465978606,0.0
2009-04-21,317,15285.88965,-0.029967993767799683,0.029967993767799683,0.029967993767799683
2009-04-22,318,14878.4502,-0.027016287015875662,0.027016287015875662,0.027016287015875662
2009-04-23,319,15214.45996,0.022332418043720992,0.022332418043720992,0.0
2009-04-24,320,15258.84961,0.002913348239699687,0.002913348239699687,0.0
2009-04-27,321,14840.41992,-0.027805103203384363,0.027805103203384363,0.027805103203384363
2009-04-28,322,14555.11035,-0.019412375078921684,0.019412375078921684,0.019412375078921684
2009-04-29,323,14956.9502,0.02723392937102176,0.02723392937102176,0.0
2009-04-30,324,15520.99023,0.03701722807214658,0.03701722807214658,0.0
2009-05-04,325,16381.04981,0.05393185113667798,0.05393185113667798,0.0
2009-05-05,326,16430.08008,0.0029886387124768987,0.0029886387124768987,0.0
2009-05-06,327,16834.57031,0.024320722627527047,0.024320722627527047,0.0
2009-05-07,328,17217.89063,0.022514467466395516,0.022514467466395516,0.0
2009-05-08,329,17389.86914,0.009938807181326226,0.009938807181326226,0.0
2009-05-11,330,17087.94922,-0.017514312226163398,0.017514312226163398,0.017514312226163398
2009-05-12,331,17153.64063,0.0038369416187045147,0.0038369416187045147,0.0
2009-05-13,332,17059.61914,-0.0054962156379367855,0.0054962156379367855,0.0054962156379367855
2009-05-14,333,16541.68945,-0.030830389409835846,0.030830389409835846,0.030830389409835846
2009-05-15,334,16790.69922,0.014941287580850116,0.014941287580850116,0.0
2009-05-18,335,17022.91016,0.013734978003739684,0.013734978003739684,0.0
2009-05-19,336,17544.0293,0.030153587947971516,0.030153587947971516,0.0
2009-05-20,337,17475.83984,-0.003894334722188475,0.003894334722188475,0.003894334722188475
2009-05-21,338,17199.49023,-0.01593960088914237,0.01593960088914237,0.01593960088914237
2009-05-22,339,17062.51953,-0.007995528029592691,0.007995528029592691,0.007995528029592691
2009-05-25,340,17121.82031,0.00346947402011466,0.00346947402011466,0.0
2009-05-26,341,16991.56055,-0.007636909025359628,0.007636909025359628,0.007636909025359628
2009-05-27,342,17885.26953,0.05126066021329656,0.05126066021329656,0.0
2009-05-29,343,18171.0,0.01584947389895852,0.01584947389895852,0.0
2009-06-01,344,18888.58984,0.038731110921796486,0.038731110921796486,0.0
2009-06-02,345,18389.08008,-0.026801013062168977,0.026801013062168977,0.026801013062168977
2009-06-03,346,18576.4707,0.010138749255245827,0.010138749255245827,0.0
2009-06-04,347,18502.76953,-0.003975338577763665,0.003975338577763665,0.003975338577763665
2009-06-05,348,18679.5293,0.009507809206386497,0.009507809206386497,0.0
2009-06-08,349,18253.39063,-0.023077383693152598,0.023077383693152598,0.023077383693152598
2009-06-09,350,18058.49023,-0.010734903675819751,0.010734903675819751,0.010734903675819751
2009-06-10,351,18785.66016,0.039477874300182236,0.039477874300182236,0.0
2009-06-11,352,18791.0293,0.0002857697212661492,0.0002857697212661492,0.0
2009-06-12,353,18889.67969,0.005236133715973423,0.005236133715973423,0.0
2009-06-15,354,18498.96094,-0.020901159677325865,0.020901159677325865,0.020901159677325865
2009-06-16,355,18165.5,-0.01819037434614046,0.01819037434614046,0.01819037434614046
2009-06-17,356,18084.59961,-0.0044634649384125424,0.0044634649384125424,0.0044634649384125424
2009-06-18,357,17776.66016,-0.017174355895528848,0.017174355895528848,0.017174355895528848
2009-06-19,358,17920.92969,0.008082916301926701,0.008082916301926701,0.0
2009-06-22,359,18059.55078,0.00770538770194662,0.00770538770194662,0.0
2009-06-23,360,17538.36914,-0.02928367077963756,0.02928367077963756,0.02928367077963756
2009-06-24,361,17892.15039,0.01997108782217971,0.01997108782217971,0.0
2009-06-25,362,18275.0293,0.021173517949858223,0.021173517949858223,0.0
2009-06-26,363,18600.25977,0.017639937832932162,0.017639937832932162,0.0
2009-06-29,364,18528.50977,-0.003864932245475572,0.003864932245475572,0.003864932245475572
2009-06-30,365,18378.73047,-0.008116571236300274,0.008116571236300274,0.008116571236300274
2009-07-02,366,18178.05078,-0.010979178089577601,0.010979178089577601,0.010979178089577601
2009-07-03,367,18203.40039,0.0013935460674119327,0.0013935460674119327,0.0
2009-07-06,368,17979.41016,-0.012381188080619054,0.012381188080619054,0.012381188080619054
2009-07-07,369,17862.26953,-0.006536582442619121,0.006536582442619121,0.006536582442619121
2009-07-08,370,17721.07031,-0.00793629612909541,0.00793629612909541,0.00793629612909541
2009-07-09,371,17790.58984,0.003915312239170632,0.003915312239170632,0.0
2009-07-10,372,17708.41992,-0.004629428669041147,0.004629428669041147,0.004629428669041147
2009-07-13,373,17254.63086,-0.02595966506274472,0.02595966506274472,0.02595966506274472
2009-07-14,374,17885.73047,0.03592265138070694,0.03592265138070694,0.0
2009-07-15,375,18258.66016,0.02063628230765957,0.02063628230765957,0.0
2009-07-16,376,18361.86914,0.0056366882313199085,0.0056366882313199085,0.0
2009-07-17,377,18805.66016,0.023881711841687192,0.023881711841687192,0.0
2009-07-20,378,19502.36914,0.03637805568568808,0.03637805568568808,0.0
2009-07-21,379,19501.73047,-3.2748865194776045e-05,3.2748865194776045e-05,3.2748865194776045e-05
2009-07-22,380,19248.16992,-0.013087216560107251,0.013087216560107251,0.013087216560107251
2009-07-23,381,19817.69922,0.02915945128628472,0.02915945128628472,0.0
2009-07-24,382,19982.78906,0.008295917661044427,0.008295917661044427,0.0
2009-07-27,383,20251.61914,0.013363391816117343,0.013363391816117343,0.0
2009-07-28,384,20624.53906,0.01824683547797079,0.01824683547797079,0.0
2009-07-29,385,20135.5,-0.023997156988425417,0.023997156988425417,0.023997156988425417
2009-07-30,386,20234.08008,0.004883889094312366,0.004883889094312366,0.0
2009-07-31,387,20573.33008,0.016627265222496135,0.016627265222496135,0.0
2009-08-03,388,20807.25977,0.01130637252189004,0.01130637252189004,0.0
2009-08-04,389,20796.42969,-0.0005206307606453464,0.0005206307606453464,0.0005206307606453464
2009-08-05,390,20494.76953,-0.014611613743255703,0.014611613743255703,0.014611613743255703
2009-08-06,391,20899.24023,0.019543096967092666,0.019543096967092666,0.0
2009-08-07,392,20375.36914,-0.025386029414990574,0.025386029414990574,0.025386029414990574
2009-08-10,393,20929.51953,0.026833803887035046,0.026833803887035046,0.0
2009-08-11,394,21074.21094,0.006889482467149932,0.006889482467149932,0.0
2009-08-12,395,20435.24023,-0.030789189859358856,0.030789189859358856,0.030789189859358856
2009-08-13,396,20861.30078,0.02063493249246484,0.02063493249246484,0.0
2009-08-14,397,20893.33008,0.0015341678574323225,0.0015341678574323225,0.0
2009-08-17,398,20137.65039,-0.036838756476516465,0.036838756476516465,0.036838756476516465
2009-08-18,399,20306.26953,0.008338465576033016,0.008338465576033016,0.0
2009-08-19,400,19954.23047,-0.017488507717899893,0.017488507717899893,0.017488507717899893
2009-08-20,401,20328.85938,0.018600346313375482,0.018600346313375482,0.0
2009-08-21,402,20199.01953,-0.006407455692803765,0.006407455692803765,0.006407455692803765
2009-08-24,403,20535.93945,0.01654242997344113,0.01654242997344113,0.0
2009-08-25,404,20435.24023,-0.0049156223255266696,0.0049156223255266696,0.0049156223255266696
2009-08-26,405,20456.32031,0.0010310235945514279,0.0010310235945514279,0.0
2009-08-27,406,20242.75,-0.010495191597751585,0.010495191597751585,0.010495191597751585
2009-08-28,407,20098.61914,-0.0071455915524261115,0.0071455915524261115,0.0071455915524261115
2009-08-31,408,19724.18945,-0.018805339837186352,0.018805339837186352,0.018805339837186352
2009-09-01,409,19872.30078,0.007481068140650748,0.007481068140650748,0.0
2009-09-02,410,19522.0,-0.01778480675331373,0.01778480675331373,0.01778480675331373
2009-09-03,411,19761.67969,0.01220265850892055,0.01220265850892055,0.0
2009-09-04,412,20318.61914,0.027792971430830704,0.027792971430830704,0.0
2009-09-07,413,20629.31055,0.015175242055157412,0.015175242055157412,0.0
2009-09-08,414,21069.81055,0.021128329570943905,0.021128329570943905,0.0
2009-09-09,415,20851.03906,-0.010437454303549032,0.010437454303549032,0.010437454303549032
2009-09-10,416,21069.56055,0.010425588915268236,0.010425588915268236,0.0
2009-09-11,417,21161.41992,0.004350337778136648,0.004350337778136648,0.0
2009-09-14,418,20932.19922,-0.01089110275862204,0.01089110275862204,0.01089110275862204
2009-09-15,419,20866.36914,-0.003149875080023179,0.003149875080023179,0.003149875080023179
2009-09-16,420,21402.91992,0.025388626710029172,0.025388626710029172,0.0
2009-09-17,421,21768.50977,0.01693706194734368,0.01693706194734368,0.0
2009-09-18,422,21623.44922,-0.006686081650665088,0.006686081650665088,0.006686081650665088
2009-09-21,423,21472.84961,-0.006989009595114837,0.006989009595114837,0.006989009595114837
2009-09-22,424,21701.14063,0.010575494478036518,0.010575494478036518,0.0
2009-09-23,425,21595.51953,-0.004878958752419393,0.004878958752419393,0.004878958752419393
2009-09-24,426,21050.73047,-0.025550602818038115,0.025550602818038115,0.025550602818038115
2009-09-25,427,21024.40039,-0.0012515746427332886,0.0012515746427332886,0.0012515746427332886
2009-09-28,428,20588.41016,-0.020955382669388456,0.020955382669388456,0.020955382669388456
2009-09-29,429,21013.16992,0.02042107632464152,0.02042107632464152,0.0
2009-09-30,430,20955.25,-0.002760168568768151,0.002760168568768151,0.002760168568768151
2009-10-02,431,20375.49023,-0.02805649242718289,0.02805649242718289,0.02805649242718289
2009-10-05,432,20429.07031,0.002626182470065075,0.002626182470065075,0.0
2009-10-06,433,20811.5293,0.018548224737088503,0.018548224737088503,0.0
2009-10-07,434,21241.58984,0.02045391838389854,0.02045391838389854,0.0
2009-10-08,435,21492.90039,0.011761621385595333,0.011761621385595333,0.0
2009-10-09,436,21499.43945,0.0003041965184849005,0.0003041965184849005,0.0
2009-10-12,437,21299.34961,-0.009350325193310027,0.009350325193310027,0.009350325193310027
2009-10-13,438,21467.35938,0.007857075668814772,0.007857075668814772,0.0
2009-10-14,439,21886.48047,0.019335502882547928,0.019335502882547928,0.0
2009-10-15,440,21999.08008,0.005131521879846446,0.005131521879846446,0.0
2009-10-16,441,21929.90039,-0.003149617698790408,0.003149617698790408,0.003149617698790408
2009-10-19,442,22200.46094,0.012262031485928304,0.012262031485928304,0.0
2009-10-20,443,22384.96094,0.008276295047187077,0.008276295047187077,0.0
2009-10-21,444,22318.10938,-0.002990918044645241,0.002990918044645241,0.002990918044645241
2009-10-22,445,22210.51953,-0.004832399380092056,0.004832399380092056,0.004832399380092056
2009-10-23,446,22589.73047,0.0169293696749655,0.0169293696749655,0.0
2009-10-27,447,22169.58984,-0.01877387624267257,0.01877387624267257,0.01877387624267257
2009-10-28,448,21761.58008,-0.01857548945842602,0.01857548945842602,0.01857548945842602
2009-10-29,449,21264.99023,-0.023083964056967332,0.023083964056967332,0.023083964056967332
2009-10-30,450,21752.86914,0.022683594052404388,0.022683594052404388,0.0
2009-11-02,451,21620.18945,-0.00611808842512751,0.00611808842512751,0.00611808842512751
2009-11-03,452,21240.06055,-0.01773852776940288,0.01773852776940288,0.01773852776940288
2009-11-04,453,21614.76953,0.01748780843688813,0.01748780843688813,0.0
2009-11-05,454,21479.08008,-0.00629741365193226,0.00629741365193226,0.00629741365193226
2009-11-06,455,21829.7207,0.016192934252334368,0.016192934252334368,0.0
2009-11-09,456,22207.55078,0.017159980113726547,0.017159980113726547,0.0
2009-11-10,457,22268.16016,0.002725506405099054,0.002725506405099054,0.0
2009-11-11,458,22627.21094,0.01599534323747953,0.01599534323747953,0.0
2009-11-12,459,22397.57031,-0.010200721242254573,0.010200721242254573,0.010200721242254573
2009-11-13,460,22553.63086,0.006943582060282338,0.006943582060282338,0.0
2009-11-16,461,22943.98047,0.01715954647932527,0.01715954647932527,0.0
2009-11-17,462,22914.15039,-0.0013009725275736628,0.0013009725275736628,0.0013009725275736628
2009-11-18,463,22840.33008,-0.0032268041640843848,0.0032268041640843848,0.0032268041640843848
2009-11-19,464,22643.16016,-0.00867000988921518,0.00867000988921518,0.00867000988921518
2009-11-20,465,22455.83984,-0.008307119768474536,0.008307119768474536,0.008307119768474536
2009-11-23,466,22771.39063,0.013954244249145376,0.013954244249145376,0.0
2009-11-24,467,22423.14063,-0.015411461656666958,0.015411461656666958,0.015411461656666958
2009-11-25,468,22611.80078,0.008378438951005762,0.008378438951005762,0.0
2009-11-26,469,22210.41016,-0.01791082331519256,0.01791082331519256,0.01791082331519256
2009-11-27,470,21134.5,-0.04965432879421705,0.04965432879421705,0.04965432879421705
2009-11-30,471,21821.5,0.03198894601480973,0.03198894601480973,0.0
2009-12-01,472,22113.15039,0.01327674951548019,0.01327674951548019,0.0
2009-12-02,473,22289.57031,0.007946398128659382,0.007946398128659382,0.0
2009-12-03,474,22553.86914,0.011787761760649218,0.011787761760649218,0.0
2009-12-04,475,22498.15039,-0.002473530775766619,0.002473530775766619,0.002473530775766619
2009-12-07,476,22324.96094,-0.007727723789507479,0.007727723789507479,0.007727723789507479
2009-12-08,477,22060.51953,-0.011915812834303097,0.011915812834303097,0.011915812834303097
2009-12-09,478,21741.75977,-0.014554739719416787,0.014554739719416787,0.014554739719416787
2009-12-10,479,21700.03906,-0.0019207640544571802,0.0019207640544571802,0.0019207640544571802
2009-12-11,480,21902.10938,0.009268890360772275,0.009268890360772275,0.0
2009-12-14,481,22085.75,0.00834965326746051,0.00834965326746051,0.0
2009-12-15,482,21813.91992,-0.012384309710162356,0.012384309710162356,0.012384309710162356
2009-12-16,483,21611.74023,-0.009311598264552856,0.009311598264552856,0.009311598264552856
2009-12-17,484,21347.63086,-0.01229592942567237,0.01229592942567237,0.01229592942567237
2009-12-18,485,21175.88086,-0.008077928044247784,0.008077928044247784,0.008077928044247784
2009-12-21,486,20948.09961,-0.010814907214568237,0.010814907214568237,0.010814907214568237
2009-12-22,487,21092.03906,0.006847742039656879,0.006847742039656879,0.0
2009-12-23,488,21328.74023,0.011159796238590758,0.011159796238590758,0.0
2009-12-28,489,21480.2207,0.0070770744699260035,0.0070770744699260035,0.0
2009-12-29,490,21499.43945,0.0008943184387142367,0.0008943184387142367,0.0
2009-12-30,491,21496.61914,-0.00013118923438604213,0.00013118923438604213,0.00013118923438604213
2010-01-04,492,21823.2793,0.015081584372321544,0.015081584372321544,0.0
2010-01-05,493,22279.58008,0.020693309646054203,0.020693309646054203,0.0
2010-01-06,494,22416.66992,0.006134307459239707,0.006134307459239707,0.0
2010-01-07,495,22269.44922,-0.006589125906861781,0.006589125906861781,0.006589125906861781
2010-01-08,496,22296.75,0.0012251788975881084,0.0012251788975881084,0.0
2010-01-11,497,22411.51953,0.005134163469682207,0.005134163469682207,0.0
2010-01-12,498,22326.64063,-0.0037944788760846393,0.0037944788760846393,0.0037944788760846393
2010-01-13,499,21748.59961,-0.02623124281354805,0.02623124281354805,0.02623124281354805
2010-01-14,500,21716.94922,-0.0014563439986847726,0.0014563439986847726,0.0014563439986847726
2010-01-15,501,21654.16016,-0.0028954345306715368,0.0028954345306715368,0.0028954345306715368
2010-01-18,502,21460.00977,-0.009006398717300357,0.009006398717300357,0.009006398717300357
2010-01-19,503,21677.98047,0.010105828011724327,0.010105828011724327,0.0
2010-01-20,504,21286.16992,-0.018239458181151136,0.018239458181151136,0.018239458181151136
2010-01-21,505,20862.66992,-0.020096128586507334,0.020096128586507334,0.020096128586507334
2010-01-22,506,20726.17969,-0.00656381320093935,0.00656381320093935,0.00656381320093935
2010-01-25,507,20598.55078,-0.006176897675798543,0.006176897675798543,0.006176897675798543
2010-01-26,508,20109.33008,-0.024036832385421647,0.024036832385421647,0.024036832385421647
2010-01-27,509,20033.07031,-0.003799466947628005,0.003799466947628005,0.003799466947628005
2010-01-28,510,20356.36914,0.016009419270869074,0.016009419270869074,0.0
2010-01-29,511,20121.99023,-0.011580584441682973,0.011580584441682973,0.011580584441682973
2010-02-01,512,20243.75,0.006032845605979276,0.006032845605979276,0.0
2010-02-02,513,20272.17969,0.0014033835522724303,0.0014033835522724303,0.0
2010-02-03,514,20722.08008,0.021950314824161765,0.021950314824161765,0.0
2010-02-04,515,20341.64063,-0.018529754671067877,0.018529754671067877,0.018529754671067877
2010-02-05,516,19665.08008,-0.03382556955787841,0.03382556955787841,0.03382556955787841
2010-02-08,517,19550.89063,-0.005823636169543178,0.005823636169543178,0.005823636169543178
2010-02-09,518,19790.2793,0.012170030787915564,0.012170030787915564,0.0
2010-02-10,519,19922.2207,0.006644854163248226,0.006644854163248226,0.0
2010-02-11,520,20290.68945,0.018326406186814026,0.018326406186814026,0.0
2010-02-12,521,20268.68945,-0.0010848293417815569,0.0010848293417815569,0.0010848293417815569
2010-02-17,522,20534.00977,0.013005220961256114,0.013005220961256114,0.0
2010-02-18,523,20422.15039,-0.005462409449540573,0.005462409449540573,0.005462409449540573
2010-02-19,524,19894.01953,-0.02620095479059259,0.02620095479059259,0.02620095479059259
2010-02-22,525,20377.26953,0.024000880466440222,0.024000880466440222,0.0
2010-02-23,526,20623.0,0.011986916922703372,0.011986916922703372,0.0
2010-02-24,527,20467.74023,-0.007556958478071252,0.007556958478071252,0.007556958478071252
2010-02-25,528,20399.57031,-0.0033361619507950024,0.0033361619507950024,0.0033361619507950024
2010-02-26,529,20608.69922,0.010199441495231554,0.010199441495231554,0.0
2010-03-01,530,21056.92969,0.02151642849039348,0.02151642849039348,0.0
2010-03-02,531,20906.10938,-0.00718827629102492,0.00718827629102492,0.00718827629102492
2010-03-03,532,20876.78906,-0.0014034605500032882,0.0014034605500032882,0.0014034605500032882
2010-03-04,533,20575.7793,-0.014523348628603827,0.014523348628603827,0.014523348628603827
2010-03-05,534,20787.9707,0.010259865769164378,0.010259865769164378,0.0
2010-03-08,535,21196.86914,0.01947900101822242,0.01947900101822242,0.0
2010-03-09,536,21207.55078,0.0005037984363926995,0.0005037984363926995,0.0
2010-03-10,537,21208.28906,3.4811523377697995e-05,3.4811523377697995e-05,0.0
2010-03-11,538,21228.19922,0.0009383510402436457,0.0009383510402436457,0.0
2010-03-12,539,21209.74023,-0.0008699287196005656,0.0008699287196005656,0.0008699287196005656
2010-03-15,540,21079.09961,-0.0061785112140047005,0.0061785112140047005,0.0061785112140047005
2010-03-16,541,21022.92969,-0.0026682777177242656,0.0026682777177242656,0.0026682777177242656
2010-03-17,542,21384.49023,0.017052171612908396,0.017052171612908396,0.0
2010-03-18,543,21330.66992,-0.002519964260551788,0.002519964260551788,0.002519964260551788
2010-03-19,544,21370.82031,0.0018805152520826596,0.0018805152520826596,0.0
2010-03-22,545,20933.25,-0.020687650743147046,0.020687650743147046,0.020687650743147046
2010-03-23,546,20987.7793,0.0026015263300909197,0.0026015263300909197,0.0
2010-03-24,547,21008.61914,0.000992458519524675,0.000992458519524675,0.0
2010-03-25,548,20778.55078,-0.011011546614167145,0.011011546614167145,0.011011546614167145
2010-03-26,549,21053.10938,0.013127021092152802,0.013127021092152802,0.0
2010-03-29,550,21237.42969,0.008716913105242696,0.008716913105242696,0.0
2010-03-30,551,21374.78906,0.006446969896874322,0.006446969896874322,0.0
2010-03-31,552,21239.34961,-0.006356571329328986,0.006356571329328986,0.006356571329328986
2010-04-01,553,21537.0,0.01391681135566536,0.01391681135566536,0.0
2010-04-07,554,21928.76953,0.018027065610045412,0.018027065610045412,0.0
2010-04-08,555,21867.03906,-0.002819014552651211,0.002819014552651211,0.002819014552651211
2010-04-09,556,22208.5,0.015494661160321499,0.015494661160321499,0.0
2010-04-12,557,22138.16992,-0.0031718340560882297,0.0031718340560882297,0.0031718340560882297
2010-04-13,558,22103.5293,-0.001565971817978351,0.001565971817978351,0.001565971817978351
2010-04-14,559,22121.42969,0.0008095153228566687,0.0008095153228566687,0.0
2010-04-15,560,22157.82031,0.0016436876502226028,0.0016436876502226028,0.0
2010-04-16,561,21865.25977,-0.013291430153728356,0.013291430153728356,0.013291430153728356
2010-04-19,562,21405.16992,-0.021266587527888348,0.021266587527888348,0.021266587527888348
2010-04-20,563,21623.38086,0.010142698591202759,0.010142698591202759,0.0
2010-04-21,564,21510.92969,-0.005214012850721872,0.005214012850721872,0.005214012850721872
2010-04-22,565,21454.93945,-0.0026062673845128614,0.0026062673845128614,0.0026062673845128614
2010-04-23,566,21244.49023,-0.009857317796951648,0.009857317796951648,0.009857317796951648
2010-04-26,567,21587.06055,0.015996508121116193,0.015996508121116193,0.0
2010-04-27,568,21261.78906,-0.015182565746295396,0.015182565746295396,0.015182565746295396
2010-04-28,569,20949.40039,-0.014801495875232717,0.014801495875232717,0.014801495875232717
2010-04-29,570,20778.91992,-0.008171017536801273,0.008171017536801273,0.008171017536801273
2010-04-30,571,21108.58984,0.01574105164115025,0.01574105164115025,0.0
2010-05-03,572,20811.35938,-0.014181097386247288,0.014181097386247288,0.014181097386247288
2010-05-04,573,20763.05078,-0.002323959452755986,0.002323959452755986,0.002323959452755986
2010-05-05,574,20327.53906,-0.021198431588640432,0.021198431588640432,0.021198431588640432
2010-05-06,575,20133.41016,-0.009595938473458077,0.009595938473458077,0.009595938473458077
2010-05-07,576,19920.28906,-0.010641869064073717,0.010641869064073717,0.010641869064073717
2010-05-10,577,20426.64063,0.02510119902707686,0.02510119902707686,0.0
2010-05-11,578,20146.50977,-0.013808901139679364,0.013808901139679364,0.013808901139679364
2010-05-12,579,20212.49023,0.0032696805561105435,0.0032696805561105435,0.0
2010-05-13,580,20422.46094,0.010334580096804658,0.010334580096804658,0.0
2010-05-14,581,20145.42969,-0.013657873361299977,0.013657873361299977,0.013657873361299977
2010-05-17,582,19715.19922,-0.021587575999626907,0.021587575999626907,0.021587575999626907
2010-05-18,583,19944.93945,0.011585577229448418,0.011585577229448418,0.0
2010-05-19,584,19578.98047,-0.01851888372685906,0.01851888372685906,0.01851888372685906
2010-05-20,585,19545.83008,-0.0016945972372539586,0.0016945972372539586,0.0016945972372539586
2010-05-24,586,19667.75977,0.006218766678371068,0.006218766678371068,0.0
2010-05-25,587,18985.5,-0.03530520529996117,0.03530520529996117,0.03530520529996117
2010-05-26,588,19196.44922,0.011049795554070485,0.011049795554070485,0.0
2010-05-27,589,19431.36914,0.012163400694149118,0.012163400694149118,0.0
2010-05-28,590,19766.71094,0.017110530964005832,0.017110530964005832,0.0
2010-05-31,591,19765.18945,-7.697530276828957e-05,7.697530276828957e-05,7.697530276828957e-05
2010-06-01,592,19496.94922,-0.013664278754260906,0.013664278754260906,0.013664278754260906
2010-06-02,593,19471.80078,-0.0012906979819060638,0.0012906979819060638,0.0012906979819060638
2010-06-03,594,19786.71094,0.016043242630438215,0.016043242630438215,0.0
2010-06-04,595,19780.07031,-0.00033566693334918796,0.00033566693334918796,0.00033566693334918796
2010-06-07,596,19378.15039,-0.020528717993324008,0.020528717993324008,0.020528717993324008
2010-06-08,597,19487.48047,0.005626069406975631,0.005626069406975631,0.0
2010-06-09,598,19621.24023,0.006840432475108571,0.006840432475108571,0.0
2010-06-10,599,19632.69922,0.0005838389973611413,0.0005838389973611413,0.0
2010-06-11,600,19872.38086,0.012134367552658176,0.012134367552658176,0.0
2010-06-14,601,20051.91016,0.008993547812497837,0.008993547812497837,0.0
2010-06-15,602,20062.15039,0.0005105556546531886,0.0005105556546531886,0.0
2010-06-17,603,20138.40039,0.0037934849130341064,0.0037934849130341064,0.0
2010-06-18,604,20286.71094,0.007337578576317227,0.007337578576317227,0.0
2010-06-21,605,20912.17969,0.0303657113348752,0.0303657113348752,0.0
2010-06-22,606,20819.08008,-0.0044618717463897895,0.0044618717463897895,0.0044618717463897895
2010-06-23,607,20856.60938,0.0018010168820534744,0.0018010168820534744,0.0
2010-06-24,608,20733.49023,-0.005920616242940824,0.005920616242940824,0.005920616242940824
2010-06-25,609,20690.78906,-0.0020616501171115686,0.0020616501171115686,0.0020616501171115686
2010-06-28,610,20726.67969,0.0017331160047628913,0.0017331160047628913,0.0
2010-06-29,611,20248.90039,-0.02332125394962503,0.02332125394962503,0.02332125394962503
2010-06-30,612,20128.99023,-0.00593941440035195,0.00593941440035195,0.00593941440035195
2010-07-02,613,19905.32031,-0.011174027689904165,0.011174027689904165,0.011174027689904165
2010-07-05,614,19842.19922,-0.0031761047636820194,0.0031761047636820194,0.0031761047636820194
2010-07-06,615,20084.11914,0.012118466744283296,0.012118466744283296,0.0
2010-07-07,616,19857.07031,-0.011369279624640072,0.011369279624640072,0.011369279624640072
2010-07-08,617,20050.56055,0.009696980352289941,0.009696980352289941,0.0
2010-07-09,618,20378.66016,0.01623117178048261,0.01623117178048261,0.0
2010-07-12,619,20467.42969,0.004346544312177514,0.004346544312177514,0.0
2010-07-13,620,20431.06055,-0.001778508173439164,0.001778508173439164,0.001778508173439164
2010-07-14,621,20560.81055,0.006330544561027551,0.006330544561027551,0.0
2010-07-15,622,20255.61914,-0.014954619993179818,0.014954619993179818,0.014954619993179818
2010-07-16,623,20250.16016,-0.0002695407977508779,0.0002695407977508779,0.0002695407977508779
2010-07-19,624,20090.94922,-0.0078932765641202,0.0078932765641202,0.0078932765641202
2010-07-20,625,20264.58984,0.008605593960135494,0.008605593960135494,0.0
2010-07-21,626,20487.23047,0.010926768103596274,0.010926768103596274,0.0
2010-07-22,627,20589.69922,0.004989124714146698,0.004989124714146698,0.0
2010-07-23,628,20815.33008,0.010898825445233129,0.010898825445233129,0.0
2010-07-26,629,20839.91016,0.0011801676193101684,0.0011801676193101684,0.0
2010-07-27,630,20973.39063,0.0063846154646149955,0.0063846154646149955,0.0
2010-07-28,631,21091.17969,0.005600407514954497,0.005600407514954497,0.0
2010-07-29,632,21093.82031,0.00012519236711838744,0.00012519236711838744,0.0
2010-07-30,633,21029.81055,-0.0030391401672336116,0.0030391401672336116,0.0030391401672336116
2010-08-02,634,21412.78906,0.018047382035650372,0.018047382035650372,0.0
2010-08-03,635,21457.66016,0.002093335488758896,0.002093335488758896,0.0
2010-08-04,636,21549.88086,0.004288589356951533,0.004288589356951533,0.0
2010-08-05,637,21551.7207,8.537223372329095e-05,8.537223372329095e-05,0.0
2010-08-06,638,21678.80078,0.0058792002359790985,0.0058792002359790985,0.0
2010-08-09,639,21801.58984,0.0056480351103669335,0.0056480351103669335,0.0
2010-08-10,640,21473.59961,-0.015158640076691654,0.015158640076691654,0.015158640076691654
2010-08-11,641,21294.53906,-0.008373597815337419,0.008373597815337419,0.008373597815337419
2010-08-12,642,21105.71094,-0.008906993160692878,0.008906993160692878,0.008906993160692878
2010-08-13,643,21071.57031,-0.001618911245328647,0.001618911245328647,0.001618911245328647
2010-08-16,644,21112.11914,0.0019224891429647784,0.0019224891429647784,0.0
2010-08-17,645,21137.42969,0.0011981454822027615,0.0011981454822027615,0.0
2010-08-18,646,21022.73047,-0.005441132222738787,0.005441132222738787,0.005441132222738787
2010-08-19,647,21072.46094,0.0023627636064791346,0.0023627636064791346,0.0
2010-08-20,648,20981.82031,-0.004310656021738524,0.004310656021738524,0.004310656021738524
2010-08-23,649,20889.00977,-0.004433190926690145,0.004433190926690145,0.004433190926690145
2010-08-24,650,20658.71094,-0.01108610459184689,0.01108610459184689,0.01108610459184689
2010-08-25,651,20634.98047,-0.0011493509929501045,0.0011493509929501045,0.0011493509929501045
2010-08-26,652,20612.06055,-0.001111348683069835,0.001111348683069835,0.001111348683069835
2010-08-27,653,20597.34961,-0.0007139602613950302,0.0007139602613950302,0.0007139602613950302
2010-08-30,654,20737.2207,0.006767779262006002,0.006767779262006002,0.0
2010-08-31,655,20536.49023,-0.009726872050082491,0.009726872050082491,0.009726872050082491
2010-09-01,656,20623.83008,0.0042438921966230225,0.0042438921966230225,0.0
2010-09-02,657,20868.91992,0.011813759776764243,0.011813759776764243,0.0
2010-09-03,658,20971.5,0.0049034061191139955,0.0049034061191139955,0.0
2010-09-06,659,21355.76953,0.018157565650909646,0.018157565650909646,0.0
2010-09-07,660,21401.78906,0.0021525807032602984,0.0021525807032602984,0.0
2010-09-08,661,21088.85938,-0.01472960989177352,0.01472960989177352,0.01472960989177352
2010-09-09,662,21167.26953,0.003711188980975777,0.003711188980975777,0.0
2010-09-10,663,21257.39063,0.004248530699706876,0.004248530699706876,0.0
2010-09-13,664,21658.34961,0.018686414122045747,0.018686414122045747,0.0
2010-09-14,665,21696.03906,0.001738668709245772,0.001738668709245772,0.0
2010-09-15,666,21725.64063,0.0013634467757626112,0.0013634467757626112,0.0
2010-09-16,667,21691.44922,-0.001575021135057142,0.001575021135057142,0.001575021135057142
2010-09-17,668,21970.85938,0.012798863969942786,0.012798863969942786,0.0
2010-09-20,669,21977.33984,0.00029491356469613095,0.00029491356469613095,0.0
2010-09-21,670,22002.58984,0.00114825116629369,0.00114825116629369,0.0
2010-09-22,671,22047.71094,0.002048617829233379,0.002048617829233379,0.0
2010-09-24,672,22119.42969,0.0032476095129361227,0.0032476095129361227,0.0
2010-09-27,673,22340.83984,0.009959992716568777,0.009959992716568777,0.0
2010-09-28,674,22109.94922,-0.010388688320206896,0.010388688320206896,0.010388688320206896
2010-09-29,675,22378.66992,0.012080571313870081,0.012080571313870081,0.0
2010-09-30,676,22358.16992,-0.0009164706987885296,0.0009164706987885296,0.0009164706987885296
2010-10-04,677,22618.66016,0.011583437612607383,0.011583437612607383,0.0
2010-10-05,678,22639.14063,0.0009050581796081758,0.0009050581796081758,0.0
2010-10-06,679,22880.41016,0.010600798348656681,0.010600798348656681,0.0
2010-10-07,680,22884.32031,0.00017088049986746512,0.00017088049986746512,0.0
2010-10-08,681,22944.17969,0.0026123226394556553,0.0026123226394556553,0.0
2010-10-11,682,23207.31055,0.011403042885687498,0.011403042885687498,0.0
2010-10-12,683,23121.69922,-0.003695802171113982,0.003695802171113982,0.003695802171113982
2010-10-13,684,23457.68945,0.014426812679429801,0.014426812679429801,0.0
2010-10-14,685,23852.16992,0.016676845708719412,0.016676845708719412,0.0
2010-10-15,686,23757.63086,-0.003971416922908588,0.003971416922908588,0.003971416922908588
2010-10-18,687,23469.38086,-0.012207148788160538,0.012207148788160538,0.012207148788160538
2010-10-19,688,23763.73047,0.012463859028052582,0.012463859028052582,0.0
2010-10-20,689,23556.5,-0.008758697611716215,0.008758697611716215,0.008758697611716215
2010-10-21,690,23649.48047,0.003939356383135362,0.003939356383135362,0.0
2010-10-22,691,23517.53906,-0.0055946615013784395,0.0055946615013784395,0.0055946615013784395
2010-10-25,692,23627.91016,0.004682161415850317,0.004682161415850317,0.0
2010-10-26,693,23601.24023,-0.0011293843998707587,0.0011293843998707587,0.0011293843998707587
2010-10-27,694,23164.58008,-0.01867487141237767,0.01867487141237767,0.01867487141237767
2010-10-28,695,23210.85938,0.0019958545256475446,0.0019958545256475446,0.0
2010-10-29,696,23096.32031,-0.004946934982937634,0.004946934982937634,0.004946934982937634
2010-11-01,697,23652.93945,0.023814085955489617,0.023814085955489617,0.0
2010-11-02,698,23671.41992,0.0007810130421379569,0.0007810130421379569,0.0
2010-11-03,699,24144.66992,0.019795238595420983,0.019795238595420983,0.0
2010-11-04,700,24535.63086,0.01606273337391606,0.01606273337391606,0.0
2010-11-05,701,24876.82031,0.013810076792021064,0.013810076792021064,0.0
2010-11-08,702,24964.36914,0.0035131151968847973,0.0035131151968847973,0.0
2010-11-09,703,24710.59961,-0.010217288265232938,0.010217288265232938,0.010217288265232938
2010-11-10,704,24500.60938,-0.008534295695941552,0.008534295695941552,0.008534295695941552
2010-11-11,705,24700.30078,0.00811743099330009,0.00811743099330009,0.0
2010-11-12,706,24222.58008,-0.019530161599032425,0.019530161599032425,0.019530161599032425
2010-11-15,707,24027.17969,-0.00809958263717192,0.00809958263717192,0.00809958263717192
2010-11-16,708,23693.01953,-0.014005206493424183,0.014005206493424183,0.014005206493424183
2010-11-17,709,23214.46094,-0.020405069287487976,0.020405069287487976,0.020405069287487976
2010-11-18,710,23637.39063,0.01805440613340714,0.01805440613340714,0.0
2010-11-19,711,23605.71094,-0.0013411352640098073,0.0013411352640098073,0.0013411352640098073
2010-11-22,712,23524.01953,-0.0034666649266892335,0.0034666649266892335,0.0034666649266892335
2010-11-23,713,22896.14063,-0.027053641897188285,0.027053641897188285,0.027053641897188285
2010-11-24,714,23023.85938,0.005562677670276628,0.005562677670276628,0.0
2010-11-25,715,23054.67969,0.001337729677119981,0.001337729677119981,0.0
2010-11-26,716,22877.25,-0.007725805283293141,0.007725805283293141,0.007725805283293141
2010-11-29,717,23166.2207,0.012552246377403264,0.012552246377403264,0.0
2010-11-30,718,23007.99023,-0.006853656453996493,0.006853656453996493,0.006853656453996493
2010-12-01,719,23249.80078,0.010455006490866836,0.010455006490866836,0.0
2010-12-02,720,23448.7793,0.008521874705753163,0.008521874705753163,0.0
2010-12-03,721,23320.51953,-0.005484798564236115,0.005484798564236115,0.005484798564236115
2010-12-06,722,23237.68945,-0.0035581337513850286,0.0035581337513850286,0.0035581337513850286
2010-12-07,723,23428.15039,0.00816280166422878,0.00816280166422878,0.0
2010-12-08,724,23092.51953,-0.014429572235460597,0.014429572235460597,0.014429572235460597
2010-12-09,725,23171.80078,0.0034273205388224426,0.0034273205388224426,0.0
2010-12-10,726,23162.91016,-0.000383756364449539,0.000383756364449539,0.000383756364449539
2010-12-13,727,23317.60938,0.006656543117497193,0.006656543117497193,0.0
2010-12-14,728,23431.18945,0.004859174837697822,0.004859174837697822,0.0
2010-12-15,729,22975.34961,-0.01964613224202516,0.01964613224202516,0.01964613224202516
2010-12-16,730,22668.7793,-0.013433268524446262,0.013433268524446262,0.013433268524446262
2010-12-17,731,22714.84961,0.0020302618777527925,0.0020302618777527925,0.0
2010-12-20,732,22639.08008,-0.003341258453627205,0.003341258453627205,0.003341258453627205
2010-12-21,733,22993.85938,0.015549576803829623,0.015549576803829623,0.0
2010-12-22,734,23045.18945,0.002229850206431294,0.002229850206431294,0.0
2010-12-23,735,22902.9707,-0.006190419973409078,0.006190419973409078,0.006190419973409078
2010-12-28,736,22621.73047,-0.012355657507267637,0.012355657507267637,0.012355657507267637
2010-12-29,737,22969.30078,0.015247606132810176,0.015247606132810176,0.0
2010-12-30,738,22999.33984,0.0013069372455056794,0.0013069372455056794,0.0
2011-01-03,739,23436.05078,0.018809955523673594,0.018809955523673594,0.0
2011-01-04,740,23668.48047,0.009868756581807858,0.009868756581807858,0.0
2011-01-05,741,23757.82031,0.0037675274776542977,0.0037675274776542977,0.0
2011-01-06,742,23786.30078,0.0011980649869514082,0.0011980649869514082,0.0
2011-01-07,743,23686.63086,-0.004199027235253894,0.004199027235253894,0.004199027235253894
2011-01-10,744,23527.25977,-0.006751051149294085,0.006751051149294085,0.006751051149294085
2011-01-11,745,23760.33984,0.009858058328394037,0.009858058328394037,0.0
2011-01-12,746,24125.60938,0.01525610875819261,0.01525610875819261,0.0
2011-01-13,747,24238.98047,0.004688194317440164,0.004688194317440164,0.0
2011-01-14,748,24283.23047,0.0018239075017305595,0.0018239075017305595,0.0
2011-01-17,749,24156.9707,-0.005213027728331099,0.005213027728331099,0.005213027728331099
2011-01-18,750,24153.98047,-0.00012379098036419123,0.00012379098036419123,0.00012379098036419123
2011-01-19,751,24419.61914,0.010937683037212764,0.010937683037212764,0.0
2011-01-20,752,24003.69922,-0.017178919691177796,0.017178919691177796,0.017178919691177796
2011-01-21,753,23876.85938,-0.005298189512265239,0.005298189512265239,0.005298189512265239
2011-01-24,754,23801.7793,-0.0031494247376944173,0.0031494247376944173,0.0031494247376944173
2011-01-25,755,23788.83008,-0.0005441922466751237,0.0005441922466751237,0.0005441922466751237
2011-01-26,756,23843.24023,0.0022846025088405497,0.0022846025088405497,0.0
2011-01-27,757,23779.61914,-0.0026718734948047995,0.0026718734948047995,0.0026718734948047995
2011-01-28,758,23617.01953,-0.00686125651319891,0.00686125651319891,0.00686125651319891
2011-01-31,759,23447.33984,-0.007210569842689196,0.007210569842689196,0.007210569842689196
2011-02-01,760,23482.94922,0.001517543895300122,0.001517543895300122,0.0
2011-02-07,761,23553.58984,0.0030036509709781,0.0030036509709781,0.0
2011-02-08,762,23484.30078,-0.002946097675845749,0.002946097675845749,0.002946097675845749
2011-02-09,763,23164.0293,-0.013731531732563695,0.013731531732563695,0.013731531732563695
2011-02-10,764,22708.61914,-0.01985606403879636,0.01985606403879636,0.01985606403879636
2011-02-11,765,22828.91992,0.00528359952457258,0.00528359952457258,0.0
2011-02-14,766,23121.06055,0.012715764549582786,0.012715764549582786,0.0
2011-02-15,767,22899.7793,-0.009616641332735654,0.009616641332735654,0.009616641332735654
2011-02-16,768,23156.9707,0.011168572399700594,0.011168572399700594,0.0
2011-02-17,769,23301.83984,0.006236475185495749,0.006236475185495749,0.0
2011-02-18,770,23595.24023,0.012512685976520999,0.012512685976520999,0.0
2011-02-21,771,23485.41992,-0.0046652068526178425,0.0046652068526178425,0.0046652068526178425
2011-02-22,772,22990.81055,-0.021285204881358766,0.021285204881358766,0.021285204881358766
2011-02-23,773,22906.90039,-0.003656402542363324,0.003656402542363324,0.003656402542363324
2011-02-24,774,22601.03906,-0.013442310916978784,0.013442310916978784,0.013442310916978784
2011-02-25,775,23012.36914,0.018035978740719827,0.018035978740719827,0.0
2011-02-28,776,23338.01953,0.01405191014791285,0.01405191014791285,0.0
2011-03-01,777,23396.41992,0.0024992455707533168,0.0024992455707533168,0.0
2011-03-02,778,23048.66016,-0.01497537558257278,0.01497537558257278,0.01497537558257278
2011-03-03,779,23122.41992,0.0031950659425721284,0.0031950659425721284,0.0
2011-03-04,780,23408.85938,0.012311850546449676,0.012311850546449676,0.0
2011-03-07,781,23313.18945,-0.004095285463941778,0.004095285463941778,0.004095285463941778
2011-03-08,782,23711.69922,0.01694929308716553,0.01694929308716553,0.0
2011-03-09,783,23810.10938,0.004141690039718426,0.004141690039718426,0.0
2011-03-10,784,23614.89063,-0.00823278239734826,0.00823278239734826,0.00823278239734826
2011-03-11,785,23249.7793,-0.015581832443801957,0.015581832443801957,0.015581832443801957
2011-03-14,786,23345.88086,0.004124920472582616,0.004124920472582616,0.0
2011-03-15,787,22678.25,-0.02901424459907531,0.02901424459907531,0.02901424459907531
2011-03-16,788,22700.88086,0.0009974127510723463,0.0009974127510723463,0.0
2011-03-17,789,22284.42969,-0.018515513722304533,0.018515513722304533,0.018515513722304533
2011-03-18,790,22300.23047,0.0007087989727772026,0.0007087989727772026,0.0
2011-03-21,791,22685.2207,0.017116628574102677,0.017116628574102677,0.0
2011-03-22,792,22857.90039,0.007583165727480079,0.007583165727480079,0.0
2011-03-23,793,22825.40039,-0.0014228396340918437,0.0014228396340918437,0.0014228396340918437
2011-03-24,794,22915.2793,0.0039299383518738296,0.0039299383518738296,0.0
2011-03-25,795,23158.66992,0.010565314594202846,0.010565314594202846,0.0
2011-03-28,796,23068.18945,-0.003914632608802648,0.003914632608802648,0.003914632608802648
2011-03-29,797,23060.35938,-0.000339489113523328,0.000339489113523328,0.000339489113523328
2011-03-30,798,23451.42969,0.01681636134297193,0.01681636134297193,0.0
2011-03-31,799,23527.51953,0.003239319218447889,0.003239319218447889,0.0
2011-04-01,800,23801.90039,0.011594645966143347,0.011594645966143347,0.0
2011-04-04,801,24150.58008,0.014542973876835674,0.014542973876835674,0.0
2011-04-06,802,24285.05078,0.005552567112312445,0.005552567112312445,0.0
2011-04-07,803,24281.80078,-0.00013383614133744004,0.00013383614133744004,0.00013383614133744004
2011-04-08,804,24396.07031,0.004694935803037481,0.004694935803037481,0.0
2011-04-11,805,24303.07031,-0.0038193738891489915,0.0038193738891489915,0.0038193738891489915
2011-04-12,806,23976.36914,-0.013533966445345769,0.013533966445345769,0.013533966445345769
2011-04-13,807,24135.0293,0.006595556990873774,0.006595556990873774,0.0
2011-04-14,808,24014.0,-0.00502728950775122,0.00502728950775122,0.00502728950775122
2011-04-15,809,24008.07031,-0.0002469568676168876,0.0002469568676168876,0.0002469568676168876
2011-04-18,810,23830.31055,-0.0074317138225996615,0.0074317138225996615,0.0074317138225996615
2011-04-19,811,23520.61914,-0.01308087625476162,0.01308087625476162,0.01308087625476162
2011-04-20,812,23896.09961,0.015837802721653915,0.015837802721653915,0.0
2011-04-21,813,24138.31055,0.010084978333841477,0.010084978333841477,0.0
2011-04-26,814,24007.38086,-0.0054389088172150934,0.0054389088172150934,0.0054389088172150934
2011-04-27,815,23892.83984,-0.004782493134417365,0.004782493134417365,0.004782493134417365
2011-04-28,816,23805.63086,-0.0036566823168584506,0.0036566823168584506,0.0036566823168584506
2011-04-29,817,23720.81055,-0.0035693983197031542,0.0035693983197031542,0.0035693983197031542
2011-05-03,818,23633.25,-0.0036981263601827408,0.0036981263601827408,0.0036981263601827408
2011-05-04,819,23315.24023,-0.013547384896297032,0.013547384896297032,0.013547384896297032
2011-05-05,820,23261.60938,-0.0023028982917896457,0.0023028982917896457,0.0023028982917896457
2011-05-06,821,23159.14063,-0.004414789352059856,0.004414789352059856,0.004414789352059856
2011-05-09,822,23336.0,0.0076076863349001655,0.0076076863349001655,0.0
2011-05-11,823,23291.80078,-0.001895831778421453,0.001895831778421453,0.001895831778421453
2011-05-12,824,23073.75977,-0.00940536962152727,0.00940536962152727,0.00940536962152727
2011-05-13,825,23276.26953,0.0087383353006949,0.0087383353006949,0.0
2011-05-16,826,22960.63086,-0.013653318911435619,0.013653318911435619,0.013653318911435619
2011-05-17,827,22901.08008,-0.0025969730412711556,0.0025969730412711556,0.0025969730412711556
2011-05-18,828,23011.14063,0.004794399361273349,0.004794399361273349,0.0
2011-05-19,829,23163.38086,0.00659414658730384,0.00659414658730384,0.0
2011-05-20,830,23199.39063,0.0015533919169961052,0.0015533919169961052,0.0
2011-05-23,831,22711.01953,-0.02127576383023211,0.02127576383023211,0.02127576383023211
2011-05-24,832,22730.7793,0.0008696738137210502,0.0008696738137210502,0.0
2011-05-25,833,22747.2793,0.000725624674048575,0.000725624674048575,0.0
2011-05-26,834,22900.78906,0.006725819698562674,0.006725819698562674,0.0
2011-05-27,835,23118.07031,0.009443209485375803,0.009443209485375803,0.0
2011-05-30,836,23184.32031,0.002861625256166178,0.002861625256166178,0.0
2011-05-31,837,23684.13086,0.021329038426703306,0.021329038426703306,0.0
2011-06-01,838,23626.42969,-0.0024392523757530427,0.0024392523757530427,0.0024392523757530427
2011-06-02,839,23253.83984,-0.015895714722145016,0.015895714722145016,0.015895714722145016
2011-06-03,840,22949.56055,-0.013171484630401409,0.013171484630401409,0.013171484630401409
2011-06-07,841,22868.66992,-0.0035309401176117916,0.0035309401176117916,0.0035309401176117916
2011-06-08,842,22661.63086,-0.009094624173599186,0.009094624173599186,0.009094624173599186
2011-06-09,843,22609.83008,-0.0022884528809647975,0.0022884528809647975,0.0022884528809647975
2011-06-10,844,22420.36914,-0.008414888730827741,0.008414888730827741,0.008414888730827741
2011-06-13,845,22508.08008,0.0039044771387271027,0.0039044771387271027,0.0
2011-06-14,846,22496.0,-0.0005368437825481465,0.0005368437825481465,0.0005368437825481465
2011-06-15,847,22343.76953,-0.00679000166442556,0.00679000166442556,0.00679000166442556
2011-06-16,848,21953.10938,-0.017638727071920712,0.017638727071920712,0.017638727071920712
2011-06-17,849,21695.25977,-0.011814993986613231,0.011814993986613231,0.011814993986613231
2011-06-20,850,21599.50977,-0.004423174306062094,0.004423174306062094,0.004423174306062094
2011-06-21,851,21850.58984,0.011557297543683731,0.011557297543683731,0.0
2011-06-22,852,21859.9707,0.00042922625691055316,0.00042922625691055316,0.0
2011-06-23,853,21759.14063,-0.004623214298575817,0.004623214298575817,0.004623214298575817
2011-06-24,854,22171.94922,0.018794013177661384,0.018794013177661384,0.0
2011-06-27,855,22041.76953,-0.005888673011961387,0.005888673011961387,0.005888673011961387
2011-06-28,856,22061.7793,0.0009073996040580568,0.0009073996040580568,0.0
2011-06-29,857,22061.17969,-2.7179047542347234e-05,2.7179047542347234e-05,2.7179047542347234e-05
2011-06-30,858,22398.09961,0.015156627599223427,0.015156627599223427,0.0
2011-07-04,859,22770.4707,0.016488435376055932,0.016488435376055932,0.0
2011-07-05,860,22747.94922,-0.0009895546408404954,0.0009895546408404954,0.0009895546408404954
2011-07-06,861,22517.55078,-0.010179957349793156,0.010179957349793156,0.010179957349793156
2011-07-07,862,22530.17969,0.0005606901923407293,0.0005606901923407293,0.0
2011-07-08,863,22726.42969,0.008672820735435849,0.008672820735435849,0.0
2011-07-11,864,22347.23047,-0.01682615368567042,0.01682615368567042,0.01682615368567042
2011-07-12,865,21663.16016,-0.031089267689228706,0.031089267689228706,0.031089267689228706
2011-07-13,866,21926.88086,0.012100191306780417,0.012100191306780417,0.0
2011-07-14,867,21940.19922,0.0006072143568669475,0.0006072143568669475,0.0
2011-07-15,868,21875.38086,-0.002958692189666934,0.002958692189666934,0.002958692189666934
2011-07-18,869,21804.75,-0.003234006866229322,0.003234006866229322,0.003234006866229322
2011-07-19,870,21902.40039,0.004468401696637869,0.004468401696637869,0.0
2011-07-20,871,22003.68945,0.004613903905209327,0.004613903905209327,0.0
2011-07-21,872,21987.28906,-0.0007456251856758911,0.0007456251856758911,0.0007456251856758911
2011-07-22,873,22444.80078,0.020594479890679196,0.020594479890679196,0.0
2011-07-25,874,22293.28906,-0.006773302114202906,0.006773302114202906,0.006773302114202906
2011-07-26,875,22572.08008,0.012428053697496111,0.012428053697496111,0.0
2011-07-27,876,22541.68945,-0.0013472886399714668,0.0013472886399714668,0.0013472886399714668
2011-07-28,877,22570.74023,0.0012879281484838856,0.0012879281484838856,0.0
2011-07-29,878,22440.25,-0.0057981659549959375,0.0057981659549959375,0.0057981659549959375
2011-08-01,879,22663.36914,0.009893705394835806,0.009893705394835806,0.0
2011-08-02,880,22421.46094,-0.01073134893115757,0.01073134893115757,0.01073134893115757
2011-08-03,881,21992.7207,-0.019307056542453793,0.019307056542453793,0.019307056542453793
2011-08-04,882,21884.74023,-0.0049219205350308215,0.0049219205350308215,0.0049219205350308215
2011-08-05,883,20946.14063,-0.04383518953911825,0.04383518953911825,0.04383518953911825
2011-08-08,884,20490.57031,-0.021989615818659658,0.021989615818659658,0.021989615818659658
2011-08-09,885,19330.69922,-0.05827033008638516,0.05827033008638516,0.05827033008638516
2011-08-10,886,19783.66992,0.023162380536257743,0.023162380536257743,0.0
2011-08-11,887,19595.14063,-0.00957523743402433,0.00957523743402433,0.00957523743402433
2011-08-12,888,19620.00977,0.001268343641692482,0.001268343641692482,0.0
2011-08-15,889,20260.09961,0.03210346329449543,0.03210346329449543,0.0
2011-08-16,890,20212.08008,-0.0023729659682683035,0.0023729659682683035,0.0023729659682683035
2011-08-17,891,20289.0293,0.003799861967573648,0.003799861967573648,0.0
2011-08-18,892,20016.26953,-0.013534892030847345,0.013534892030847345,0.013534892030847345
2011-08-19,893,19399.91992,-0.031276481135599,0.031276481135599,0.031276481135599
2011-08-22,894,19486.86914,0.004471923087676188,0.004471923087676188,0.0
2011-08-23,895,19875.5293,0.019748430318937693,0.019748430318937693,0.0
2011-08-24,896,19466.78906,-0.020779403157252574,0.020779403157252574,0.020779403157252574
2011-08-25,897,19752.48047,0.014569188403585898,0.014569188403585898,0.0
2011-08-26,898,19582.88086,-0.008623317810702247,0.008623317810702247,0.008623317810702247
2011-08-29,899,19865.10938,0.014309136350071583,0.014309136350071583,0.0
2011-08-30,900,20204.16992,0.01692411936821081,0.01692411936821081,0.0
2011-08-31,901,20534.84961,0.016234409001601335,0.016234409001601335,0.0
2011-09-01,902,20585.33008,0.0024552662823928983,0.0024552662823928983,0.0
2011-09-02,903,20212.91016,-0.018257172979575742,0.018257172979575742,0.018257172979575742
2011-09-05,904,19616.40039,-0.02995554614630791,0.02995554614630791,0.02995554614630791
2011-09-06,905,19710.5,0.004785517732107891,0.004785517732107891,0.0
2011-09-07,906,20048.0,0.016977909477255082,0.016977909477255082,0.0
2011-09-08,907,19912.82031,-0.0067656371712168095,0.0067656371712168095,0.0067656371712168095
2011-09-09,908,19866.63086,-0.0023222779299185703,0.0023222779299185703,0.0023222779299185703
2011-09-12,909,19030.53906,-0.04299647529337847,0.04299647529337847,0.04299647529337847
2011-09-14,910,19045.43945,0.0007826662028769249,0.0007826662028769249,0.0
2011-09-15,911,19181.5,0.007118598900317963,0.007118598900317963,0.0
2011-09-16,912,19455.31055,0.014173795924236288,0.014173795924236288,0.0
2011-09-19,913,18917.94922,-0.028008903215344105,0.028008903215344105,0.028008903215344105
2011-09-20,914,19014.80078,0.005106498762204481,0.005106498762204481,0.0
2011-09-21,915,18824.16992,-0.010075986174840068,0.010075986174840068,0.010075986174840068
2011-09-22,916,17911.94922,-0.04967363383718393,0.04967363383718393,0.04967363383718393
2011-09-23,917,17668.83008,-0.013665969576253545,0.013665969576253545,0.013665969576253545
2011-09-26,918,17407.80078,-0.014883648300768826,0.014883648300768826,0.014883648300768826
2011-09-27,919,18130.55078,0.04067997734239093,0.04067997734239093,0.0
2011-09-28,920,18011.06055,-0.006612359603131779,0.006612359603131779,0.006612359603131779
2011-09-30,921,17592.41016,-0.02351847605978996,0.02351847605978996,0.02351847605978996
2011-10-03,922,16822.15039,-0.04477107454516194,0.04477107454516194,0.04477107454516194
2011-10-04,923,16250.26953,-0.03458699847902125,0.03458699847902125,0.03458699847902125
2011-10-06,924,17172.2793,0.05518691998006808,0.05518691998006808,0.0
2011-10-07,925,17707.00977,0.030664178303320355,0.030664178303320355,0.0
2011-10-10,926,17711.06055,0.00022874086482183031,0.00022874086482183031,0.0
2011-10-11,927,18141.58984,0.024017749377035713,0.024017749377035713,0.0
2011-10-12,928,18329.46094,0.010302569174445608,0.010302569174445608,0.0
2011-10-13,929,18757.81055,0.023100575545523583,0.023100575545523583,0.0
2011-10-14,930,18501.78906,-0.013742794990438512,0.013742794990438512,0.013742794990438512
2011-10-17,931,18873.99023,0.019917362601182376,0.019917362601182376,0.0
2011-10-18,932,18076.46094,-0.04317420462113475,0.04317420462113475,0.04317420462113475
2011-10-19,933,18309.2207,0.012794205004265535,0.012794205004265535,0.0
2011-10-20,934,17983.09961,-0.017972390050820408,0.017972390050820408,0.017972390050820408
2011-10-21,935,18025.7207,0.0023672594401489278,0.0023672594401489278,0.0
2011-10-24,936,18771.82031,0.04055715992296527,0.04055715992296527,0.0
2011-10-25,937,18968.19922,0.01040702600917598,0.01040702600917598,0.0
2011-10-26,938,19066.53906,0.00517106537761336,0.00517106537761336,0.0
2011-10-27,939,19688.69922,0.032109910454746426,0.032109910454746426,0.0
2011-10-28,940,20019.24023,0.016648995124834087,0.016648995124834087,0.0
2011-10-31,941,19864.86914,-0.00774102083800976,0.00774102083800976,0.00774102083800976
2011-11-01,942,19369.96094,-0.025229340882994222,0.025229340882994222,0.025229340882994222
2011-11-02,943,19733.71094,0.018604927615262667,0.018604927615262667,0.0
2011-11-03,944,19242.5,-0.0252070140854066,0.0252070140854066,0.0252070140854066
2011-11-04,945,19842.78906,0.030719295171250494,0.030719295171250494,0.0
2011-11-07,946,19677.89063,-0.008344967152993377,0.008344967152993377,0.008344967152993377
2011-11-08,947,19678.4707,2.9477826732460244e-05,2.9477826732460244e-05,0.0
2011-11-09,948,20014.42969,0.016928317637843193,0.016928317637843193,0.0
2011-11-10,949,18963.89063,-0.05391682012912469,0.05391682012912469,0.05391682012912469
2011-11-11,950,19137.16992,0.009095835243124739,0.009095835243124739,0.0
2011-11-14,951,19508.17969,0.019201335875100867,0.019201335875100867,0.0
2011-11-15,952,19348.43945,-0.008222081253562052,0.008222081253562052,0.008222081253562052
2011-11-16,953,18960.90039,-0.020232783021343792,0.020232783021343792,0.020232783021343792
2011-11-17,954,18817.4707,-0.0075932537592713345,0.0075932537592713345,0.0075932537592713345
2011-11-18,955,18491.23047,-0.01748913981555944,0.01748913981555944,0.01748913981555944
2011-11-21,956,18225.84961,-0.014455696407740248,0.014455696407740248,0.014455696407740248
2011-11-22,957,18251.58984,0.0014112961140071434,0.0014112961140071434,0.0
2011-11-23,958,17864.42969,-0.02144062310272865,0.02144062310272865,0.02144062310272865
2011-11-24,959,17935.09961,0.003948097261552874,0.003948097261552874,0.0
2011-11-25,960,17689.48047,-0.013789525743009179,0.013789525743009179,0.013789525743009179
2011-11-28,961,18037.81055,0.019500001690381907,0.019500001690381907,0.0
2011-11-29,962,18256.19922,0.012034564775868617,0.012034564775868617,0.0
2011-11-30,963,17989.34961,-0.014724811190655274,0.014724811190655274,0.014724811190655274
2011-12-01,964,19002.25977,0.05477801291115014,0.05477801291115014,0.0
2011-12-02,965,19040.39063,0.0020046380769151995,0.0020046380769151995,0.0
2011-12-05,966,19179.68945,0.007289332544784699,0.007289332544784699,0.0
2011-12-06,967,18942.23047,-0.012458032107367956,0.012458032107367956,0.012458032107367956
2011-12-07,968,19240.58008,0.01562774859952576,0.01562774859952576,0.0
2011-12-08,969,19107.81055,-0.006924413688068398,0.006924413688068398,0.006924413688068398
2011-12-09,970,18586.23047,-0.027676171531188842,0.027676171531188842,0.027676171531188842
2011-12-12,971,18575.66016,-0.0005688790374165364,0.0005688790374165364,0.0005688790374165364
2011-12-13,972,18447.16992,-0.00694116336366335,0.00694116336366335,0.00694116336366335
2011-12-14,973,18354.42969,-0.005040021482592749,0.005040021482592749,0.005040021482592749
2011-12-15,974,18026.83984,-0.018009195838954994,0.018009195838954994,0.018009195838954994
2011-12-16,975,18285.39063,0.014240665256449958,0.014240665256449958,0.0
2011-12-19,976,18070.21094,-0.01183763675780547,0.01183763675780547,0.01183763675780547
2011-12-20,977,18080.19922,0.0005525956806557986,0.0005525956806557986,0.0
2011-12-21,978,18416.44922,0.01842687089259165,0.01842687089259165,0.0
2011-12-22,979,18378.23047,-0.002077407063564962,0.002077407063564962,0.002077407063564962
2011-12-23,980,18629.16992,0.013561789990861328,0.013561789990861328,0.0
2011-12-28,981,18518.66992,-0.005949219464080002,0.005949219464080002,0.005949219464080002
2011-12-29,982,18397.91992,-0.00654179766597629,0.00654179766597629,0.00654179766597629
2011-12-30,983,18434.39063,0.001980365682999974,0.001980365682999974,0.0
2012-01-03,984,18877.41016,0.023748001497899907,0.023748001497899907,0.0
2012-01-04,985,18727.31055,-0.00798306193000009,0.00798306193000009,0.00798306193000009
2012-01-05,986,18813.41016,0.0045870062874335815,0.0045870062874335815,0.0
2012-01-06,987,18593.06055,-0.011781499542228957,0.011781499542228957,0.011781499542228957
2012-01-09,988,18865.7207,0.014558133313455457,0.014558133313455457,0.0
2012-01-10,989,19004.2793,0.007317624414566737,0.007317624414566737,0.0
2012-01-11,990,19151.93945,0.0077398071383196765,0.0077398071383196765,0.0
2012-01-12,991,19095.38086,-0.0029575212468611056,0.0029575212468611056,0.0029575212468611056
2012-01-13,992,19204.41992,0.005693990693439233,0.005693990693439233,0.0
2012-01-16,993,19012.19922,-0.010059619365561545,0.010059619365561545,0.010059619365561545
2012-01-17,994,19627.75,0.03186354389815449,0.03186354389815449,0.0
2012-01-18,995,19686.91992,0.003010070530732989,0.003010070530732989,0.0
2012-01-19,996,19942.94922,0.01292120654019513,0.01292120654019513,0.0
2012-01-20,997,20110.36914,0.008359901346850052,0.008359901346850052,0.0
2012-01-26,998,20439.14063,0.016216161251714212,0.016216161251714212,0.0
2012-01-27,999,20501.66992,0.00305462142933699,0.00305462142933699,0.0
2012-01-30,1000,20160.41016,-0.0167855541046098,0.0167855541046098,0.0167855541046098
2012-01-31,1001,20390.49023,0.011347838731015969,0.011347838731015969,0.0
2012-02-01,1002,20333.36914,-0.0028052904780597743,0.0028052904780597743,0.0028052904780597743
2012-02-02,1003,20739.44922,0.019774309548767022,0.019774309548767022,0.0
2012-02-03,1004,20756.98047,0.000844952260903753,0.000844952260903753,0.0
2012-02-06,1005,20709.93945,-0.0022688466020639453,0.0022688466020639453,0.0022688466020639453
2012-02-07,1006,20699.18945,-0.0005192091950281252,0.0005192091950281252,0.0005192091950281252
2012-02-08,1007,21018.46094,0.015306601429136535,0.015306601429136535,0.0
2012-02-09,1008,21010.00977,-0.00040216405551340983,0.00040216405551340983,0.00040216405551340983
2012-02-10,1009,20783.85938,-0.010822285749474858,0.010822285749474858,0.010822285749474858
2012-02-13,1010,20887.40039,0.004969430905246597,0.004969430905246597,0.0
2012-02-14,1011,20917.83008,0.001455784122322612,0.001455784122322612,0.0
2012-02-15,1012,21365.23047,0.021162947155149325,0.021162947155149325,0.0
2012-02-16,1013,21277.2793,-0.004125052450689282,0.004125052450689282,0.004125052450689282
2012-02-17,1014,21491.61914,0.010023247841072447,0.010023247841072447,0.0
2012-02-20,1015,21424.78906,-0.003114432769296016,0.003114432769296016,0.003114432769296016
2012-02-21,1016,21478.7207,0.002514091211121894,0.002514091211121894,0.0
2012-02-22,1017,21549.2793,0.003279662696156649,0.003279662696156649,0.0
2012-02-23,1018,21380.99023,-0.007840152595088412,0.007840152595088412,0.007840152595088412
2012-02-24,1019,21406.85938,0.0012091822041906397,0.0012091822041906397,0.0
2012-02-27,1020,21217.85938,-0.008868151820889736,0.008868151820889736,0.008868151820889736
2012-02-28,1021,21568.73047,0.01640135176381108,0.01640135176381108,0.0
2012-02-29,1022,21680.08008,0.005149267904467791,0.005149267904467791,0.0
2012-03-01,1023,21387.96094,-0.013565679464457858,0.013565679464457858,0.013565679464457858
2012-03-02,1024,21562.25977,0.008116362800963728,0.008116362800963728,0.0
2012-03-05,1025,21265.31055,-0.01386742122002893,0.01386742122002893,0.01386742122002893
2012-03-06,1026,20806.25,-0.021823710066840363,0.021823710066840363,0.021823710066840363
2012-03-07,1027,20627.7793,-0.008614745259555079,0.008614745259555079,0.008614745259555079
2012-03-08,1028,20900.73047,0.01314543199606355,0.01314543199606355,0.0
2012-03-09,1029,21086.0,0.008825204077052007,0.008825204077052007,0.0
2012-03-12,1030,21134.17969,0.002282307241108228,0.002282307241108228,0.0
2012-03-13,1031,21339.69922,0.00967753072049149,0.00967753072049149,0.0
2012-03-14,1032,21307.89063,-0.0014916948887435666,0.0014916948887435666,0.0014916948887435666
2012-03-15,1033,21353.5293,0.0021395765769263164,0.0021395765769263164,0.0
2012-03-16,1034,21317.84961,-0.0016723011642234553,0.0016723011642234553,0.0016723011642234553
2012-03-20,1035,20888.24023,-0.020358399447884423,0.020358399447884423,0.020358399447884423
2012-03-21,1036,20856.63086,-0.0015144076489299607,0.0015144076489299607,0.0015144076489299607
2012-03-22,1037,20901.56055,0.0021518991039020108,0.0021518991039020108,0.0
2012-03-23,1038,20668.80078,-0.011198469053349314,0.011198469053349314,0.011198469053349314
2012-03-26,1039,20668.85938,2.835187080663104e-06,2.835187080663104e-06,0.0
2012-03-27,1040,21046.91016,0.01812557382495328,0.01812557382495328,0.0
2012-03-28,1041,20885.41992,-0.007702459562693775,0.007702459562693775,0.007702459562693775
2012-03-29,1042,20609.39063,-0.013304476293317435,0.013304476293317435,0.013304476293317435
2012-03-30,1043,20555.58008,-0.002614386927602297,0.002614386927602297,0.002614386927602297
2012-04-02,1044,20522.25977,-0.0016223013395819663,0.0016223013395819663,0.0016223013395819663
2012-04-03,1045,20790.98047,0.013009121929160372,0.013009121929160372,0.0
2012-04-05,1046,20593.0,-0.00956804918884302,0.00956804918884302,0.00956804918884302
2012-04-10,1047,20356.24023,-0.01156370213179514,0.01156370213179514,0.01156370213179514
2012-04-11,1048,20140.66992,-0.010646360196311377,0.010646360196311377,0.010646360196311377
2012-04-12,1049,20327.32031,0.009224659416572578,0.009224659416572578,0.0
2012-04-13,1050,20701.03906,0.018218085835128406,0.018218085835128406,0.0
2012-04-16,1051,20610.64063,-0.004376417272885291,0.004376417272885291,0.004376417272885291
2012-04-17,1052,20562.31055,-0.0023476627646328296,0.0023476627646328296,0.0023476627646328296
2012-04-18,1053,20780.73047,0.010566322494486968,0.010566322494486968,0.0
2012-04-19,1054,20995.00977,0.010258641881167208,0.010258641881167208,0.0
2012-04-20,1055,21010.64063,0.0007442265777388712,0.0007442265777388712,0.0
2012-04-23,1056,20624.39063,-0.018554619490524615,0.018554619490524615,0.018554619490524615
2012-04-24,1057,20677.16016,0.0025553306209964433,0.0025553306209964433,0.0
2012-04-25,1058,20646.28906,-0.0014941204727954016,0.0014941204727954016,0.0014941204727954016
2012-04-26,1059,20809.71094,0.007884153151422879,0.007884153151422879,0.0
2012-04-27,1060,20741.44922,-0.0032856739088842346,0.0032856739088842346,0.0032856739088842346
2012-04-30,1061,21094.21094,0.016864563841528124,0.016864563841528124,0.0
2012-05-02,1062,21309.08008,0.010134636908807337,0.010134636908807337,0.0
2012-05-03,1063,21249.5293,-0.0027985321763690507,0.0027985321763690507,0.0027985321763690507
2012-05-04,1064,21086.0,-0.00772543138210402,0.00772543138210402,0.00772543138210402
2012-05-07,1065,20536.65039,-0.02639819936284482,0.02639819936284482,0.02639819936284482
2012-05-08,1066,20484.75,-0.002530406919293071,0.002530406919293071,0.002530406919293071
2012-05-09,1067,20330.64063,-0.007551568169571254,0.007551568169571254,0.007551568169571254
2012-05-10,1068,20227.2793,-0.005096984951357797,0.005096984951357797,0.005096984951357797
2012-05-11,1069,19964.63086,-0.013069902763810148,0.013069902763810148,0.013069902763810148
2012-05-14,1070,19735.03906,-0.011566562650301648,0.011566562650301648,0.011566562650301648
2012-05-15,1071,19894.31055,0.008038100505046941,0.008038100505046941,0.0
2012-05-16,1072,19259.83008,-0.03241220494147079,0.03241220494147079,0.03241220494147079
2012-05-17,1073,19200.92969,-0.0030628846855282887,0.0030628846855282887,0.0030628846855282887
2012-05-18,1074,18951.84961,-0.013057167700884165,0.013057167700884165,0.013057167700884165
2012-05-21,1075,18922.32031,-0.0015593374611686528,0.0015593374611686528,0.0015593374611686528
2012-05-22,1076,19039.15039,0.006155211940088279,0.006155211940088279,0.0
2012-05-23,1077,18786.18945,-0.01337540983469232,0.01337540983469232,0.01337540983469232
2012-05-24,1078,18666.40039,-0.006396859015103118,0.006396859015103118,0.006396859015103118
2012-05-25,1079,18713.41016,0.0025152505639916,0.0025152505639916,0.0
2012-05-28,1080,18800.99023,0.004669152549444888,0.004669152549444888,0.0
2012-05-29,1081,19055.46094,0.01344418375233225,0.01344418375233225,0.0
2012-05-30,1082,18690.2207,-0.019353294158165113,0.019353294158165113,0.019353294158165113
2012-05-31,1083,18629.51953,-0.0032530356940014826,0.0032530356940014826,0.0032530356940014826
2012-06-01,1084,18558.33984,-0.00382811907601166,0.00382811907601166,0.00382811907601166
2012-06-04,1085,18185.58984,-0.020289761644741944,0.020289761644741944,0.020289761644741944
2012-06-05,1086,18259.0293,0.0040302004046921525,0.0040302004046921525,0.0
2012-06-06,1087,18520.5293,0.014220094881833845,0.014220094881833845,0.0
2012-06-07,1088,18678.28906,0.008482027805555958,0.008482027805555958,0.0
2012-06-08,1089,18502.33984,-0.00946463460432767,0.00946463460432767,0.00946463460432767
2012-06-11,1090,18953.63086,0.024098313361443857,0.024098313361443857,0.0
2012-06-12,1091,18872.56055,-0.004286470887448601,0.004286470887448601,0.004286470887448601
2012-06-13,1092,19026.51953,0.008124726330660081,0.008124726330660081,0.0
2012-06-14,1093,18808.40039,-0.011530171436366032,0.011530171436366032,0.011530171436366032
2012-06-15,1094,19233.93945,0.022372798921452386,0.022372798921452386,0.0
2012-06-18,1095,19427.81055,0.010029174831995391,0.010029174831995391,0.0
2012-06-19,1096,19416.66992,-0.0005736017148727512,0.0005736017148727512,0.0005736017148727512
2012-06-20,1097,19518.84961,0.005248674003006215,0.005248674003006215,0.0
2012-06-21,1098,19265.07031,-0.01308701763920972,0.01308701763920972,0.01308701763920972
2012-06-22,1099,18995.13086,-0.014110951897908564,0.014110951897908564,0.014110951897908564
2012-06-25,1100,18897.44922,-0.005155724744565049,0.005155724744565049,0.005155724744565049
2012-06-26,1101,18981.83984,0.004455773152974629,0.004455773152974629,0.0
2012-06-27,1102,19176.94922,0.010226272118535107,0.010226272118535107,0.0
2012-06-28,1103,19025.26953,-0.007940925528281184,0.007940925528281184,0.007940925528281184
2012-06-29,1104,19441.46094,0.021639876647263634,0.021639876647263634,0.0
2012-07-03,1105,19735.5293,0.015012581681903114,0.015012581681903114,0.0
2012-07-04,1106,19709.75,-0.001307091957658102,0.001307091957658102,0.001307091957658102
2012-07-05,1107,19809.13086,0.005029548779472037,0.005029548779472037,0.0
2012-07-06,1108,19800.64063,-0.00042869371928411226,0.00042869371928411226,0.00042869371928411226
2012-07-09,1109,19428.08984,-0.01899434350112017,0.01899434350112017,0.01899434350112017
2012-07-10,1110,19396.35938,-0.0016345610924179965,0.0016345610924179965,0.0016345610924179965
2012-07-11,1111,19419.86914,0.0012113367924246887,0.0012113367924246887,0.0
2012-07-12,1112,19025.10938,-0.020537071417980002,0.020537071417980002,0.020537071417980002
2012-07-13,1113,19092.63086,0.0035427887486871867,0.0035427887486871867,0.0
2012-07-16,1114,19121.33984,0.001502538724727387,0.001502538724727387,0.0
2012-07-17,1115,19455.33008,0.017316092143248696,0.017316092143248696,0.0
2012-07-18,1116,19239.88086,-0.011135819714455764,0.011135819714455764,0.011135819714455764
2012-07-19,1117,19559.05078,0.01645288188856675,0.01645288188856675,0.0
2012-07-20,1118,19640.80078,0.004170940208288343,0.004170940208288343,0.0
2012-07-23,1119,19053.4707,-0.030359801052858515,0.030359801052858515,0.030359801052858515
2012-07-24,1120,18903.19922,-0.00791809531432719,0.00791809531432719,0.00791809531432719
2012-07-25,1121,18877.33008,-0.0013694431773281224,0.0013694431773281224,0.0013694431773281224
2012-07-26,1122,18892.78906,0.0008185825840758554,0.0008185825840758554,0.0
2012-07-27,1123,19274.96094,0.020026574941082842,0.020026574941082842,0.0
2012-07-30,1124,19585.40039,0.0159775176275474,0.0159775176275474,0.0
2012-07-31,1125,19796.81055,0.01073643077609887,0.01073643077609887,0.0
2012-08-01,1126,19820.38086,0.001189903268867809,0.001189903268867809,0.0
2012-08-02,1127,19690.19922,-0.006589734234554001,0.006589734234554001,0.006589734234554001
2012-08-03,1128,19666.17969,-0.0012206170205413258,0.0012206170205413258,0.0012206170205413258
2012-08-06,1129,19998.7207,0.016767913102528453,0.016767913102528453,0.0
2012-08-07,1130,20072.55078,0.0036849423947273863,0.0036849423947273863,0.0
2012-08-08,1131,20065.51953,-0.0003503531693294093,0.0003503531693294093,0.0003503531693294093
2012-08-09,1132,20269.4707,0.010112951907931489,0.010112951907931489,0.0
2012-08-10,1133,20136.11914,-0.0066006730599710295,0.0066006730599710295,0.0066006730599710295
2012-08-13,1134,20081.35938,-0.0027231838422228094,0.0027231838422228094,0.0027231838422228094
2012-08-14,1135,20291.67969,0.010418943802140035,0.010418943802140035,0.0
2012-08-15,1136,20052.28906,-0.0118676197244163,0.0118676197244163,0.0118676197244163
2012-08-16,1137,19962.94922,-0.004465298335576406,0.004465298335576406,0.004465298335576406
2012-08-17,1138,20116.07031,0.007640997049863429,0.007640997049863429,0.0
2012-08-20,1139,20104.26953,-0.0005868065951499801,0.0005868065951499801,0.0005868065951499801
2012-08-21,1140,20100.08984,-0.00020792222935739346,0.00020792222935739346,0.00020792222935739346
2012-08-22,1141,19887.7793,-0.010618847144007404,0.010618847144007404,0.010618847144007404
2012-08-23,1142,20132.24023,0.012217084024033653,0.012217084024033653,0.0
2012-08-24,1143,19880.0293,-0.012606846516408865,0.012606846516408865,0.012606846516408865
2012-08-27,1144,19798.66992,-0.004100915383878245,0.004100915383878245,0.004100915383878245
2012-08-28,1145,19811.80078,0.0006629994670070971,0.0006629994670070971,0.0
2012-08-29,1146,19788.50977,-0.001176304547220397,0.001176304547220397,0.001176304547220397
2012-08-30,1147,19552.91016,-0.011977321964078413,0.011977321964078413,0.011977321964078413
2012-08-31,1148,19482.57031,-0.0036038970333986953,0.0036038970333986953,0.0036038970333986953
2012-09-03,1149,19559.21094,0.003926087693344016,0.003926087693344016,0.0
2012-09-04,1150,19429.91016,-0.006632683701178976,0.006632683701178976,0.006632683701178976
2012-09-05,1151,19145.07031,-0.014768382179134676,0.014768382179134676,0.014768382179134676
2012-09-06,1152,19209.30078,0.0033493199455030265,0.0033493199455030265,0.0
2012-09-07,1153,19802.16016,0.03039645337216257,0.03039645337216257,0.0
2012-09-10,1154,19827.16992,0.0012621845118143682,0.0012621845118143682,0.0
2012-09-11,1155,19857.88086,0.0015477337449230077,0.0015477337449230077,0.0
2012-09-12,1156,20075.39063,0.010893769177757306,0.010893769177757306,0.0
2012-09-13,1157,20047.63086,-0.0013837329990842306,0.0013837329990842306,0.0013837329990842306
2012-09-14,1158,20629.7793,0.02862464383839658,0.02862464383839658,0.0
2012-09-17,1159,20658.10938,0.0013723193581363091,0.0013723193581363091,0.0
2012-09-18,1160,20601.92969,-0.0027232026912500373,0.0027232026912500373,0.0027232026912500373
2012-09-19,1161,20841.91016,0.011581125353904653,0.011581125353904653,0.0
2012-09-20,1162,20590.91992,-0.012115672993429527,0.012115672993429527,0.012115672993429527
2012-09-21,1163,20734.93945,0.00696997547012046,0.00696997547012046,0.0
2012-09-24,1164,20694.69922,-0.0019425823611367576,0.0019425823611367576,0.0019425823611367576
2012-09-25,1165,20698.67969,0.00019232399562874036,0.00019232399562874036,0.0
2012-09-26,1166,20527.73047,-0.008293237229619166,0.008293237229619166,0.008293237229619166
2012-09-27,1167,20762.28906,0.01136163730926043,0.01136163730926043,0.0
2012-09-28,1168,20840.38086,0.003754176925085062,0.003754176925085062,0.0
2012-10-03,1169,20888.2793,0.002295710471070578,0.002295710471070578,0.0
2012-10-04,1170,20907.94922,0.0009412294912092278,0.0009412294912092278,0.0
2012-10-05,1171,21012.38086,0.004982396647987386,0.004982396647987386,0.0
2012-10-08,1172,20824.56055,-0.008978742970862541,0.008978742970862541,0.008978742970862541
2012-10-09,1173,20937.2793,0.005398182844768229,0.005398182844768229,0.0
2012-10-10,1174,20919.59961,-0.0008447687219774735,0.0008447687219774735,0.0008447687219774735
2012-10-11,1175,20999.05078,0.003790735837219117,0.003790735837219117,0.0
2012-10-12,1176,21136.42969,0.006520841592987381,0.006520841592987381,0.0
2012-10-15,1177,21148.25,0.0005590824097314595,0.0005590824097314595,0.0
2012-10-16,1178,21207.07031,0.002777471513985219,0.002777471513985219,0.0
2012-10-17,1179,21416.64063,0.009833588120484293,0.009833588120484293,0.0
2012-10-18,1180,21518.71094,0.00475461355521567,0.00475461355521567,0.0
2012-10-19,1181,21551.75977,0.001534640134707388,0.001534640134707388,0.0
2012-10-22,1182,21697.55078,0.006741913818757439,0.006741913818757439,0.0
2012-10-24,1183,21763.7793,0.003047701077790066,0.003047701077790066,0.0
2012-10-25,1184,21810.23047,0.0021320593556204415,0.0021320593556204415,0.0
2012-10-26,1185,21545.57031,-0.01220890596842672,0.01220890596842672,0.01220890596842672
2012-10-29,1186,21511.05078,-0.001603448506736882,0.001603448506736882,0.001603448506736882
2012-10-30,1187,21428.58008,-0.003841244079369588,0.003841244079369588,0.003841244079369588
2012-10-31,1188,21641.82031,0.009902019503718051,0.009902019503718051,0.0
2012-11-01,1189,21821.86914,0.008285070236436098,0.008285070236436098,0.0
2012-11-02,1190,22111.33008,0.013177511940465791,0.013177511940465791,0.0
2012-11-05,1191,22006.40039,-0.00475681258931715,0.00475681258931715,0.00475681258931715
2012-11-06,1192,21944.42969,-0.00282000321519682,0.00282000321519682,0.00282000321519682
2012-11-07,1193,22099.84961,0.007057468872876171,0.007057468872876171,0.0
2012-11-08,1194,21566.91016,-0.024410600485415657,0.024410600485415657,0.024410600485415657
2012-11-09,1195,21384.38086,-0.00849941384721653,0.00849941384721653,0.00849941384721653
2012-11-12,1196,21430.30078,0.00214505566074763,0.00214505566074763,0.0
2012-11-13,1197,21188.65039,-0.011340165491365184,0.011340165491365184,0.011340165491365184
2012-11-14,1198,21441.99023,0.011885480426222728,0.011885480426222728,0.0
2012-11-15,1199,21108.92969,-0.01565500077452775,0.01565500077452775,0.01565500077452775
2012-11-16,1200,21159.00977,0.0023696496244713927,0.0023696496244713927,0.0
2012-11-19,1201,21262.06055,0.004858481029858197,0.004858481029858197,0.0
2012-11-20,1202,21228.2793,-0.0015900676359255073,0.0015900676359255073,0.0015900676359255073
2012-11-21,1203,21524.35938,0.01385106616840659,0.01385106616840659,0.0
2012-11-22,1204,21743.19922,0.010115740901589731,0.010115740901589731,0.0
2012-11-23,1205,21913.98047,0.00782378167168396,0.00782378167168396,0.0
2012-11-26,1206,21861.81055,-0.0023835066589530385,0.0023835066589530385,0.0023835066589530385
2012-11-27,1207,21844.0293,-0.0008136784943193476,0.0008136784943193476,0.0008136784943193476
2012-11-28,1208,21708.98047,-0.006201604139103978,0.006201604139103978,0.006201604139103978
2012-11-29,1209,21922.89063,0.009805303712731472,0.009805303712731472,0.0
2012-11-30,1210,22030.39063,0.004891567194444946,0.004891567194444946,0.0
2012-12-03,1211,21767.84961,-0.01198879969458666,0.01198879969458666,0.01198879969458666
2012-12-04,1212,21799.9707,0.0014745330655223654,0.0014745330655223654,0.0
2012-12-05,1213,22270.91016,0.02137272400764445,0.02137272400764445,0.0
2012-12-06,1214,22249.81055,-0.0009478557958289002,0.0009478557958289002,0.0009478557958289002
2012-12-07,1215,22191.16992,-0.0026390355664265286,0.0026390355664265286,0.0026390355664265286
2012-12-10,1216,22276.7207,0.003847760006481238,0.003847760006481238,0.0
2012-12-11,1217,22323.93945,0.0021174021856555925,0.0021174021856555925,0.0
2012-12-12,1218,22503.34961,0.008004549090690816,0.008004549090690816,0.0
2012-12-13,1219,22445.58008,-0.002570453276927509,0.002570453276927509,0.002570453276927509
2012-12-14,1220,22605.98047,0.0071207774295043436,0.0071207774295043436,0.0
2012-12-17,1221,22513.60938,-0.004094506149414201,0.004094506149414201,0.004094506149414201
2012-12-18,1222,22494.73047,-0.0008389072411958409,0.0008389072411958409,0.0008389072411958409
2012-12-19,1223,22623.36914,0.005702324330371766,0.005702324330371766,0.0
2012-12-20,1224,22659.7793,0.0016081111451295982,0.0016081111451295982,0.0
2012-12-21,1225,22506.28906,-0.0067967319916739655,0.0067967319916739655,0.0067967319916739655
2012-12-27,1226,22619.7793,0.005029929856579685,0.005029929856579685,0.0
2012-12-28,1227,22666.58984,0.0020673133024544654,0.0020673133024544654,0.0
2013-01-02,1228,23311.98047,0.028075384596053965,0.028075384596053965,0.0
2013-01-03,1229,23398.59961,0.003708763159790962,0.003708763159790962,0.0
2013-01-04,1230,23331.08984,-0.0028893758020487326,0.0028893758020487326,0.0028893758020487326
2013-01-07,1231,23329.75,-5.7428884904453525e-05,5.7428884904453525e-05,5.7428884904453525e-05
2013-01-08,1232,23111.18945,-0.009412478136564317,0.009412478136564317,0.009412478136564317
2013-01-09,1233,23218.4707,0.0046312207515359916,0.0046312207515359916,0.0
2013-01-10,1234,23354.31055,0.00583346029868359,0.00583346029868359,0.0
2013-01-11,1235,23264.07031,-0.0038714494603304672,0.0038714494603304672,0.0038714494603304672
2013-01-14,1236,23413.25977,0.006392395099197756,0.006392395099197756,0.0
2013-01-15,1237,23381.50977,-0.0013569894748570732,0.0013569894748570732,0.0013569894748570732
2013-01-16,1238,23356.99023,-0.0010492224718134935,0.0010492224718134935,0.0010492224718134935
2013-01-17,1239,23339.75977,-0.0007379725904677059,0.0007379725904677059,0.0007379725904677059
2013-01-18,1240,23601.7793,0.011163769082607189,0.011163769082607189,0.0
2013-01-21,1241,23590.91016,-0.00046062813187930374,0.00046062813187930374,0.00046062813187930374
2013-01-22,1242,23658.99023,0.002881704153899989,0.002881704153899989,0.0
2013-01-23,1243,23635.09961,-0.0010103005306962842,0.0010103005306962842,0.0010103005306962842
2013-01-24,1244,23598.90039,-0.0015327614467164352,0.0015327614467164352,0.0015327614467164352
2013-01-25,1245,23580.42969,-0.0007829997124737531,0.0007829997124737531,0.0007829997124737531
2013-01-28,1246,23671.88086,0.003870764545418126,0.003870764545418126,0.0
2013-01-29,1247,23655.16992,-0.0007061898182580961,0.0007061898182580961,0.0007061898182580961
2013-01-30,1248,23822.06055,0.007030372906926985,0.007030372906926985,0.0
2013-01-31,1249,23729.5293,-0.003891830623723891,0.003891830623723891,0.003891830623723891
2013-02-01,1250,23721.83984,-0.0003240985542323216,0.0003240985542323216,0.0003240985542323216
2013-02-04,1251,23685.00977,-0.0015537871726447605,0.0015537871726447605,0.0015537871726447605
2013-02-05,1252,23148.5293,-0.022911099516477407,0.022911099516477407,0.022911099516477407
2013-02-06,1253,23256.92969,0.004671889451216771,0.004671889451216771,0.0
2013-02-07,1254,23177.0,-0.003442731187307757,0.003442731187307757,0.003442731187307757
2013-02-08,1255,23215.16016,0.0016451128153889272,0.0016451128153889272,0.0
2013-02-14,1256,23413.25,0.008496580991094405,0.008496580991094405,0.0
2013-02-15,1257,23444.56055,0.001336407070347434,0.001336407070347434,0.0
2013-02-18,1258,23381.93945,-0.0026746025148156605,0.0026746025148156605,0.0026746025148156605
2013-02-19,1259,23143.91016,-0.010232220099753775,0.010232220099753775,0.010232220099753775
2013-02-20,1260,23307.41016,0.007039656745343237,0.007039656745343237,0.0
2013-02-21,1261,22906.66992,-0.017343211594536,0.017343211594536,0.017343211594536
2013-02-22,1262,22782.43945,-0.005438091390566058,0.005438091390566058,0.005438091390566058
2013-02-25,1263,22820.08008,0.0016508139873021577,0.0016508139873021577,0.0
2013-02-26,1264,22519.68945,-0.01325084041829605,0.01325084041829605,0.01325084041829605
2013-02-27,1265,22577.00977,0.002542108485096506,0.002542108485096506,0.0
2013-02-28,1266,23020.26953,0.01944299004250105,0.01944299004250105,0.0
2013-03-01,1267,22880.2207,-0.006102299295433156,0.006102299295433156,0.006102299295433156
2013-03-04,1268,22537.81055,-0.015078444752798958,0.015078444752798958,0.015078444752798958
2013-03-05,1269,22560.5,0.0010062218135313827,0.0010062218135313827,0.0
2013-03-06,1270,22777.83984,0.009587536976574995,0.009587536976574995,0.0
2013-03-07,1271,22771.43945,-0.00028103145173119515,0.00028103145173119515,0.00028103145173119515
2013-03-08,1272,23091.94922,0.013976943136629671,0.013976943136629671,0.0
2013-03-11,1273,23090.82031,-4.88887960461426e-05,4.88887960461426e-05,4.88887960461426e-05
2013-03-12,1274,22890.59961,-0.00870882046708843,0.00870882046708843,0.00870882046708843
2013-03-13,1275,22556.65039,-0.014696388917471381,0.014696388917471381,0.014696388917471381
2013-03-14,1276,22619.17969,0.002768265234792011,0.002768265234792011,0.0
2013-03-15,1277,22533.10938,-0.003812449646463989,0.003812449646463989,0.003812449646463989
2013-03-18,1278,22083.35938,-0.020161399904798927,0.020161399904798927,0.020161399904798927
2013-03-19,1279,22041.85938,-0.0018810110590958828,0.0018810110590958828,0.0018810110590958828
2013-03-20,1280,22256.43945,0.009688035613264034,0.009688035613264034,0.0
2013-03-21,1281,22225.88086,-0.0013739658630385065,0.0013739658630385065,0.0013739658630385065
2013-03-22,1282,22115.30078,-0.004987702409062322,0.004987702409062322,0.004987702409062322
2013-03-25,1283,22251.15039,0.006123998245755047,0.006123998245755047,0.0
2013-03-26,1284,22311.08008,0.00268970944668645,0.00268970944668645,0.0
2013-03-27,1285,22464.82031,0.006867124181811235,0.006867124181811235,0.0
2013-03-28,1286,22299.63086,-0.007380418859709081,0.007380418859709081,0.007380418859709081
2013-04-02,1287,22367.82031,0.00305320770208084,0.00305320770208084,0.0
2013-04-03,1288,22337.49023,-0.001356889563551178,0.001356889563551178,0.001356889563551178
2013-04-05,1289,21726.90039,-0.0277153009799882,0.0277153009799882,0.0277153009799882
2013-04-08,1290,21718.05078,-0.0004073941797173575,0.0004073941797173575,0.0004073941797173575
2013-04-09,1291,21870.33984,0.006987625717936652,0.006987625717936652,0.0
2013-04-10,1292,22034.56055,0.0074807811604173935,0.0074807811604173935,0.0
2013-04-11,1293,22101.26953,0.0030228968471845974,0.0030228968471845974,0.0
2013-04-12,1294,22089.05078,-0.0005530057363554164,0.0005530057363554164,0.0005530057363554164
2013-04-15,1295,21772.66992,-0.014426536039200855,0.014426536039200855,0.014426536039200855
2013-04-16,1296,21672.0293,-0.004633053137863996,0.004633053137863996,0.004633053137863996
2013-04-17,1297,21569.66992,-0.004734299208081438,0.004734299208081438,0.004734299208081438
2013-04-18,1298,21512.51953,-0.0026530881671735784,0.0026530881671735784,0.0026530881671735784
2013-04-19,1299,22013.57031,0.02302402608668963,0.02302402608668963,0.0
2013-04-22,1300,22044.36914,0.0013981060122798539,0.0013981060122798539,0.0
2013-04-23,1301,21806.60938,-0.010844095067190196,0.010844095067190196,0.010844095067190196
2013-04-24,1302,22183.05078,0.017115412488507786,0.017115412488507786,0.0
2013-04-25,1303,22401.24023,0.00978780583717942,0.00978780583717942,0.0
2013-04-26,1304,22547.71094,0.006517225635880308,0.006517225635880308,0.0
2013-04-29,1305,22580.76953,0.0014650879253643723,0.0014650879253643723,0.0
2013-04-30,1306,22737.00977,0.0068953448937651984,0.0068953448937651984,0.0
2013-05-02,1307,22668.30078,-0.003026476049299731,0.003026476049299731,0.003026476049299731
2013-05-03,1308,22689.96094,0.0009550701823695107,0.0009550701823695107,0.0
2013-05-06,1309,22915.08984,0.00987306120237541,0.00987306120237541,0.0
2013-05-07,1310,23047.08984,0.005743868712542621,0.005743868712542621,0.0
2013-05-08,1311,23244.34961,0.008522567728521224,0.008522567728521224,0.0
2013-05-09,1312,23211.48047,-0.001415070850233846,0.001415070850233846,0.001415070850233846
2013-05-10,1313,23321.2207,0.004716701618104224,0.004716701618104224,0.0
2013-05-13,1314,22989.81055,-0.014312607536606237,0.014312607536606237,0.014312607536606237
2013-05-14,1315,22930.2793,-0.00259282085664303,0.00259282085664303,0.00259282085664303
2013-05-15,1316,23044.24023,0.004957579310106652,0.004957579310106652,0.0
2013-05-16,1317,23082.67969,0.0016666826644762267,0.0016666826644762267,0.0
2013-05-20,1318,23493.0293,0.01762121229643121,0.01762121229643121,0.0
2013-05-21,1319,23366.36914,-0.0054059792776985915,0.0054059792776985915,0.0054059792776985915
2013-05-22,1320,23261.08008,-0.004516191244317014,0.004516191244317014,0.004516191244317014
2013-05-23,1321,22669.67969,-0.025753245920208556,0.025753245920208556,0.025753245920208556
2013-05-24,1322,22618.66992,-0.0022526672758029775,0.0022526672758029775,0.0022526672758029775
2013-05-27,1323,22686.05078,0.002974564621135656,0.002974564621135656,0.0
2013-05-28,1324,22924.25,0.010445069711890298,0.010445069711890298,0.0
2013-05-29,1325,22554.92969,-0.016241648644539808,0.016241648644539808,0.016241648644539808
2013-05-30,1326,22484.31055,-0.0031358964980388038,0.0031358964980388038,0.0031358964980388038
2013-05-31,1327,22392.16016,-0.004106852346506429,0.004106852346506429,0.004106852346506429
2013-06-03,1328,22282.18945,-0.004923224762475087,0.004923224762475087,0.004923224762475087
2013-06-04,1329,22285.51953,0.00014943913799392305,0.00014943913799392305,0.0
2013-06-05,1330,22069.24023,-0.009752324905932142,0.009752324905932142,0.009752324905932142
2013-06-06,1331,21838.42969,-0.010513546560940057,0.010513546560940057,0.010513546560940057
2013-06-07,1332,21575.25977,-0.012123970429247066,0.012123970429247066,0.012123970429247066
2013-06-10,1333,21615.08984,0.0018443972623902738,0.0018443972623902738,0.0
2013-06-11,1334,21354.66016,-0.01212168415455217,0.01212168415455217,0.01212168415455217
2013-06-13,1335,20887.03906,-0.022141164395145907,0.022141164395145907,0.022141164395145907
2013-06-14,1336,20969.14063,0.003923037214807579,0.003923037214807579,0.0
2013-06-17,1337,21225.90039,0.012170289350114771,0.012170289350114771,0.0
2013-06-18,1338,21225.88086,-9.201027353356039e-07,9.201027353356039e-07,9.201027353356039e-07
2013-06-19,1339,20986.89063,-0.01132324531592488,0.01132324531592488,0.01132324531592488
2013-06-20,1340,20382.86914,-0.029203187055355073,0.029203187055355073,0.029203187055355073
2013-06-21,1341,20263.31055,-0.0058829112957266005,0.0058829112957266005,0.0058829112957266005
2013-06-24,1342,19813.98047,-0.02242411584567705,0.02242411584567705,0.02242411584567705
2013-06-25,1343,19855.7207,0.0021043892024721345,0.0021043892024721345,0.0
2013-06-26,1344,20338.55078,0.024025976241725644,0.024025976241725644,0.0
2013-06-27,1345,20440.08008,0.004979544808197289,0.004979544808197289,0.0
2013-06-28,1346,20803.28906,0.017613418954944393,0.017613418954944393,0.0
2013-07-02,1347,20658.65039,-0.006976965315443451,0.006976965315443451,0.006976965315443451
2013-07-03,1348,20147.31055,-0.025063328754985292,0.025063328754985292,0.025063328754985292
2013-07-04,1349,20468.66992,0.015824612501965873,0.015824612501965873,0.0
2013-07-05,1350,20854.66992,0.018682479621599413,0.018682479621599413,0.0
2013-07-08,1351,20582.18945,-0.013151788127755637,0.013151788127755637,0.013151788127755637
2013-07-09,1352,20683.00977,0.004886467169313846,0.004886467169313846,0.0
2013-07-10,1353,20904.56055,0.010654764115118454,0.010654764115118454,0.0
2013-07-11,1354,21437.49023,0.02517392588180911,0.02517392588180911,0.0
2013-07-12,1355,21277.2793,-0.007501465326599899,0.007501465326599899,0.007501465326599899
2013-07-15,1356,21303.31055,0.0012226816647977756,0.0012226816647977756,0.0
2013-07-16,1357,21312.38086,0.00042567936067072765,0.00042567936067072765,0.0
2013-07-17,1358,21371.86914,0.0027873662306703295,0.0027873662306703295,0.0
2013-07-18,1359,21345.2207,-0.0012476712976816628,0.0012476712976816628,0.0012476712976816628
2013-07-19,1360,21362.41992,0.0008054399952843738,0.0008054399952843738,0.0
2013-07-22,1361,21416.5,0.002528353166015407,0.002528353166015407,0.0
2013-07-23,1362,21915.41992,0.023028842016467266,0.023028842016467266,0.0
2013-07-24,1363,21968.92969,0.0024386733309107456,0.0024386733309107456,0.0
2013-07-25,1364,21900.96094,-0.003098653924515915,0.003098653924515915,0.003098653924515915
2013-07-26,1365,21968.94922,0.003099542906891628,0.003099542906891628,0.0
2013-07-29,1366,21850.15039,-0.005422252950083362,0.005422252950083362,0.005422252950083362
2013-07-30,1367,21953.96094,0.0047397717334618505,0.0047397717334618505,0.0
2013-07-31,1368,21883.66016,-0.003207329161622141,0.003207329161622141,0.003207329161622141
2013-08-01,1369,22088.78906,0.009329950532261932,0.009329950532261932,0.0
2013-08-02,1370,22190.9707,0.004615283458326402,0.004615283458326402,0.0
2013-08-05,1371,22222.00977,0.0013977478982472036,0.0013977478982472036,0.0
2013-08-06,1372,21923.69922,-0.013515020938179134,0.013515020938179134,0.013515020938179134
2013-08-07,1373,21588.83984,-0.015391700783935036,0.015391700783935036,0.015391700783935036
2013-08-08,1374,21655.88086,0.0031005437252140666,0.0031005437252140666,0.0
2013-08-09,1375,21807.56055,0.006979673069858805,0.006979673069858805,0.0
2013-08-12,1376,22271.2793,0.0210412007235643,0.0210412007235643,0.0
2013-08-13,1377,22541.13086,0.012043753991564543,0.012043753991564543,0.0
2013-08-15,1378,22539.25,-8.344472540855463e-05,8.344472540855463e-05,8.344472540855463e-05
2013-08-16,1379,22517.81055,-0.000951657802634287,0.000951657802634287,0.000951657802634287
2013-08-19,1380,22463.69922,-0.00240593774547726,0.00240593774547726,0.00240593774547726
2013-08-20,1381,21970.28906,-0.022209594988401804,0.022209594988401804,0.022209594988401804
2013-08-21,1382,21817.73047,-0.006968079804302363,0.006968079804302363,0.006968079804302363
2013-08-22,1383,21895.40039,0.0035536233716548793,0.0035536233716548793,0.0
2013-08-23,1384,21863.50977,-0.0014575603244821878,0.0014575603244821878,0.0014575603244821878
2013-08-26,1385,22005.32031,0.006465229809180073,0.006465229809180073,0.0
2013-08-27,1386,21874.76953,-0.005950359977585862,0.005950359977585862,0.005950359977585862
2013-08-28,1387,21524.65039,-0.01613508827899146,0.01613508827899146,0.01613508827899146
2013-08-29,1388,21704.7793,0.0083336723980878,0.0083336723980878,0.0
2013-08-30,1389,21731.36914,0.0012243186505429549,0.0012243186505429549,0.0
2013-09-02,1390,22175.33984,0.02022405425822882,0.02022405425822882,0.0
2013-09-03,1391,22394.58008,0.009838115424877003,0.009838115424877003,0.0
2013-09-04,1392,22326.2207,-0.0030571649903272657,0.0030571649903272657,0.0030571649903272657
2013-09-05,1393,22597.9707,0.012098306332131159,0.012098306332131159,0.0
2013-09-06,1394,22621.2207,0.0010283245378328587,0.0010283245378328587,0.0
2013-09-09,1395,22750.65039,0.005705298810614323,0.005705298810614323,0.0
2013-09-10,1396,22976.65039,0.009884766269630418,0.009884766269630418,0.0
2013-09-11,1397,22937.14063,-0.001721041494267439,0.001721041494267439,0.001721041494267439
2013-09-12,1398,22953.7207,0.0007225870354528041,0.0007225870354528041,0.0
2013-09-13,1399,22915.2793,-0.0016761389609492028,0.0016761389609492028,0.0016761389609492028
2013-09-16,1400,23252.41016,0.014604883046837713,0.014604883046837713,0.0
2013-09-17,1401,23180.51953,-0.003096538940095428,0.003096538940095428,0.003096538940095428
2013-09-18,1402,23117.44922,-0.002724540653412433,0.002724540653412433,0.002724540653412433
2013-09-19,1403,23502.50977,0.01651950430800042,0.01651950430800042,0.0
2013-09-23,1404,23371.53906,-0.005588211562669088,0.005588211562669088,0.005588211562669088
2013-09-24,1405,23179.03906,-0.008270621121113209,0.008270621121113209,0.008270621121113209
2013-09-25,1406,23209.63086,0.0013189343211390536,0.0013189343211390536,0.0
2013-09-26,1407,23125.0293,-0.003651765383583694,0.003651765383583694,0.003651765383583694
2013-09-27,1408,23207.03906,0.003540089987346562,0.003540089987346562,0.0
2013-09-30,1409,22859.85938,-0.015073133420395735,0.015073133420395735,0.015073133420395735
2013-10-02,1410,22984.48047,0.0054367190091184625,0.0054367190091184625,0.0
2013-10-03,1411,23214.40039,0.009953566578417394,0.009953566578417394,0.0
2013-10-04,1412,23138.53906,-0.003273207638217812,0.003273207638217812,0.003273207638217812
2013-10-07,1413,22973.94922,-0.00713865354492782,0.00713865354492782,0.00713865354492782
2013-10-08,1414,23178.84961,0.008879276724911733,0.008879276724911733,0.0
2013-10-09,1415,23033.9707,-0.0062700949077072465,0.0062700949077072465,0.0062700949077072465
2013-10-10,1416,22951.30078,-0.003595499445788519,0.003595499445788519,0.003595499445788519
2013-10-11,1417,23218.32031,0.011567021815121592,0.011567021815121592,0.0
2013-10-15,1418,23336.51953,0.0050778597620944055,0.0050778597620944055,0.0
2013-10-16,1419,23228.33008,-0.004646837500169809,0.004646837500169809,0.004646837500169809
2013-10-17,1420,23094.88086,-0.005761672667611961,0.005761672667611961,0.005761672667611961
2013-10-18,1421,23340.09961,0.010561909453032925,0.010561909453032925,0.0
2013-10-21,1422,23438.15039,0.004192158689001246,0.004192158689001246,0.0
2013-10-22,1423,23315.99023,-0.005225652161284344,0.005225652161284344,0.005225652161284344
2013-10-23,1424,22999.94922,-0.013647393057029333,0.013647393057029333,0.013647393057029333
2013-10-24,1425,22835.82031,-0.007161638745632359,0.007161638745632359,0.007161638745632359
2013-10-25,1426,22698.33984,-0.006038582343878218,0.006038582343878218,0.006038582343878218
2013-10-28,1427,22806.58008,0.0047573073123121645,0.0047573073123121645,0.0
2013-10-29,1428,22846.53906,0.001750548087708026,0.001750548087708026,0.0
2013-10-30,1429,23304.01953,0.01982621529920081,0.01982621529920081,0.0
2013-10-31,1430,23206.36914,-0.004199084818505838,0.004199084818505838,0.004199084818505838
2013-11-01,1431,23249.78906,0.0018692864122069608,0.0018692864122069608,0.0
2013-11-04,1432,23189.61914,-0.0025913316298495914,0.0025913316298495914,0.0025913316298495914
2013-11-05,1433,23038.94922,-0.006518499657349963,0.006518499657349963,0.006518499657349963
2013-11-06,1434,23036.93945,-8.723738420712834e-05,8.723738420712834e-05,8.723738420712834e-05
2013-11-07,1435,22881.0293,-0.006790838244800312,0.006790838244800312,0.006790838244800312
2013-11-08,1436,22744.39063,-0.005989603107478203,0.005989603107478203,0.005989603107478203
2013-11-11,1437,23069.84961,0.014208004028406052,0.014208004028406052,0.0
2013-11-12,1438,22901.41016,-0.007328065605173961,0.007328065605173961,0.007328065605173961
2013-11-13,1439,22463.83008,-0.019292023991354768,0.019292023991354768,0.019292023991354768
2013-11-14,1440,22649.15039,0.008215877138006533,0.008215877138006533,0.0
2013-11-15,1441,23032.15039,0.016768742049297458,0.016768742049297458,0.0
2013-11-18,1442,23660.06055,0.026897334819031116,0.026897334819031116,0.0
2013-11-19,1443,23657.81055,-9.510148911573424e-05,9.510148911573424e-05,9.510148911573424e-05
2013-11-20,1444,23700.85938,0.0018179920137253447,0.0018179920137253447,0.0
2013-11-21,1445,23580.28906,-0.005100154515277566,0.005100154515277566,0.005100154515277566
2013-11-22,1446,23696.2793,0.004906890527543339,0.004906890527543339,0.0
2013-11-25,1447,23684.44922,-0.0004993625305207416,0.0004993625305207416,0.0004993625305207416
2013-11-26,1448,23681.2793,-0.0001338486751407686,0.0001338486751407686,0.0001338486751407686
2013-11-27,1449,23806.34961,0.005267502381572697,0.005267502381572697,0.0
2013-11-28,1450,23789.08984,-0.0007252699399789009,0.0007252699399789009,0.0007252699399789009
2013-11-29,1451,23881.28906,0.0038682023131411114,0.0038682023131411114,0.0
2013-12-02,1452,24038.55078,0.006563556351515842,0.006563556351515842,0.0
2013-12-03,1453,23910.4707,-0.005342356555853911,0.005342356555853911,0.005342356555853911
2013-12-04,1454,23728.69922,-0.007631214499868477,0.007631214499868477,0.007631214499868477
2013-12-05,1455,23712.57031,-0.0006799527407750361,0.0006799527407750361,0.0006799527407750361
2013-12-06,1456,23743.09961,0.0012866451685589197,0.0012866451685589197,0.0
2013-12-09,1457,23811.16992,0.0028628494208522426,0.0028628494208522426,0.0
2013-12-10,1458,23744.18945,-0.0028169491379870237,0.0028169491379870237,0.0028169491379870237
2013-12-11,1459,23338.24023,-0.01724461896729146,0.01724461896729146,0.01724461896729146
2013-12-12,1460,23218.11914,-0.005160255577388639,0.005160255577388639,0.005160255577388639
2013-12-13,1461,23245.96094,0.0011984226647481222,0.0011984226647481222,0.0
2013-12-16,1462,23114.66016,-0.005664338740379193,0.005664338740379193,0.005664338740379193
2013-12-17,1463,23069.23047,-0.001967339868206963,0.001967339868206963,0.001967339868206963
2013-12-18,1464,23143.82031,0.0032280883219488743,0.0032280883219488743,0.0
2013-12-19,1465,22888.75,-0.011082280170599645,0.011082280170599645,0.011082280170599645
2013-12-20,1466,22812.17969,-0.0033509332159535887,0.0033509332159535887,0.0033509332159535887
2013-12-23,1467,22921.56055,0.004783386094638686,0.004783386094638686,0.0
2013-12-24,1468,23179.55078,0.011192481733727888,0.011192481733727888,0.0
2013-12-27,1469,23243.24023,0.0027438888775872528,0.0027438888775872528,0.0
2013-12-30,1470,23244.86914,7.007856515173216e-05,7.007856515173216e-05,0.0
2013-12-31,1471,23306.39063,0.0026431734016050257,0.0026431734016050257,0.0
2014-01-02,1472,23340.05078,0.0014432035895968198,0.0014432035895968198,0.0
2014-01-03,1473,22817.2793,-0.022652689558592343,0.022652689558592343,0.022652689558592343
2014-01-06,1474,22684.15039,-0.005851653048635441,0.005851653048635441,0.005851653048635441
2014-01-07,1475,22712.7793,0.0012612709269426148,0.0012612709269426148,0.0
2014-01-08,1476,22996.58984,0.01241820627044632,0.01241820627044632,0.0
2014-01-09,1477,22787.33008,-0.009141253853014675,0.009141253853014675,0.009141253853014675
2014-01-10,1478,22846.25,0.0025823068292289975,0.0025823068292289975,0.0
2014-01-13,1479,22888.75977,0.0018589602344309952,0.0018589602344309952,0.0
2014-01-14,1480,22791.2793,-0.004267974369406957,0.004267974369406957,0.004267974369406957
2014-01-15,1481,22902.0,0.004846267039608776,0.004846267039608776,0.0
2014-01-16,1482,22986.41016,0.0036789357012043666,0.0036789357012043666,0.0
2014-01-17,1483,23133.34961,0.006372103754355152,0.006372103754355152,0.0
2014-01-20,1484,22928.94922,-0.008875012182958386,0.008875012182958386,0.008875012182958386
2014-01-21,1485,23033.11914,0.004532872522116094,0.004532872522116094,0.0
2014-01-22,1486,23082.25,0.00213078110421705,0.00213078110421705,0.0
2014-01-23,1487,22733.90039,-0.015206704178226005,0.015206704178226005,0.015206704178226005
2014-01-24,1488,22450.06055,-0.012563908422553283,0.012563908422553283,0.012563908422553283
2014-01-27,1489,21976.09961,-0.021337829834596533,0.021337829834596533,0.021337829834596533
2014-01-28,1490,21960.64063,-0.0007036926523671383,0.0007036926523671383,0.0007036926523671383
2014-01-29,1491,22141.60938,0.008206826893195185,0.008206826893195185,0.0
2014-01-30,1492,22035.41992,-0.0048074606283208254,0.0048074606283208254,0.0048074606283208254
2014-02-04,1493,21397.76953,-0.029364466041572612,0.029364466041572612,0.029364466041572612
2014-02-05,1494,21269.38086,-0.006018168840826732,0.006018168840826732,0.006018168840826732
2014-02-06,1495,21423.13086,0.00720269941979268,0.00720269941979268,0.0
2014-02-07,1496,21636.84961,0.009926641982639595,0.009926641982639595,0.0
2014-02-10,1497,21579.25977,-0.0026652040137857824,0.0026652040137857824,0.0026652040137857824
2014-02-11,1498,21962.98047,0.017625672535974246,0.017625672535974246,0.0
2014-02-12,1499,22285.78906,0.014590883335570126,0.014590883335570126,0.0
2014-02-13,1500,22165.5293,-0.0054108655421352125,0.0054108655421352125,0.0054108655421352125
2014-02-14,1501,22298.41016,0.005977034748173793,0.005977034748173793,0.0
2014-02-17,1502,22535.93945,0.01059596110720662,0.01059596110720662,0.0
2014-02-18,1503,22587.7207,0.0022950830033412473,0.0022950830033412473,0.0
2014-02-19,1504,22664.51953,0.00339425864190801,0.00339425864190801,0.0
2014-02-20,1505,22394.08008,-0.01200404361404317,0.01200404361404317,0.01200404361404317
2014-02-21,1506,22568.24023,0.007746976571768371,0.007746976571768371,0.0
2014-02-24,1507,22388.56055,-0.007993479678788162,0.007993479678788162,0.007993479678788162
2014-02-25,1508,22317.19922,-0.0031924920178845184,0.0031924920178845184,0.0031924920178845184
2014-02-26,1509,22437.43945,0.005373320973061979,0.005373320973061979,0.0
2014-02-27,1510,22828.17969,0.017264756479496768,0.017264756479496768,0.0
2014-02-28,1511,22836.96094,0.00038459314860617155,0.00038459314860617155,0.0
2014-03-03,1512,22500.66992,-0.014835234276363352,0.014835234276363352,0.014835234276363352
2014-03-04,1513,22657.63086,0.00695161551177037,0.00695161551177037,0.0
2014-03-05,1514,22579.7793,-0.003441913963779797,0.003441913963779797,0.003441913963779797
2014-03-06,1515,22702.9707,0.005440999228973453,0.005440999228973453,0.0
2014-03-07,1516,22660.49023,-0.0018728942433678952,0.0018728942433678952,0.0018728942433678952
2014-03-10,1517,22264.92969,-0.01761010862536949,0.01761010862536949,0.01761010862536949
2014-03-11,1518,22269.60938,0.00021016002927076727,0.00021016002927076727,0.0
2014-03-12,1519,21901.94922,-0.016647302585697688,0.016647302585697688,0.016647302585697688
2014-03-13,1520,21756.08008,-0.0066823759635337154,0.0066823759635337154,0.0066823759635337154
2014-03-14,1521,21539.49023,-0.01000525713184075,0.01000525713184075,0.01000525713184075
2014-03-17,1522,21473.94922,-0.003047468956758337,0.003047468956758337,0.003047468956758337
2014-03-18,1523,21583.5,0.005088597600423128,0.005088597600423128,0.0
2014-03-19,1524,21568.68945,-0.0006864333314400284,0.0006864333314400284,0.0006864333314400284
2014-03-20,1525,21182.16016,-0.018083375028297155,0.018083375028297155,0.018083375028297155
2014-03-21,1526,21436.69922,0.011945044529671378,0.011945044529671378,0.0
2014-03-24,1527,21846.44922,0.018934031182689992,0.018934031182689992,0.0
2014-03-25,1528,21732.32031,-0.005237833566988925,0.005237833566988925,0.005237833566988925
2014-03-26,1529,21887.75,0.0071265519162064805,0.0071265519162064805,0.0
2014-03-27,1530,21834.44922,-0.002438157611248215,0.002438157611248215,0.002438157611248215
2014-03-28,1531,22065.5293,0.010527668670393453,0.010527668670393453,0.0
2014-03-31,1532,22151.06055,0.0038687450556587066,0.0038687450556587066,0.0
2014-04-01,1533,22448.53906,0.01334016108628866,0.01334016108628866,0.0
2014-04-02,1534,22523.93945,0.0033531823527290783,0.0033531823527290783,0.0
2014-04-03,1535,22565.08008,0.0018248629864121568,0.0018248629864121568,0.0
2014-04-04,1536,22510.08008,-0.002440369689219679,0.002440369689219679,0.002440369689219679
2014-04-07,1537,22377.15039,-0.0059228460837026375,0.0059228460837026375,0.0059228460837026375
2014-04-08,1538,22596.9707,0.009775491112494095,0.009775491112494095,0.0
2014-04-09,1539,22843.16992,0.010836305777610633,0.010836305777610633,0.0
2014-04-10,1540,23186.96094,0.014937928978095982,0.014937928978095982,0.0
2014-04-11,1541,23003.64063,-0.007937600563042935,0.007937600563042935,0.007937600563042935
2014-04-14,1542,23038.80078,0.001527293330147117,0.001527293330147117,0.0
2014-04-15,1543,22671.25977,-0.01608175210222562,0.01608175210222562,0.01608175210222562
2014-04-16,1544,22696.00977,0.0010910950871103609,0.0010910950871103609,0.0
2014-04-17,1545,22760.24023,0.0028260361445546778,0.0028260361445546778,0.0
2014-04-22,1546,22730.67969,-0.001299623934301053,0.001299623934301053,0.001299623934301053
2014-04-23,1547,22509.64063,-0.009771850302326968,0.009771850302326968,0.009771850302326968
2014-04-24,1548,22562.80078,0.0023588770870581754,0.0023588770870581754,0.0
2014-04-25,1549,22223.5293,-0.015150960991695328,0.015150960991695328,0.015150960991695328
2014-04-28,1550,22132.5293,-0.004103165634861128,0.004103165634861128,0.004103165634861128
2014-04-29,1551,22453.89063,0.014415460830445426,0.014415460830445426,0.0
2014-04-30,1552,22133.9707,-0.01435033709125122,0.01435033709125122,0.01435033709125122
2014-05-02,1553,22260.66992,0.005707876546232171,0.005707876546232171,0.0
2014-05-05,1554,21976.33008,-0.012855471930626194,0.012855471930626194,0.012855471930626194
2014-05-07,1555,21746.25977,-0.010524190552629875,0.010524190552629875,0.010524190552629875
2014-05-08,1556,21837.11914,0.004169456517599812,0.004169456517599812,0.0
2014-05-09,1557,21862.99023,0.0011840287539524041,0.0011840287539524041,0.0
2014-05-12,1558,22261.60938,0.018068379004375856,0.018068379004375856,0.0
2014-05-13,1559,22352.38086,0.004069199135249946,0.004069199135249946,0.0
2014-05-14,1560,22582.76953,0.010254363758239293,0.010254363758239293,0.0
2014-05-15,1561,22730.85938,0.0065362400139559185,0.0065362400139559185,0.0
2014-05-16,1562,22712.91016,-0.0007899529953210305,0.0007899529953210305,0.0007899529953210305
2014-05-19,1563,22704.5,-0.0003703496111508997,0.0003703496111508997,0.0003703496111508997
2014-05-20,1564,22834.67969,0.005717276660991644,0.005717276660991644,0.0
2014-05-21,1565,22836.51953,8.056893764063489e-05,8.056893764063489e-05,0.0
2014-05-22,1566,22953.75977,0.005120759164753963,0.005120759164753963,0.0
2014-05-23,1567,22965.85938,0.0005269908811964541,0.0005269908811964541,0.0
2014-05-26,1568,22963.17969,-0.00011668826769728469,0.00011668826769728469,0.00011668826769728469
2014-05-27,1569,22944.30078,-0.0008224764622646319,0.0008224764622646319,0.0008224764622646319
2014-05-28,1570,23080.0293,0.005898137495584876,0.005898137495584876,0.0
2014-05-29,1571,23010.14063,-0.00303269541732476,0.00303269541732476,0.00303269541732476
2014-05-30,1572,23081.65039,0.0031029307298862108,0.0031029307298862108,0.0
2014-06-03,1573,23291.03906,0.009030750449444014,0.009030750449444014,0.0
2014-06-04,1574,23151.71094,-0.006000012401756294,0.006000012401756294,0.006000012401756294
2014-06-05,1575,23109.66016,-0.0018179656409476053,0.0018179656409476053,0.0018179656409476053
2014-06-06,1576,22951.0,-0.006889210313765659,0.006889210313765659,0.006889210313765659
2014-06-09,1577,23117.4707,0.007227130488736577,0.007227130488736577,0.0
2014-06-10,1578,23315.74023,0.0085400398140969,0.0085400398140969,0.0
2014-06-11,1579,23257.28906,-0.0025100879878579008,0.0025100879878579008,0.0025100879878579008
2014-06-12,1580,23175.01953,-0.0035436366869934233,0.0035436366869934233,0.0035436366869934233
2014-06-13,1581,23319.16992,0.006200811481500423,0.006200811481500423,0.0
2014-06-16,1582,23300.66992,-0.0007936535618551233,0.0007936535618551233,0.0007936535618551233
2014-06-17,1583,23203.58984,-0.004175110904778734,0.004175110904778734,0.004175110904778734
2014-06-18,1584,23181.7207,-0.0009429339317019725,0.0009429339317019725,0.0009429339317019725
2014-06-19,1585,23167.73047,-0.0006036848364647796,0.0006036848364647796,0.0006036848364647796
2014-06-20,1586,23194.06055,0.0011358527033387134,0.0011358527033387134,0.0
2014-06-23,1587,22804.81055,-0.01692473237962311,0.01692473237962311,0.01692473237962311
2014-06-24,1588,22880.64063,0.003319662942127266,0.003319662942127266,0.0
2014-06-25,1589,22866.69922,-0.000609496004676302,0.000609496004676302,0.000609496004676302
2014-06-26,1590,23197.83008,0.014377073585604805,0.014377073585604805,0.0
2014-06-27,1591,23221.51953,0.001020671433598963,0.001020671433598963,0.0
2014-06-30,1592,23190.7207,-0.0013271858616690224,0.0013271858616690224,0.0013271858616690224
2014-07-02,1593,23549.61914,0.01535741909708932,0.01535741909708932,0.0
2014-07-03,1594,23531.43945,-0.0007722719687279778,0.0007722719687279778,0.0007722719687279778
2014-07-04,1595,23546.35938,0.0006338414654187829,0.0006338414654187829,0.0
2014-07-07,1596,23540.91992,-0.00023103734618246108,0.00023103734618246108,0.00023103734618246108
2014-07-08,1597,23541.38086,1.958018161296593e-05,1.958018161296593e-05,0.0
2014-07-09,1598,23176.07031,-0.015639466060372698,0.015639466060372698,0.015639466060372698
2014-07-10,1599,23238.99023,0.002711187179730956,0.002711187179730956,0.0
2014-07-11,1600,23233.44922,-0.00023846434970131725,0.00023846434970131725,0.00023846434970131725
2014-07-14,1601,23346.66992,0.004861341064195557,0.004861341064195557,0.0
2014-07-15,1602,23459.96094,0.004840820163831694,0.004840820163831694,0.0
2014-07-16,1603,23523.2793,0.0026953610696232033,0.0026953610696232033,0.0
2014-07-17,1604,23520.86914,-0.00010246375296496524,0.00010246375296496524,0.00010246375296496524
2014-07-18,1605,23454.78906,-0.002813377230586056,0.002813377230586056,0.002813377230586056
2014-07-21,1606,23387.14063,-0.002888372766815195,0.002888372766815195,0.002888372766815195
2014-07-22,1607,23782.10938,0.01674726570001006,0.01674726570001006,0.0
2014-07-23,1608,23971.86914,0.007947432430785994,0.007947432430785994,0.0
2014-07-24,1609,24141.5,0.007051327557638487,0.007051327557638487,0.0
2014-07-25,1610,24216.00977,0.0030816239016004943,0.0030816239016004943,0.0
2014-07-28,1611,24428.63086,0.008741865138285121,0.008741865138285121,0.0
2014-07-29,1612,24640.5293,0.008636779455883925,0.008636779455883925,0.0
2014-07-30,1613,24732.21094,0.0037138609253979382,0.0037138609253979382,0.0
2014-07-31,1614,24756.84961,0.0009957219539771245,0.0009957219539771245,0.0
2014-08-01,1615,24532.42969,-0.009106299544827223,0.009106299544827223,0.009106299544827223
2014-08-04,1616,24600.08008,0.0027537951172558195,0.0027537951172558195,0.0
2014-08-05,1617,24648.25977,0.0019566022130792504,0.0019566022130792504,0.0
2014-08-06,1618,24584.13086,-0.00260515264234229,0.00260515264234229,0.00260515264234229
2014-08-07,1619,24387.56055,-0.0080279590128427,0.0080279590128427,0.0080279590128427
2014-08-08,1620,24331.41016,-0.0023050739391248243,0.0023050739391248243,0.0023050739391248243
2014-08-11,1621,24646.01953,0.012847293099953916,0.012847293099953916,0.0
2014-08-12,1622,24689.41016,0.0017590053014853169,0.0017590053014853169,0.0
2014-08-13,1623,24890.33984,0.00810535672468582,0.00810535672468582,0.0
2014-08-14,1624,24801.35938,-0.0035813045840686897,0.0035813045840686897,0.0035813045840686897
2014-08-15,1625,24954.93945,0.006173311172769758,0.006173311172769758,0.0
2014-08-18,1626,24955.46094,2.0897047347645525e-05,2.0897047347645525e-05,0.0
2014-08-19,1627,25122.94922,0.006689066364803153,0.006689066364803153,0.0
2014-08-20,1628,25159.75977,0.0014641437311286865,0.0014641437311286865,0.0
2014-08-21,1629,24994.09961,-0.006606102282310289,0.006606102282310289,0.006606102282310289
2014-08-22,1630,25112.23047,0.004715215769376613,0.004715215769376613,0.0
2014-08-25,1631,25166.91016,0.0021750455903397636,0.0021750455903397636,0.0
2014-08-26,1632,25074.5,-0.003678649302122139,0.003678649302122139,0.003678649302122139
2014-08-27,1633,24918.75,-0.00623086132220152,0.00623086132220152,0.00623086132220152
2014-08-28,1634,24741.0,-0.007158745628201402,0.007158745628201402,0.007158745628201402
2014-08-29,1635,24742.06055,4.286517399698653e-05,4.286517399698653e-05,0.0
2014-09-01,1636,24752.08984,0.0004052717364881886,0.0004052717364881886,0.0
2014-09-02,1637,24749.01953,-0.0001240501493011692,0.0001240501493011692,0.0001240501493011692
2014-09-03,1638,25317.94922,0.022727726244459845,0.022727726244459845,0.0
2014-09-04,1639,25297.91992,-0.0007914237722577155,0.0007914237722577155,0.0007914237722577155
2014-09-05,1640,25240.15039,-0.002286179698085533,0.002286179698085533,0.002286179698085533
2014-09-08,1641,25190.44922,-0.001971072581950395,0.001971072581950395,0.001971072581950395
2014-09-10,1642,24705.35938,-0.019444724427904347,0.019444724427904347,0.019444724427904347
2014-09-11,1643,24662.64063,-0.0017306255328755071,0.0017306255328755071,0.0017306255328755071
2014-09-12,1644,24595.32031,-0.002733379970662142,0.002733379970662142,0.002733379970662142
2014-09-15,1645,24356.99023,-0.009737312109619367,0.009737312109619367,0.009737312109619367
2014-09-16,1646,24136.00977,-0.009113974785412537,0.009113974785412537,0.009113974785412537
2014-09-17,1647,24376.41016,0.009910961282251662,0.009910961282251662,0.0
2014-09-18,1648,24168.7207,-0.008556603865002899,0.008556603865002899,0.008556603865002899
2014-09-19,1649,24306.16016,0.005670558682956184,0.005670558682956184,0.0
2014-09-22,1650,23955.49023,-0.014532287999555749,0.014532287999555749,0.014532287999555749
2014-09-23,1651,23837.07031,-0.004955589782467129,0.004955589782467129,0.004955589782467129
2014-09-24,1652,23921.60938,0.0035402636273040855,0.0035402636273040855,0.0
2014-09-25,1653,23768.13086,-0.006436564724561222,0.006436564724561222,0.006436564724561222
2014-09-26,1654,23678.41016,-0.003781974618728867,0.003781974618728867,0.003781974618728867
2014-09-29,1655,23229.21094,-0.01915309032666812,0.01915309032666812,0.01915309032666812
2014-09-30,1656,22932.98047,-0.012834509251474557,0.012834509251474557,0.012834509251474557
2014-10-03,1657,23064.56055,0.005721194480805991,0.005721194480805991,0.0
2014-10-06,1658,23315.03906,0.01080134142413769,0.01080134142413769,0.0
2014-10-07,1659,23422.51953,0.004599327081297844,0.004599327081297844,0.0
2014-10-08,1660,23263.33008,-0.006819628143674095,0.006819628143674095,0.006819628143674095
2014-10-09,1661,23534.5293,0.011590370140277528,0.011590370140277528,0.0
2014-10-10,1662,23088.53906,-0.019132324834551184,0.019132324834551184,0.019132324834551184
2014-10-13,1663,23143.38086,0.002372465855557948,0.002372465855557948,0.0
2014-10-14,1664,23047.9707,-0.004131089152668466,0.004131089152668466,0.004131089152668466
2014-10-15,1665,23140.05078,0.003987189710136008,0.003987189710136008,0.0
2014-10-16,1666,22900.93945,-0.01038698249537795,0.01038698249537795,0.01038698249537795
2014-10-17,1667,23023.21094,0.005324944626268646,0.005324944626268646,0.0
2014-10-20,1668,23070.25977,0.002041453837824392,0.002041453837824392,0.0
2014-10-21,1669,23088.58008,0.0007937942557276756,0.0007937942557276756,0.0
2014-10-22,1670,23403.9707,0.013567569546438563,0.013567569546438563,0.0
2014-10-23,1671,23333.17969,-0.003029327357173983,0.003029327357173983,0.003029327357173983
2014-10-24,1672,23302.19922,-0.0013286254033495482,0.0013286254033495482,0.0013286254033495482
2014-10-27,1673,23143.23047,-0.006845425775219738,0.006845425775219738,0.006845425775219738
2014-10-28,1674,23520.35938,0.016164085208881573,0.016164085208881573,0.0
2014-10-29,1675,23819.86914,0.012653667533696122,0.012653667533696122,0.0
2014-10-30,1676,23702.03906,-0.004958989482195975,0.004958989482195975,0.004958989482195975
2014-10-31,1677,23998.06055,0.01241193593884482,0.01241193593884482,0.0
2014-11-03,1678,23915.9707,-0.0034265507692907704,0.0034265507692907704,0.0034265507692907704
2014-11-04,1679,23845.66016,-0.0029442290610468547,0.0029442290610468547,0.0029442290610468547
2014-11-05,1680,23695.61914,-0.006312052194223483,0.006312052194223483,0.006312052194223483
2014-11-06,1681,23649.31055,-0.0019562223482445518,0.0019562223482445518,0.0019562223482445518
2014-11-07,1682,23550.24023,-0.004197941033480035,0.004197941033480035,0.004197941033480035
2014-11-10,1683,23744.69922,0.00822329357339413,0.00822329357339413,0.0
2014-11-11,1684,23808.2793,0.002674075099626805,0.002674075099626805,0.0
2014-11-12,1685,23938.17969,0.005441270965389933,0.005441270965389933,0.0
2014-11-13,1686,24019.93945,0.0034096349346075527,0.0034096349346075527,0.0
2014-11-14,1687,24087.38086,0.0028037917616927643,0.0028037917616927643,0.0
2014-11-17,1688,23797.08008,-0.012125200157731442,0.012125200157731442,0.012125200157731442
2014-11-18,1689,23529.16992,-0.011321962837692823,0.011321962837692823,0.011321962837692823
2014-11-19,1690,23373.31055,-0.00664612797205244,0.00664612797205244,0.00664612797205244
2014-11-20,1691,23349.64063,-0.0010132032085774512,0.0010132032085774512,0.0010132032085774512
2014-11-21,1692,23437.11914,0.003739460153617813,0.003739460153617813,0.0
2014-11-24,1693,23893.14063,0.019270361243442835,0.019270361243442835,0.0
2014-11-25,1694,23843.91016,-0.0020625692889808533,0.0020625692889808533,0.0020625692889808533
2014-11-26,1695,24111.98047,0.011179986387279683,0.011179986387279683,0.0
2014-11-27,1696,24004.2793,-0.004476713293358969,0.004476713293358969,0.004476713293358969
2014-11-28,1697,23987.44922,-0.0007013742246400057,0.0007013742246400057,0.0007013742246400057
2014-12-01,1698,23367.44922,-0.02618674942710264,0.02618674942710264,0.02618674942710264
2014-12-02,1699,23654.30078,0.012200954599244085,0.012200954599244085,0.0
2014-12-03,1700,23428.61914,-0.00958663433758744,0.00958663433758744,0.00958663433758744
2014-12-04,1701,23832.56055,0.0170944208004169,0.0170944208004169,0.0
2014-12-05,1702,24002.64063,0.00711111451485813,0.00711111451485813,0.0
2014-12-08,1703,24047.66992,0.0018742564893461378,0.0018742564893461378,0.0
2014-12-09,1704,23485.83008,-0.02364084306661063,0.02364084306661063,0.02364084306661063
2014-12-10,1705,23524.51953,0.0016459974901739116,0.0016459974901739116,0.0
2014-12-11,1706,23312.53906,-0.00905188855980299,0.00905188855980299,0.00905188855980299
2014-12-12,1707,23249.19922,-0.0027206836089259667,0.0027206836089259667,0.0027206836089259667
2014-12-15,1708,23027.84961,-0.009566353242624004,0.009566353242624004,0.009566353242624004
2014-12-16,1709,22670.5,-0.015639816190779143,0.015639816190779143,0.015639816190779143
2014-12-17,1710,22585.83984,-0.003741365698335386,0.003741365698335386,0.003741365698335386
2014-12-18,1711,22832.21094,0.01084914532152581,0.01084914532152581,0.0
2014-12-19,1712,23116.63086,0.012380009657483981,0.012380009657483981,0.0
2014-12-22,1713,23408.57031,0.01254989873670631,0.01254989873670631,0.0
2014-12-23,1714,23333.68945,-0.00320399246601788,0.00320399246601788,0.00320399246601788
2014-12-24,1715,23349.33984,0.0006704959307199942,0.0006704959307199942,0.0
2014-12-29,1716,23773.17969,0.017989330124061453,0.017989330124061453,0.0
2014-12-30,1717,23501.09961,-0.01151082949212423,0.01151082949212423,0.01151082949212423
2014-12-31,1718,23605.03906,0.004412996760748911,0.004412996760748911,0.0
2015-01-02,1719,23721.30078,0.0049132028493446,0.0049132028493446,0.0
2015-01-05,1720,23721.32031,8.233103301336087e-07,8.233103301336087e-07,0.0
2015-01-06,1721,23485.41016,-0.009994850799527555,0.009994850799527555,0.009994850799527555
2015-01-07,1722,23681.25977,0.00830462425617462,0.00830462425617462,0.0
2015-01-08,1723,23835.5293,0.006493286901532613,0.006493286901532613,0.0
2015-01-09,1724,23919.94922,0.0035355109215764458,0.0035355109215764458,0.0
2015-01-12,1725,24026.46094,0.0044429559942038566,0.0044429559942038566,0.0
2015-01-13,1726,24215.9707,0.007856599610164494,0.007856599610164494,0.0
2015-01-14,1727,24112.59961,-0.004277852499173562,0.004277852499173562,0.004277852499173562
2015-01-15,1728,24350.91016,0.00983471778846301,0.00983471778846301,0.0
2015-01-16,1729,24103.51953,-0.010211358640912493,0.010211358640912493,0.010211358640912493
2015-01-19,1730,23738.49023,-0.015260077304454,0.015260077304454,0.015260077304454
2015-01-20,1731,23951.16016,0.008918972483510146,0.008918972483510146,0.0
2015-01-21,1732,24352.58008,0.01662103842403795,0.01662103842403795,0.0
2015-01-22,1733,24522.63086,0.006958597739561867,0.006958597739561867,0.0
2015-01-23,1734,24850.44922,0.01327942987694719,0.01327942987694719,0.0
2015-01-26,1735,24909.90039,0.0023895008276024754,0.0023895008276024754,0.0
2015-01-27,1736,24807.2793,-0.0041282002068179224,0.0041282002068179224,0.0041282002068179224
2015-01-28,1737,24861.81055,0.0021957830141321466,0.0021957830141321466,0.0
2015-01-29,1738,24595.84961,-0.010755199614060018,0.010755199614060018,0.010755199614060018
2015-01-30,1739,24507.05078,-0.003616850576944941,0.003616850576944941,0.003616850576944941
2015-02-02,1740,24484.74023,-0.0009107873414038181,0.0009107873414038181,0.0009107873414038181
2015-02-03,1741,24554.7793,0.002856435719326811,0.002856435719326811,0.0
2015-02-04,1742,24679.75977,0.005076953732606526,0.005076953732606526,0.0
2015-02-05,1743,24765.49023,0.003467695922598324,0.003467695922598324,0.0
2015-02-06,1744,24679.39063,-0.0034826532302911772,0.0034826532302911772,0.0034826532302911772
2015-02-09,1745,24521.0,-0.006438614618913263,0.006438614618913263,0.006438614618913263
2015-02-10,1746,24528.09961,0.00028948992360966486,0.00028948992360966486,0.0
2015-02-11,1747,24315.01953,-0.008725136130950162,0.008725136130950162,0.008725136130950162
2015-02-12,1748,24422.15039,0.0043962763008682515,0.0043962763008682515,0.0
2015-02-13,1749,24682.53906,0.01060554963574667,0.01060554963574667,0.0
2015-02-16,1750,24726.5293,0.0017806549721974818,0.0017806549721974818,0.0
2015-02-17,1751,24784.88086,0.0023570965491686025,0.0023570965491686025,0.0
2015-02-18,1752,24832.08008,0.0019025443454392388,0.0019025443454392388,0.0
2015-02-23,1753,24836.75977,0.00018843564810389068,0.00018843564810389068,0.0
2015-02-24,1754,24750.07031,-0.0034964746961012594,0.0034964746961012594,0.0034964746961012594
2015-02-25,1755,24778.2793,0.001139104907487365,0.001139104907487365,0.0
2015-02-26,1756,24902.06055,0.004983118332635428,0.004983118332635428,0.0
2015-02-27,1757,24823.28906,-0.0031682655430085305,0.0031682655430085305,0.0031682655430085305
2015-03-02,1758,24887.43945,0.0025809489232280214,0.0025809489232280214,0.0
2015-03-03,1759,24702.7793,-0.007447476868104985,0.007447476868104985,0.007447476868104985
2015-03-04,1760,24465.38086,-0.009656667405595343,0.009656667405595343,0.009656667405595343
2015-03-05,1761,24193.03906,-0.011194142528443862,0.011194142528443862,0.011194142528443862
2015-03-06,1762,24164.0,-0.001201027360448137,0.001201027360448137,0.001201027360448137
2015-03-09,1763,24123.05078,-0.001696074999610886,0.001696074999610886,0.001696074999610886
2015-03-10,1764,23896.98047,-0.009415736488374904,0.009415736488374904,0.009415736488374904
2015-03-11,1765,23717.9707,-0.007519092595348553,0.007519092595348553,0.007519092595348553
2015-03-12,1766,23797.96094,0.0033668840240572706,0.0033668840240572706,0.0
2015-03-13,1767,23823.21094,0.0010604527931352692,0.0010604527931352692,0.0
2015-03-16,1768,23949.55078,0.005289212094464091,0.005289212094464091,0.0
2015-03-17,1769,23901.49023,-0.0020087573915361645,0.0020087573915361645,0.0020087573915361645
2015-03-18,1770,24120.08008,0.009103882206527913,0.009103882206527913,0.0
2015-03-19,1771,24468.89063,0.01435784858553113,0.01435784858553113,0.0
2015-03-20,1772,24375.24023,-0.0038346680802519018,0.0038346680802519018,0.0038346680802519018
2015-03-23,1773,24494.50977,0.004881128993041273,0.004881128993041273,0.0
2015-03-24,1774,24399.59961,-0.003882278679839146,0.003882278679839146,0.003882278679839146
2015-03-25,1775,24528.23047,0.005257995547284011,0.005257995547284011,0.0
2015-03-26,1776,24497.08008,-0.0012707882456055586,0.0012707882456055586,0.0012707882456055586
2015-03-27,1777,24486.19922,-0.00044426834358368694,0.00044426834358368694,0.00044426834358368694
2015-03-30,1778,24855.11914,0.014954071240492084,0.014954071240492084,0.0
2015-03-31,1779,24900.89063,0.0018398381672071196,0.0018398381672071196,0.0
2015-04-01,1780,25082.75,0.007276787772417137,0.007276787772417137,0.0
2015-04-02,1781,25275.64063,0.007660752098532342,0.007660752098532342,0.0
2015-04-08,1782,26236.85938,0.03732415767544772,0.03732415767544772,0.0
2015-04-09,1783,26944.39063,0.02660986715172875,0.02660986715172875,0.0
2015-04-10,1784,27272.39063,0.012099722412770575,0.012099722412770575,0.0
2015-04-13,1785,28016.33984,0.026913047466251783,0.026913047466251783,0.0
2015-04-14,1786,27561.49023,-0.016368388791528687,0.016368388791528687,0.016368388791528687
2015-04-15,1787,27618.82031,0.002077918738297768,0.002077918738297768,0.0
2015-04-16,1788,27739.71094,0.004367558872740318,0.004367558872740318,0.0
2015-04-17,1789,27653.11914,-0.0031264649381377296,0.0031264649381377296,0.0031264649381377296
2015-04-20,1790,27094.92969,-0.02039191549160968,0.02039191549160968,0.02039191549160968
2015-04-21,1791,27850.49023,0.027503954660840435,0.027503954660840435,0.0
2015-04-22,1792,27933.84961,0.002988632375528155,0.002988632375528155,0.0
2015-04-23,1793,27827.69922,-0.0038073016425439477,0.0038073016425439477,0.0038073016425439477
2015-04-24,1794,28060.98047,0.00834811650923406,0.00834811650923406,0.0
2015-04-27,1795,28433.58984,0.013191171151238024,0.013191171151238024,0.0
2015-04-28,1796,28442.75,0.00032210793117037895,0.00032210793117037895,0.0
2015-04-29,1797,28400.33984,-0.001492183763712518,0.001492183763712518,0.001492183763712518
2015-04-30,1798,28133.0,-0.009457846770372313,0.009457846770372313,0.009457846770372313
2015-05-04,1799,28123.82031,-0.00032634941082321234,0.00032634941082321234,0.00032634941082321234
2015-05-05,1800,27755.53906,-0.013181489071925512,0.013181489071925512,0.013181489071925512
2015-05-06,1801,27640.91016,-0.004138498594031148,0.004138498594031148,0.004138498594031148
2015-05-07,1802,27289.9707,-0.012777666379278685,0.012777666379278685,0.012777666379278685
2015-05-08,1803,27577.33984,0.010475154145183296,0.010475154145183296,0.0
2015-05-11,1804,27718.19922,0.0050947937965375445,0.0050947937965375445,0.0
2015-05-12,1805,27407.17969,-0.011284197456777889,0.011284197456777889,0.011284197456777889
2015-05-13,1806,27249.2793,-0.005777938498177093,0.005777938498177093,0.005777938498177093
2015-05-14,1807,27286.55078,0.0013668623269591507,0.0013668623269591507,0.0
2015-05-15,1808,27822.2793,0.01944317802514739,0.01944317802514739,0.0
2015-05-18,1809,27591.25,-0.008338419931906316,0.008338419931906316,0.008338419931906316
2015-05-19,1810,27693.53906,0.0037004455823037574,0.0037004455823037574,0.0
2015-05-20,1811,27585.05078,-0.003925151477350397,0.003925151477350397,0.003925151477350397
2015-05-21,1812,27523.7207,-0.002225783797120684,0.002225783797120684,0.002225783797120684
2015-05-22,1813,27992.83008,0.016900205031504356,0.016900205031504356,0.0
2015-05-26,1814,28249.85938,0.009140071068324929,0.009140071068324929,0.0
2015-05-27,1815,28081.21094,-0.00598777700930242,0.00598777700930242,0.00598777700930242
2015-05-28,1816,27454.31055,-0.022577514457577053,0.022577514457577053,0.022577514457577053
2015-05-29,1817,27424.18945,-0.0010977378399452675,0.0010977378399452675,0.0010977378399452675
2015-06-01,1818,27597.16016,0.006287424101536487,0.006287424101536487,0.0
2015-06-02,1819,27466.7207,-0.004737759197267266,0.004737759197267266,0.004737759197267266
2015-06-03,1820,27657.4707,0.006920764060829754,0.006920764060829754,0.0
2015-06-04,1821,27551.89063,-0.003824720886564492,0.003824720886564492,0.003824720886564492
2015-06-05,1822,27260.16016,-0.010644857126401064,0.010644857126401064,0.010644857126401064
2015-06-08,1823,27316.2793,0.002056534297002699,0.002056534297002699,0.0
2015-06-09,1824,26989.51953,-0.012034210730234918,0.012034210730234918,0.012034210730234918
2015-06-10,1825,26687.64063,-0.011248064609866049,0.011248064609866049,0.011248064609866049
2015-06-11,1826,26907.84961,0.00821749062043331,0.00821749062043331,0.0
2015-06-12,1827,27280.53906,0.013755541940369653,0.013755541940369653,0.0
2015-06-15,1828,26861.81055,-0.015467997295818492,0.015467997295818492,0.015467997295818492
2015-06-16,1829,26566.69922,-0.011047073275788577,0.011047073275788577,0.011047073275788577
2015-06-17,1830,26753.78906,0.007017587941463788,0.007017587941463788,0.0
2015-06-18,1831,26694.66016,-0.0022125590165718023,0.0022125590165718023,0.0022125590165718023
2015-06-19,1832,26760.5293,0.0024644631888453006,0.0024644631888453006,0.0
2015-06-22,1833,27080.84961,0.011898807042637571,0.011898807042637571,0.0
2015-06-23,1834,27333.46094,0.009284805493104287,0.009284805493104287,0.0
2015-06-24,1835,27404.9707,0.002612782227711108,0.002612782227711108,0.0
2015-06-25,1836,27145.75,-0.009503912976134288,0.009503912976134288,0.009503912976134288
2015-06-26,1837,26663.86914,-0.017911063120786608,0.017911063120786608,0.017911063120786608
2015-06-29,1838,25966.98047,-0.026483684264675844,0.026483684264675844,0.026483684264675844
2015-06-30,1839,26250.0293,0.01084135623954019,0.01084135623954019,0.0
2015-07-02,1840,26282.32031,0.0012293763483519626,0.0012293763483519626,0.0
2015-07-03,1841,26064.10938,-0.008337233131952004,0.008337233131952004,0.008337233131952004
2015-07-06,1842,25236.2793,-0.03227663447398044,0.03227663447398044,0.03227663447398044
2015-07-07,1843,24975.31055,-0.010394855078160958,0.010394855078160958,0.010394855078160958
2015-07-08,1844,23516.56055,-0.0601828816737644,0.0601828816737644,0.0601828816737644
2015-07-09,1845,24392.78906,0.03658268107561469,0.03658268107561469,0.0
2015-07-10,1846,24901.2793,0.020631621367327213,0.020631621367327213,0.0
2015-07-13,1847,25224.00977,0.012877129911290197,0.012877129911290197,0.0
2015-07-14,1848,25120.91016,-0.00409573614451908,0.00409573614451908,0.00409573614451908
2015-07-15,1849,25055.75977,-0.0025968413887635933,0.0025968413887635933,0.0025968413887635933
2015-07-16,1850,25162.7793,0.00426215871634561,0.00426215871634561,0.0
2015-07-17,1851,25415.26953,0.0099842652417923,0.0099842652417923,0.0
2015-07-20,1852,25404.81055,-0.0004116081726444065,0.0004116081726444065,0.0004116081726444065
2015-07-21,1853,25536.42969,0.005167500134112046,0.005167500134112046,0.0
2015-07-22,1854,25282.61914,-0.009988878825010872,0.009988878825010872,0.009988878825010872
2015-07-23,1855,25398.84961,0.004586712920419345,0.004586712920419345,0.0
2015-07-24,1856,25128.50977,-0.010700833092462503,0.010700833092462503,0.010700833092462503
2015-07-27,1857,24351.96094,-0.031390671258526126,0.031390671258526126,0.031390671258526126
2015-07-28,1858,24503.93945,0.0062215207993272514,0.0062215207993272514,0.0
2015-07-29,1859,24619.44922,0.004702850760892829,0.004702850760892829,0.0
2015-07-30,1860,24497.98047,-0.004946064905935188,0.004946064905935188,0.004946064905935188
2015-07-31,1861,24636.2793,0.005629440470999114,0.005629440470999114,0.0
2015-08-03,1862,24411.41992,-0.009169072512534626,0.009169072512534626,0.009169072512534626
2015-08-04,1863,24406.11914,-0.00021716703147589556,0.00021716703147589556,0.00021716703147589556
2015-08-05,1864,24514.16016,0.004417031022882156,0.004417031022882156,0.0
2015-08-06,1865,24375.2793,-0.00568144102730983,0.00568144102730983,0.00568144102730983
2015-08-07,1866,24552.4707,0.007243013408114507,0.007243013408114507,0.0
2015-08-10,1867,24521.11914,-0.0012777367365064407,0.0012777367365064407,0.0012777367365064407
2015-08-11,1868,24498.21094,-0.000934659924169523,0.000934659924169523,0.000934659924169523
2015-08-12,1869,23916.01953,-0.024051584400787362,0.024051584400787362,0.024051584400787362
2015-08-13,1870,24018.80078,0.004288381883958081,0.004288381883958081,0.0
2015-08-14,1871,23991.0293,-0.0011569082019757815,0.0011569082019757815,0.0011569082019757815
2015-08-17,1872,23814.65039,-0.007379027406910765,0.007379027406910765,0.007379027406910765
2015-08-18,1873,23474.9707,-0.014366176944291098,0.014366176944291098,0.014366176944291098
2015-08-19,1874,23167.84961,-0.013169252056073333,0.013169252056073333,0.013169252056073333
2015-08-20,1875,22757.4707,-0.01787205099232203,0.01787205099232203,0.01787205099232203
2015-08-21,1876,22409.61914,-0.01540318133189622,0.01540318133189622,0.01540318133189622
2015-08-24,1877,21251.57031,-0.05305950299558404,0.05305950299558404,0.05305950299558404
2015-08-25,1878,21404.96094,0.007191925206599947,0.007191925206599947,0.0
2015-08-26,1879,21080.39063,-0.015279460451575133,0.015279460451575133,0.015279460451575133
2015-08-27,1880,21838.53906,0.035333001445753354,0.035333001445753354,0.0
2015-08-28,1881,21612.39063,-0.010409465282927854,0.010409465282927854,0.010409465282927854
2015-08-31,1882,21670.58008,0.0026887934955812653,0.0026887934955812653,0.0
2015-09-01,1883,21185.42969,-0.02264191737473098,0.02264191737473098,0.02264191737473098
2015-09-02,1884,20934.93945,-0.01189415943878025,0.01189415943878025,0.01189415943878025
2015-09-04,1885,20840.60938,-0.00451604984069931,0.00451604984069931,0.00451604984069931
2015-09-07,1886,20583.51953,-0.01241272454961262,0.01241272454961262,0.01241272454961262
2015-09-08,1887,21259.03906,0.03229143966575165,0.03229143966575165,0.0
2015-09-09,1888,22131.31055,0.04021120036791359,0.04021120036791359,0.0
2015-09-10,1889,21562.5,-0.026037678033052458,0.026037678033052458,0.026037678033052458
2015-09-11,1890,21504.36914,-0.00269956448954467,0.00269956448954467,0.00269956448954467
2015-09-14,1891,21561.90039,0.002671756102895273,0.002671756102895273,0.0
2015-09-15,1892,21455.23047,-0.0049594260009584445,0.0049594260009584445,0.0049594260009584445
2015-09-16,1893,21966.66016,0.023557396229964667,0.023557396229964667,0.0
2015-09-17,1894,21854.63086,-0.00511301887539517,0.00511301887539517,0.00511301887539517
2015-09-18,1895,21920.83008,0.0030244922174151867,0.0030244922174151867,0.0
2015-09-21,1896,21756.92969,-0.00750501674873405,0.00750501674873405,0.00750501674873405
2015-09-22,1897,21796.58008,0.0018207671971079975,0.0018207671971079975,0.0
2015-09-23,1898,21302.91016,-0.022909389811552217,0.022909389811552217,0.022909389811552217
2015-09-24,1899,21095.98047,-0.00976116733013832,0.00976116733013832,0.00976116733013832
2015-09-25,1900,21186.32031,0.004273181723849717,0.004273181723849717,0.0
2015-09-29,1901,20556.59961,-0.03017366671640609,0.03017366671640609,0.03017366671640609
2015-09-30,1902,20846.30078,0.01399447359032635,0.01399447359032635,0.0
2015-10-02,1903,21506.08984,0.031159631518054454,0.031159631518054454,0.0
2015-10-05,1904,21854.5,0.016070706595167294,0.016070706595167294,0.0
2015-10-06,1905,21831.61914,-0.001047511774570964,0.001047511774570964,0.001047511774570964
2015-10-07,1906,22515.75977,0.030856160023972734,0.030856160023972734,0.0
2015-10-08,1907,22354.91016,-0.007169507352907445,0.007169507352907445,0.007169507352907445
2015-10-09,1908,22458.80078,0.004636563406082317,0.004636563406082317,0.0
2015-10-12,1909,22730.92969,0.012043984183629064,0.012043984183629064,0.0
2015-10-13,1910,22600.46094,-0.005756236834361772,0.005756236834361772,0.005756236834361772
2015-10-14,1911,22439.91016,-0.007129224564055292,0.007129224564055292,0.007129224564055292
2015-10-15,1912,22888.16992,0.01977910261646265,0.01977910261646265,0.0
2015-10-16,1913,23067.36914,0.00779884784016005,0.00779884784016005,0.0
2015-10-19,1914,23075.60938,0.000357161169560527,0.000357161169560527,0.0
2015-10-20,1915,22989.2207,-0.003750747853713321,0.003750747853713321,0.003750747853713321
2015-10-22,1916,22845.36914,-0.006277007510020027,0.006277007510020027,0.006277007510020027
2015-10-23,1917,23151.93945,0.013330121217029145,0.013330121217029145,0.0
2015-10-26,1918,23116.25,-0.001542721143948711,0.001542721143948711,0.001542721143948711
2015-10-27,1919,23142.73047,0.0011448792266239849,0.0011448792266239849,0.0
2015-10-28,1920,22956.57031,-0.00807652909218426,0.00807652909218426,0.00807652909218426
2015-10-29,1921,22819.93945,-0.005969492495212947,0.005969492495212947,0.005969492495212947
2015-10-30,1922,22640.03906,-0.007914712457663953,0.007914712457663953,0.007914712457663953
2015-11-02,1923,22370.03906,-0.011997457009487178,0.011997457009487178,0.011997457009487178
2015-11-03,1924,22568.42969,0.008829491720270255,0.008829491720270255,0.0
2015-11-04,1925,23053.57031,0.02126863828167025,0.02126863828167025,0.0
2015-11-05,1926,23051.03906,-0.00010980463936860474,0.00010980463936860474,0.00010980463936860474
2015-11-06,1927,22867.33008,-0.008001589063816539,0.008001589063816539,0.008001589063816539
2015-11-09,1928,22726.76953,-0.006165753749012737,0.006165753749012737,0.006165753749012737
2015-11-10,1929,22401.69922,-0.014406690119134424,0.014406690119134424,0.014406690119134424
2015-11-11,1930,22352.16992,-0.0022134095296273415,0.0022134095296273415,0.0022134095296273415
2015-11-12,1931,22888.91992,0.023729542690592353,0.023729542690592353,0.0
2015-11-13,1932,22396.14063,-0.02176429646737077,0.02176429646737077,0.02176429646737077
2015-11-16,1933,22010.82031,-0.017354485992033375,0.017354485992033375,0.017354485992033375
2015-11-17,1934,22264.25,0.011448088329039763,0.011448088329039763,0.0
2015-11-18,1935,22188.25977,-0.003418943245952377,0.003418943245952377,0.003418943245952377
2015-11-19,1936,22500.2207,0.013961808246875762,0.013961808246875762,0.0
2015-11-20,1937,22754.7207,0.011247509116675047,0.011247509116675047,0.0
2015-11-23,1938,22665.90039,-0.00391101755481138,0.00391101755481138,0.00391101755481138
2015-11-24,1939,22587.63086,-0.0034591602416167433,0.0034591602416167433,0.0034591602416167433
2015-11-25,1940,22498.0,-0.003976033000769874,0.003976033000769874,0.003976033000769874
2015-11-26,1941,22488.93945,-0.00040280802531889037,0.00040280802531889037,0.00040280802531889037
2015-11-27,1942,22068.32031,-0.018880498358575082,0.018880498358575082,0.018880498358575082
2015-11-30,1943,21996.41992,-0.003263400779626835,0.003263400779626835,0.003263400779626835
2015-12-01,1944,22381.34961,0.01734829614797917,0.01734829614797917,0.0
2015-12-02,1945,22479.68945,0.004384205073197478,0.004384205073197478,0.0
2015-12-03,1946,22417.00977,-0.0027921750066752793,0.0027921750066752793,0.0027921750066752793
2015-12-04,1947,22235.89063,-0.008112356942955756,0.008112356942955756,0.008112356942955756
2015-12-07,1948,22203.2207,-0.0014703235464370579,0.0014703235464370579,0.0014703235464370579
2015-12-08,1949,21905.13086,-0.013516459705661177,0.013516459705661177,0.013516459705661177
2015-12-09,1950,21803.75977,-0.004638473788395103,0.004638473788395103,0.004638473788395103
2015-12-10,1951,21704.60938,-0.004557769623488639,0.004557769623488639,0.004557769623488639
2015-12-11,1952,21464.05078,-0.011145172872311093,0.011145172872311093,0.011145172872311093
2015-12-14,1953,21309.84961,-0.007210090106859468,0.007210090106859468,0.007210090106859468
2015-12-15,1954,21274.36914,-0.0016663674596646416,0.0016663674596646416,0.0016663674596646416
2015-12-16,1955,21701.21094,0.019865041300240804,0.019865041300240804,0.0
2015-12-17,1956,21872.06055,0.007841985681341868,0.007841985681341868,0.0
2015-12-18,1957,21755.56055,-0.0053406660262691474,0.0053406660262691474,0.0053406660262691474
2015-12-21,1958,21791.67969,0.001658849014706476,0.001658849014706476,0.0
2015-12-22,1959,21830.01953,0.0017578338559935958,0.0017578338559935958,0.0
2015-12-23,1960,22040.58984,0.009599680975210134,0.009599680975210134,0.0
2015-12-24,1961,22138.13086,0.004415753871976236,0.004415753871976236,0.0
2015-12-28,1962,21919.61914,-0.009919413120174525,0.009919413120174525,0.009919413120174525
2015-12-29,1963,21999.61914,0.0036430544614152183,0.0036430544614152183,0.0
2015-12-30,1964,21882.15039,-0.0053538875871605995,0.0053538875871605995,0.0053538875871605995
2015-12-31,1965,21914.40039,0.0014727189814980335,0.0014727189814980335,0.0
2016-01-04,1966,21327.11914,-0.027164510838820988,0.027164510838820988,0.027164510838820988
2016-01-05,1967,21188.7207,-0.006510464305469199,0.006510464305469199,0.006510464305469199
2016-01-06,1968,20980.81055,-0.009860761004741647,0.009860761004741647,0.009860761004741647
2016-01-07,1969,20333.33984,-0.03134634113043688,0.03134634113043688,0.03134634113043688
2016-01-08,1970,20453.71094,0.0059024345797293876,0.0059024345797293876,0.0
2016-01-11,1971,19888.5,-0.028022654844134465,0.028022654844134465,0.028022654844134465
2016-01-12,1972,19711.75977,-0.008926274956593261,0.008926274956593261,0.008926274956593261
2016-01-13,1973,19934.88086,0.01125560410793014,0.01125560410793014,0.0
2016-01-14,1974,19817.41016,-0.005910152040158323,0.005910152040158323,0.005910152040158323
2016-01-15,1975,19520.76953,-0.015081849500587552,0.015081849500587552,0.015081849500587552
2016-01-18,1976,19237.44922,-0.014620143325950963,0.014620143325950963,0.014620143325950963
2016-01-19,1977,19635.81055,0.020496108528542223,0.020496108528542223,0.0
2016-01-20,1978,18886.30078,-0.038918135257057784,0.038918135257057784,0.038918135257057784
2016-01-21,1979,18542.15039,-0.0183902928694355,0.0183902928694355,0.0183902928694355
2016-01-22,1980,19080.50977,0.02862084324103975,0.02862084324103975,0.0
2016-01-25,1981,19340.14063,0.013515378288355251,0.013515378288355251,0.0
2016-01-26,1982,18860.80078,-0.025097025980031162,0.025097025980031162,0.025097025980031162
2016-01-27,1983,19052.44922,0.010109925810759535,0.010109925810759535,0.0
2016-01-28,1984,19195.83008,0.007497410825129336,0.007497410825129336,0.0
2016-01-29,1985,19683.10938,0.025067803982436132,0.025067803982436132,0.0
2016-02-01,1986,19595.5,-0.004460928055626923,0.004460928055626923,0.004460928055626923
2016-02-02,1987,19446.83984,-0.007615367268256179,0.007615367268256179,0.007615367268256179
2016-02-03,1988,18991.58984,-0.02368833959880412,0.02368833959880412,0.02368833959880412
2016-02-04,1989,19183.08984,0.0100329122841476,0.0100329122841476,0.0
2016-02-05,1990,19288.16992,0.005462797006044795,0.005462797006044795,0.0
2016-02-11,1991,18545.80078,-0.0392485600812531,0.0392485600812531,0.0392485600812531
2016-02-12,1992,18319.58008,-0.01227295279547036,0.01227295279547036,0.01227295279547036
2016-02-15,1993,18918.14063,0.03215084583850647,0.03215084583850647,0.0
2016-02-16,1994,19122.08008,0.010722409076532102,0.010722409076532102,0.0
2016-02-17,1995,18924.57031,-0.010382598322905778,0.010382598322905778,0.010382598322905778
2016-02-18,1996,19363.08008,0.022907070057440748,0.022907070057440748,0.0
2016-02-19,1997,19285.5,-0.00401464602520285,0.00401464602520285,0.00401464602520285
2016-02-22,1998,19464.08984,0.009217702961073826,0.009217702961073826,0.0
2016-02-23,1999,19414.7793,-0.0025366255516861003,0.0025366255516861003,0.0025366255516861003
2016-02-24,2000,19192.44922,-0.011517663728440652,0.011517663728440652,0.011517663728440652
2016-02-25,2001,18888.75,-0.015950425145391023,0.015950425145391023,0.015950425145391023
2016-02-26,2002,19364.15039,0.02485693177532511,0.02485693177532511,0.0
2016-02-29,2003,19111.92969,-0.01311070734493569,0.01311070734493569,0.01311070734493569
2016-03-01,2004,19407.46094,0.01534484549546633,0.01534484549546633,0.0
2016-03-02,2005,20003.49023,0.03024919315694241,0.03024919315694241,0.0
2016-03-03,2006,19941.75977,-0.0030907559292483455,0.0030907559292483455,0.0030907559292483455
2016-03-04,2007,20176.69922,0.011712420749637076,0.011712420749637076,0.0
2016-03-07,2008,20159.7207,-0.0008418457084875541,0.0008418457084875541,0.0008418457084875541
2016-03-08,2009,20011.58008,-0.007375478944682712,0.007375478944682712,0.007375478944682712
2016-03-09,2010,19996.25977,-0.0007658654306883506,0.0007658654306883506,0.0007658654306883506
2016-03-10,2011,19984.41992,-0.0005922785924568075,0.0005922785924568075,0.0005922785924568075
2016-03-11,2012,20199.59961,0.010709816950882356,0.010709816950882356,0.0
2016-03-14,2013,20435.33984,0.011602964245540193,0.011602964245540193,0.0
2016-03-15,2014,20288.76953,-0.007198239330019618,0.007198239330019618,0.007198239330019618
2016-03-16,2015,20257.69922,-0.0015325781523927162,0.0015325781523927162,0.0015325781523927162
2016-03-17,2016,20503.81055,0.012075819671816035,0.012075819671816035,0.0
2016-03-18,2017,20671.63086,0.008151521077579105,0.008151521077579105,0.0
2016-03-21,2018,20684.15039,0.0006054549087952665,0.0006054549087952665,0.0
2016-03-22,2019,20666.75,-0.0008415967179882244,0.0008415967179882244,0.0008415967179882244
2016-03-23,2020,20615.23047,-0.0024959828070425516,0.0024959828070425516,0.0024959828070425516
2016-03-24,2021,20345.60938,-0.01316501249234392,0.01316501249234392,0.01316501249234392
2016-03-29,2022,20366.30078,0.001016479045087948,0.001016479045087948,0.0
2016-03-30,2023,20803.39063,0.021234372107487687,0.021234372107487687,0.0
2016-03-31,2024,20776.69922,-0.001283855506928333,0.001283855506928333,0.001283855506928333
2016-04-01,2025,20498.91992,-0.013459931046082119,0.013459931046082119,0.013459931046082119
2016-04-05,2026,20177.0,-0.01582885609455431,0.01582885609455431,0.01582885609455431
2016-04-06,2027,20206.66992,0.0014694021319634487,0.0014694021319634487,0.0
2016-04-07,2028,20266.05078,0.0029343667330117285,0.0029343667330117285,0.0
2016-04-08,2029,20370.40039,0.005135775214494487,0.005135775214494487,0.0
2016-04-11,2030,20440.81055,0.003450533725313676,0.003450533725313676,0.0
2016-04-12,2031,20504.43945,0.003108001598208787,0.003108001598208787,0.0
2016-04-13,2032,21158.71094,0.0314102642391525,0.0314102642391525,0.0
2016-04-14,2033,21337.81055,0.008428956728597115,0.008428956728597115,0.0
2016-04-15,2034,21316.4707,-0.0010005960084225052,0.0010005960084225052,0.0010005960084225052
2016-04-18,2035,21161.5,-0.007296553248421489,0.007296553248421489,0.007296553248421489
2016-04-19,2036,21436.21094,0.01289809909305717,0.01289809909305717,0.0
2016-04-20,2037,21236.31055,-0.00936911367287685,0.00936911367287685,0.00936911367287685
2016-04-21,2038,21622.25,0.018010398734777056,0.018010398734777056,0.0
2016-04-22,2039,21467.03906,-0.007204185294135357,0.007204185294135357,0.007204185294135357
2016-04-25,2040,21304.43945,-0.007603215926700102,0.007603215926700102,0.007603215926700102
2016-04-26,2041,21407.26953,0.0048150861266087475,0.0048150861266087475,0.0
2016-04-27,2042,21361.59961,-0.002135662610534439,0.002135662610534439,0.002135662610534439
2016-04-28,2043,21388.0293,0.001236487615974724,0.001236487615974724,0.0
2016-04-29,2044,21067.05078,-0.01512114146628285,0.01512114146628285,0.01512114146628285
2016-05-03,2045,20676.93945,-0.018691202506504467,0.018691202506504467,0.018691202506504467
2016-05-04,2046,20525.83008,-0.00733494613176866,0.00733494613176866,0.00733494613176866
2016-05-05,2047,20449.82031,-0.0037100012549124983,0.0037100012549124983,0.0037100012549124983
2016-05-06,2048,20109.86914,-0.016763399100096166,0.016763399100096166,0.016763399100096166
2016-05-09,2049,20156.81055,0.0023315272888613237,0.0023315272888613237,0.0
2016-05-10,2050,20242.67969,0.004251007564802123,0.004251007564802123,0.0
2016-05-11,2051,20055.28906,-0.009300318925312467,0.009300318925312467,0.009300318925312467
2016-05-12,2052,19915.46094,-0.006996550747825125,0.006996550747825125,0.006996550747825125
2016-05-13,2053,19719.28906,-0.00989906493309789,0.00989906493309789,0.00989906493309789
2016-05-16,2054,19883.94922,0.008315537616581992,0.008315537616581992,0.0
2016-05-17,2055,20118.80078,0.01174190565840938,0.01174190565840938,0.0
2016-05-18,2056,19826.41016,-0.014639844693277837,0.014639844693277837,0.014639844693277837
2016-05-19,2057,19694.33008,-0.0066841142623808025,0.0066841142623808025,0.0066841142623808025
2016-05-20,2058,19852.19922,0.007984011815967307,0.007984011815967307,0.0
2016-05-23,2059,19809.0293,-0.0021769339306736413,0.0021769339306736413,0.0021769339306736413
2016-05-24,2060,19830.42969,0.001079751975655796,0.001079751975655796,0.0
2016-05-25,2061,20368.05078,0.02674992395766118,0.02674992395766118,0.0
2016-05-26,2062,20397.10938,0.0014256588129537562,0.0014256588129537562,0.0
2016-05-27,2063,20576.76953,0.008769553001855002,0.008769553001855002,0.0
2016-05-30,2064,20629.39063,0.0025540418422966837,0.0025540418422966837,0.0
2016-05-31,2065,20815.08984,0.008961408160287121,0.008961408160287121,0.0
2016-06-01,2066,20760.98047,-0.002602910767970812,0.002602910767970812,0.002602910767970812
2016-06-02,2067,20859.2207,0.00472080430592392,0.00472080430592392,0.0
2016-06-03,2068,20947.24023,0.004210816132143691,0.004210816132143691,0.0
2016-06-06,2069,21030.2207,0.003953577765257066,0.003953577765257066,0.0
2016-06-07,2070,21328.24023,0.014071542778905766,0.014071542778905766,0.0
2016-06-08,2071,21297.88086,-0.0014244493450057405,0.0014244493450057405,0.0014244493450057405
2016-06-10,2072,21042.64063,-0.01205669240253826,0.01205669240253826,0.01205669240253826
2016-06-13,2073,20512.99023,-0.025492530005969627,0.025492530005969627,0.025492530005969627
2016-06-14,2074,20387.5293,-0.006134950115335158,0.006134950115335158,0.006134950115335158
2016-06-15,2075,20467.51953,0.003915811362467991,0.003915811362467991,0.0
2016-06-16,2076,20038.41992,-0.021187789662942436,0.021187789662942436,0.021187789662942436
2016-06-17,2077,20169.98047,0.006543956895198377,0.006543956895198377,0.0
2016-06-20,2078,20510.19922,0.016726901651752613,0.016726901651752613,0.0
2016-06-21,2079,20668.43945,0.007685587189115495,0.007685587189115495,0.0
2016-06-22,2080,20795.11914,0.006110429903493753,0.006110429903493753,0.0
2016-06-23,2081,20868.33984,0.0035148678086294183,0.0035148678086294183,0.0
2016-06-24,2082,20259.13086,-0.029627571657581342,0.029627571657581342,0.029627571657581342
2016-06-27,2083,20227.30078,-0.00157238290798567,0.00157238290798567,0.00157238290798567
2016-06-28,2084,20172.46094,-0.002714861244134781,0.002714861244134781,0.002714861244134781
2016-06-29,2085,20436.11914,0.01298552692033006,0.01298552692033006,0.0
2016-06-30,2086,20794.36914,0.017378354274868002,0.017378354274868002,0.0
2016-07-04,2087,21059.19922,0.012655246606787074,0.012655246606787074,0.0
2016-07-05,2088,20750.7207,-0.014756503637549656,0.014756503637549656,0.014756503637549656
2016-07-06,2089,20495.28906,-0.012385920819038887,0.012385920819038887,0.012385920819038887
2016-07-07,2090,20706.91992,0.01027288227452594,0.01027288227452594,0.0
2016-07-08,2091,20564.16992,-0.006917702916179991,0.006917702916179991,0.006917702916179991
2016-07-11,2092,20880.5,0.015265471944905684,0.015265471944905684,0.0
2016-07-12,2093,21224.74023,0.016351784165376415,0.016351784165376415,0.0
2016-07-13,2094,21322.36914,0.004589222760001732,0.004589222760001732,0.0
2016-07-14,2095,21561.06055,0.011132219448516167,0.011132219448516167,0.0
2016-07-15,2096,21659.25,0.004543679472792661,0.004543679472792661,0.0
2016-07-18,2097,21803.17969,0.006623201563776604,0.006623201563776604,0.0
2016-07-19,2098,21673.19922,-0.005979378252012779,0.005979378252012779,0.005979378252012779
2016-07-20,2099,21882.48047,0.009609899883724182,0.009609899883724182,0.0
2016-07-21,2100,22000.49023,0.005378398161811404,0.005378398161811404,0.0
2016-07-22,2101,21964.26953,-0.0016477155063530091,0.0016477155063530091,0.0016477155063530091
2016-07-25,2102,21993.43945,0.0013271812821251672,0.0013271812821251672,0.0
2016-07-26,2103,22129.73047,0.006177772526662295,0.006177772526662295,0.0
2016-07-27,2104,22218.99023,0.004025364390143338,0.004025364390143338,0.0
2016-07-28,2105,22174.33984,-0.002011581694183917,0.002011581694183917,0.002011581694183917
2016-07-29,2106,21891.36914,-0.012843301343227864,0.012843301343227864,0.012843301343227864
2016-08-01,2107,22129.14063,0.010802864555765623,0.010802864555765623,0.0
2016-08-03,2108,21739.11914,-0.01778195756989298,0.01778195756989298,0.01778195756989298
2016-08-04,2109,21832.23047,0.004273976939947133,0.004273976939947133,0.0
2016-08-05,2110,22146.08984,0.01427361010936501,0.01427361010936501,0.0
2016-08-08,2111,22494.75977,0.015621432991835604,0.015621432991835604,0.0
2016-08-09,2112,22465.60938,-0.0012967150686584716,0.0012967150686584716,0.0012967150686584716
2016-08-10,2113,22492.42969,0.001193126467990524,0.001193126467990524,0.0
2016-08-11,2114,22580.55078,0.003910156433279965,0.003910156433279965,0.0
2016-08-12,2115,22766.91016,0.008219222213151411,0.008219222213151411,0.0
2016-08-15,2116,22932.50977,0.007247371414688786,0.007247371414688786,0.0
2016-08-16,2117,22910.83984,-0.0009453904131504487,0.0009453904131504487,0.0009453904131504487
2016-08-17,2118,22799.7793,-0.004859297932371831,0.004859297932371831,0.004859297932371831
2016-08-18,2119,23023.16016,0.009749816670792555,0.009749816670792555,0.0
2016-08-19,2120,22937.2207,-0.0037397235858804834,0.0037397235858804834,0.0037397235858804834
2016-08-22,2121,22997.91016,0.002642400018300961,0.002642400018300961,0.0
2016-08-23,2122,22998.92969,4.4330436764994374e-05,4.4330436764994374e-05,0.0
2016-08-24,2123,22820.7793,-0.007776185909589728,0.007776185909589728,0.007776185909589728
2016-08-25,2124,22814.94922,-0.0002555050711698925,0.0002555050711698925,0.0002555050711698925
2016-08-26,2125,22909.53906,0.004137388016371091,0.004137388016371091,0.0
2016-08-29,2126,22821.33984,-0.0038573205449186077,0.0038573205449186077,0.0038573205449186077
2016-08-30,2127,23016.10938,0.008498322464493668,0.008498322464493668,0.0
2016-08-31,2128,22976.88086,-0.0017058481872105347,0.0017058481872105347,0.0017058481872105347
2016-09-01,2129,23162.33984,0.008039146565701927,0.008039146565701927,0.0
2016-09-02,2130,23266.69922,0.004495443276999467,0.004495443276999467,0.0
2016-09-05,2131,23649.55078,0.016321000014734466,0.016321000014734466,0.0
2016-09-06,2132,23787.67969,0.005823666306783437,0.005823666306783437,0.0
2016-09-07,2133,23741.81055,-0.0019301344915980678,0.0019301344915980678,0.0019301344915980678
2016-09-08,2134,23919.33984,0.007449677969814772,0.007449677969814772,0.0
2016-09-09,2135,24099.69922,0.007512029881427296,0.007512029881427296,0.0
2016-09-12,2136,23290.59961,-0.03414953097167306,0.03414953097167306,0.03414953097167306
2016-09-13,2137,23215.75977,-0.0032184804659323163,0.0032184804659323163,0.0032184804659323163
2016-09-14,2138,23190.64063,-0.0010825723278138355,0.0010825723278138355,0.0010825723278138355
2016-09-15,2139,23335.58984,0.006230879978577519,0.006230879978577519,0.0
2016-09-19,2140,23550.44922,0.00916523930577462,0.00916523930577462,0.0
2016-09-20,2141,23530.85938,-0.0008321706304705856,0.0008321706304705856,0.0008321706304705856
2016-09-21,2142,23669.90039,0.0058914904272509006,0.0058914904272509006,0.0
2016-09-22,2143,23759.80078,0.0037908945426430307,0.0037908945426430307,0.0
2016-09-23,2144,23686.48047,-0.0030906687071237116,0.0030906687071237116,0.0030906687071237116
2016-09-26,2145,23317.91992,-0.015682280823629213,0.015682280823629213,0.015682280823629213
2016-09-27,2146,23571.90039,0.010833180941988374,0.010833180941988374,0.0
2016-09-28,2147,23619.65039,0.0020236680298229004,0.0020236680298229004,0.0
2016-09-29,2148,23739.4707,0.005060084009299359,0.005060084009299359,0.0
2016-09-30,2149,23297.15039,-0.01880804099558908,0.01880804099558908,0.01880804099558908
2016-10-03,2150,23584.42969,0.012255683162656794,0.012255683162656794,0.0
2016-10-04,2151,23689.43945,0.004442620611513348,0.004442620611513348,0.0
2016-10-05,2152,23788.31055,0.004164950652667088,0.004164950652667088,0.0
2016-10-06,2153,23952.5,0.006878395882127464,0.006878395882127464,0.0
2016-10-07,2154,23851.82031,-0.004212164850573075,0.004212164850573075,0.004212164850573075
2016-10-11,2155,23549.51953,-0.01275511956115949,0.01275511956115949,0.01275511956115949
2016-10-12,2156,23407.05078,-0.006068125769250088,0.006068125769250088,0.006068125769250088
2016-10-13,2157,23031.30078,-0.016183098144335162,0.016183098144335162,0.016183098144335162
2016-10-14,2158,23233.31055,0.008732854249037914,0.008732854249037914,0.0
2016-10-17,2159,23037.53906,-0.008462029975634167,0.008462029975634167,0.008462029975634167
2016-10-18,2160,23394.39063,0.015371258469379256,0.015371258469379256,0.0
2016-10-19,2161,23304.9707,-0.003829604377378004,0.003829604377378004,0.003829604377378004
2016-10-20,2162,23374.40039,0.0029747504980548456,0.0029747504980548456,0.0
2016-10-24,2163,23604.08008,0.009778158753448452,0.009778158753448452,0.0
2016-10-25,2164,23565.10938,-0.0016523798400243095,0.0016523798400243095,0.0016523798400243095
2016-10-26,2165,23325.42969,-0.010223033565777584,0.010223033565777584,0.010223033565777584
2016-10-27,2166,23132.34961,-0.008312114551603855,0.008312114551603855,0.008312114551603855
2016-10-28,2167,22954.81055,-0.007704529313846464,0.007704529313846464,0.007704529313846464
2016-10-31,2168,22934.53906,-0.0008834943833750941,0.0008834943833750941,0.0008834943833750941
2016-11-01,2169,23147.07031,0.009224189860146836,0.009224189860146836,0.0
2016-11-02,2170,22810.5,-0.014647263773515107,0.014647263773515107,0.014647263773515107
2016-11-03,2171,22683.50977,-0.005582737616084188,0.005582737616084188,0.005582737616084188
2016-11-04,2172,22642.61914,-0.0018042856108149152,0.0018042856108149152,0.0018042856108149152
2016-11-07,2173,22801.40039,0.006988021648675513,0.006988021648675513,0.0
2016-11-08,2174,22909.4707,0.004728438061977869,0.004728438061977869,0.0
2016-11-09,2175,22415.18945,-0.02181156324904343,0.02181156324904343,0.02181156324904343
2016-11-10,2176,22839.10938,0.018735560655930072,0.018735560655930072,0.0
2016-11-11,2177,22531.08984,-0.013578264046682165,0.013578264046682165,0.013578264046682165
2016-11-14,2178,22222.2207,-0.013803405398629565,0.013803405398629565,0.013803405398629565
2016-11-15,2179,22323.91016,0.004565587837880969,0.004565587837880969,0.0
2016-11-16,2180,22280.5293,-0.001945137040303635,0.001945137040303635,0.001945137040303635
2016-11-17,2181,22262.88086,-0.000792415347639519,0.000792415347639519,0.000792415347639519
2016-11-18,2182,22344.21094,0.0036465130022609316,0.0036465130022609316,0.0
2016-11-21,2183,22357.7793,0.0006070584483524044,0.0006070584483524044,0.0
2016-11-22,2184,22678.07031,0.014224064294060312,0.014224064294060312,0.0
2016-11-23,2185,22676.68945,-6.0891514264582725e-05,6.0891514264582725e-05,6.0891514264582725e-05
2016-11-24,2186,22608.49023,-0.0030119907678862745,0.0030119907678862745,0.0030119907678862745
2016-11-25,2187,22723.44922,0.005071886966620198,0.005071886966620198,0.0
2016-11-28,2188,22830.57031,0.004703044365909292,0.004703044365909292,0.0
2016-11-29,2189,22737.07031,-0.004103795147095468,0.004103795147095468,0.004103795147095468
2016-11-30,2190,22789.76953,0.0023150846279911264,0.0023150846279911264,0.0
2016-12-01,2191,22878.23047,0.0038740934851340114,0.0038740934851340114,0.0
2016-12-02,2192,22564.82031,-0.013793753892949567,0.013793753892949567,0.013793753892949567
2016-12-05,2193,22505.55078,-0.0026300899119480192,0.0026300899119480192,0.0026300899119480192
2016-12-06,2194,22675.15039,0.007507648275822731,0.007507648275822731,0.0
2016-12-07,2195,22800.91992,0.005531254121123652,0.005531254121123652,0.0
2016-12-08,2196,22861.83984,0.0026682555528356744,0.0026682555528356744,0.0
2016-12-09,2197,22760.98047,-0.004421451090697914,0.004421451090697914,0.004421451090697914
2016-12-12,2198,22433.01953,-0.014513727353801187,0.014513727353801187,0.014513727353801187
2016-12-13,2199,22446.69922,0.0006096156929977781,0.0006096156929977781,0.0
2016-12-14,2200,22456.61914,0.000441834613729597,0.000441834613729597,0.0
2016-12-15,2201,22059.40039,-0.017846577344350578,0.017846577344350578,0.017846577344350578
2016-12-16,2202,22020.75,-0.0017536419255854696,0.0017536419255854696,0.0017536419255854696
2016-12-19,2203,21832.67969,-0.00857727499765737,0.00857727499765737,0.00857727499765737
2016-12-20,2204,21729.06055,-0.004757355186383094,0.004757355186383094,0.004757355186383094
2016-12-21,2205,21809.80078,0.0037088853538040922,0.0037088853538040922,0.0
2016-12-22,2206,21636.19922,-0.007991644061174696,0.007991644061174696,0.007991644061174696
2016-12-23,2207,21574.75977,-0.002843699507680597,0.002843699507680597,0.002843699507680597
2016-12-28,2208,21754.74023,0.008307573137146917,0.008307573137146917,0.0
2016-12-29,2209,21790.91016,0.0016612423052269065,0.0016612423052269065,0.0
2016-12-30,2210,22000.56055,0.009575014875878196,0.009575014875878196,0.0
2017-01-03,2211,22150.40039,0.006787640046567844,0.006787640046567844,0.0
2017-01-04,2212,22134.4707,-0.0007194190835377867,0.0007194190835377867,0.0007194190835377867
2017-01-05,2213,22456.68945,0.014452387308276471,0.014452387308276471,0.0
2017-01-06,2214,22503.00977,0.002060526969369647,0.002060526969369647,0.0
2017-01-09,2215,22558.68945,0.00247126536729958,0.00247126536729958,0.0
2017-01-10,2216,22744.84961,0.008218395810322576,0.008218395810322576,0.0
2017-01-11,2217,22935.34961,0.00834064244976318,0.00834064244976318,0.0
2017-01-12,2218,22829.01953,-0.004646858389300235,0.004646858389300235,0.004646858389300235
2017-01-13,2219,22937.38086,0.0047354186289254585,0.0047354186289254585,0.0
2017-01-16,2220,22718.15039,-0.009603750038635894,0.009603750038635894,0.009603750038635894
2017-01-17,2221,22840.9707,0.005391702236487106,0.005391702236487106,0.0
2017-01-18,2222,23098.25977,0.011201396173207812,0.011201396173207812,0.0
2017-01-19,2223,23049.96094,-0.0020932051937023743,0.0020932051937023743,0.0020932051937023743
2017-01-20,2224,22885.91016,-0.007142630520398541,0.007142630520398541,0.007142630520398541
2017-01-23,2225,22898.51953,0.0005508147815405096,0.0005508147815405096,0.0
2017-01-24,2226,22949.85938,0.0022395501293104303,0.0022395501293104303,0.0
2017-01-25,2227,23049.11914,0.0043157442733896545,0.0043157442733896545,0.0
2017-01-26,2228,23374.16992,0.014004009572296638,0.014004009572296638,0.0
2017-01-27,2229,23360.7793,-0.0005730452515688711,0.0005730452515688711,0.0005730452515688711
2017-02-01,2230,23318.39063,-0.0018161711836377492,0.0018161711836377492,0.0018161711836377492
2017-02-02,2231,23184.51953,-0.00575755234894082,0.00575755234894082,0.00575755234894082
2017-02-03,2232,23129.21094,-0.0023884327922427673,0.0023884327922427673,0.0023884327922427673
2017-02-06,2233,23348.24023,0.00942525486864021,0.00942525486864021,0.0
2017-02-07,2234,23331.57031,-0.0007142240088722218,0.0007142240088722218,0.0007142240088722218
2017-02-08,2235,23485.13086,0.006560099146980747,0.006560099146980747,0.0
2017-02-09,2236,23525.14063,0.0017021718187191226,0.0017021718187191226,0.0
2017-02-10,2237,23574.98047,0.0021163367498093777,0.0021163367498093777,0.0
2017-02-13,2238,23710.98047,0.005752251716920398,0.005752251716920398,0.0
2017-02-14,2239,23703.00977,-0.00033621722342758176,0.00033621722342758176,0.00033621722342758176
2017-02-15,2240,23994.86914,0.012237987066429312,0.012237987066429312,0.0
2017-02-16,2241,24107.69922,0.0046912375274086315,0.0046912375274086315,0.0
2017-02-17,2242,24033.74023,-0.003072573193922068,0.003072573193922068,0.003072573193922068
2017-02-20,2243,24146.08008,0.00466336540339185,0.00466336540339185,0.0
2017-02-21,2244,23963.63086,-0.007584751232247555,0.007584751232247555,0.007584751232247555
2017-02-22,2245,24201.96094,0.00989636029455987,0.00989636029455987,0.0
2017-02-23,2246,24114.85938,-0.0036054381797985258,0.0036054381797985258,0.0036054381797985258
2017-02-24,2247,23965.69922,-0.006204613376548096,0.006204613376548096,0.006204613376548096
2017-02-27,2248,23925.05078,-0.0016975490992017228,0.0016975490992017228,0.0016975490992017228
2017-02-28,2249,23740.73047,-0.007733901507462448,0.007733901507462448,0.007733901507462448
2017-03-01,2250,23776.49023,0.0015051287185610107,0.0015051287185610107,0.0
2017-03-02,2251,23728.07031,-0.0020385384568371023,0.0020385384568371023,0.0020385384568371023
2017-03-03,2252,23552.7207,-0.007417406105140856,0.007417406105140856,0.007417406105140856
2017-03-06,2253,23596.2793,0.001847700370840144,0.001847700370840144,0.0
2017-03-07,2254,23681.07031,0.003586965073626658,0.003586965073626658,0.0
2017-03-08,2255,23782.26953,0.004264317416138752,0.004264317416138752,0.0
2017-03-09,2256,23501.56055,-0.011873499984245584,0.011873499984245584,0.011873499984245584
2017-03-10,2257,23568.66992,0.0028514589710351146,0.0028514589710351146,0.0
2017-03-13,2258,23829.66992,0.01101315526764246,0.01101315526764246,0.0
2017-03-14,2259,23827.94922,-7.221090905495942e-05,7.221090905495942e-05,7.221090905495942e-05
2017-03-15,2260,23792.84961,-0.0014741296752038835,0.0014741296752038835,0.0014741296752038835
2017-03-16,2261,24288.2793,0.020608801670324084,0.020608801670324084,0.0
2017-03-17,2262,24309.92969,0.0008909954453990565,0.0008909954453990565,0.0
2017-03-20,2263,24501.99023,0.007869452030512036,0.007869452030512036,0.0
2017-03-21,2264,24593.11914,0.003712345927210592,0.003712345927210592,0.0
2017-03-22,2265,24320.41016,-0.011150771968820195,0.011150771968820195,0.011150771968820195
2017-03-23,2266,24327.69922,0.00029966467957187604,0.00029966467957187604,0.0
2017-03-24,2267,24358.26953,0.0012558161952007652,0.0012558161952007652,0.0
2017-03-27,2268,24193.69922,-0.006779166509661039,0.006779166509661039,0.006779166509661039
2017-03-28,2269,24345.86914,0.006269953510248172,0.006269953510248172,0.0
2017-03-29,2270,24392.05078,0.0018951015512058689,0.0018951015512058689,0.0
2017-03-30,2271,24301.08984,-0.003736092790379786,0.003736092790379786,0.003736092790379786
2017-03-31,2272,24111.58984,-0.007828567601178449,0.007828567601178449,0.007828567601178449
2017-04-03,2273,24261.48047,0.006197295675878678,0.006197295675878678,0.0
2017-04-05,2274,24400.80078,0.00572602381487286,0.00572602381487286,0.0
2017-04-06,2275,24273.7207,-0.005221638133370732,0.005221638133370732,0.005221638133370732
2017-04-07,2276,24267.30078,-0.0002645152426410391,0.0002645152426410391,0.0002645152426410391
2017-04-10,2277,24262.17969,-0.00021105068380755654,0.00021105068380755654,0.00021105068380755654
2017-04-11,2278,24088.46094,-0.007185819887709499,0.007185819887709499,0.007185819887709499
2017-04-12,2279,24313.5,0.00929882497264245,0.00929882497264245,0.0
2017-04-13,2280,24261.66016,-0.002134418476851252,0.002134418476851252,0.002134418476851252
2017-04-18,2281,23924.53906,-0.01399266204763272,0.01399266204763272,0.01399266204763272
2017-04-19,2282,23825.88086,-0.004132250168760621,0.004132250168760621,0.004132250168760621
2017-04-20,2283,24056.98047,0.00965278172579076,0.00965278172579076,0.0
2017-04-21,2284,24042.01953,-0.0006220894605917238,0.0006220894605917238,0.0006220894605917238
2017-04-24,2285,24139.48047,0.004045580686625527,0.004045580686625527,0.0
2017-04-25,2286,24455.93945,0.01302441481364447,0.01302441481364447,0.0
2017-04-26,2287,24578.42969,0.00499610770727088,0.00499610770727088,0.0
2017-04-27,2288,24698.48047,0.0048725058906367025,0.0048725058906367025,0.0
2017-04-28,2289,24615.13086,-0.0033803928417359685,0.0033803928417359685,0.0033803928417359685
2017-05-02,2290,24696.13086,0.003285256553040128,0.003285256553040128,0.0
2017-05-04,2291,24683.88086,-0.0004961521807960168,0.0004961521807960168,0.0004961521807960168
2017-05-05,2292,24476.34961,-0.008443104552361191,0.008443104552361191,0.008443104552361191
2017-05-08,2293,24577.91016,0.004140749267753208,0.004140749267753208,0.0
2017-05-09,2294,24889.0293,0.012579037466529996,0.012579037466529996,0.0
2017-05-10,2295,25015.41992,0.005065315506470824,0.005065315506470824,0.0
2017-05-11,2296,25125.55078,0.004392856203768503,0.004392856203768503,0.0
2017-05-12,2297,25156.33984,0.00122465816095918,0.00122465816095918,0.0
2017-05-15,2298,25371.58984,0.008520091896897952,0.008520091896897952,0.0
2017-05-16,2299,25335.93945,-0.0014061184353906242,0.0014061184353906242,0.0014061184353906242
2017-05-17,2300,25293.63086,-0.00167129997703519,0.00167129997703519,0.00167129997703519
2017-05-18,2301,25136.51953,-0.006230869314830301,0.006230869314830301,0.006230869314830301
2017-05-19,2302,25174.86914,0.0015244905156084343,0.0015244905156084343,0.0
2017-05-22,2303,25391.33984,0.008561924129105947,0.008561924129105947,0.0
2017-05-23,2304,25403.15039,0.0004650327293127532,0.0004650327293127532,0.0
2017-05-24,2305,25428.5,0.0009973948084294193,0.0009973948084294193,0.0
2017-05-25,2306,25630.7793,0.007923353444153847,0.007923353444153847,0.0
2017-05-26,2307,25639.26953,0.000331196488842167,0.000331196488842167,0.0
2017-05-29,2308,25701.63086,0.00242930529831753,0.00242930529831753,0.0
2017-05-31,2309,25660.65039,-0.0015957421554766427,0.0015957421554766427,0.0015957421554766427
2017-06-01,2310,25809.2207,0.005773114231420351,0.005773114231420351,0.0
2017-06-02,2311,25924.05078,0.004439319814885323,0.004439319814885323,0.0
2017-06-05,2312,25862.99023,-0.0023581412301112437,0.0023581412301112437,0.0023581412301112437
2017-06-06,2313,25997.14063,0.005173558068380046,0.005173558068380046,0.0
2017-06-07,2314,25974.16016,-0.0008843523694199718,0.0008843523694199718,0.0008843523694199718
2017-06-08,2315,26063.06055,0.0034168034063437602,0.0034168034063437602,0.0
2017-06-09,2316,26030.28906,-0.0012581834175957596,0.0012581834175957596,0.0012581834175957596
2017-06-12,2317,25708.03906,-0.012457076944514256,0.012457076944514256,0.012457076944514256
2017-06-13,2318,25852.09961,0.005588073600740984,0.005588073600740984,0.0
2017-06-14,2319,25875.90039,0.0009202281812399349,0.0009202281812399349,0.0
2017-06-15,2320,25565.33984,-0.01207452704339751,0.01207452704339751,0.01207452704339751
2017-06-16,2321,25626.49023,0.0023890694668207146,0.0023890694668207146,0.0
2017-06-19,2322,25924.55078,0.011563835204785988,0.011563835204785988,0.0
2017-06-20,2323,25843.03906,-0.003149143609554983,0.003149143609554983,0.003149143609554983
2017-06-21,2324,25694.58008,-0.005761204848351298,0.005761204848351298,0.005761204848351298
2017-06-22,2325,25674.5293,-0.000780655193764801,0.000780655193764801,0.000780655193764801
2017-06-23,2326,25670.05078,-0.00017444957206258493,0.00017444957206258493,0.00017444957206258493
2017-06-26,2327,25871.89063,0.007832102410041841,0.007832102410041841,0.0
2017-06-27,2328,25839.99023,-0.0012337746574306863,0.0012337746574306863,0.0012337746574306863
2017-06-28,2329,25683.5,-0.006074538448727296,0.006074538448727296,0.006074538448727296
2017-06-29,2330,25965.41992,0.01091688733583851,0.01091688733583851,0.0
2017-06-30,2331,25764.58008,-0.007764966136882379,0.007764966136882379,0.007764966136882379
2017-07-03,2332,25784.16992,0.0007600510562539853,0.0007600510562539853,0.0
2017-07-04,2333,25389.00977,-0.015444340456513217,0.015444340456513217,0.015444340456513217
2017-07-05,2334,25521.9707,0.005223283113650723,0.005223283113650723,0.0
2017-07-06,2335,25465.2207,-0.0022260501853974546,0.0022260501853974546,0.0022260501853974546
2017-07-07,2336,25340.84961,-0.004895924352073422,0.004895924352073422,0.004895924352073422
2017-07-10,2337,25500.06055,0.006263123926860459,0.006263123926860459,0.0
2017-07-11,2338,25877.64063,0.014698473040414939,0.014698473040414939,0.0
2017-07-12,2339,26043.64063,0.006394316995987026,0.006394316995987026,0.0
2017-07-13,2340,26346.16992,0.011549293634979918,0.011549293634979918,0.0
2017-07-14,2341,26389.23047,0.001633079838271101,0.001633079838271101,0.0
2017-07-17,2342,26470.58008,0.0030779404381959807,0.0030779404381959807,0.0
2017-07-18,2343,26524.93945,0.0020514711261068186,0.0020514711261068186,0.0
2017-07-19,2344,26672.16016,0.005534929044129555,0.005534929044129555,0.0
2017-07-20,2345,26740.21094,0.0025481294097033924,0.0025481294097033924,0.0
2017-07-21,2346,26706.08984,-0.001276836904995804,0.001276836904995804,0.001276836904995804
2017-07-24,2347,26846.83008,0.005256130355851596,0.005256130355851596,0.0
2017-07-25,2348,26852.05078,0.00019444353151598648,0.00019444353151598648,0.0
2017-07-26,2349,26941.01953,0.003307817553800163,0.003307817553800163,0.0
2017-07-27,2350,27131.16992,0.007033233748108714,0.007033233748108714,0.0
2017-07-28,2351,26979.39063,-0.0056099839485135305,0.0056099839485135305,0.0056099839485135305
2017-07-31,2352,27323.99023,0.012691814773500454,0.012691814773500454,0.0
2017-08-01,2353,27540.23047,0.007882782511900999,0.007882782511900999,0.0
2017-08-02,2354,27607.38086,0.002435297615537735,0.002435297615537735,0.0
2017-08-03,2355,27531.00977,-0.0027701620582476494,0.0027701620582476494,0.0027701620582476494
2017-08-04,2356,27562.67969,0.0011496751732806842,0.0011496751732806842,0.0
2017-08-07,2357,27690.35938,0.004621643240424689,0.004621643240424689,0.0
2017-08-08,2358,27854.91016,0.005924942402520728,0.005924942402520728,0.0
2017-08-09,2359,27757.08984,-0.0035179609036077863,0.0035179609036077863,0.0035179609036077863
2017-08-10,2360,27444.0,-0.011343732461586598,0.011343732461586598,0.011343732461586598
2017-08-11,2361,26883.50977,-0.02063448589685457,0.02063448589685457,0.02063448589685457
2017-08-14,2362,27250.23047,0.013548899756377963,0.013548899756377963,0.0
2017-08-15,2363,27174.96094,-0.002765983032432473,0.002765983032432473,0.002765983032432473
2017-08-16,2364,27409.07031,0.008577996170563651,0.008577996170563651,0.0
2017-08-17,2365,27344.2207,-0.0023687942451431354,0.0023687942451431354,0.0023687942451431354
2017-08-18,2366,27047.57031,-0.010908018504064643,0.010908018504064643,0.010908018504064643
2017-08-21,2367,27154.67969,0.0039522167223999816,0.0039522167223999816,0.0
2017-08-22,2368,27401.66992,0.009054561722804166,0.009054561722804166,0.0
2017-08-24,2369,27518.59961,0.004258167983563155,0.004258167983563155,0.0
2017-08-25,2370,27848.16016,0.011904776207655843,0.011904776207655843,0.0
2017-08-28,2371,27863.28906,0.00054311638213278,0.00054311638213278,0.0
2017-08-29,2372,27765.00977,-0.003533431520272856,0.003533431520272856,0.003533431520272856
2017-08-30,2373,28094.60938,0.011801134350577058,0.011801134350577058,0.0
2017-08-31,2374,27970.30078,-0.004434460105262161,0.004434460105262161,0.004434460105262161
2017-09-01,2375,27953.16016,-0.0006130028524200526,0.0006130028524200526,0.0006130028524200526
2017-09-04,2376,27740.25977,-0.007645478669768835,0.007645478669768835,0.007645478669768835
2017-09-05,2377,27741.34961,3.92865316030111e-05,3.92865316030111e-05,0.0
2017-09-06,2378,27613.75977,-0.004609874946662984,0.004609874946662984,0.004609874946662984
2017-09-07,2379,27522.91992,-0.003295081702502145,0.003295081702502145,0.003295081702502145
2017-09-08,2380,27668.4707,0.005274413845826942,0.005274413845826942,0.0
2017-09-11,2381,27955.13086,0.010307232535504696,0.010307232535504696,0.0
2017-09-12,2382,27972.24023,0.0006118424735603867,0.0006118424735603867,0.0
2017-09-13,2383,27894.08008,-0.002798115235160381,0.002798115235160381,0.002798115235160381
2017-09-14,2384,27777.19922,-0.004198970571549054,0.004198970571549054,0.004198970571549054
2017-09-15,2385,27807.58984,0.0010934870327705681,0.0010934870327705681,0.0
2017-09-18,2386,28159.76953,0.012585347690482251,0.012585347690482251,0.0
2017-09-19,2387,28051.41016,-0.0038554431635375863,0.0038554431635375863,0.0038554431635375863
2017-09-20,2388,28127.80078,0.0027195350665518703,0.0027195350665518703,0.0
2017-09-21,2389,28110.33008,-0.0006213115654762902,0.0006213115654762902,0.0006213115654762902
2017-09-22,2390,27880.5293,-0.008208556642362197,0.008208556642362197,0.008208556642362197
2017-09-25,2391,27500.33984,-0.013730208233198482,0.013730208233198482,0.013730208233198482
2017-09-26,2392,27513.00977,0.0004606129353632582,0.0004606129353632582,0.0
2017-09-27,2393,27642.42969,0.0046929245343978465,0.0046929245343978465,0.0
2017-09-28,2394,27421.59961,-0.008020890106495315,0.008020890106495315,0.008020890106495315
2017-09-29,2395,27554.30078,0.0048276218046652275,0.0048276218046652275,0.0
2017-10-03,2396,28173.21094,0.022212928190821657,0.022212928190821657,0.0
2017-10-04,2397,28379.17969,0.00728420703083188,0.00728420703083188,0.0
2017-10-06,2398,28458.03906,0.002774921867642277,0.002774921867642277,0.0
2017-10-09,2399,28326.58984,-0.004629754824268417,0.004629754824268417,0.004629754824268417
2017-10-10,2400,28490.83008,0.0057813500752033065,0.0057813500752033065,0.0
2017-10-11,2401,28389.57031,-0.003560448811064987,0.003560448811064987,0.003560448811064987
2017-10-12,2402,28459.0293,0.0024436494492601213,0.0024436494492601213,0.0
2017-10-13,2403,28476.42969,0.0006112321161673151,0.0006112321161673151,0.0
2017-10-16,2404,28692.80078,0.007569530719667483,0.007569530719667483,0.0
2017-10-17,2405,28697.49023,0.00016342311314154756,0.00016342311314154756,0.0
2017-10-18,2406,28711.75977,0.0004971164156941654,0.0004971164156941654,0.0
2017-10-19,2407,28159.08984,-0.0194365771805991,0.0194365771805991,0.0194365771805991
2017-10-20,2408,28487.24023,0.011586066049160237,0.011586066049160237,0.0
2017-10-23,2409,28305.88086,-0.006386688492774795,0.006386688492774795,0.006386688492774795
2017-10-24,2410,28154.9707,-0.005345669262855068,0.005345669262855068,0.005345669262855068
2017-10-25,2411,28302.89063,0.005240023797529858,0.005240023797529858,0.0
2017-10-26,2412,28202.38086,-0.0035575397960112554,0.0035575397960112554,0.0035575397960112554
2017-10-27,2413,28438.84961,0.00834975235839508,0.00834975235839508,0.0
2017-10-30,2414,28336.18945,-0.003616387538762922,0.003616387538762922,0.003616387538762922
2017-10-31,2415,28245.53906,-0.0032042311165394466,0.0032042311165394466,0.0032042311165394466
2017-11-01,2416,28594.06055,0.012263487438923804,0.012263487438923804,0.0
2017-11-02,2417,28518.64063,-0.00264109251644129,0.00264109251644129,0.00264109251644129
2017-11-03,2418,28603.60938,0.0029749812954911192,0.0029749812954911192,0.0
2017-11-06,2419,28596.80078,-0.00023806123113701005,0.00023806123113701005,0.00023806123113701005
2017-11-07,2420,28994.33984,0.013805782275991163,0.013805782275991163,0.0
2017-11-08,2421,28907.59961,-0.002996110172144739,0.002996110172144739,0.002996110172144739
2017-11-09,2422,29136.57031,0.007889574026526347,0.007889574026526347,0.0
2017-11-10,2423,29120.91992,-0.0005372833712780078,0.0005372833712780078,0.0005372833712780078
2017-11-13,2424,29182.17969,0.0021014248969031257,0.0021014248969031257,0.0
2017-11-14,2425,29152.11914,-0.0010306304614537964,0.0010306304614537964,0.0010306304614537964
2017-11-15,2426,28851.68945,-0.010359056892722762,0.010359056892722762,0.010359056892722762
2017-11-16,2427,29018.75977,0.005773958433332282,0.005773958433332282,0.0
2017-11-17,2428,29199.03906,0.006193290363706083,0.006193290363706083,0.0
2017-11-20,2429,29260.31055,0.0020962091725209575,0.0020962091725209575,0.0
2017-11-21,2430,29818.07031,0.018882586973985482,0.018882586973985482,0.0
2017-11-22,2431,30003.49023,0.00619911991994293,0.00619911991994293,0.0
2017-11-23,2432,29707.93945,-0.009899384261629507,0.009899384261629507,0.009899384261629507
2017-11-24,2433,29866.32031,0.00531710284870357,0.00531710284870357,0.0
2017-11-27,2434,29686.18945,-0.006049498503797324,0.006049498503797324,0.006049498503797324
2017-11-28,2435,29680.84961,-0.00017989241501581432,0.00017989241501581432,0.00017989241501581432
2017-11-29,2436,29623.83008,-0.0019229358582837364,0.0019229358582837364,0.0019229358582837364
2017-11-30,2437,29177.34961,-0.015186397728067291,0.015186397728067291,0.015186397728067291
2017-12-01,2438,29074.24023,-0.003540143298028653,0.003540143298028653,0.003540143298028653
2017-12-04,2439,29138.2793,0.002200182928016048,0.002200182928016048,0.0
2017-12-05,2440,28842.80078,-0.010192327481105323,0.010192327481105323,0.010192327481105323
2017-12-06,2441,28224.80078,-0.021659370396706734,0.021659370396706734,0.021659370396706734
2017-12-07,2442,28303.18945,0.002773447983141608,0.002773447983141608,0.0
2017-12-08,2443,28639.84961,0.01182459131887903,0.01182459131887903,0.0
2017-12-11,2444,28965.28906,0.011299093098207535,0.011299093098207535,0.0
2017-12-12,2445,28793.88086,-0.005935289701344715,0.005935289701344715,0.005935289701344715
2017-12-13,2446,29222.09961,0.01476236454919544,0.01476236454919544,0.0
2017-12-14,2447,29166.38086,-0.0019085534154967831,0.0019085534154967831,0.0019085534154967831
2017-12-15,2448,28848.10938,-0.010972247510622424,0.010972247510622424,0.010972247510622424
2017-12-18,2449,29050.41016,0.006988144252128237,0.006988144252128237,0.0
2017-12-19,2450,29253.66016,0.006972097221275675,0.006972097221275675,0.0
2017-12-20,2451,29234.08984,-0.0006692109281143388,0.0006692109281143388,0.0006692109281143388
2017-12-21,2452,29367.06055,0.004538168186995151,0.004538168186995151,0.0
2017-12-22,2453,29578.00977,0.007157515274197834,0.007157515274197834,0.0
2017-12-27,2454,29597.66016,0.0006641374992639726,0.0006641374992639726,0.0
2017-12-28,2455,29863.71094,0.008948752796152704,0.008948752796152704,0.0
2017-12-29,2456,29919.15039,0.0018546942939412503,0.0018546942939412503,0.0
2018-01-02,2457,30515.31055,0.019729786259871318,0.019729786259871318,0.0
2018-01-03,2458,30560.94922,0.0014944817729922732,0.0014944817729922732,0.0
2018-01-04,2459,30736.48047,0.00572721338193638,0.00572721338193638,0.0
2018-01-05,2460,30814.64063,0.0025396841069404985,0.0025396841069404985,0.0
2018-01-08,2461,30899.5293,0.0027510286092766734,0.0027510286092766734,0.0
2018-01-09,2462,31011.41016,0.0036142556635709866,0.0036142556635709866,0.0
2018-01-10,2463,31073.7207,0.00200726196621126,0.00200726196621126,0.0
2018-01-11,2464,31120.39063,0.0015007832015516698,0.0015007832015516698,0.0
2018-01-12,2465,31412.53906,0.009343894713675027,0.009343894713675027,0.0
2018-01-15,2466,31338.86914,-0.0023479936453654204,0.0023479936453654204,0.0023479936453654204
2018-01-16,2467,31904.75,0.017895748849579007,0.017895748849579007,0.0
2018-01-17,2468,31983.41016,0.002462434339943087,0.002462434339943087,0.0
2018-01-18,2469,32121.93945,0.00432193277086057,0.00432193277086057,0.0
2018-01-19,2470,32254.89063,0.004130410548336627,0.004130410548336627,0.0
2018-01-22,2471,32393.41016,0.004285332801918784,0.004285332801918784,0.0
2018-01-23,2472,32930.69922,0.01645031770025618,0.01645031770025618,0.0
2018-01-24,2473,32958.69141,0.000849672198100393,0.000849672198100393,0.0
2018-01-25,2474,32654.44922,-0.0092738853102734,0.0092738853102734,0.0092738853102734
2018-01-26,2475,33154.12109,0.015185908769312917,0.015185908769312917,0.0
2018-01-29,2476,32966.89063,-0.005663281778236495,0.005663281778236495,0.005663281778236495
2018-01-30,2477,32607.28906,-0.010967889389897678,0.010967889389897678,0.010967889389897678
2018-01-31,2478,32887.26953,0.008549784334622501,0.008549784334622501,0.0
2018-02-01,2479,32642.08984,-0.007483083505082533,0.007483083505082533,0.007483083505082533
2018-02-02,2480,32601.7793,-0.001235688369209953,0.001235688369209953,0.001235688369209953
2018-02-05,2481,32245.2207,-0.010997029726913965,0.010997029726913965,0.010997029726913965
2018-02-06,2482,30595.41992,-0.052519514972129144,0.052519514972129144,0.052519514972129144
2018-02-07,2483,30323.19922,-0.008937251559457238,0.008937251559457238,0.008937251559457238
2018-02-08,2484,30451.26953,0.00421461518989652,0.00421461518989652,0.0
2018-02-09,2485,29507.41992,-0.031485931138133694,0.031485931138133694,0.031485931138133694
2018-02-12,2486,29459.63086,-0.0016208736855780614,0.0016208736855780614,0.0016208736855780614
2018-02-13,2487,29839.5293,0.012813120336934603,0.012813120336934603,0.0
2018-02-14,2488,30515.59961,0.02240401440142925,0.02240401440142925,0.0
2018-02-15,2489,31115.42969,0.019465812180005315,0.019465812180005315,0.0
2018-02-20,2490,30873.63086,-0.007801378314390206,0.007801378314390206,0.007801378314390206
2018-02-21,2491,31431.89063,0.017920553325645017,0.017920553325645017,0.0
2018-02-22,2492,30965.67969,-0.014943518259599387,0.014943518259599387,0.014943518259599387
2018-02-23,2493,31267.16992,0.00968917832137528,0.00968917832137528,0.0
2018-02-26,2494,31498.59961,0.007374425281030383,0.007374425281030383,0.0
2018-02-27,2495,31268.66016,-0.0073267649238122345,0.0073267649238122345,0.0073267649238122345
2018-02-28,2496,30844.7207,-0.013650715425718829,0.013650715425718829,0.013650715425718829
2018-03-01,2497,31044.25,0.0064479983769842875,0.0064479983769842875,0.0
2018-03-02,2498,30583.44922,-0.014954618576210166,0.014954618576210166,0.014954618576210166
2018-03-05,2499,29886.39063,-0.02305577356687749,0.02305577356687749,0.02305577356687749
2018-03-06,2500,30510.73047,0.020675226525884938,0.020675226525884938,0.0
2018-03-07,2501,30196.91992,-0.010338510652628585,0.010338510652628585,0.010338510652628585
2018-03-08,2502,30654.51953,0.015040177853512304,0.015040177853512304,0.0
2018-03-09,2503,30996.21094,0.011084861643700705,0.011084861643700705,0.0
2018-03-12,2504,31594.33008,0.019112707372871185,0.019112707372871185,0.0
2018-03-13,2505,31601.44922,0.00022530428800671132,0.00022530428800671132,0.0
2018-03-14,2506,31435.00977,-0.005280748298629234,0.005280748298629234,0.005280748298629234
2018-03-15,2507,31541.09961,0.0033692122743627095,0.0033692122743627095,0.0
2018-03-16,2508,31501.9707,-0.001241339129967045,0.001241339129967045,0.001241339129967045
2018-03-19,2509,31513.75977,0.0003741627701394634,0.0003741627701394634,0.0
2018-03-20,2510,31549.92969,0.0011470919090150744,0.0011470919090150744,0.0
2018-03-21,2511,31414.51953,-0.004301169006808436,0.004301169006808436,0.004301169006808436
2018-03-22,2512,31071.05078,-0.01099364885687315,0.01099364885687315,0.01099364885687315
2018-03-23,2513,30309.28906,-0.024822307425489853,0.024822307425489853,0.024822307425489853
2018-03-26,2514,30548.76953,0.00787017238662635,0.00787017238662635,0.0
2018-03-27,2515,30790.83008,0.007892513419369251,0.007892513419369251,0.0
2018-03-28,2516,30022.5293,-0.02526884448847433,0.02526884448847433,0.02526884448847433
2018-03-29,2517,30093.38086,0.0023571661018557677,0.0023571661018557677,0.0
2018-04-03,2518,30180.09961,0.002877511275611866,0.002877511275611866,0.0
2018-04-04,2519,29518.68945,-0.02215915044284067,0.02215915044284067,0.02215915044284067
2018-04-06,2520,29844.93945,0.01099168938144146,0.01099168938144146,0.0
2018-04-09,2521,30229.58008,0.012805625054962633,0.012805625054962633,0.0
2018-04-10,2522,30728.74023,0.016377462650751795,0.016377462650751795,0.0
2018-04-11,2523,30897.71094,0.00548372103929573,0.00548372103929573,0.0
2018-04-12,2524,30831.2793,-0.002152365214076468,0.002152365214076468,0.002152365214076468
2018-04-13,2525,30808.38086,-0.0007429775243377179,0.0007429775243377179,0.0007429775243377179
2018-04-16,2526,30315.58984,-0.01612466244072408,0.01612466244072408,0.01612466244072408
2018-04-17,2527,30062.75,-0.008375232529163057,0.008375232529163057,0.008375232529163057
2018-04-18,2528,30284.25,0.007340911551525053,0.007340911551525053,0.0
2018-04-19,2529,30708.43945,0.013909742075114195,0.013909742075114195,0.0
2018-04-20,2530,30418.33008,-0.009492127605531309,0.009492127605531309,0.009492127605531309
2018-04-23,2531,30254.40039,-0.00540374852531933,0.00540374852531933,0.00540374852531933
2018-04-24,2532,30636.24023,0.012541988109482816,0.012541988109482816,0.0
2018-04-25,2533,30328.15039,-0.01010729245928843,0.01010729245928843,0.01010729245928843
2018-04-26,2534,30007.67969,-0.010622998416641494,0.010622998416641494,0.010622998416641494
2018-04-27,2535,30280.66992,0.009056213929826029,0.009056213929826029,0.0
2018-04-30,2536,30808.44922,0.01727942518500747,0.01727942518500747,0.0
2018-05-02,2537,30723.88086,-0.0027487473052687506,0.0027487473052687506,0.0027487473052687506
2018-05-03,2538,30313.36914,-0.013451389432180605,0.013451389432180605,0.013451389432180605
2018-05-04,2539,29926.5,-0.012844465445354558,0.012844465445354558,0.012844465445354558
2018-05-07,2540,29994.25977,0.0022616468530429756,0.0022616468530429756,0.0
2018-05-08,2541,30402.81055,0.013529034087225611,0.013529034087225611,0.0
2018-05-09,2542,30536.14063,0.004375864374775773,0.004375864374775773,0.0
2018-05-10,2543,30809.2207,0.00890309773675213,0.00890309773675213,0.0
2018-05-11,2544,31122.06055,0.010102891611591502,0.010102891611591502,0.0
2018-05-14,2545,31541.08008,0.013373915552625348,0.013373915552625348,0.0
2018-05-15,2546,31152.0293,-0.012411436538137366,0.012411436538137366,0.012411436538137366
2018-05-16,2547,31110.19922,-0.0013436745612178669,0.0013436745612178669,0.0013436745612178669
2018-05-17,2548,30942.15039,-0.005416369948736843,0.005416369948736843,0.005416369948736843
2018-05-18,2549,31047.91016,0.0034121558092810034,0.0034121558092810034,0.0
2018-05-21,2550,31234.34961,0.005986937775663392,0.005986937775663392,0.0
2018-05-23,2551,30665.64063,-0.018375608150137168,0.018375608150137168,0.018375608150137168
2018-05-24,2552,30760.41016,0.00308564864498706,0.00308564864498706,0.0
2018-05-25,2553,30588.03906,-0.005619426596279453,0.005619426596279453,0.005619426596279453
2018-05-28,2554,30792.25977,0.006654300075487285,0.006654300075487285,0.0
2018-05-29,2555,30484.58008,-0.010042367606370561,0.010042367606370561,0.010042367606370561
2018-05-30,2556,30056.78906,-0.014132423700166541,0.014132423700166541,0.014132423700166541
2018-05-31,2557,30468.56055,0.013606789411161557,0.013606789411161557,0.0
2018-06-01,2558,30492.91016,0.000798852488673063,0.000798852488673063,0.0
2018-06-04,2559,30997.98047,0.016427853412704252,0.016427853412704252,0.0
2018-06-05,2560,31093.44922,0.003075104751433244,0.003075104751433244,0.0
2018-06-06,2561,31259.09961,0.00531336033010632,0.00531336033010632,0.0
2018-06-07,2562,31512.63086,0.008077923827704225,0.008077923827704225,0.0
2018-06-08,2563,30958.21094,-0.017750184267127267,0.017750184267127267,0.017750184267127267
2018-06-11,2564,31063.69922,0.0034016489155792584,0.0034016489155792584,0.0
2018-06-12,2565,31103.06055,0.0012663145193823055,0.0012663145193823055,0.0
2018-06-13,2566,30725.15039,-0.012224674159824644,0.012224674159824644,0.012224674159824644
2018-06-14,2567,30440.16992,-0.00931843504458385,0.00931843504458385,0.00931843504458385
2018-06-15,2568,30309.49023,-0.004302242720140015,0.004302242720140015,0.004302242720140015
2018-06-19,2569,29468.15039,-0.028150840076895278,0.028150840076895278,0.028150840076895278
2018-06-20,2570,29696.16992,0.0077080462605305655,0.0077080462605305655,0.0
2018-06-21,2571,29296.05078,-0.01356535729708952,0.01356535729708952,0.01356535729708952
2018-06-22,2572,29338.69922,0.0014547157622750717,0.0014547157622750717,0.0
2018-06-25,2573,28961.39063,-0.01294385167900991,0.01294385167900991,0.01294385167900991
2018-06-26,2574,28881.40039,-0.0027657825488791588,0.0027657825488791588,0.0027657825488791588
2018-06-27,2575,28356.25977,-0.018349993832543987,0.018349993832543987,0.018349993832543987
2018-06-28,2576,28497.32031,0.004962249668594154,0.004962249668594154,0.0
2018-06-29,2577,28955.10938,0.015936619613002634,0.015936619613002634,0.0
2018-07-03,2578,28545.57031,-0.014244909709008269,0.014244909709008269,0.014244909709008269
2018-07-04,2579,28241.66992,-0.010703224526297461,0.010703224526297461,0.010703224526297461
2018-07-05,2580,28182.08984,-0.002111879902988889,0.002111879902988889,0.002111879902988889
2018-07-06,2581,28315.61914,0.004726901357159363,0.004726901357159363,0.0
2018-07-09,2582,28688.5,0.013082780125632354,0.013082780125632354,0.0
2018-07-10,2583,28682.25,-0.00021788106394815543,0.00021788106394815543,0.00021788106394815543
2018-07-11,2584,28311.68945,-0.013003690401204082,0.013003690401204082,0.013003690401204082
2018-07-12,2585,28480.83008,0.0059564580505799825,0.0059564580505799825,0.0
2018-07-13,2586,28525.43945,0.0015650692274178368,0.0015650692274178368,0.0
2018-07-16,2587,28539.66016,0.0004984030656771665,0.0004984030656771665,0.0
2018-07-17,2588,28181.67969,-0.012622594036606927,0.012622594036606927,0.012622594036606927
2018-07-18,2589,28117.41992,-0.002282800199324697,0.002282800199324697,0.002282800199324697
2018-07-19,2590,28010.85938,-0.0037970402569662554,0.0037970402569662554,0.0037970402569662554
2018-07-20,2591,28224.48047,0.007597433148049504,0.007597433148049504,0.0
2018-07-23,2592,28256.11914,0.001120337727565257,0.001120337727565257,0.0
2018-07-24,2593,28662.57031,0.014282060349714243,0.014282060349714243,0.0
2018-07-25,2594,28920.90039,0.008972429411365113,0.008972429411365113,0.0
2018-07-26,2595,28781.14063,-0.004844197218414337,0.004844197218414337,0.004844197218414337
2018-07-27,2596,28804.2793,0.000803629504600778,0.000803629504600778,0.0
2018-07-30,2597,28733.13086,-0.0024731205685508684,0.0024731205685508684,0.0024731205685508684
2018-07-31,2598,28583.00977,-0.005238365027111058,0.005238365027111058,0.005238365027111058
2018-08-01,2599,28340.74023,-0.0085121237735315,0.0085121237735315,0.0085121237735315
2018-08-02,2600,27714.56055,-0.022342426828915407,0.022342426828915407,0.022342426828915407
2018-08-03,2601,27676.32031,-0.001380741576285871,0.001380741576285871,0.001380741576285871
2018-08-06,2602,27819.56055,0.005162205045609269,0.005162205045609269,0.0
2018-08-07,2603,28248.88086,0.015314451051766653,0.015314451051766653,0.0
2018-08-08,2604,28359.14063,0.0038955577861177204,0.0038955577861177204,0.0
2018-08-09,2605,28607.30078,0.008712558258789471,0.008712558258789471,0.0
2018-08-10,2606,28366.61914,-0.008448885808261863,0.008448885808261863,0.008448885808261863
2018-08-13,2607,27936.57031,-0.015276477143483902,0.015276477143483902,0.015276477143483902
2018-08-14,2608,27752.92969,-0.006595185291400796,0.006595185291400796,0.006595185291400796
2018-08-15,2609,27323.58984,-0.015590983256693391,0.015590983256693391,0.015590983256693391
2018-08-16,2610,27100.06055,-0.008214463577076003,0.008214463577076003,0.008214463577076003
2018-08-17,2611,27213.41016,0.004173910194964492,0.004173910194964492,0.0
2018-08-20,2612,27598.01953,0.01403414159362093,0.01403414159362093,0.0
2018-08-21,2613,27752.78906,0.0055923278195653126,0.0055923278195653126,0.0
2018-08-22,2614,27927.58008,0.006278392074683836,0.006278392074683836,0.0
2018-08-23,2615,27790.46094,-0.004921903724557808,0.004921903724557808,0.004921903724557808
2018-08-24,2616,27671.86914,-0.004276487503004134,0.004276487503004134,0.004276487503004134
2018-08-27,2617,28271.26953,0.021429735363669877,0.021429735363669877,0.0
2018-08-28,2618,28351.61914,0.0028380630455036027,0.0028380630455036027,0.0
2018-08-29,2619,28416.43945,0.0022836905041714317,0.0022836905041714317,0.0
2018-08-30,2620,28164.05078,-0.00892146190292209,0.00892146190292209,0.00892146190292209
2018-08-31,2621,27888.55078,-0.00983013137041766,0.00983013137041766,0.00983013137041766
2018-09-03,2622,27712.53906,-0.006331253882084553,0.006331253882084553,0.006331253882084553
2018-09-04,2623,27973.33984,0.009366923608688182,0.009366923608688182,0.0
2018-09-05,2624,27243.84961,-0.02642411477306794,0.02642411477306794,0.02642411477306794
2018-09-06,2625,26974.82031,-0.009923943480409037,0.009923943480409037,0.009923943480409037
2018-09-07,2626,26973.4707,-5.003346630694239e-05,5.003346630694239e-05,5.003346630694239e-05
2018-09-10,2627,26613.41992,-0.01343821946577961,0.01343821946577961,0.01343821946577961
2018-09-11,2628,26422.55078,-0.0071977550903916665,0.0071977550903916665,0.0071977550903916665
2018-09-12,2629,26345.03906,-0.002937855452003646,0.002937855452003646,0.002937855452003646
2018-09-13,2630,27014.49023,0.025093410936465332,0.025093410936465332,0.0
2018-09-14,2631,27286.41016,0.01001538468129759,0.01001538468129759,0.0
2018-09-17,2632,26932.84961,-0.01304206523928464,0.01304206523928464,0.01304206523928464
2018-09-18,2633,27084.66016,0.005620805191913547,0.005620805191913547,0.0
2018-09-19,2634,27407.36914,0.011844402084850714,0.011844402084850714,0.0
2018-09-20,2635,27477.66992,0.0025617479608310845,0.0025617479608310845,0.0
2018-09-21,2636,27953.58008,0.01717160821782393,0.01717160821782393,0.0
2018-09-24,2637,27499.39063,-0.016381434610400092,0.016381434610400092,0.016381434610400092
2018-09-26,2638,27816.86914,0.01147879474493152,0.01147879474493152,0.0
2018-09-27,2639,27715.66992,-0.0036446859350682814,0.0036446859350682814,0.0036446859350682814
2018-09-28,2640,27788.51953,0.0026250145278758907,0.0026250145278758907,0.0
2018-10-02,2641,27126.38086,-0.02411625100966397,0.02411625100966397,0.02411625100966397
2018-10-03,2642,27091.25977,-0.0012955596925419144,0.0012955596925419144,0.0012955596925419144
2018-10-04,2643,26623.86914,-0.017403008640920703,0.017403008640920703,0.017403008640920703
2018-10-05,2644,26572.57031,-0.001928657121860411,0.001928657121860411,0.001928657121860411
2018-10-08,2645,26202.57031,-0.014021983000336746,0.014021983000336746,0.014021983000336746
2018-10-09,2646,26172.91016,-0.0011325968909279283,0.0011325968909279283,0.0011325968909279283
2018-10-10,2647,26193.07031,0.0007699712987339069,0.0007699712987339069,0.0
2018-10-11,2648,25266.36914,-0.03602065534900056,0.03602065534900056,0.03602065534900056
2018-10-12,2649,25801.49023,0.020958022663046805,0.020958022663046805,0.0
2018-10-15,2650,25445.06055,-0.01391061143185901,0.01391061143185901,0.01391061143185901
2018-10-16,2651,25462.25977,0.000675707169273565,0.000675707169273565,0.0
2018-10-18,2652,25454.55078,-0.0003028072644610802,0.0003028072644610802,0.0003028072644610802
2018-10-19,2653,25561.40039,0.00418887676452151,0.00418887676452151,0.0
2018-10-22,2654,26153.15039,0.02288624070985179,0.02288624070985179,0.0
2018-10-23,2655,25346.55078,-0.03132700018518264,0.03132700018518264,0.03132700018518264
2018-10-24,2656,25249.7793,-0.0038252417852238096,0.0038252417852238096,0.0038252417852238096
2018-10-25,2657,24994.46094,-0.010163177169484783,0.010163177169484783,0.010163177169484783
2018-10-26,2658,24717.63086,-0.011137448919749104,0.011137448919749104,0.011137448919749104
2018-10-29,2659,24812.03906,0.00381219234802721,0.00381219234802721,0.0
2018-10-30,2660,24585.5293,-0.00917095132791701,0.00917095132791701,0.00917095132791701
2018-10-31,2661,24979.68945,0.01590504265461057,0.01590504265461057,0.0
2018-11-01,2662,25416.0,0.01731582429261813,0.01731582429261813,0.0
2018-11-02,2663,26486.34961,0.041250594254110595,0.041250594254110595,0.0
2018-11-05,2664,25934.39063,-0.021059579741811163,0.021059579741811163,0.021059579741811163
2018-11-06,2665,26120.96094,0.007168181685385022,0.007168181685385022,0.0
2018-11-07,2666,26147.68945,0.001022735889691262,0.001022735889691262,0.0
2018-11-08,2667,26227.7207,0.00305606436526773,0.00305606436526773,0.0
2018-11-09,2668,25601.91992,-0.024149547871466837,0.024149547871466837,0.024149547871466837
2018-11-12,2669,25633.17969,0.001220248388966283,0.001220248388966283,0.0
2018-11-13,2670,25792.86914,0.006210469864997847,0.006210469864997847,0.0
2018-11-14,2671,25654.42969,-0.005381809630181422,0.005381809630181422,0.005381809630181422
2018-11-15,2672,26103.33984,0.01734701518826931,0.01734701518826931,0.0
2018-11-16,2673,26183.5293,0.0030672910499056627,0.0030672910499056627,0.0
2018-11-19,2674,26372.0,0.0071722808407024274,0.0071722808407024274,0.0
2018-11-20,2675,25840.33984,-0.02036601072034827,0.02036601072034827,0.02036601072034827
2018-11-21,2676,25971.4707,0.005061824268256743,0.005061824268256743,0.0
2018-11-22,2677,26019.41016,0.0018441493120864294,0.0018441493120864294,0.0
2018-11-23,2678,25927.67969,-0.0035316921740893292,0.0035316921740893292,0.0035316921740893292
2018-11-26,2679,26376.17969,0.01715020644196308,0.01715020644196308,0.0
2018-11-27,2680,26331.96094,-0.0016778721406378594,0.0016778721406378594,0.0016778721406378594
2018-11-28,2681,26682.56055,0.013226742842741501,0.013226742842741501,0.0
2018-11-29,2682,26451.0293,-0.008715116600045647,0.008715116600045647,0.008715116600045647
2018-11-30,2683,26506.75,0.0021043450574662614,0.0021043450574662614,0.0
2018-12-03,2684,27182.03906,0.02515700897403228,0.02515700897403228,0.0
2018-12-04,2685,27260.43945,0.0028801203156270105,0.0028801203156270105,0.0
2018-12-05,2686,26819.67969,-0.01630061199890953,0.01630061199890953,0.01630061199890953
2018-12-06,2687,26156.38086,-0.025042764141208096,0.025042764141208096,0.025042764141208096
2018-12-07,2688,26063.75977,-0.0035473357983359932,0.0035473357983359932,0.0035473357983359932
2018-12-10,2689,25752.38086,-0.012018751471597255,0.012018751471597255,0.012018751471597255
2018-12-11,2690,25771.66992,0.0007487400780465947,0.0007487400780465947,0.0
2018-12-12,2691,26186.71094,0.015976242562851795,0.015976242562851795,0.0
2018-12-13,2692,26524.34961,0.012811098253578734,0.012811098253578734,0.0
2018-12-14,2693,26094.78906,-0.016327522790733795,0.016327522790733795,0.016327522790733795
2018-12-17,2694,26087.98047,-0.00026095165511463847,0.00026095165511463847,0.00026095165511463847
2018-12-18,2695,25814.25,-0.010548024833347824,0.010548024833347824,0.010548024833347824
2018-12-19,2696,25865.39063,0.001979140956466452,0.001979140956466452,0.0
2018-12-20,2697,25623.5293,-0.009394763349011015,0.009394763349011015,0.009394763349011015
2018-12-21,2698,25753.41992,0.0050563880773495384,0.0050563880773495384,0.0
2018-12-24,2699,25651.38086,-0.00397002585254036,0.00397002585254036,0.00397002585254036
2018-12-27,2700,25478.88086,-0.006747497418242432,0.006747497418242432,0.006747497418242432
2018-12-28,2701,25504.19922,0.0009932064536535279,0.0009932064536535279,0.0
2018-12-31,2702,25845.69922,0.013301098743575324,0.013301098743575324,0.0
2019-01-02,2703,25130.34961,-0.02806794912855537,0.02806794912855537,0.02806794912855537
2019-01-03,2704,25064.35938,-0.0026293714754785924,0.0026293714754785924,0.0026293714754785924
2019-01-04,2705,25626.0293,0.022161712416194135,0.022161712416194135,0.0
2019-01-07,2706,25835.69922,0.008148621750683205,0.008148621750683205,0.0
2019-01-08,2707,25875.44922,0.0015373863868219928,0.0015373863868219928,0.0
2019-01-09,2708,26462.32031,0.022427233479955788,0.022427233479955788,0.0
2019-01-10,2709,26521.42969,0.0022312276697054045,0.0022312276697054045,0.0
2019-01-11,2710,26667.26953,0.005483879381316115,0.005483879381316115,0.0
2019-01-14,2711,26298.33008,-0.0139315110144409,0.0139315110144409,0.0139315110144409
2019-01-15,2712,26830.28906,0.020025996029424675,0.020025996029424675,0.0
2019-01-16,2713,26902.09961,0.00267289783800706,0.00267289783800706,0.0
2019-01-17,2714,26755.63086,-0.005459385348849821,0.005459385348849821,0.005459385348849821
2019-01-18,2715,27090.81055,0.012449625654941343,0.012449625654941343,0.0
2019-01-21,2716,27196.53906,0.0038951484807121517,0.0038951484807121517,0.0
2019-01-22,2717,27005.44922,-0.007051056161245128,0.007051056161245128,0.007051056161245128
2019-01-23,2718,27008.19922,0.00010182611550213494,0.00010182611550213494,0.0
2019-01-24,2719,27120.98047,0.004167120723009177,0.004167120723009177,0.0
2019-01-25,2720,27569.18945,0.016391209451407818,0.016391209451407818,0.0
2019-01-28,2721,27576.96094,0.00028185068210362374,0.00028185068210362374,0.0
2019-01-29,2722,27531.67969,-0.0016433452058635112,0.0016433452058635112,0.0016433452058635112
2019-01-30,2723,27642.84961,0.004029760538088567,0.004029760538088567,0.0
2019-01-31,2724,27942.4707,0.010780687787145027,0.010780687787145027,0.0
2019-02-01,2725,27930.74023,-0.0004198960459618206,0.0004198960459618206,0.0004198960459618206
2019-02-04,2726,27990.21094,0.002126957112707828,0.002126957112707828,0.0
2019-02-08,2727,27946.32031,-0.0015693014216893175,0.0015693014216893175,0.0015693014216893175
2019-02-11,2728,28143.83984,0.007042958905412178,0.007042958905412178,0.0
2019-02-12,2729,28171.33008,0.0009762997154254549,0.0009762997154254549,0.0
2019-02-13,2730,28497.58984,0.011514719720004507,0.011514719720004507,0.0
2019-02-14,2731,28432.05078,-0.0023024592546114775,0.0023024592546114775,0.0023024592546114775
2019-02-15,2732,27900.83984,-0.018860267260073726,0.018860267260073726,0.018860267260073726
2019-02-18,2733,28347.00977,0.015864758959438063,0.015864758959438063,0.0
2019-02-19,2734,28228.13086,-0.004202520175395463,0.004202520175395463,0.004202520175395463
2019-02-20,2735,28514.05078,0.010077946659324155,0.010077946659324155,0.0
2019-02-21,2736,28629.91992,0.0040553464303467734,0.0040553464303467734,0.0
2019-02-22,2737,28816.30078,0.006488904290165465,0.006488904290165465,0.0
2019-02-25,2738,28959.30078,0.004950196558755948,0.004950196558755948,0.0
2019-02-26,2739,28772.06055,-0.00648662640954889,0.00648662640954889,0.00648662640954889
2019-02-27,2740,28757.43945,-0.0005082992313436563,0.0005082992313436563,0.0005082992313436563
2019-02-28,2741,28633.17969,-0.004330322830993438,0.004330322830993438,0.004330322830993438
2019-03-01,2742,28812.16992,0.006231690135283685,0.006231690135283685,0.0
2019-03-04,2743,28959.58984,0.005103539881377017,0.005103539881377017,0.0
2019-03-05,2744,28961.59961,6.939671025030236e-05,6.939671025030236e-05,0.0
2019-03-06,2745,29037.59961,0.0026207273383338503,0.0026207273383338503,0.0
2019-03-07,2746,28779.44922,-0.008929964801835055,0.008929964801835055,0.008929964801835055
2019-03-08,2747,28228.41992,-0.019332294642969927,0.019332294642969927,0.019332294642969927
2019-03-11,2748,28503.30078,0.009690628372885257,0.009690628372885257,0.0
2019-03-12,2749,28920.86914,0.014543552678862426,0.014543552678862426,0.0
2019-03-13,2750,28807.44922,-0.003929442920240334,0.003929442920240334,0.003929442920240334
2019-03-14,2751,28851.39063,0.0015241867030688638,0.0015241867030688638,0.0
2019-03-15,2752,29012.25977,0.005560297470083242,0.005560297470083242,0.0
2019-03-18,2753,29409.00977,0.013582590816639595,0.013582590816639595,0.0
2019-03-19,2754,29466.2793,0.0019454528026052742,0.0019454528026052742,0.0
2019-03-20,2755,29320.9707,-0.004943551396920043,0.004943551396920043,0.004943551396920043
2019-03-21,2756,29071.56055,-0.008542587944086577,0.008542587944086577,0.008542587944086577
2019-03-22,2757,29113.35938,0.0014367584329644245,0.0014367584329644245,0.0
2019-03-25,2758,28523.34961,-0.020474117647827583,0.020474117647827583,0.020474117647827583
2019-03-26,2759,28566.91016,0.0015260241809720299,0.0015260241809720299,0.0
2019-03-27,2760,28728.25,0.005631898610671371,0.005631898610671371,0.0
2019-03-28,2761,28775.21094,0.001633326052809636,0.001633326052809636,0.0
2019-03-29,2762,29051.35938,0.009550991445285817,0.009550991445285817,0.0
2019-04-01,2763,29562.01953,0.01742513673973889,0.01742513673973889,0.0
2019-04-02,2764,29624.66992,0.0021170440172095795,0.0021170440172095795,0.0
2019-04-03,2765,29986.39063,0.01213617561486835,0.01213617561486835,0.0
2019-04-04,2766,29936.32031,-0.0016711637663764378,0.0016711637663764378,0.0016711637663764378
2019-04-08,2767,30077.15039,0.004693290918268644,0.004693290918268644,0.0
2019-04-09,2768,30157.49023,0.0026675642724480753,0.0026675642724480753,0.0
2019-04-10,2769,30119.56055,-0.001258511639685267,0.001258511639685267,0.001258511639685267
2019-04-11,2770,29839.44922,-0.009343495461404672,0.009343495461404672,0.009343495461404672
2019-04-12,2771,29909.75977,0.002353523457236051,0.002353523457236051,0.0
2019-04-15,2772,29810.7207,-0.0033167569990588675,0.0033167569990588675,0.0033167569990588675
2019-04-16,2773,30129.86914,0.01064892610463275,0.01064892610463275,0.0
2019-04-17,2774,30124.67969,-0.0001722508960266822,0.0001722508960266822,0.0001722508960266822
2019-04-18,2775,29963.25977,-0.005372802254814957,0.005372802254814957,0.005372802254814957
2019-04-23,2776,29963.24023,-6.52132195355648e-07,6.52132195355648e-07,6.52132195355648e-07
2019-04-24,2777,29805.83008,-0.005267290025432914,0.005267290025432914,0.005267290025432914
2019-04-25,2778,29549.80078,-0.008627012608942053,0.008627012608942053,0.008627012608942053
2019-04-26,2779,29605.00977,0.0018665939596953507,0.0018665939596953507,0.0
2019-04-29,2780,29892.81055,0.009674405655662355,0.009674405655662355,0.0
2019-04-30,2781,29699.10938,-0.0065009434975280556,0.0065009434975280556,0.0065009434975280556
2019-05-02,2782,29944.17969,0.008217913298768309,0.008217913298768309,0.0
2019-05-03,2783,30081.55078,0.004577081486477397,0.004577081486477397,0.0
2019-05-06,2784,29209.82031,-0.02940708821854976,0.02940708821854976,0.02940708821854976
2019-05-07,2785,29363.01953,0.005231078765039143,0.005231078765039143,0.0
2019-05-08,2786,29003.19922,-0.012329901652442743,0.012329901652442743,0.012329901652442743
2019-05-09,2787,28311.07031,-0.024153236641728526,0.024153236641728526,0.024153236641728526
2019-05-10,2788,28550.24023,0.008412445236183785,0.008412445236183785,0.0
2019-05-14,2789,28122.01953,-0.015112467784929251,0.015112467784929251,0.015112467784929251
2019-05-15,2790,28268.71094,0.005202689862818133,0.005202689862818133,0.0
2019-05-16,2791,28275.07031,0.0002249361427981711,0.0002249361427981711,0.0
2019-05-17,2792,27946.46094,-0.011689938173219616,0.011689938173219616,0.011689938173219616
2019-05-20,2793,27787.60938,-0.005700354889993875,0.005700354889993875,0.005700354889993875
2019-05-21,2794,27657.24023,-0.00470266909108652,0.00470266909108652,0.00470266909108652
2019-05-22,2795,27705.93945,0.0017592642923283108,0.0017592642923283108,0.0
2019-05-23,2796,27267.13086,-0.015964831785042932,0.015964831785042932,0.015964831785042932
2019-05-24,2797,27353.92969,0.003178221081375554,0.003178221081375554,0.0
2019-05-27,2798,27288.08984,-0.0024098626818602753,0.0024098626818602753,0.0024098626818602753
2019-05-28,2799,27390.81055,0.003757238353671255,0.003757238353671255,0.0
2019-05-29,2800,27235.71094,-0.005678561348901212,0.005678561348901212,0.005678561348901212
2019-05-30,2801,27114.88086,-0.004446327999902522,0.004446327999902522,0.004446327999902522
2019-05-31,2802,26901.08984,-0.0079158861202,0.0079158861202,0.0079158861202
2019-06-03,2803,26893.85938,-0.00026881557277569357,0.00026881557277569357,0.00026881557277569357
2019-06-04,2804,26761.51953,-0.004932967432283775,0.004932967432283775,0.004932967432283775
2019-06-05,2805,26895.43945,0.00499171777983598,0.00499171777983598,0.0
2019-06-06,2806,26965.2793,0.0025933515468423707,0.0025933515468423707,0.0
2019-06-10,2807,27578.64063,0.022491496291230817,0.022491496291230817,0.0
2019-06-11,2808,27789.33984,0.007610905266492551,0.007610905266492551,0.0
2019-06-12,2809,27308.46094,-0.017455909448237605,0.017455909448237605,0.017455909448237605
2019-06-13,2810,27294.71094,-0.000503633756693489,0.000503633756693489,0.000503633756693489
2019-06-14,2811,27118.34961,-0.006482338827701994,0.006482338827701994,0.006482338827701994
2019-06-17,2812,27227.16016,0.004004404259370986,0.004004404259370986,0.0
2019-06-18,2813,27498.76953,0.009926248916507063,0.009926248916507063,0.0
2019-06-19,2814,28202.14063,0.025256624620553225,0.025256624620553225,0.0
2019-06-20,2815,28550.42969,0.012274102498206929,0.012274102498206929,0.0
2019-06-21,2816,28473.71094,-0.0026907480039231046,0.0026907480039231046,0.0026907480039231046
2019-06-24,2817,28513.0,0.0013788852024294584,0.0013788852024294584,0.0
2019-06-25,2818,28185.98047,-0.01153541575320105,0.01153541575320105,0.01153541575320105
2019-06-26,2819,28221.98047,0.0012764157501106155,0.0012764157501106155,0.0
2019-06-27,2820,28621.41992,0.014054262133761597,0.014054262133761597,0.0
2019-06-28,2821,28542.61914,-0.0027570070698317295,0.0027570070698317295,0.0027570070698317295
2019-07-02,2822,28875.56055,0.011597202954604313,0.011597202954604313,0.0
2019-07-03,2823,28855.14063,-0.0007074198107499541,0.0007074198107499541,0.0007074198107499541
2019-07-04,2824,28795.76953,-0.00205967679692165,0.00205967679692165,0.00205967679692165
2019-07-05,2825,28774.83008,-0.000727435568336432,0.000727435568336432,0.000727435568336432
2019-07-08,2826,28331.68945,-0.015520102737282215,0.015520102737282215,0.015520102737282215
2019-07-09,2827,28116.2793,-0.007632203617434996,0.007632203617434996,0.007632203617434996
2019-07-10,2828,28204.68945,0.0031395135623686343,0.0031395135623686343,0.0
2019-07-11,2829,28431.80078,0.008020007821921027,0.008020007821921027,0.0
2019-07-12,2830,28471.61914,0.0013995069735734944,0.0013995069735734944,0.0
2019-07-15,2831,28554.88086,0.0029201083413710194,0.0029201083413710194,0.0
2019-07-16,2832,28619.61914,0.002264586753421227,0.002264586753421227,0.0
2019-07-17,2833,28593.16992,-0.0009245912432795933,0.0009245912432795933,0.0009245912432795933
2019-07-18,2834,28461.66016,-0.004609951259707756,0.004609951259707756,0.004609951259707756
2019-07-19,2835,28765.40039,0.010615365505326935,0.010615365505326935,0.0
2019-07-22,2836,28371.25977,-0.013796636724636713,0.013796636724636713,0.013796636724636713
2019-07-23,2837,28466.48047,0.0033506183983380566,0.0033506183983380566,0.0
2019-07-24,2838,28524.03906,0.0020199362997672665,0.0020199362997672665,0.0
2019-07-25,2839,28594.30078,0.002460217003365628,0.002460217003365628,0.0
2019-07-26,2840,28397.74023,-0.0068978519064923915,0.0068978519064923915,0.0068978519064923915
2019-07-29,2841,28106.41016,-0.010311902737813128,0.010311902737813128,0.010311902737813128
2019-07-30,2842,28146.5,0.0014253430328565742,0.0014253430328565742,0.0
2019-07-31,2843,27777.75,-0.013187672404669115,0.013187672404669115,0.013187672404669115
2019-08-01,2844,27565.69922,-0.00766312258031121,0.00766312258031121,0.00766312258031121
2019-08-02,2845,26918.58008,-0.023755460473623202,0.023755460473623202,0.023755460473623202
2019-08-05,2846,26151.32031,-0.028917078369074645,0.028917078369074645,0.028917078369074645
2019-08-06,2847,25976.24023,-0.006717396192597036,0.006717396192597036,0.006717396192597036
2019-08-07,2848,25997.0293,0.0007999908913465248,0.0007999908913465248,0.0
2019-08-08,2849,26120.76953,0.0047484915052979915,0.0047484915052979915,0.0
2019-08-09,2850,25939.30078,-0.006971542062986558,0.006971542062986558,0.006971542062986558
2019-08-12,2851,25824.7207,-0.004427023398006824,0.004427023398006824,0.004427023398006824
2019-08-13,2852,25281.30078,-0.021267176985610092,0.021267176985610092,0.021267176985610092
2019-08-14,2853,25302.2793,0.0008294597246614188,0.0008294597246614188,0.0
2019-08-15,2854,25495.46094,0.007605951382515741,0.007605951382515741,0.0
2019-08-16,2855,25734.2207,0.009321216961572176,0.009321216961572176,0.0
2019-08-19,2856,26291.83984,0.02143696786727034,0.02143696786727034,0.0
2019-08-20,2857,26231.53906,-0.0022961510762105064,0.0022961510762105064,0.0022961510762105064
2019-08-21,2858,26270.03906,0.0014666228437203443,0.0014666228437203443,0.0
2019-08-22,2859,26048.7207,-0.008460432975011756,0.008460432975011756,0.008460432975011756
2019-08-23,2860,26179.33008,0.005001513566634586,0.005001513566634586,0.0
2019-08-26,2861,25680.33008,-0.019244838833406774,0.019244838833406774,0.019244838833406774
2019-08-27,2862,25664.07031,-0.0006333610060700323,0.0006333610060700323,0.0006333610060700323
2019-08-28,2863,25615.48047,-0.0018950967316602174,0.0018950967316602174,0.0018950967316602174
2019-08-29,2864,25703.5,0.00343029481504864,0.00343029481504864,0.0
2019-08-30,2865,25724.73047,0.0008256349095425719,0.0008256349095425719,0.0
2019-09-02,2866,25626.55078,-0.0038238504372483106,0.0038238504372483106,0.0038238504372483106
2019-09-03,2867,25527.84961,-0.0038589560910455845,0.0038589560910455845,0.0038589560910455845
2019-09-04,2868,26523.23047,0.0382509727131044,0.0382509727131044,0.0
2019-09-05,2869,26515.5293,-0.000290397818030641,0.000290397818030641,0.000290397818030641
2019-09-06,2870,26690.75977,0.006586856802764274,0.006586856802764274,0.0
2019-09-09,2871,26681.40039,-0.00035072142734726697,0.00035072142734726697,0.00035072142734726697
2019-09-10,2872,26683.67969,8.54229019413566e-05,8.54229019413566e-05,0.0
2019-09-11,2873,27159.06055,0.01765858166974965,0.01765858166974965,0.0
2019-09-12,2874,27087.63086,-0.0026335147610350162,0.0026335147610350162,0.0026335147610350162
2019-09-13,2875,27352.68945,0.009737660724145059,0.009737660724145059,0.0
2019-09-16,2876,27124.55078,-0.008375607968069687,0.008375607968069687,0.008375607968069687
2019-09-17,2877,26790.24023,-0.012401599949262376,0.012401599949262376,0.012401599949262376
2019-09-18,2878,26754.11914,-0.0013492026388739475,0.0013492026388739475,0.0013492026388739475
2019-09-19,2879,26468.94922,-0.01071612959378676,0.01071612959378676,0.01071612959378676
2019-09-20,2880,26435.66992,-0.0012580869092531088,0.0012580869092531088,0.0012580869092531088
2019-09-23,2881,26222.40039,-0.008100209326114438,0.008100209326114438,0.008100209326114438
2019-09-24,2882,26281.0,0.002232222442634324,0.002232222442634324,0.0
2019-09-25,2883,25945.34961,-0.012853856870563618,0.012853856870563618,0.012853856870563618
2019-09-26,2884,26041.92969,0.0037155316611734435,0.0037155316611734435,0.0
2019-09-27,2885,25954.81055,-0.0033509493525407663,0.0033509493525407663,0.0033509493525407663
2019-09-30,2886,26092.26953,0.005282113785789022,0.005282113785789022,0.0
2019-10-02,2887,26042.68945,-0.0019019903694807994,0.0019019903694807994,0.0019019903694807994
2019-10-03,2888,26110.31055,0.0025931830534666744,0.0025931830534666744,0.0
2019-10-04,2889,25821.0293,-0.011141027480588761,0.011141027480588761,0.011141027480588761
2019-10-08,2890,25893.40039,0.0027988759685957376,0.0027988759685957376,0.0
2019-10-09,2891,25682.81055,-0.008166207112150659,0.008166207112150659,0.008166207112150659
2019-10-10,2892,25707.92969,0.000977574632438305,0.000977574632438305,0.0
2019-10-11,2893,26308.43945,0.02309028678501157,0.02309028678501157,0.0
2019-10-14,2894,26521.84961,0.008079127508491268,0.008079127508491268,0.0
2019-10-15,2895,26503.92969,-0.0006758946655303077,0.0006758946655303077,0.0006758946655303077
2019-10-16,2896,26664.2793,0.006031803561105775,0.006031803561105775,0.0
2019-10-17,2897,26848.49023,0.00688477383070385,0.00688477383070385,0.0
2019-10-18,2898,26719.58008,-0.004812956602670226,0.004812956602670226,0.004812956602670226
2019-10-21,2899,26725.67969,0.00022825635249112963,0.00022825635249112963,0.0
2019-10-22,2900,26786.19922,0.002261911076024248,0.002261911076024248,0.0
2019-10-23,2901,26566.73047,-0.008227101648314417,0.008227101648314417,0.008227101648314417
2019-10-24,2902,26797.94922,0.008665664190797173,0.008665664190797173,0.0
2019-10-25,2903,26667.39063,-0.004883868684833814,0.004883868684833814,0.004883868684833814
2019-10-28,2904,26891.25977,0.008359823935640165,0.008359823935640165,0.0
2019-10-29,2905,26786.75977,-0.00389359119111532,0.00389359119111532,0.00389359119111532
2019-10-30,2906,26667.71094,-0.004454221517750767,0.004454221517750767,0.004454221517750767
2019-10-31,2907,26906.7207,0.008922590062610425,0.008922590062610425,0.0
2019-11-01,2908,27100.75977,0.0071856677343777875,0.0071856677343777875,0.0
2019-11-04,2909,27547.30078,0.01634279219540602,0.01634279219540602,0.0
2019-11-05,2910,27683.40039,0.004928414182574059,0.004928414182574059,0.0
2019-11-06,2911,27688.64063,0.000189273861650463,0.000189273861650463,0.0
2019-11-07,2912,27847.23047,0.005711273378473436,0.005711273378473436,0.0
2019-11-08,2913,27651.14063,-0.007066537345407298,0.007066537345407298,0.007066537345407298
2019-11-11,2914,26926.55078,-0.026554161888885375,0.026554161888885375,0.026554161888885375
2019-11-12,2915,27065.2793,0.00513888212682545,0.00513888212682545,0.0
2019-11-13,2916,26571.46094,-0.01841395696746595,0.01841395696746595,0.01841395696746595
2019-11-14,2917,26323.68945,-0.00936846952417092,0.00936846952417092,0.00936846952417092
2019-11-15,2918,26326.66016,0.00011284673416867008,0.00011284673416867008,0.0
2019-11-18,2919,26681.08984,0.013372948749667657,0.013372948749667657,0.0
2019-11-19,2920,27093.80078,0.015349879423192547,0.015349879423192547,0.0
2019-11-20,2921,26889.60938,-0.007565004626595595,0.007565004626595595,0.007565004626595595
2019-11-21,2922,26466.88086,-0.015845771086114624,0.015845771086114624,0.015845771086114624
2019-11-22,2923,26595.08008,0.0048320667827219665,0.0048320667827219665,0.0
2019-11-25,2924,26993.03906,0.014852780890297623,0.014852780890297623,0.0
2019-11-26,2925,26913.91992,-0.0029353982605684337,0.0029353982605684337,0.0029353982605684337
2019-11-27,2926,26954.0,0.0014880874351792528,0.0014880874351792528,0.0
2019-11-28,2927,26893.73047,-0.0022385179334865057,0.0022385179334865057,0.0022385179334865057
2019-11-29,2928,26346.49023,-0.020558123400231665,0.020558123400231665,0.020558123400231665
2019-12-02,2929,26444.7207,0.0037214749060971997,0.0037214749060971997,0.0
2019-12-03,2930,26391.30078,-0.0020221029784632805,0.0020221029784632805,0.0020221029784632805
2019-12-04,2931,26062.56055,-0.012534617123170833,0.012534617123170833,0.012534617123170833
2019-12-05,2932,26217.03906,0.005909722367677617,0.005909722367677617,0.0
2019-12-06,2933,26498.36914,0.01067364402621429,0.01067364402621429,0.0
2019-12-09,2934,26494.73047,-0.00013732618142725528,0.00013732618142725528,0.00013732618142725528
2019-12-10,2935,26436.61914,-0.002195725360316203,0.002195725360316203,0.002195725360316203
2019-12-11,2936,26645.42969,0.007867504426618765,0.007867504426618765,0.0
2019-12-12,2937,26994.14063,0.013002186653265468,0.013002186653265468,0.0
2019-12-13,2938,27687.75977,0.02537060122378776,0.02537060122378776,0.0
2019-12-16,2939,27508.08984,-0.006510292562282416,0.006510292562282416,0.006510292562282416
2019-12-17,2940,27843.71094,0.012126984430565813,0.012126984430565813,0.0
2019-12-18,2941,27884.21094,0.0014534906655008228,0.0014534906655008228,0.0
2019-12-19,2942,27800.49023,-0.003006957793543208,0.003006957793543208,0.003006957793543208
2019-12-20,2943,27871.34961,0.002545610795996467,0.002545610795996467,0.0
2019-12-23,2944,27906.41016,0.0012571517666586374,0.0012571517666586374,0.0
2019-12-24,2945,27864.21094,-0.001513313899723201,0.001513313899723201,0.001513313899723201
2019-12-27,2946,28225.41992,0.012879884139138653,0.012879884139138653,0.0
2019-12-30,2947,28319.39063,0.003323763775915367,0.003323763775915367,0.0
2019-12-31,2948,28189.75,-0.004588314598109378,0.004588314598109378,0.004588314598109378
2020-01-02,2949,28543.51953,0.01247148695297362,0.01247148695297362,0.0
2020-01-03,2950,28451.5,-0.003229040386820259,0.003229040386820259,0.003229040386820259
2020-01-06,2951,28226.18945,-0.007950632393679768,0.007950632393679768,0.007950632393679768
2020-01-07,2952,28322.06055,0.003390774846447897,0.003390774846447897,0.0
2020-01-08,2953,28087.91992,-0.00830143789009341,0.00830143789009341,0.00830143789009341
2020-01-09,2954,28561.0,0.01670256304153206,0.01670256304153206,0.0
2020-01-10,2955,28638.19922,0.002699312854982594,0.002699312854982594,0.0
2020-01-13,2956,28954.93945,0.010999345780611236,0.010999345780611236,0.0
2020-01-14,2957,28885.14063,-0.0024135116612971075,0.0024135116612971075,0.0024135116612971075
2020-01-15,2958,28773.58984,-0.0038693508604072946,0.0038693508604072946,0.0038693508604072946
2020-01-16,2959,28883.03906,0.0037965921197926633,0.0037965921197926633,0.0
2020-01-17,2960,29056.41992,0.005984915309271699,0.005984915309271699,0.0
2020-01-20,2961,28795.91016,-0.009006085682534248,0.009006085682534248,0.009006085682534248
2020-01-21,2962,27985.33008,-0.02855292156054645,0.02855292156054645,0.02855292156054645
2020-01-22,2963,28341.03906,0.012630450505580981,0.012630450505580981,0.0
2020-01-23,2964,27909.11914,-0.01535741135020352,0.01535741135020352,0.01535741135020352
2020-01-24,2965,27949.64063,0.0014508555963264058,0.0014508555963264058,0.0
2020-01-29,2966,27160.63086,-0.02863581195434506,0.02863581195434506,0.02863581195434506
2020-01-30,2967,26449.13086,-0.026545231932175284,0.026545231932175284,0.026545231932175284
2020-01-31,2968,26312.63086,-0.0051742132971703825,0.0051742132971703825,0.0051742132971703825
2020-02-03,2969,26356.98047,0.0016840686445824815,0.0016840686445824815,0.0
2020-02-04,2970,26675.98047,0.012030399274554071,0.012030399274554071,0.0
2020-02-05,2971,26786.74023,0.004143444890619463,0.004143444890619463,0.0
2020-02-06,2972,27493.69922,0.026049861606315616,0.026049861606315616,0.0
2020-02-07,2973,27404.26953,-0.0032580356301981084,0.0032580356301981084,0.0032580356301981084
2020-02-10,2974,27241.33984,-0.005963156955617777,0.005963156955617777,0.005963156955617777
2020-02-11,2975,27583.88086,0.012495908739269979,0.012495908739269979,0.0
2020-02-12,2976,27823.66016,0.00865516831987101,0.00865516831987101,0.0
2020-02-13,2977,27730.0,-0.0033718839936067724,0.0033718839936067724,0.0033718839936067724
2020-02-14,2978,27815.59961,0.0030821407407408685,0.0030821407407408685,0.0
2020-02-17,2979,27959.59961,0.005163596794506731,0.005163596794506731,0.0
2020-02-18,2980,27530.19922,-0.015477041565294059,0.015477041565294059,0.015477041565294059
2020-02-19,2981,27655.81055,0.004552296766807018,0.004552296766807018,0.0
2020-02-20,2982,27609.16016,-0.0016882448495252333,0.0016882448495252333,0.0016882448495252333
2020-02-21,2983,27308.81055,-0.010938226621149738,0.010938226621149738,0.010938226621149738
2020-02-24,2984,26820.88086,-0.018028660179124856,0.018028660179124856,0.018028660179124856
2020-02-25,2985,26893.23047,0.0026938788322805607,0.0026938788322805607,0.0
2020-02-26,2986,26696.49023,-0.007342494841227065,0.007342494841227065,0.007342494841227065
2020-02-27,2987,26778.61914,0.0030716711211074,0.0030716711211074,0.0
2020-02-28,2988,26129.92969,-0.02452238707479104,0.02452238707479104,0.02452238707479104
2020-03-02,2989,26291.67969,0.006171138781857266,0.006171138781857266,0.0
2020-03-03,2990,26284.82031,-0.0002609295042059756,0.0002609295042059756,0.0002609295042059756
2020-03-04,2991,26222.07031,-0.0023901636197702913,0.0023901636197702913,0.0023901636197702913
2020-03-05,2992,26767.86914,0.020600821149578508,0.020600821149578508,0.0
2020-03-06,2993,26146.66992,-0.023480418473134534,0.023480418473134534,0.023480418473134534
2020-03-09,2994,25040.46094,-0.04322888287690674,0.04322888287690674,0.04322888287690674
2020-03-10,2995,25392.50977,0.013961285381290267,0.013961285381290267,0.0
2020-03-11,2996,25231.60938,-0.006356690624942374,0.006356690624942374,0.006356690624942374
2020-03-12,2997,24309.07031,-0.03724800447886878,0.03724800447886878,0.03724800447886878
2020-03-13,2998,24032.91016,-0.011425396786128417,0.011425396786128417,0.011425396786128417
2020-03-16,2999,23063.57031,-0.04116981787121787,0.04116981787121787,0.04116981787121787
2020-03-17,3000,23263.73047,0.008641185742597202,0.008641185742597202,0.0
2020-03-18,3001,22291.82031,-0.042675706636641664,0.042675706636641664,0.042675706636641664
2020-03-19,3002,21709.13086,-0.02648685993238331,0.02648685993238331,0.02648685993238331
2020-03-20,3003,22805.07031,0.049249944251583244,0.049249944251583244,0.0
2020-03-23,3004,21696.13086,-0.04984894998837852,0.04984894998837852,0.04984894998837852
2020-03-24,3005,22663.49023,0.043621326509793334,0.043621326509793334,0.0
2020-03-25,3006,23527.18945,0.03740148044009928,0.03740148044009928,0.0
2020-03-26,3007,23352.33984,-0.0074595638412304766,0.0074595638412304766,0.0074595638412304766
2020-03-27,3008,23484.2793,0.005634044960093121,0.005634044960093121,0.0
2020-03-30,3009,23175.10938,-0.013252400153218602,0.013252400153218602,0.013252400153218602
2020-03-31,3010,23603.48047,0.01831534751831221,0.01831534751831221,0.0
2020-04-01,3011,23085.78906,-0.022176942688608037,0.022176942688608037,0.022176942688608037
2020-04-02,3012,23280.06055,0.008379987793286858,0.008379987793286858,0.0
2020-04-03,3013,23236.10938,-0.001889716335002234,0.001889716335002234,0.001889716335002234
2020-04-06,3014,23749.11914,0.021837933480867378,0.021837933480867378,0.0
2020-04-07,3015,24253.28906,0.021006798575863073,0.021006798575863073,0.0
2020-04-08,3016,23970.36914,-0.011733791115450032,0.011733791115450032,0.011733791115450032
2020-04-09,3017,24300.33008,0.013671485382191761,0.013671485382191761,0.0
2020-04-14,3018,24435.40039,0.005542982716361777,0.005542982716361777,0.0
2020-04-15,3019,24145.33984,-0.011941522319489195,0.011941522319489195,0.011941522319489195
2020-04-16,3020,24006.44922,-0.005768882440349898,0.005768882440349898,0.005768882440349898
2020-04-17,3021,24380.0,0.015440612303260437,0.015440612303260437,0.0
2020-04-20,3022,24330.01953,-0.002052164545315094,0.002052164545315094,0.002052164545315094
2020-04-21,3023,23793.55078,-0.02229639118116289,0.02229639118116289,0.02229639118116289
2020-04-22,3024,23893.35938,0.004186001794090899,0.004186001794090899,0.0
2020-04-23,3025,23977.32031,0.003507826362088906,0.003507826362088906,0.0
2020-04-24,3026,23831.33008,-0.00610729157100387,0.00610729157100387,0.00610729157100387
2020-04-27,3027,24280.14063,0.018657653272585506,0.018657653272585506,0.0
2020-04-28,3028,24575.96094,0.01211000942412177,0.01211000942412177,0.0
2020-04-29,3029,24643.58984,0.002748052003244794,0.002748052003244794,0.0
2020-05-04,3030,23613.80078,-0.04268549968315227,0.04268549968315227,0.04268549968315227
2020-05-05,3031,23868.66016,0.01073498813872753,0.01073498813872753,0.0
2020-05-06,3032,24137.48047,0.011199530572506333,0.011199530572506333,0.0
2020-05-07,3033,23980.63086,-0.006519381630068821,0.006519381630068821,0.006519381630068821
2020-05-08,3034,24230.16992,0.010352090588114038,0.010352090588114038,0.0
2020-05-11,3035,24602.06055,0.015231654027680008,0.015231654027680008,0.0
2020-05-12,3036,24245.67969,-0.014591757227355728,0.014591757227355728,0.014591757227355728
2020-05-13,3037,24180.30078,-0.002700160082991232,0.002700160082991232,0.002700160082991232
2020-05-14,3038,23829.74023,-0.014603894229169967,0.014603894229169967,0.014603894229169967
2020-05-15,3039,23797.4707,-0.0013550881652673041,0.0013550881652673041,0.0013550881652673041
2020-05-18,3040,23934.76953,0.005752891882119471,0.005752891882119471,0.0
2020-05-19,3041,24388.13086,0.018764379981906387,0.018764379981906387,0.0
2020-05-20,3042,24399.94922,0.0004844773646262013,0.0004844773646262013,0.0
2020-05-21,3043,24280.0293,-0.00492687820434945,0.00492687820434945,0.00492687820434945
2020-05-22,3044,22930.14063,-0.05720194308057458,0.05720194308057458,0.05720194308057458
2020-05-25,3045,22952.24023,0.0009633153857642185,0.0009633153857642185,0.0
2020-05-26,3046,23384.66016,0.01866471342940379,0.01866471342940379,0.0
2020-05-27,3047,23301.35938,-0.0035685573206247767,0.0035685573206247767,0.0035685573206247767
2020-05-28,3048,23132.75977,-0.0072619166258256485,0.0072619166258256485,0.0072619166258256485
2020-05-29,3049,22961.4707,-0.007432160455255854,0.007432160455255854,0.007432160455255854
2020-06-01,3050,23732.51953,0.03302861541764379,0.03302861541764379,0.0
2020-06-02,3051,23995.93945,0.011038386754808727,0.011038386754808727,0.0
2020-06-03,3052,24325.61914,0.013645454124020517,0.013645454124020517,0.0
2020-06-04,3053,24366.30078,0.0016709815317508259,0.0016709815317508259,0.0
2020-06-05,3054,24770.41016,0.01644873999837415,0.01644873999837415,0.0
2020-06-08,3055,24776.76953,0.0002566995770383329,0.0002566995770383329,0.0
2020-06-09,3056,25057.2207,0.011255535809775452,0.011255535809775452,0.0
2020-06-10,3057,25049.73047,-0.000298969699050744,0.000298969699050744,0.000298969699050744
2020-06-11,3058,24480.15039,-0.023000466784740325,0.023000466784740325,0.023000466784740325
2020-06-12,3059,24301.38086,-0.0073294267612116215,0.0073294267612116215,0.0073294267612116215
2020-06-15,3060,23776.94922,-0.021816583055747074,0.021816583055747074,0.021816583055747074
2020-06-16,3061,24344.08984,0.023572511834279553,0.023572511834279553,0.0
2020-06-17,3062,24481.41016,0.005624957535278696,0.005624957535278696,0.0
2020-06-18,3063,24464.93945,-0.0006730107864179047,0.0006730107864179047,0.0006730107864179047
2020-06-19,3064,24643.89063,0.007287975371607303,0.007287975371607303,0.0
2020-06-22,3065,24511.33984,-0.005393164064775746,0.005393164064775746,0.005393164064775746
2020-06-23,3066,24907.33984,0.016026671643869506,0.016026671643869506,0.0
2020-06-24,3067,24781.58008,-0.005061894230284025,0.005061894230284025,0.005061894230284025
2020-06-26,3068,24549.99023,-0.009389182217097058,0.009389182217097058,0.009389182217097058
2020-06-29,3069,24301.2793,-0.010182461225829442,0.010182461225829442,0.010182461225829442
2020-06-30,3070,24427.18945,0.0051678385735751675,0.0051678385735751675,0.0
2020-07-02,3071,25124.18945,0.028134271537478384,0.028134271537478384,0.0
2020-07-03,3072,25373.11914,0.009859206890828531,0.009859206890828531,0.0
2020-07-06,3073,26339.16016,0.03736649916746693,0.03736649916746693,0.0
2020-07-07,3074,25975.66016,-0.013896859351369528,0.013896859351369528,0.013896859351369528
2020-07-08,3075,26129.17969,0.005892733752949297,0.005892733752949297,0.0
2020-07-09,3076,26210.16016,0.003094442339227399,0.003094442339227399,0.0
2020-07-10,3077,25727.41016,-0.018590161222711288,0.018590161222711288,0.018590161222711288
2020-07-13,3078,25772.11914,0.001736287373484302,0.001736287373484302,0.0
2020-07-14,3079,25477.89063,-0.011482212156961324,0.011482212156961324,0.011482212156961324
2020-07-15,3080,25481.58008,0.00014479938488420885,0.00014479938488420885,0.0
2020-07-16,3081,24970.68945,-0.020253126296271518,0.020253126296271518,0.020253126296271518
2020-07-17,3082,25089.16992,0.00473356068992814,0.00473356068992814,0.0
2020-07-20,3083,25057.99023,-0.0012435278059470534,0.0012435278059470534,0.0012435278059470534
2020-07-21,3084,25635.66016,0.022791609268026036,0.022791609268026036,0.0
2020-07-22,3085,25057.93945,-0.02279363576939275,0.02279363576939275,0.02279363576939275
2020-07-23,3086,25263.0,0.008150153289488316,0.008150153289488316,0.0
2020-07-24,3087,24705.33008,-0.022321861649380992,0.022321861649380992,0.022321861649380992
2020-07-27,3088,24603.25977,-0.004140067931459157,0.004140067931459157,0.004140067931459157
2020-07-28,3089,24772.75977,0.006865707985458158,0.006865707985458158,0.0
2020-07-29,3090,24883.14063,0.0044458378932450415,0.0044458378932450415,0.0
2020-07-30,3091,24710.58984,-0.006958600800430759,0.006958600800430759,0.006958600800430759
2020-07-31,3092,24595.34961,-0.004674505389340666,0.004674505389340666,0.004674505389340666
2020-08-03,3093,24458.13086,-0.005594673674591988,0.005594673674591988,0.005594673674591988
2020-08-04,3094,24946.63086,0.019776066258584635,0.019776066258584635,0.0
2020-08-05,3095,25102.53906,0.006230221382512724,0.006230221382512724,0.0
2020-08-06,3096,24930.58008,-0.0068738331744135905,0.0068738331744135905,0.0068738331744135905
2020-08-07,3097,24531.61914,-0.01613230300145929,0.01613230300145929,0.01613230300145929
2020-08-10,3098,24377.42969,-0.006305171108714092,0.006305171108714092,0.006305171108714092
2020-08-11,3099,24890.67969,0.020835732254795403,0.020835732254795403,0.0
2020-08-12,3100,25244.01953,0.014095853610108122,0.014095853610108122,0.0
2020-08-13,3101,25230.66992,-0.0005289625535773723,0.0005289625535773723,0.0005289625535773723
2020-08-14,3102,25183.00977,-0.0018907631615778797,0.0018907631615778797,0.0018907631615778797
2020-08-17,3103,25347.33984,0.006504235597061481,0.006504235597061481,0.0
2020-08-18,3104,25367.38086,0.0007903433467291165,0.0007903433467291165,0.0
2020-08-19,3105,25178.91016,-0.007457384889820062,0.007457384889820062,0.007457384889820062
2020-08-20,3106,24791.39063,-0.015510304826095833,0.015510304826095833,0.015510304826095833
2020-08-21,3107,25113.83984,0.01292264134341714,0.01292264134341714,0.0
2020-08-24,3108,25551.58008,0.0172800751719695,0.0172800751719695,0.0
2020-08-25,3109,25486.2207,-0.002561215990109389,0.002561215990109389,0.002561215990109389
2020-08-26,3110,25491.78906,0.0002184612560736099,0.0002184612560736099,0.0
2020-08-27,3111,25281.15039,-0.008297328488110267,0.008297328488110267,0.008297328488110267
2020-08-28,3112,25422.06055,0.005558248488098272,0.005558248488098272,0.0
2020-08-31,3113,25177.05078,-0.009684426404886537,0.009684426404886537,0.009684426404886537
2020-09-01,3114,25184.84961,0.00030971150818182025,0.00030971150818182025,0.0
2020-09-02,3115,25120.08984,-0.002574689741507541,0.002574689741507541,0.002574689741507541
2020-09-03,3116,25007.59961,-0.0044881549524191655,0.0044881549524191655,0.0044881549524191655
2020-09-04,3117,24695.44922,-0.012560778520297688,0.012560778520297688,0.012560778520297688
2020-09-07,3118,24589.65039,-0.004293345995092679,0.004293345995092679,0.004293345995092679
2020-09-08,3119,24624.33984,0.0014097396119652217,0.0014097396119652217,0.0
2020-09-09,3120,24468.92969,-0.006331241354148531,0.006331241354148531,0.006331241354148531
2020-09-10,3121,24313.53906,-0.006370778664919641,0.006370778664919641,0.006370778664919641
2020-09-11,3122,24503.31055,0.00777487476017491,0.00777487476017491,0.0
2020-09-14,3123,24640.2793,0.005574240916361717,0.005574240916361717,0.0
2020-09-15,3124,24732.75977,0.003746197515804184,0.003746197515804184,0.0
2020-09-16,3125,24725.63086,-0.0002882790951570513,0.0002882790951570513,0.0002882790951570513
2020-09-17,3126,24340.84961,-0.015684399382623226,0.015684399382623226,0.015684399382623226
2020-09-18,3127,24455.41016,0.004695473014558971,0.004695473014558971,0.0
2020-09-21,3128,23950.68945,-0.020854355381977996,0.020854355381977996,0.020854355381977996
2020-09-22,3129,23716.84961,-0.009811360957508342,0.009811360957508342,0.009811360957508342
2020-09-23,3130,23742.50977,0.001081353091809234,0.001081353091809234,0.0
2020-09-24,3131,23311.07031,-0.018338734294793824,0.018338734294793824,0.018338734294793824
2020-09-25,3132,23235.41992,-0.0032505332297301237,0.0032505332297301237,0.0032505332297301237
2020-09-28,3133,23476.05078,0.01030295064516551,0.01030295064516551,0.0
2020-09-29,3134,23275.5293,-0.008578221710779488,0.008578221710779488,0.008578221710779488
2020-09-30,3135,23459.05078,0.00785381715306599,0.00785381715306599,0.0
2020-10-05,3136,23767.7793,0.013074471326937953,0.013074471326937953,0.0
2020-10-06,3137,23980.65039,0.008916418893603506,0.008916418893603506,0.0
2020-10-07,3138,24242.85938,0.010874844048634813,0.010874844048634813,0.0
2020-10-08,3139,24193.34961,-0.0020443295739003275,0.0020443295739003275,0.0020443295739003275
2020-10-09,3140,24119.13086,-0.00307244867839529,0.00307244867839529,0.00307244867839529
2020-10-12,3141,24649.67969,0.02175856887072314,0.02175856887072314,0.0
2020-10-14,3142,24667.08984,0.0007060539807941524,0.0007060539807941524,0.0
2020-10-15,3143,24158.53906,-0.020832058197171932,0.020832058197171932,0.020832058197171932
2020-10-16,3144,24386.78906,0.00940365183731906,0.00940365183731906,0.0
2020-10-19,3145,24542.25977,0.006354966505533355,0.006354966505533355,0.0
2020-10-20,3146,24569.53906,0.0011109058700906616,0.0011109058700906616,0.0
2020-10-21,3147,24754.41992,0.007496629616632333,0.007496629616632333,0.0
2020-10-22,3148,24786.13086,0.001280201525080571,0.001280201525080571,0.0
2020-10-23,3149,24918.7793,0.005337450746193184,0.005337450746193184,0.0
2020-10-27,3150,24787.18945,-0.005294742693008558,0.005294742693008558,0.005294742693008558
2020-10-28,3151,24708.80078,-0.0031674782209485386,0.0031674782209485386,0.0031674782209485386
2020-10-29,3152,24586.59961,-0.0049579238367929435,0.0049579238367929435,0.0049579238367929435
2020-10-30,3153,24107.41992,-0.019681889608447634,0.019681889608447634,0.019681889608447634
2020-11-02,3154,24460.00977,0.014519856077525262,0.014519856077525262,0.0
2020-11-03,3155,24939.73047,0.019422603369779523,0.019422603369779523,0.0
2020-11-04,3156,24886.14063,-0.002151085750474735,0.002151085750474735,0.002151085750474735
2020-11-05,3157,25695.91992,0.03202117401525051,0.03202117401525051,0.0
2020-11-06,3158,25712.9707,0.0006633397616475634,0.0006633397616475634,0.0
2020-11-09,3159,26016.16992,0.011722703626597664,0.011722703626597664,0.0
2020-11-10,3160,26301.48047,0.010906964525000618,0.010906964525000618,0.0
2020-11-11,3161,26226.98047,-0.002836559404920891,0.002836559404920891,0.002836559404920891
2020-11-12,3162,26169.38086,-0.0021986119547410254,0.0021986119547410254,0.0021986119547410254
2020-11-13,3163,26156.85938,-0.00047859277416328894,0.00047859277416328894,0.00047859277416328894
2020-11-16,3164,26381.66992,0.00855798268698571,0.00855798268698571,0.0
2020-11-17,3165,26415.08984,0.0012659839208097878,0.0012659839208097878,0.0
2020-11-18,3166,26544.28906,0.004879191523718518,0.004879191523718518,0.0
2020-11-19,3167,26356.9707,-0.00708184053545402,0.00708184053545402,0.00708184053545402
2020-11-20,3168,26451.53906,0.0035815614384890893,0.0035815614384890893,0.0
2020-11-23,3169,26486.19922,0.0013094690509571905,0.0013094690509571905,0.0
2020-11-24,3170,26588.19922,0.0038436658191169926,0.0038436658191169926,0.0
2020-11-25,3171,26669.75,0.0030624853165335253,0.0030624853165335253,0.0
2020-11-26,3172,26819.44922,0.00559737715390618,0.00559737715390618,0.0
2020-11-27,3173,26894.67969,0.0028011445300286653,0.0028011445300286653,0.0
2020-11-30,3174,26341.49023,-0.020783214601472366,0.020783214601472366,0.020783214601472366
2020-12-01,3175,26567.67969,0.008550156364526273,0.008550156364526273,0.0
2020-12-02,3176,26532.58008,-0.0013220129341746656,0.0013220129341746656,0.0013220129341746656
2020-12-03,3177,26728.5,0.007356997018911571,0.007356997018911571,0.0
2020-12-04,3178,26835.91992,0.004010873791472136,0.004010873791472136,0.0
2020-12-07,3179,26506.84961,-0.012338110202808394,0.012338110202808394,0.012338110202808394
2020-12-08,3180,26304.56055,-0.00766084634832076,0.00766084634832076,0.00766084634832076
2020-12-09,3181,26502.83984,0.007509561930348241,0.007509561930348241,0.0
2020-12-10,3182,26410.58984,-0.0034868310000852887,0.0034868310000852887,0.0034868310000852887
2020-12-11,3183,26505.86914,0.0036011254268544235,0.0036011254268544235,0.0
2020-12-14,3184,26389.51953,-0.004399241619031713,0.004399241619031713,0.004399241619031713
2020-12-15,3185,26207.28906,-0.006929363360653085,0.006929363360653085,0.006929363360653085
2020-12-16,3186,26460.28906,0.009607502570130322,0.009607502570130322,0.0
2020-12-17,3187,26678.38086,0.008208448758223241,0.008208448758223241,0.0
2020-12-18,3188,26498.59961,-0.006761645109396142,0.006761645109396142,0.006761645109396142
2020-12-21,3189,26306.67969,-0.007268999145706445,0.007268999145706445,0.007268999145706445
2020-12-22,3190,26119.25,-0.007150297177885179,0.007150297177885179,0.007150297177885179
2020-12-23,3191,26343.09961,0.008533775942401789,0.008533775942401789,0.0
2020-12-24,3192,26386.56055,0.001648444147363648,0.001648444147363648,0.0
2020-12-28,3193,26314.63086,-0.002729719489829918,0.002729719489829918,0.002729719489829918
2020-12-29,3194,26568.49023,0.009600844834711353,0.009600844834711353,0.0
2020-12-30,3195,27147.10938,0.021544636402252237,0.021544636402252237,0.0
2020-12-31,3196,27231.13086,0.003090263550065586,0.003090263550065586,0.0
2021-01-04,3197,27472.81055,0.008835972552807547,0.008835972552807547,0.0
2021-01-05,3198,27649.85938,0.0064238339347699736,0.0064238339347699736,0.0
2021-01-06,3199,27692.30078,0.001533782136350581,0.001533782136350581,0.0
2021-01-07,3200,27548.51953,-0.005205627790525469,0.005205627790525469,0.005205627790525469
2021-01-08,3201,27878.2207,0.01189696732618195,0.01189696732618195,0.0
2021-01-11,3202,27908.2207,0.0010755302592890814,0.0010755302592890814,0.0
2021-01-12,3203,28276.75,0.013118618045380614,0.013118618045380614,0.0
2021-01-13,3204,28235.59961,-0.001456332909778979,0.001456332909778979,0.001456332909778979
2021-01-14,3205,28496.85938,0.00921030470144224,0.00921030470144224,0.0
2021-01-15,3206,28573.85938,0.0026984081643046665,0.0026984081643046665,0.0
2021-01-18,3207,28862.76953,0.010060220878138182,0.010060220878138182,0.0
2021-01-19,3208,29642.2793,0.026649183879554172,0.026649183879554172,0.0
2021-01-20,3209,29962.4707,0.01074392493953269,0.01074392493953269,0.0
2021-01-21,3210,29927.75977,-0.0011591517886682112,0.0011591517886682112,0.0011591517886682112
2021-01-22,3211,29447.84961,-0.01616558098686305,0.01616558098686305,0.01616558098686305
2021-01-25,3212,30159.00977,0.023862820945607766,0.023862820945607766,0.0
2021-01-26,3213,29391.25977,-0.02578636662959255,0.02578636662959255,0.02578636662959255
2021-01-27,3214,29297.5293,-0.0031941551760290565,0.0031941551760290565,0.0031941551760290565
2021-01-28,3215,28550.76953,-0.02581929873135458,0.02581929873135458,0.02581929873135458
2021-01-29,3216,28283.71094,-0.009397835726643322,0.009397835726643322,0.009397835726643322
2021-02-01,3217,28892.85938,0.02130843053475573,0.02130843053475573,0.0
2021-02-02,3218,29248.69922,0.012240617265677045,0.012240617265677045,0.0
2021-02-03,3219,29307.46094,0.0020070216204217672,0.0020070216204217672,0.0
2021-02-04,3220,29113.5,-0.006640139071553364,0.006640139071553364,0.006640139071553364
2021-02-05,3221,29288.67969,0.005999098537442293,0.005999098537442293,0.0
2021-02-08,3222,29319.4707,0.001050741667430799,0.001050741667430799,0.0
2021-02-09,3223,29476.18945,0.005330975815327932,0.005330975815327932,0.0
2021-02-10,3224,30038.7207,0.01890443929088015,0.01890443929088015,0.0
2021-02-11,3225,30173.57031,0.004479146473004292,0.004479146473004292,0.0
2021-02-16,3226,30746.66016,0.018814989759976086,0.018814989759976086,0.0
2021-02-17,3227,31084.93945,0.010942064163756982,0.010942064163756982,0.0
2021-02-18,3228,30595.26953,-0.01587803334945903,0.01587803334945903,0.01587803334945903
2021-02-19,3229,30644.73047,0.001615315178138843,0.001615315178138843,0.0
2021-02-22,3230,30319.83008,-0.010658765126422054,0.010658765126422054,0.010658765126422054
2021-02-23,3231,30632.64063,0.010264171169799496,0.010264171169799496,0.0
2021-02-24,3232,29718.24023,-0.030305121252142797,0.030305121252142797,0.030305121252142797
2021-02-25,3233,30074.16992,0.01190565469285687,0.01190565469285687,0.0
2021-02-26,3234,28980.21094,-0.03705344546832379,0.03705344546832379,0.03705344546832379
2021-03-01,3235,29452.57031,0.01616796768994888,0.01616796768994888,0.0
2021-03-02,3236,29095.85938,-0.01218530866269063,0.01218530866269063,0.01218530866269063
2021-03-03,3237,29880.41992,0.026607539007111214,0.026607539007111214,0.0
2021-03-04,3238,29236.78906,-0.021775598131224427,0.021775598131224427,0.021775598131224427
2021-03-05,3239,29098.28906,-0.004748438322227599,0.004748438322227599,0.004748438322227599
2021-03-08,3240,28540.83008,-0.019343680840929522,0.019343680840929522,0.019343680840929522
2021-03-09,3241,28773.23047,0.008109760902710761,0.008109760902710761,0.0
2021-03-10,3242,28907.51953,0.004656295302249092,0.004656295302249092,0.0
2021-03-11,3243,29385.60938,0.016403325017011028,0.016403325017011028,0.0
2021-03-12,3244,28739.7207,-0.022224915200160567,0.022224915200160567,0.022224915200160567
2021-03-15,3245,28833.75977,0.0032667524305214357,0.0032667524305214357,0.0
2021-03-16,3246,29027.68945,0.006703268196018186,0.006703268196018186,0.0
2021-03-17,3247,29034.11914,0.0002214774283615384,0.0002214774283615384,0.0
2021-03-18,3248,29405.7207,0.012717576553018972,0.012717576553018972,0.0
2021-03-19,3249,28990.93945,-0.014205888638167963,0.014205888638167963,0.014205888638167963
2021-03-22,3250,28885.33984,-0.003649153970457064,0.003649153970457064,0.003649153970457064
2021-03-23,3251,28497.38086,-0.013522011037663262,0.013522011037663262,0.013522011037663262
2021-03-24,3252,27918.14063,-0.02053550407261895,0.02053550407261895,0.02053550407261895
2021-03-25,3253,27899.60938,-0.0006639913173689393,0.0006639913173689393,0.0006639913173689393
2021-03-26,3254,28336.42969,0.01553555701524445,0.01553555701524445,0.0
2021-03-29,3255,28338.30078,6.602907451558337e-05,6.602907451558337e-05,0.0
2021-03-30,3256,28577.5,0.00840542081557416,0.00840542081557416,0.0
2021-03-31,3257,28378.34961,-0.00699317815382372,0.00699317815382372,0.00699317815382372
2021-04-01,3258,28938.74023,0.0195546730841496,0.0195546730841496,0.0
2021-04-07,3259,28674.80078,-0.009162474372079288,0.009162474372079288,0.009162474372079288
2021-04-08,3260,29008.07031,0.011555362347634102,0.011555362347634102,0.0
2021-04-09,3261,28698.80078,-0.0107187406000957,0.0107187406000957,0.0107187406000957
2021-04-12,3262,28453.2793,-0.00859191791592906,0.00859191791592906,0.00859191791592906
2021-04-13,3263,28497.25,0.0015441720833049288,0.0015441720833049288,0.0
2021-04-14,3264,28900.83008,0.014062725806295973,0.014062725806295973,0.0
2021-04-15,3265,28793.14063,-0.003733130992388922,0.003733130992388922,0.003733130992388922
2021-04-16,3266,28969.71094,0.00611364761843447,0.00611364761843447,0.0
2021-04-19,3267,29106.15039,0.004698671630368523,0.004698671630368523,0.0
2021-04-20,3268,29135.73047,0.0010157667337171716,0.0010157667337171716,0.0
2021-04-21,3269,28621.91992,-0.017792417150424455,0.017792417150424455,0.017792417150424455
2021-04-22,3270,28755.33984,0.004650628525272538,0.004650628525272538,0.0
2021-04-23,3271,29078.75,0.011184183309884688,0.011184183309884688,0.0
2021-04-26,3272,28952.83008,-0.004339710118113516,0.004339710118113516,0.004339710118113516
2021-04-27,3273,28941.53906,-0.0003900559004588189,0.0003900559004588189,0.0003900559004588189
2021-04-28,3274,29071.33984,0.004474902782401813,0.004474902782401813,0.0
2021-04-29,3275,29303.25977,0.007945961147507674,0.007945961147507674,0.0
2021-04-30,3276,28724.88086,-0.01993508866385163,0.01993508866385163,0.01993508866385163
2021-05-03,3277,28357.53906,-0.012870753256107648,0.012870753256107648,0.012870753256107648
2021-05-04,3278,28557.14063,0.007014091598549044,0.007014091598549044,0.0
2021-05-05,3279,28417.98047,-0.004884954486877646,0.004884954486877646,0.004884954486877646
2021-05-06,3280,28637.46094,0.007693623857642606,0.007693623857642606,0.0
2021-05-07,3281,28610.65039,-0.000936644068676884,0.000936644068676884,0.000936644068676884
2021-05-10,3282,28595.66016,-0.0005240761097500268,0.0005240761097500268,0.0005240761097500268
2021-05-11,3283,28013.81055,-0.020557341150478692,0.020557341150478692,0.020557341150478692
2021-05-12,3284,28231.03906,0.007724426027102993,0.007724426027102993,0.0
2021-05-13,3285,27718.66992,-0.018315858044493538,0.018315858044493538,0.018315858044493538
2021-05-14,3286,28027.57031,0.01108248916357013,0.01108248916357013,0.0
2021-05-17,3287,28194.08984,0.005923696187153382,0.005923696187153382,0.0
2021-05-18,3288,28593.81055,0.014077904231944771,0.014077904231944771,0.0
2021-05-20,3289,28450.28906,-0.005031959267261854,0.005031959267261854,0.005031959267261854
2021-05-21,3290,28458.43945,0.00028643725731036795,0.00028643725731036795,0.0
2021-05-24,3291,28412.25977,-0.0016240239977030058,0.0016240239977030058,0.0016240239977030058
2021-05-25,3292,28910.85938,0.017396547571268073,0.017396547571268073,0.0
2021-05-26,3293,29166.00977,0.008786700637607225,0.008786700637607225,0.0
2021-05-27,3294,29113.19922,-0.0018123294866239092,0.0018123294866239092,0.0018123294866239092
2021-05-28,3295,29124.41016,0.0003850068798438855,0.0003850068798438855,0.0
2021-05-31,3296,29151.80078,0.0009400275541313619,0.0009400275541313619,0.0
2021-06-01,3297,29468.0,0.010788241602813997,0.010788241602813997,0.0
2021-06-02,3298,29297.61914,-0.005798674119635194,0.005798674119635194,0.005798674119635194
2021-06-03,3299,28966.0293,-0.011382514792019904,0.011382514792019904,0.011382514792019904
2021-06-04,3300,28918.09961,-0.0016560567415133676,0.0016560567415133676,0.0016560567415133676
2021-06-07,3301,28787.2793,-0.004534084571911734,0.004534084571911734,0.004534084571911734
2021-06-08,3302,28781.38086,-0.00020491844014536298,0.00020491844014536298,0.00020491844014536298
2021-06-09,3303,28742.63086,-0.001347263680075983,0.001347263680075983,0.001347263680075983
2021-06-10,3304,28738.88086,-0.00013047673567179174,0.00013047673567179174,0.00013047673567179174
2021-06-11,3305,28842.13086,0.0035862555233396876,0.0035862555233396876,0.0
2021-06-15,3306,28638.5293,-0.007084205745993444,0.007084205745993444,0.007084205745993444
2021-06-16,3307,28436.83984,-0.007067507492813263,0.007067507492813263,0.007067507492813263
2021-06-17,3308,28558.58984,0.004272278878113767,0.004272278878113767,0.0
2021-06-18,3309,28801.26953,0.008461706170901806,0.008461706170901806,0.0
2021-06-21,3310,28489.0,-0.010901419214446761,0.010901419214446761,0.010901419214446761
2021-06-22,3311,28309.75977,-0.0063114344649921605,0.0063114344649921605,0.0063114344649921605
2021-06-23,3312,28817.07031,0.017761317256834275,0.017761317256834275,0.0
2021-06-24,3313,28882.46094,0.002266592347577756,0.002266592347577756,0.0
2021-06-25,3314,29288.2207,0.013950888300851005,0.013950888300851005,0.0
2021-06-28,3315,29268.30078,-0.0006803655772209538,0.0006803655772209538,0.0006803655772209538
2021-06-29,3316,28994.09961,-0.009412698160554456,0.009412698160554456,0.009412698160554456
2021-06-30,3317,28827.94922,-0.005746971982441451,0.005746971982441451,0.005746971982441451
2021-07-02,3318,28310.41992,-0.018115443643718976,0.018115443643718976,0.018115443643718976
2021-07-05,3319,28143.5,-0.005913509873650469,0.005913509873650469,0.005913509873650469
2021-07-06,3320,28072.85938,-0.002513170826420108,0.002513170826420108,0.002513170826420108
2021-07-07,3321,27960.61914,-0.004006190337696225,0.004006190337696225,0.004006190337696225
2021-07-08,3322,27153.13086,-0.029304704038755958,0.029304704038755958,0.029304704038755958
2021-07-09,3323,27344.53906,0.007024483334451048,0.007024483334451048,0.0
2021-07-12,3324,27515.24023,0.006223201154718083,0.006223201154718083,0.0
2021-07-13,3325,27963.41016,0.016156834245961704,0.016156834245961704,0.0
2021-07-14,3326,27787.46094,-0.006312001972327508,0.006312001972327508,0.006312001972327508
2021-07-15,3327,27996.26953,0.007486396606415369,0.007486396606415369,0.0
2021-07-16,3328,28004.67969,0.00030035776823034155,0.00030035776823034155,0.0
2021-07-19,3329,27489.7793,-0.018557354224984834,0.018557354224984834,0.018557354224984834
2021-07-20,3330,27259.25,-0.00842136072039601,0.00842136072039601,0.00842136072039601
2021-07-21,3331,27224.58008,-0.0012726684092747576,0.0012726684092747576,0.0012726684092747576
2021-07-22,3332,27723.83984,0.018172442453586513,0.018172442453586513,0.0
2021-07-23,3333,27321.98047,-0.014601163438427989,0.014601163438427989,0.014601163438427989
2021-07-26,3334,26192.32031,-0.04222527379580043,0.04222527379580043,0.04222527379580043
2021-07-27,3335,25086.42969,-0.04313919972752167,0.04313919972752167,0.04313919972752167
2021-07-28,3336,25473.88086,0.01532659709799944,0.01532659709799944,0.0
2021-07-29,3337,26315.32031,0.03249764364568897,0.03249764364568897,0.0
2021-07-30,3338,25961.0293,-0.013554750366248314,0.013554750366248314,0.013554750366248314
2021-08-02,3339,26235.80078,0.010528379508942365,0.010528379508942365,0.0
2021-08-03,3340,26194.82031,-0.0015632268889156364,0.0015632268889156364,0.0015632268889156364
2021-08-04,3341,26426.55078,0.0088075229964506,0.0088075229964506,0.0
2021-08-05,3342,26204.68945,-0.008430834734980408,0.008430834734980408,0.008430834734980408
2021-08-06,3343,26179.40039,-0.0009655245339512675,0.0009655245339512675,0.0009655245339512675
2021-08-09,3344,26283.40039,0.003964719179496257,0.003964719179496257,0.0
2021-08-10,3345,26605.61914,0.01218486330542845,0.01218486330542845,0.0
2021-08-11,3346,26660.16016,0.002047882891345054,0.002047882891345054,0.0
2021-08-12,3347,26517.82031,-0.00535335071687193,0.00535335071687193,0.00535335071687193
2021-08-13,3348,26391.61914,-0.004770468583515708,0.004770468583515708,0.004770468583515708
2021-08-16,3349,26181.46094,-0.007994940342298307,0.007994940342298307,0.007994940342298307
2021-08-17,3350,25745.86914,-0.016777370098481015,0.016777370098481015,0.016777370098481015
2021-08-18,3351,25867.00977,0.004694210243989971,0.004694210243989971,0.0
2021-08-19,3352,25316.33008,-0.021518757514465747,0.021518757514465747,0.021518757514465747
2021-08-20,3353,24849.7207,-0.018603132179896065,0.018603132179896065,0.018603132179896065
2021-08-23,3354,25109.58984,0.01040332546515188,0.01040332546515188,0.0
2021-08-24,3355,25727.91992,0.0243269419215153,0.0243269419215153,0.0
2021-08-25,3356,25693.94922,-0.0013212551589454335,0.0013212551589454335,0.0013212551589454335
2021-08-26,3357,25415.68945,-0.010888847059156603,0.010888847059156603,0.010888847059156603
2021-08-27,3358,25407.89063,-0.00030689770570724306,0.00030689770570724306,0.00030689770570724306
2021-08-30,3359,25539.53906,0.0051680221676111415,0.0051680221676111415,0.0
2021-08-31,3360,25878.99023,0.013203648810232949,0.013203648810232949,0.0
2021-09-01,3361,26028.28906,0.005752535819800286,0.005752535819800286,0.0
2021-09-02,3362,26090.42969,0.0023845812382141673,0.0023845812382141673,0.0
2021-09-03,3363,25901.99023,-0.007248759931197668,0.007248759931197668,0.007248759931197668
2021-09-06,3364,26163.63086,0.010050502690088337,0.010050502690088337,0.0
2021-09-07,3365,26353.63086,0.007235747742637244,0.007235747742637244,0.0
2021-09-08,3366,26320.92969,-0.0012416306414202438,0.0012416306414202438,0.0012416306414202438
2021-09-09,3367,25716.0,-0.023251062122238153,0.023251062122238153,0.023251062122238153
2021-09-10,3368,26205.91016,0.01887159767453106,0.01887159767453106,0.0
2021-09-13,3369,25813.81055,-0.015075322608737451,0.015075322608737451,0.015075322608737451
2021-09-14,3370,25502.23047,-0.012143723594315148,0.012143723594315148,0.012143723594315148
2021-09-15,3371,25033.21094,-0.01856253687527243,0.01856253687527243,0.01856253687527243
2021-09-16,3372,24667.84961,-0.014702620327332383,0.014702620327332383,0.014702620327332383
2021-09-17,3373,24920.75977,0.010200421268937276,0.010200421268937276,0.0
2021-09-20,3374,24099.14063,-0.03352500046264595,0.03352500046264595,0.03352500046264595
2021-09-21,3375,24221.53906,0.005066099755570264,0.005066099755570264,0.0
2021-09-23,3376,24510.98047,0.011878918485729528,0.011878918485729528,0.0
2021-09-24,3377,24192.16016,-0.01309257925032803,0.01309257925032803,0.01309257925032803
2021-09-27,3378,24208.7793,0.0006867280196853898,0.0006867280196853898,0.0
2021-09-28,3379,24500.39063,0.011973713139944664,0.011973713139944664,0.0
2021-09-29,3380,24663.5,0.006635356411264226,0.006635356411264226,0.0
2021-09-30,3381,24575.64063,-0.0035686838608590676,0.0035686838608590676,0.0035686838608590676
2021-10-04,3382,24036.36914,-0.022187669905223473,0.022187669905223473,0.022187669905223473
2021-10-05,3383,24104.15039,0.002815976871556103,0.002815976871556103,0.0
2021-10-06,3384,23966.49023,-0.005727426742586417,0.005727426742586417,0.005727426742586417
2021-10-07,3385,24701.73047,0.030216686414689775,0.030216686414689775,0.0
2021-10-08,3386,24837.84961,0.005495382978129015,0.005495382978129015,0.0
2021-10-11,3387,25325.08984,0.019426913939001977,0.019426913939001977,0.0
2021-10-12,3388,24962.58984,-0.014417299877225176,0.014417299877225176,0.014417299877225176
2021-10-15,3389,25330.96094,0.014649102393839541,0.014649102393839541,0.0
2021-10-18,3390,25409.75,0.0031055585096773086,0.0031055585096773086,0.0
2021-10-19,3391,25787.21094,0.014745710390238642,0.014745710390238642,0.0
2021-10-20,3392,26136.01953,0.013435752515958299,0.013435752515958299,0.0
2021-10-21,3393,26017.5293,-0.004543906849344026,0.004543906849344026,0.004543906849344026
2021-10-22,3394,26126.92969,0.004196056594917508,0.004196056594917508,0.0
2021-10-25,3395,26132.0293,0.00019516691930832053,0.00019516691930832053,0.0
2021-10-26,3396,26038.26953,-0.0035943773774427257,0.0035943773774427257,0.0035943773774427257
2021-10-27,3397,25628.74023,-0.015852973828566874,0.015852973828566874,0.015852973828566874
2021-10-28,3398,25555.73047,-0.0028528109607268703,0.0028528109607268703,0.0028528109607268703
2021-10-29,3399,25377.24023,-0.0070088576506393,0.0070088576506393,0.0070088576506393
2021-11-01,3400,25154.32031,-0.008823054888473791,0.008823054888473791,0.008823054888473791
2021-11-02,3401,25099.66992,-0.0021749680490419365,0.0021749680490419365,0.0021749680490419365
2021-11-03,3402,25024.75,-0.0029893603122648216,0.0029893603122648216,0.0029893603122648216
2021-11-04,3403,25225.18945,0.007977741476418387,0.007977741476418387,0.0
