t,date,v,edges,MND,OD
30,2008-02-15,46,362,0.7140039447731755,
31,2008-02-18,46,366,0.7218934911242604,0.1655427599756078
32,2008-02-19,46,362,0.7140039447731755,0.2303440972345626
33,2008-02-20,46,370,0.7297830374753451,0.2452371942744453
34,2008-02-21,46,363,0.7159763313609467,0.28399450266401044
35,2008-02-22,46,357,0.7041420118343196,0.25530597387153187
36,2008-02-25,46,365,0.7199211045364892,0.21969177711560522
37,2008-02-26,46,353,0.6962524654832347,0.19251417960410794
38,2008-02-27,46,364,0.717948717948718,0.1819575773064145
39,2008-02-28,46,363,0.7159763313609467,0.2204685056869944
40,2008-02-29,46,357,0.7041420118343196,0.2454457014674652
41,2008-03-03,46,363,0.7159763313609467,0.23358966364530603
42,2008-03-04,46,360,0.7100591715976331,0.24092033120520195
43,2008-03-05,46,349,0.6883629191321499,0.25392248248759325
44,2008-03-06,46,351,0.6923076923076923,0.20367006946181765
45,2008-03-07,46,349,0.6883629191321499,0.17161663013991169
46,2008-03-10,46,343,0.6765285996055227,0.20525321327765986
47,2008-03-11,46,342,0.6745562130177515,0.20552638823344344
48,2008-03-12,46,333,0.6568047337278107,0.2609471305790325
49,2008-03-13,46,341,0.6725838264299803,0.3039724883884434
50,2008-03-14,46,346,0.6824457593688363,0.2687094841266695
51,2008-03-17,46,353,0.6962524654832347,0.21733001187640366
52,2008-03-18,46,356,0.7021696252465484,0.22746488045063004
53,2008-03-19,46,351,0.6923076923076923,0.18076978262429153
54,2008-03-20,46,353,0.6962524654832347,0.15197849289209764
55,2008-03-25,46,351,0.6923076923076923,0.1840249131175834
56,2008-03-26,46,348,0.6863905325443787,0.1863284277573438
57,2008-03-27,46,353,0.6962524654832347,0.21245617398275318
58,2008-03-28,46,354,0.6982248520710059,0.17468130598276488
59,2008-03-31,46,347,0.6844181459566075,0.17136745375948031
60,2008-04-01,46,359,0.7080867850098619,0.28015194681861355
61,2008-04-02,46,351,0.6923076923076923,0.29750373083706416
62,2008-04-03,46,359,0.7080867850098619,0.18747009704355674
63,2008-04-07,46,353,0.6962524654832347,0.22058187390246048
64,2008-04-08,46,362,0.7140039447731755,0.2959498510285348
65,2008-04-09,46,356,0.7021696252465484,0.24034497102929775
66,2008-04-10,46,361,0.7120315581854043,0.23812242669944841
67,2008-04-11,46,356,0.7021696252465484,0.2254306942390718
68,2008-04-14,46,350,0.6903353057199211,0.26843618102935185
69,2008-04-15,46,356,0.7021696252465484,0.2406822574567693
70,2008-04-16,46,350,0.6903353057199211,0.32219557337996085
71,2008-04-17,46,341,0.6725838264299803,0.2657017701248167
72,2008-04-18,46,342,0.6745562130177515,0.29076362703186737
73,2008-04-21,46,353,0.6962524654832347,0.30037685796634994
74,2008-04-22,46,345,0.6804733727810651,0.2248460871145369
75,2008-04-23,46,343,0.6765285996055227,0.2677664737435597
76,2008-04-24,46,343,0.6765285996055227,0.24389567284400712
77,2008-04-25,46,357,0.7041420118343196,0.24893573496492788
78,2008-04-28,46,354,0.6982248520710059,0.30958236524374105
79,2008-04-29,46,340,0.6706114398422091,0.24917427934238023
80,2008-04-30,46,341,0.6725838264299803,0.24779094582009337
81,2008-05-02,46,339,0.6686390532544378,0.193214456514313
82,2008-05-05,46,335,0.6607495069033531,0.2882912634499561
83,2008-05-06,46,340,0.6706114398422091,0.26114889060012886
84,2008-05-07,46,338,0.6666666666666666,0.20767165949202643
85,2008-05-08,46,334,0.6587771203155819,0.17373012154952952
86,2008-05-09,46,337,0.6646942800788954,0.25124582325152667
87,2008-05-13,46,335,0.6607495069033531,0.23641782556442617
88,2008-05-14,46,335,0.6607495069033531,0.24206640732658327
89,2008-05-15,46,319,0.6291913214990138,0.30565318941472597
90,2008-05-16,46,317,0.6252465483234714,0.23570360140088217
91,2008-05-19,46,325,0.6410256410256411,0.23310780443255527
92,2008-05-20,46,326,0.6429980276134122,0.25012614249055737
93,2008-05-21,46,318,0.6272189349112426,0.3034968851553162
94,2008-05-22,46,319,0.6291913214990138,0.30485825849224646
95,2008-05-23,46,329,0.6489151873767258,0.34817646217691434
96,2008-05-26,46,331,0.6528599605522682,0.25195666462682176
97,2008-05-27,46,329,0.6489151873767258,0.2542788757436915
98,2008-05-28,46,323,0.6370808678500987,0.3076457890052366
99,2008-05-29,46,330,0.650887573964497,0.3120200949398468
100,2008-05-30,46,337,0.6646942800788954,0.2794024928791774
101,2008-06-02,46,327,0.6449704142011834,0.31809555800054606
102,2008-06-03,46,331,0.6528599605522682,0.2915162244985126
103,2008-06-04,46,321,0.6331360946745562,0.35604275452548123
104,2008-06-05,46,323,0.6370808678500987,0.326466587747962
105,2008-06-06,46,321,0.6331360946745562,0.29911551305486106
106,2008-06-10,46,329,0.6489151873767258,0.28995655062016107
107,2008-06-11,46,328,0.6469428007889546,0.28440775777055405
108,2008-06-12,46,332,0.6548323471400395,0.22930291323247023
109,2008-06-13,46,326,0.6429980276134122,0.27249500035264856
110,2008-06-16,46,333,0.6568047337278107,0.3126267581486776
111,2008-06-17,46,333,0.6568047337278107,0.2946818802800801
112,2008-06-18,46,337,0.6646942800788954,0.299278340580162
113,2008-06-19,46,343,0.6765285996055227,0.25580179565859756
114,2008-06-20,46,329,0.6489151873767258,0.3038872323122797
115,2008-06-23,46,344,0.6785009861932939,0.24385615772666264
116,2008-06-24,46,340,0.6706114398422091,0.27783633546665254
117,2008-06-25,46,332,0.6548323471400395,0.22110953210062034
118,2008-06-26,46,332,0.6548323471400395,0.32604562737642595
119,2008-06-27,46,336,0.6627218934911243,0.27161239817894534
120,2008-06-30,46,335,0.6607495069033531,0.2752342183082221
121,2008-07-02,46,343,0.6765285996055227,0.22867582911733017
122,2008-07-03,46,347,0.6844181459566075,0.18127967134589656
123,2008-07-04,46,357,0.7041420118343196,0.1972179863924859
124,2008-07-07,46,354,0.6982248520710059,0.25961821603697494
125,2008-07-08,46,350,0.6903353057199211,0.26522338803040557
126,2008-07-09,46,355,0.7001972386587771,0.2510796896761809
127,2008-07-10,46,348,0.6863905325443787,0.17633591883840144
128,2008-07-11,46,350,0.6903353057199211,0.2529825662170035
129,2008-07-14,46,353,0.6962524654832347,0.2777029269824053
130,2008-07-15,46,354,0.6982248520710059,0.2944604672155009
131,2008-07-16,46,342,0.6745562130177515,0.23104520107129425
132,2008-07-17,46,352,0.6942800788954635,0.22110379845551503
133,2008-07-18,46,349,0.6883629191321499,0.20489167019870855
134,2008-07-21,46,352,0.6942800788954635,0.20779610275076615
135,2008-07-22,46,358,0.7061143984220908,0.1632872979610918
136,2008-07-23,46,349,0.6883629191321499,0.22804677554663258
137,2008-07-24,46,347,0.6844181459566075,0.241078606515745
138,2008-07-25,46,352,0.6942800788954635,0.2408601774654944
139,2008-07-28,46,343,0.6765285996055227,0.2599821270928153
140,2008-07-29,46,335,0.6607495069033531,0.24335353620945246
141,2008-07-30,46,343,0.6765285996055227,0.21803548032273054
142,2008-07-31,46,344,0.6785009861932939,0.324146281914569
143,2008-08-01,46,333,0.6568047337278107,0.33559078843532536
144,2008-08-04,46,342,0.6745562130177515,0.2809537642001018
145,2008-08-05,46,343,0.6765285996055227,0.24290512897808017
146,2008-08-07,46,340,0.6706114398422091,0.19904071565201129
147,2008-08-08,46,336,0.6627218934911243,0.2862333957635831
148,2008-08-11,46,344,0.6785009861932939,0.27343407560863386
149,2008-08-12,46,341,0.6725838264299803,0.34438843923966134
150,2008-08-13,46,331,0.6528599605522682,0.28911665900285705
151,2008-08-14,46,327,0.6449704142011834,0.24424118914011417
152,2008-08-15,46,324,0.6390532544378699,0.35875499777077857
153,2008-08-18,46,316,0.6232741617357002,0.36551451268280716
154,2008-08-19,46,320,0.631163708086785,0.36223366213399444
155,2008-08-20,46,322,0.6351084812623274,0.330072654257963
156,2008-08-21,46,325,0.6410256410256411,0.33869815500279815
157,2008-08-25,46,333,0.6568047337278107,0.3004623566587565
158,2008-08-26,46,321,0.6331360946745562,0.276683380887892
159,2008-08-27,46,330,0.650887573964497,0.27868158333353726
160,2008-08-28,46,329,0.6489151873767258,0.198159938006169
161,2008-08-29,46,336,0.6627218934911243,0.25194312094562515
162,2008-09-01,46,333,0.6568047337278107,0.27941943788963963
163,2008-09-02,46,325,0.6410256410256411,0.2761219357924129
164,2008-09-03,46,322,0.6351084812623274,0.26157054041128647
165,2008-09-04,46,323,0.6370808678500987,0.37027503218223545
166,2008-09-05,46,317,0.6252465483234714,0.3460902769733637
167,2008-09-08,46,315,0.621301775147929,0.3411684989456116
168,2008-09-09,46,322,0.6351084812623274,0.28581657835774715
169,2008-09-10,46,324,0.6390532544378699,0.2527143215975779
170,2008-09-11,46,335,0.6607495069033531,0.32638607851072443
171,2008-09-12,46,338,0.6666666666666666,0.2518333785126954
172,2008-09-16,46,332,0.6548323471400395,0.35528784063607044
173,2008-09-17,46,329,0.6489151873767258,0.35620835350239965
174,2008-09-18,46,313,0.6173570019723866,0.2594428012398451
175,2008-09-19,46,332,0.6548323471400395,0.37994291355289433
176,2008-09-22,46,338,0.6666666666666666,0.31695691819297317
177,2008-09-23,46,337,0.6646942800788954,0.31396557396999103
178,2008-09-24,46,339,0.6686390532544378,0.21457870915852773
179,2008-09-25,46,347,0.6844181459566075,0.24505319884857837
180,2008-09-26,46,337,0.6646942800788954,0.2533539724796555
181,2008-09-29,46,339,0.6686390532544378,0.3048582910532867
182,2008-09-30,46,339,0.6686390532544378,0.2702702702702703
183,2008-10-02,46,346,0.6824457593688363,0.23282705455880326
184,2008-10-03,46,335,0.6607495069033531,0.2903225806451613
185,2008-10-06,46,339,0.6686390532544378,0.24975649526338195
186,2008-10-08,46,340,0.6706114398422091,0.27799377775692474
187,2008-10-09,46,346,0.6824457593688363,0.2558595932396512
188,2008-10-10,46,341,0.6725838264299803,0.31624768323808117
189,2008-10-13,46,346,0.6824457593688363,0.26868217166602965
190,2008-10-14,46,351,0.6923076923076923,0.2585317560878365
191,2008-10-15,46,358,0.7061143984220908,0.21774350554680807
192,2008-10-16,46,354,0.6982248520710059,0.232334826729033
193,2008-10-17,46,352,0.6942800788954635,0.2713758928563426
194,2008-10-20,46,352,0.6942800788954635,0.20158200587087696
195,2008-10-21,46,358,0.7061143984220908,0.3019020807391768
196,2008-10-22,46,363,0.7159763313609467,0.2705825301569983
197,2008-10-23,46,347,0.6844181459566075,0.2140103376306467
198,2008-10-24,46,360,0.7100591715976331,0.26066594103000706
199,2008-10-27,46,362,0.7140039447731755,0.30134587459397905
200,2008-10-28,46,365,0.7199211045364892,0.24364989034783333
201,2008-10-29,46,369,0.727810650887574,0.18420378593212589
202,2008-10-30,46,359,0.7080867850098619,0.19340164365652007
203,2008-10-31,46,359,0.7080867850098619,0.21625715662218636
204,2008-11-03,46,375,0.7396449704142012,0.228903813944746
205,2008-11-04,46,363,0.7159763313609467,0.2250976240515159
206,2008-11-05,46,372,0.7337278106508875,0.24447328584249753
207,2008-11-06,46,362,0.7140039447731755,0.18475512995896032
208,2008-11-07,46,371,0.7317554240631163,0.2422203936394974
209,2008-11-10,46,370,0.7297830374753451,0.20926222567308986
210,2008-11-11,46,377,0.7435897435897436,0.23641368346679226
211,2008-11-12,46,362,0.7140039447731755,0.3269720510186612
212,2008-11-13,46,373,0.7357001972386588,0.20937193662575795
213,2008-11-14,46,372,0.7337278106508875,0.23025076080313855
214,2008-11-17,46,367,0.7238658777120316,0.23758092665274366
215,2008-11-18,46,367,0.7238658777120316,0.12328281130797097
216,2008-11-19,46,367,0.7238658777120316,0.23223760400520246
217,2008-11-20,46,363,0.7159763313609467,0.19896341788104155
218,2008-11-21,46,364,0.717948717948718,0.21323387798038024
219,2008-11-24,46,367,0.7238658777120316,0.21824987293284456
220,2008-11-25,46,364,0.717948717948718,0.21332058683540428
221,2008-11-26,46,353,0.6962524654832347,0.16859862763066316
222,2008-11-27,46,359,0.7080867850098619,0.12961885136304288
223,2008-11-28,46,357,0.7041420118343196,0.19477434679334915
224,2008-12-01,46,361,0.7120315581854043,0.2793349168646081
225,2008-12-02,46,362,0.7140039447731755,0.22363612165670751
226,2008-12-03,46,362,0.7140039447731755,0.21747388414055083
227,2008-12-04,46,359,0.7080867850098619,0.2167444816367503
228,2008-12-05,46,350,0.6903353057199211,0.20493199420125116
229,2008-12-08,46,354,0.6982248520710059,0.17847777361533523
230,2008-12-09,46,352,0.6942800788954635,0.3104769780936326
231,2008-12-10,46,349,0.6883629191321499,0.20844057557786747
232,2008-12-11,46,340,0.6706114398422091,0.21718054811350293
233,2008-12-12,46,352,0.6942800788954635,0.21031166294548131
234,2008-12-15,46,339,0.6686390532544378,0.24359984449333363
235,2008-12-16,46,350,0.6903353057199211,0.23364970854823447
236,2008-12-17,46,351,0.6923076923076923,0.21282869597150902
237,2008-12-18,46,344,0.6785009861932939,0.2770948452200991
238,2008-12-19,46,343,0.6765285996055227,0.20396375674765352
239,2008-12-22,46,350,0.6903353057199211,0.15684410646387836
240,2008-12-23,46,353,0.6962524654832347,0.22479055077322652
241,2008-12-24,46,342,0.6745562130177515,0.2528700862955736
242,2008-12-29,46,352,0.6942800788954635,0.23949316339209475
243,2008-12-30,46,350,0.6903353057199211,0.2163890888057325
244,2008-12-31,46,348,0.6863905325443787,0.20184204768210132
245,2009-01-02,46,342,0.6745562130177515,0.21244019993657062
246,2009-01-05,46,353,0.6962524654832347,0.26376911876034903
247,2009-01-06,46,347,0.6844181459566075,0.2382551504739749
248,2009-01-07,46,352,0.6942800788954635,0.25737953627002136
249,2009-01-08,46,346,0.6824457593688363,0.2850404771083244
250,2009-01-09,46,357,0.7041420118343196,0.22987626117543938
251,2009-01-12,46,348,0.6863905325443787,0.17589283590441226
252,2009-01-13,46,345,0.6804733727810651,0.23249387550699072
253,2009-01-14,46,348,0.6863905325443787,0.2341235496964528
254,2009-01-15,46,345,0.6804733727810651,0.21291966512067914
255,2009-01-16,46,337,0.6646942800788954,0.3007395621556322
256,2009-01-19,46,333,0.6568047337278107,0.3248888942872837
257,2009-01-20,46,345,0.6804733727810651,0.16155122994633167
258,2009-01-21,46,343,0.6765285996055227,0.2648265466432629
259,2009-01-22,46,331,0.6528599605522682,0.2118614175165423
260,2009-01-23,46,337,0.6646942800788954,0.23876207573043107
261,2009-01-29,46,333,0.6568047337278107,0.22553326002677873
262,2009-01-30,46,330,0.650887573964497,0.2673870037062017
263,2009-02-02,46,333,0.6568047337278107,0.21608757734412185
264,2009-02-03,46,322,0.6351084812623274,0.25993838093840843
265,2009-02-04,46,336,0.6627218934911243,0.3729948501554028
266,2009-02-05,46,334,0.6587771203155819,0.22480721308504373
267,2009-02-06,46,337,0.6646942800788954,0.22684369285065212
268,2009-02-09,46,335,0.6607495069033531,0.2672637149536538
269,2009-02-10,46,331,0.6528599605522682,0.31570509253034407
270,2009-02-11,46,322,0.6351084812623274,0.18898356664637858
271,2009-02-12,46,335,0.6607495069033531,0.2895124897843159
272,2009-02-13,46,336,0.6627218934911243,0.2125920219140558
273,2009-02-16,46,341,0.6725838264299803,0.23966638501314383
274,2009-02-17,46,344,0.6785009861932939,0.17448329095246712
275,2009-02-18,46,341,0.6725838264299803,0.27892159579837156
276,2009-02-19,46,337,0.6646942800788954,0.3126839973151076
277,2009-02-20,46,334,0.6587771203155819,0.2484385093905373
278,2009-02-23,46,337,0.6646942800788954,0.23284675231602553
279,2009-02-24,46,344,0.6785009861932939,0.15713904185943503
280,2009-02-25,46,334,0.6587771203155819,0.26257205038962994
281,2009-02-26,46,357,0.7041420118343196,0.19328180814560914
282,2009-02-27,46,341,0.6725838264299803,0.29164332794695835
283,2009-03-02,46,341,0.6725838264299803,0.2960183763806306
284,2009-03-03,46,349,0.6883629191321499,0.21517804625754677
285,2009-03-04,46,350,0.6903353057199211,0.23352077793809123
286,2009-03-05,46,345,0.6804733727810651,0.307279525100157
287,2009-03-06,46,345,0.6804733727810651,0.28808991819926644
288,2009-03-09,46,343,0.6765285996055227,0.2546374397967327
289,2009-03-10,46,350,0.6903353057199211,0.22112948405168517
290,2009-03-11,46,349,0.6883629191321499,0.25974272173324303
291,2009-03-12,46,353,0.6962524654832347,0.2716264408859
292,2009-03-13,46,352,0.6942800788954635,0.2843646669815777
293,2009-03-16,46,353,0.6962524654832347,0.26977177701491956
294,2009-03-17,46,345,0.6804733727810651,0.20626704133392845
295,2009-03-18,46,352,0.6942800788954635,0.2648281437649838
296,2009-03-19,46,358,0.7061143984220908,0.21373437072398052
297,2009-03-20,46,347,0.6844181459566075,0.2742406695555567
298,2009-03-23,46,351,0.6923076923076923,0.21065630553296585
299,2009-03-24,46,351,0.6923076923076923,0.31022908450113285
300,2009-03-25,46,348,0.6863905325443787,0.3283641738230421
301,2009-03-26,46,347,0.6844181459566075,0.25546058879392214
302,2009-03-27,46,349,0.6883629191321499,0.27403880070546743
303,2009-03-30,46,359,0.7080867850098619,0.2534159517000317
304,2009-03-31,46,348,0.6863905325443787,0.3321387966956254
305,2009-04-01,46,349,0.6883629191321499,0.3050047214353163
306,2009-04-02,46,354,0.6982248520710059,0.2948002853163587
307,2009-04-03,46,354,0.6982248520710059,0.23209146768297426
308,2009-04-06,46,353,0.6962524654832347,0.25992505544024147
309,2009-04-07,46,343,0.6765285996055227,0.1985832840870069
310,2009-04-08,46,341,0.6725838264299803,0.21176151068430957
311,2009-04-09,46,349,0.6883629191321499,0.23333114446741496
312,2009-04-14,46,351,0.6923076923076923,0.22378884877947403
313,2009-04-15,46,348,0.6863905325443787,0.22584458128356089
314,2009-04-16,46,351,0.6923076923076923,0.30681907211709375
315,2009-04-17,46,347,0.6844181459566075,0.2116156390068052
316,2009-04-20,46,336,0.6627218934911243,0.25958451254519466
317,2009-04-21,46,341,0.6725838264299803,0.2939569863053966
318,2009-04-22,46,345,0.6804733727810651,0.2621368474080963
319,2009-04-23,46,350,0.6903353057199211,0.19499817586318563
320,2009-04-24,46,355,0.7001972386587771,0.20696232713400092
321,2009-04-27,46,356,0.7021696252465484,0.2667023755443909
322,2009-04-28,46,353,0.6962524654832347,0.27341279373895705
323,2009-04-29,46,352,0.6942800788954635,0.19162582248679055
324,2009-04-30,46,350,0.6903353057199211,0.24613137694450105
325,2009-05-04,46,360,0.7100591715976331,0.2327950310559006
326,2009-05-05,46,358,0.7061143984220908,0.218113257080805
327,2009-05-06,46,357,0.7041420118343196,0.2793216987159388
328,2009-05-07,46,357,0.7041420118343196,0.18822316631263278
329,2009-05-08,46,345,0.6804733727810651,0.3126602333285323
330,2009-05-11,46,357,0.7041420118343196,0.3371233332008685
331,2009-05-12,46,340,0.6706114398422091,0.26404355257486667
332,2009-05-13,46,347,0.6844181459566075,0.2781844862189195
333,2009-05-14,46,342,0.6745562130177515,0.30826203549993625
334,2009-05-15,46,339,0.6686390532544378,0.249024632190953
335,2009-05-18,46,350,0.6903353057199211,0.22338779653521562
336,2009-05-19,46,341,0.6725838264299803,0.21385540874665496
337,2009-05-20,46,344,0.6785009861932939,0.2741213439450794
338,2009-05-21,46,341,0.6725838264299803,0.18526869438575452
339,2009-05-22,46,348,0.6863905325443787,0.24644584772441916
340,2009-05-25,46,341,0.6725838264299803,0.25032240980996506
341,2009-05-26,46,340,0.6706114398422091,0.2929951234434608
342,2009-05-27,46,339,0.6686390532544378,0.3213389828071991
343,2009-05-29,46,337,0.6646942800788954,0.3271466686303547
344,2009-06-01,46,338,0.6666666666666666,0.2901676733484669
345,2009-06-02,46,337,0.6646942800788954,0.22828497738253664
346,2009-06-03,46,342,0.6745562130177515,0.2088415382315991
347,2009-06-04,46,334,0.6587771203155819,0.28470092033123867
348,2009-06-05,46,327,0.6449704142011834,0.2975280051701853
349,2009-06-08,46,333,0.6568047337278107,0.2608086094051841
350,2009-06-09,46,338,0.6666666666666666,0.24797142426553115
351,2009-06-10,46,338,0.6666666666666666,0.26184049571861145
352,2009-06-11,46,338,0.6666666666666666,0.248283738017926
353,2009-06-12,46,324,0.6390532544378699,0.3041825882641128
354,2009-06-15,46,327,0.6449704142011834,0.2552654276713
355,2009-06-16,46,322,0.6351084812623274,0.26915815336867976
356,2009-06-17,46,329,0.6489151873767258,0.2495872251859939
357,2009-06-18,46,326,0.6429980276134122,0.25867807893485495
358,2009-06-19,46,331,0.6528599605522682,0.3029069462600052
359,2009-06-22,46,325,0.6410256410256411,0.3172349694719814
360,2009-06-23,46,330,0.650887573964497,0.34918607230382803
361,2009-06-24,46,330,0.650887573964497,0.3122625282456378
362,2009-06-25,46,336,0.6627218934911243,0.2457193882595276
363,2009-06-26,46,348,0.6863905325443787,0.2715147293650604
364,2009-06-29,46,347,0.6844181459566075,0.2421052152585332
365,2009-06-30,46,338,0.6666666666666666,0.2635277930159987
366,2009-07-02,46,344,0.6785009861932939,0.29776457905335313
367,2009-07-03,46,335,0.6607495069033531,0.23457116575925432
368,2009-07-06,46,329,0.6489151873767258,0.2629546710086355
369,2009-07-07,46,334,0.6587771203155819,0.32870158493580914
370,2009-07-08,46,337,0.6646942800788954,0.2672340161476967
371,2009-07-09,46,346,0.6824457593688363,0.2578433650416976
372,2009-07-10,46,344,0.6785009861932939,0.2240015782842436
373,2009-07-13,46,343,0.6765285996055227,0.28068655356068795
374,2009-07-14,46,335,0.6607495069033531,0.23370830785952043
375,2009-07-15,46,343,0.6765285996055227,0.2747233192609742
376,2009-07-16,46,339,0.6686390532544378,0.30885836438743974
377,2009-07-17,46,331,0.6528599605522682,0.30776560138199094
378,2009-07-20,46,343,0.6765285996055227,0.3811420319585403
379,2009-07-21,46,345,0.6804733727810651,0.24180233182892757
380,2009-07-22,46,350,0.6903353057199211,0.25748519932917097
381,2009-07-23,46,341,0.6725838264299803,0.21731187675265587
382,2009-07-24,46,350,0.6903353057199211,0.17830771384522376
383,2009-07-27,46,343,0.6765285996055227,0.23027077439054466
384,2009-07-28,46,340,0.6706114398422091,0.24828783125292034
385,2009-07-29,46,344,0.6785009861932939,0.2269869414427977
386,2009-07-30,46,344,0.6785009861932939,0.20035455212781864
387,2009-07-31,46,342,0.6745562130177515,0.21470826050450992
388,2009-08-03,46,337,0.6646942800788954,0.22566780555637952
389,2009-08-04,46,339,0.6686390532544378,0.2740354292493047
390,2009-08-05,46,341,0.6725838264299803,0.23991027445064084
391,2009-08-06,46,342,0.6745562130177515,0.2400391250334735
392,2009-08-07,46,344,0.6785009861932939,0.2592810067850279
393,2009-08-10,46,346,0.6824457593688363,0.2567021282338735
394,2009-08-11,46,333,0.6568047337278107,0.26905177526643637
395,2009-08-12,46,337,0.6646942800788954,0.34390749051515285
396,2009-08-13,46,349,0.6883629191321499,0.29443986980776543
397,2009-08-14,46,345,0.6804733727810651,0.2978016871628432
398,2009-08-17,46,345,0.6804733727810651,0.2812773587389836
399,2009-08-18,46,346,0.6824457593688363,0.2340990554217917
400,2009-08-19,46,345,0.6804733727810651,0.24002464541788135
401,2009-08-20,46,353,0.6962524654832347,0.27851767079439654
402,2009-08-21,46,358,0.7061143984220908,0.23974399328506982
403,2009-08-24,46,355,0.7001972386587771,0.14263309772808913
404,2009-08-25,46,344,0.6785009861932939,0.2232082383642927
405,2009-08-26,46,342,0.6745562130177515,0.23941376953692084
406,2009-08-27,46,335,0.6607495069033531,0.1986710158742502
407,2009-08-28,46,345,0.6804733727810651,0.18991112627817214
408,2009-08-31,46,343,0.6765285996055227,0.2523663697733863
409,2009-09-01,46,341,0.6725838264299803,0.2845227514412045
410,2009-09-02,46,340,0.6706114398422091,0.2531123601758584
411,2009-09-03,46,336,0.6627218934911243,0.23602498137711886
412,2009-09-04,46,342,0.6745562130177515,0.2001254306160698
413,2009-09-07,46,348,0.6863905325443787,0.25176981521277053
414,2009-09-08,46,345,0.6804733727810651,0.2568445246704703
415,2009-09-09,46,341,0.6725838264299803,0.29322001401823633
416,2009-09-10,46,350,0.6903353057199211,0.270987014460698
417,2009-09-11,46,349,0.6883629191321499,0.17999899610902612
418,2009-09-14,46,353,0.6962524654832347,0.2563377350915088
419,2009-09-15,46,344,0.6785009861932939,0.28738109716370586
420,2009-09-16,46,351,0.6923076923076923,0.2635639218060722
421,2009-09-17,46,351,0.6923076923076923,0.20862355563653215
422,2009-09-18,46,353,0.6962524654832347,0.2073417576376875
423,2009-09-21,46,343,0.6765285996055227,0.2289980300251341
424,2009-09-22,46,353,0.6962524654832347,0.24008370093880785
425,2009-09-23,46,339,0.6686390532544378,0.22820297827428238
426,2009-09-24,46,341,0.6725838264299803,0.22002479380545817
427,2009-09-25,46,342,0.6745562130177515,0.23189124605694175
428,2009-09-28,46,346,0.6824457593688363,0.2328422049498829
429,2009-09-29,46,343,0.6765285996055227,0.28227498046837574
430,2009-09-30,46,342,0.6745562130177515,0.34557540668612374
431,2009-10-02,46,345,0.6804733727810651,0.30019360972905235
432,2009-10-05,46,346,0.6824457593688363,0.22088060075206797
433,2009-10-06,46,347,0.6844181459566075,0.20060588108573893
434,2009-10-07,46,346,0.6824457593688363,0.29545454545454547
435,2009-10-08,46,353,0.6962524654832347,0.25052954653525267
436,2009-10-09,46,350,0.6903353057199211,0.2353843655002391
437,2009-10-12,46,347,0.6844181459566075,0.19562792580761007
438,2009-10-13,46,350,0.6903353057199211,0.1798858094202815
439,2009-10-14,46,347,0.6844181459566075,0.20444022564596245
440,2009-10-15,46,332,0.6548323471400395,0.21088428077862076
441,2009-10-16,46,336,0.6627218934911243,0.3146030689143791
442,2009-10-19,46,346,0.6824457593688363,0.277532627812583
443,2009-10-20,46,336,0.6627218934911243,0.3020639078901712
444,2009-10-21,46,345,0.6804733727810651,0.2285868610616212
445,2009-10-22,46,338,0.6666666666666666,0.31053823342712866
446,2009-10-23,46,338,0.6666666666666666,0.24898077154382367
447,2009-10-27,46,339,0.6686390532544378,0.3213353330000555
448,2009-10-28,46,338,0.6666666666666666,0.22851077223929975
449,2009-10-29,46,342,0.6745562130177515,0.2346950579224294
450,2009-10-30,46,336,0.6627218934911243,0.29806162645032874
451,2009-11-02,46,341,0.6725838264299803,0.2581638925024747
452,2009-11-03,46,348,0.6863905325443787,0.22614940331892286
453,2009-11-04,46,344,0.6785009861932939,0.26692412324530634
454,2009-11-05,46,337,0.6646942800788954,0.31327487475576526
455,2009-11-06,46,342,0.6745562130177515,0.296687615588076
456,2009-11-09,46,340,0.6706114398422091,0.3033313516905918
457,2009-11-10,46,350,0.6903353057199211,0.20365844927248433
458,2009-11-11,46,334,0.6587771203155819,0.25128869791092456
459,2009-11-12,46,332,0.6548323471400395,0.26392425656180507
460,2009-11-13,46,333,0.6568047337278107,0.26103258119766093
461,2009-11-16,46,336,0.6627218934911243,0.3158457426841556
462,2009-11-17,46,329,0.6489151873767258,0.2540311056281723
463,2009-11-18,46,331,0.6528599605522682,0.22899878698238196
464,2009-11-19,46,316,0.6232741617357002,0.34506799377128694
465,2009-11-20,46,311,0.6134122287968442,0.31377205077332054
466,2009-11-23,46,317,0.6252465483234714,0.3806055824099619
467,2009-11-24,46,322,0.6351084812623274,0.25070819223756186
468,2009-11-25,46,317,0.6252465483234714,0.3925635397745293
469,2009-11-26,46,320,0.631163708086785,0.31540073959250753
470,2009-11-27,46,329,0.6489151873767258,0.3221392111432316
471,2009-11-30,46,335,0.6607495069033531,0.28492095100541237
472,2009-12-01,46,334,0.6587771203155819,0.24978465545555442
473,2009-12-02,46,343,0.6765285996055227,0.239766224542628
474,2009-12-03,46,340,0.6706114398422091,0.31106443253335914
475,2009-12-04,46,349,0.6883629191321499,0.29876333663145976
476,2009-12-07,46,357,0.7041420118343196,0.20429793850140235
477,2009-12-08,46,350,0.6903353057199211,0.2643873940182841
478,2009-12-09,46,356,0.7021696252465484,0.2754347011030014
479,2009-12-10,46,337,0.6646942800788954,0.2535536064648492
480,2009-12-11,46,337,0.6646942800788954,0.2779441381403916
481,2009-12-14,46,347,0.6844181459566075,0.3059241890505258
482,2009-12-15,46,342,0.6745562130177515,0.3129042808303009
483,2009-12-16,46,335,0.6607495069033531,0.26731905936192796
484,2009-12-17,46,336,0.6627218934911243,0.3391762201524497
485,2009-12-18,46,340,0.6706114398422091,0.2734333108161504
486,2009-12-21,46,341,0.6725838264299803,0.2572334580901604
487,2009-12-22,46,339,0.6686390532544378,0.2603168051829478
488,2009-12-23,46,336,0.6627218934911243,0.2512772891694923
489,2009-12-28,46,342,0.6745562130177515,0.2533875861994646
490,2009-12-29,46,344,0.6785009861932939,0.2938812449189331
491,2009-12-30,46,342,0.6745562130177515,0.248690339773336
492,2010-01-04,46,336,0.6627218934911243,0.24041644005904747
493,2010-01-05,46,341,0.6725838264299803,0.24762718418662374
494,2010-01-06,47,347,0.6673076923076923,0.22539996090770234
495,2010-01-07,47,355,0.6826923076923077,0.26440641555417554
496,2010-01-08,47,347,0.6673076923076923,0.33368533639101305
497,2010-01-11,47,346,0.6653846153846154,0.3552727806406671
498,2010-01-12,47,345,0.6634615384615384,0.2832652234397254
499,2010-01-13,47,341,0.6557692307692308,0.3083611363866141
500,2010-01-14,47,332,0.6384615384615384,0.3032952626249066
501,2010-01-15,48,336,0.6303939962476548,0.37214884626446315
502,2010-01-18,48,333,0.624765478424015,0.24891804640450077
503,2010-01-19,48,334,0.626641651031895,0.2552527673171288
504,2010-01-20,48,330,0.6191369606003753,0.2887253572152151
505,2010-01-21,48,340,0.6378986866791745,0.2940523320566796
506,2010-01-22,48,329,0.6172607879924953,0.33686878371343526
507,2010-01-25,48,336,0.6303939962476548,0.28032758045735295
508,2010-01-26,48,342,0.6416510318949343,0.315553006206138
509,2010-01-27,48,337,0.6322701688555347,0.23907353099773218
510,2010-01-28,48,342,0.6416510318949343,0.27275419244410626
511,2010-01-29,48,345,0.6472795497185742,0.32687028700590726
512,2010-02-01,48,345,0.6472795497185742,0.4161059582714052
513,2010-02-02,48,343,0.6435272045028143,0.35256672407892914
514,2010-02-03,48,345,0.6472795497185742,0.28362952003582587
515,2010-02-04,48,352,0.6604127579737336,0.2701997137183724
516,2010-02-05,48,359,0.6735459662288931,0.2993355677521278
517,2010-02-08,48,352,0.6604127579737336,0.2547187147742235
518,2010-02-09,48,342,0.6416510318949343,0.25958062183658714
519,2010-02-10,48,350,0.6566604127579737,0.24405227945897803
520,2010-02-11,48,341,0.6397748592870544,0.2344461565515032
521,2010-02-12,48,349,0.6547842401500938,0.2978181540093644
522,2010-02-17,48,349,0.6547842401500938,0.22541842837087628
523,2010-02-18,48,341,0.6397748592870544,0.30247329070090545
524,2010-02-19,48,351,0.6585365853658537,0.28311790116535723
525,2010-02-22,48,350,0.6566604127579737,0.25204358067196064
526,2010-02-23,48,361,0.6772983114446529,0.1944328390384238
527,2010-02-24,48,359,0.6735459662288931,0.24945887012310633
528,2010-02-25,48,361,0.6772983114446529,0.22738761433953386
529,2010-02-26,48,364,0.6829268292682927,0.2484294593330214
530,2010-03-01,48,367,0.6885553470919324,0.20171502429566945
531,2010-03-02,48,365,0.6848030018761726,0.21450665251506768
532,2010-03-03,48,369,0.6923076923076923,0.2634547077706232
533,2010-03-04,48,368,0.6904315196998124,0.30115400005661735
534,2010-03-05,48,363,0.6810506566604128,0.26804936452667444
535,2010-03-08,48,359,0.6735459662288931,0.24614053854932885
536,2010-03-09,48,350,0.6566604127579737,0.28111401218450827
537,2010-03-10,48,362,0.6791744840525328,0.24816757758846464
538,2010-03-11,48,348,0.6529080675422139,0.21903984838204518
539,2010-03-12,48,352,0.6604127579737336,0.22793575836384583
540,2010-03-15,48,343,0.6435272045028143,0.3202443280977312
541,2010-03-16,48,350,0.6566604127579737,0.32221530650850017
542,2010-03-17,48,353,0.6622889305816135,0.28984927501876656
543,2010-03-18,48,353,0.6622889305816135,0.29489648769309784
544,2010-03-19,48,350,0.6566604127579737,0.24263789211226788
545,2010-03-22,48,351,0.6585365853658537,0.27113199318618375
546,2010-03-23,48,339,0.6360225140712945,0.27941628819059605
547,2010-03-24,48,341,0.6397748592870544,0.260865464611185
548,2010-03-25,48,349,0.6547842401500938,0.2737286241326946
549,2010-03-26,48,353,0.6622889305816135,0.2497887501250254
550,2010-03-29,48,345,0.6472795497185742,0.2923684814599001
551,2010-03-30,48,353,0.6622889305816135,0.33204426079782157
552,2010-03-31,48,346,0.649155722326454,0.27411939963798876
553,2010-04-01,48,347,0.651031894934334,0.2603592540005168
554,2010-04-07,48,344,0.6454033771106942,0.25307554055945153
555,2010-04-08,48,332,0.6228893058161351,0.24032381160052335
556,2010-04-09,48,329,0.6172607879924953,0.2935717130031857
557,2010-04-12,48,333,0.624765478424015,0.35566290790009303
558,2010-04-13,48,320,0.600375234521576,0.33376175965963933
559,2010-04-14,48,319,0.5984990619136961,0.34868931703727896
560,2010-04-15,48,298,0.5590994371482176,0.36596225266053656
561,2010-04-16,48,316,0.5928705440900562,0.38323069007039157
562,2010-04-19,48,334,0.626641651031895,0.34455659620665235
563,2010-04-20,48,317,0.5947467166979362,0.3324465499747863
564,2010-04-21,48,323,0.6060037523452158,0.3729129721952688
565,2010-04-22,48,311,0.5834896810506567,0.3958721582179727
566,2010-04-23,48,326,0.6116322701688556,0.32624001690380533
567,2010-04-26,48,338,0.6341463414634146,0.2924639322045528
568,2010-04-27,48,346,0.649155722326454,0.31060572093402905
569,2010-04-28,48,347,0.651031894934334,0.29453350470079537
570,2010-04-29,48,348,0.6529080675422139,0.3176519422223768
571,2010-04-30,48,349,0.6547842401500938,0.3153863456097359
572,2010-05-03,48,348,0.6529080675422139,0.2893878654054291
573,2010-05-04,48,349,0.6547842401500938,0.3024017006099865
574,2010-05-05,48,362,0.6791744840525328,0.26291934129164907
575,2010-05-06,48,352,0.6604127579737336,0.330237142163998
576,2010-05-07,48,347,0.651031894934334,0.28582415803108807
577,2010-05-10,48,360,0.6754221388367729,0.2839227398541379
578,2010-05-11,48,356,0.6679174484052532,0.22633752710171923
579,2010-05-12,48,360,0.6754221388367729,0.26381574946792336
580,2010-05-13,48,354,0.6641651031894934,0.2332255505609489
581,2010-05-14,48,354,0.6641651031894934,0.2671871218308362
582,2010-05-17,48,359,0.6735459662288931,0.26918155041709885
583,2010-05-18,48,351,0.6585365853658537,0.33579403726970514
584,2010-05-19,48,353,0.6622889305816135,0.23831105644720185
585,2010-05-20,48,351,0.6585365853658537,0.22410889290270564
586,2010-05-24,48,342,0.6416510318949343,0.2896535966735728
587,2010-05-25,48,348,0.6529080675422139,0.28809260403844195
588,2010-05-26,48,359,0.6735459662288931,0.21362818293764585
589,2010-05-27,48,363,0.6810506566604128,0.24902886663000945
590,2010-05-28,48,364,0.6829268292682927,0.28661366441284675
591,2010-05-31,48,368,0.6904315196998124,0.23105776444111026
592,2010-06-01,48,372,0.6979362101313321,0.24019997226828346
593,2010-06-02,48,362,0.6791744840525328,0.28665084790287165
594,2010-06-03,48,373,0.699812382739212,0.2593825580721143
595,2010-06-04,48,371,0.6960600375234521,0.22453758901493273
596,2010-06-07,48,372,0.6979362101313321,0.17580886035416884
597,2010-06-08,48,375,0.7035647279549718,0.24517749843553494
598,2010-06-09,48,372,0.6979362101313321,0.23291928307192156
599,2010-06-10,48,359,0.6735459662288931,0.24030417903073814
600,2010-06-11,48,376,0.7054409005628518,0.2568021847433612
601,2010-06-14,48,359,0.6735459662288931,0.18736383442265794
602,2010-06-15,48,364,0.6829268292682927,0.2430830020781108
603,2010-06-17,48,359,0.6735459662288931,0.24087351453291084
604,2010-06-18,48,358,0.6716697936210131,0.2791760015188912
605,2010-06-21,48,366,0.6866791744840526,0.2477445652173913
606,2010-06-22,48,371,0.6960600375234521,0.23684561965811968
607,2010-06-23,48,367,0.6885553470919324,0.20418464351564483
608,2010-06-24,48,365,0.6848030018761726,0.2974254489515
609,2010-06-25,48,367,0.6885553470919324,0.29177133709699143
610,2010-06-28,48,353,0.6622889305816135,0.2516160763275877
611,2010-06-29,48,360,0.6754221388367729,0.26437081585108324
612,2010-06-30,48,348,0.6529080675422139,0.24202368777349614
613,2010-07-02,48,354,0.6641651031894934,0.29015539209487434
614,2010-07-05,48,343,0.6435272045028143,0.33301190801874736
615,2010-07-06,48,355,0.6660412757973734,0.34269084573962616
616,2010-07-07,48,354,0.6641651031894934,0.24799004302920752
617,2010-07-08,48,349,0.6547842401500938,0.25999419785320566
618,2010-07-09,48,351,0.6585365853658537,0.2573043427236712
619,2010-07-12,48,367,0.6885553470919324,0.2552235435711673
620,2010-07-13,48,342,0.6416510318949343,0.271566551607494
621,2010-07-14,48,347,0.651031894934334,0.28081510839987434
622,2010-07-15,48,358,0.6716697936210131,0.2930114856570549
623,2010-07-16,48,348,0.6529080675422139,0.28221358902644667
624,2010-07-19,48,343,0.6435272045028143,0.27348186981214506
625,2010-07-20,48,338,0.6341463414634146,0.3327932006831089
626,2010-07-21,48,345,0.6472795497185742,0.28995079643065635
627,2010-07-22,48,338,0.6341463414634146,0.3224031173227015
628,2010-07-23,48,348,0.6529080675422139,0.2796207136179566
629,2010-07-26,48,347,0.651031894934334,0.2890421519726841
630,2010-07-27,48,344,0.6454033771106942,0.30099212461307256
631,2010-07-28,48,339,0.6360225140712945,0.3531013522095747
632,2010-07-29,48,330,0.6191369606003753,0.3606023039575023
633,2010-07-30,48,331,0.6210131332082551,0.3081186285705614
634,2010-08-02,48,334,0.626641651031895,0.32865563752038035
635,2010-08-03,48,325,0.6097560975609756,0.3311838614941425
636,2010-08-04,48,319,0.5984990619136961,0.27133382503066816
637,2010-08-05,48,321,0.6022514071294559,0.3418385372543507
638,2010-08-06,48,320,0.600375234521576,0.3156530056046626
639,2010-08-09,48,334,0.626641651031895,0.32279107772118887
640,2010-08-10,48,327,0.6135084427767354,0.3793147239485406
641,2010-08-11,48,325,0.6097560975609756,0.28287734054997393
642,2010-08-12,48,326,0.6116322701688556,0.22122397885642886
643,2010-08-13,48,328,0.6153846153846154,0.2768273075813167
644,2010-08-16,48,327,0.6135084427767354,0.32859896381556464
645,2010-08-17,48,312,0.5853658536585366,0.31118923450495584
646,2010-08-18,48,308,0.5778611632270169,0.31039516597032124
647,2010-08-19,48,308,0.5778611632270169,0.3450118169337756
648,2010-08-20,48,300,0.5628517823639775,0.3254093008078328
649,2010-08-23,48,304,0.5703564727954972,0.4093984105325988
650,2010-08-24,48,299,0.5609756097560976,0.38494352339696136
651,2010-08-25,48,294,0.551594746716698,0.48805905340859757
652,2010-08-26,48,295,0.5534709193245778,0.4178778823211445
653,2010-08-27,48,297,0.5572232645403377,0.4465547282092532
654,2010-08-30,48,301,0.5647279549718575,0.48511626448614736
655,2010-08-31,48,294,0.551594746716698,0.5117639658734818
656,2010-09-01,48,288,0.5403377110694184,0.4932990305696359
657,2010-09-02,48,291,0.5459662288930581,0.4510676638157498
658,2010-09-03,48,273,0.5121951219512195,0.48044710658115075
659,2010-09-06,48,295,0.5534709193245778,0.49584896636928316
660,2010-09-07,48,288,0.5403377110694184,0.45606689338158113
661,2010-09-08,48,305,0.5722326454033771,0.48173976269954055
662,2010-09-09,48,312,0.5853658536585366,0.34143946088085936
663,2010-09-10,48,307,0.575984990619137,0.30227701263752693
664,2010-09-13,48,303,0.5684803001876173,0.4053251090653215
665,2010-09-14,48,306,0.574108818011257,0.4773083762511116
666,2010-09-15,48,310,0.5816135084427767,0.3582922432836585
667,2010-09-16,48,301,0.5647279549718575,0.34090162995762874
668,2010-09-17,48,312,0.5853658536585366,0.32517508404789786
669,2010-09-20,48,307,0.575984990619137,0.3237875260718599
670,2010-09-21,48,294,0.551594746716698,0.31445993031358876
671,2010-09-22,48,292,0.5478424015009381,0.362187705282787
672,2010-09-24,48,293,0.549718574108818,0.3460524355784012
673,2010-09-27,48,303,0.5684803001876173,0.383299344649788
674,2010-09-28,48,305,0.5722326454033771,0.36518353369982903
675,2010-09-29,48,320,0.600375234521576,0.4263110551831385
676,2010-09-30,48,307,0.575984990619137,0.42322179332446663
677,2010-10-04,48,318,0.5966228893058161,0.3686980175512995
678,2010-10-05,48,313,0.5872420262664165,0.34958698506733443
679,2010-10-06,48,310,0.5816135084427767,0.3027743995135299
680,2010-10-07,48,312,0.5853658536585366,0.41407390545564915
681,2010-10-08,48,307,0.575984990619137,0.40358509511686896
682,2010-10-11,48,319,0.5984990619136961,0.3551071099486628
683,2010-10-12,48,319,0.5984990619136961,0.2800492334810465
684,2010-10-13,48,306,0.574108818011257,0.40168008065171473
685,2010-10-14,48,308,0.5778611632270169,0.40704962213301676
686,2010-10-15,48,321,0.6022514071294559,0.34609263995453254
687,2010-10-18,48,326,0.6116322701688556,0.3018750017753009
688,2010-10-19,48,323,0.6060037523452158,0.2998696219035202
689,2010-10-20,48,316,0.5928705440900562,0.34847086513435777
690,2010-10-21,48,311,0.5834896810506567,0.37317467667198323
691,2010-10-22,48,312,0.5853658536585366,0.38042803053129015
692,2010-10-25,48,308,0.5778611632270169,0.3180316224012055
693,2010-10-26,48,314,0.5891181988742964,0.3082355222484573
694,2010-10-27,48,309,0.5797373358348968,0.4192611231407544
695,2010-10-28,48,313,0.5872420262664165,0.3677974287427166
696,2010-10-29,48,310,0.5816135084427767,0.34509818279451787
697,2010-11-01,48,317,0.5947467166979362,0.3071786970092054
698,2010-11-02,48,305,0.5722326454033771,0.33826168965249326
699,2010-11-03,48,311,0.5834896810506567,0.3475134116282441
700,2010-11-04,48,310,0.5816135084427767,0.3647409543333221
701,2010-11-05,48,314,0.5891181988742964,0.3339708058112281
702,2010-11-08,48,329,0.6172607879924953,0.2872641211643854
703,2010-11-09,48,323,0.6060037523452158,0.3377094626575352
704,2010-11-10,48,323,0.6060037523452158,0.26129240875772153
705,2010-11-11,48,319,0.5984990619136961,0.422683346031055
706,2010-11-12,48,324,0.6078799249530957,0.27213390437475804
707,2010-11-15,48,321,0.6022514071294559,0.3448356309650053
708,2010-11-16,48,326,0.6116322701688556,0.31900888265544647
709,2010-11-17,48,346,0.649155722326454,0.32631148652756925
710,2010-11-18,48,343,0.6435272045028143,0.24419488302174056
711,2010-11-19,48,343,0.6435272045028143,0.2672205971804781
712,2010-11-22,48,337,0.6322701688555347,0.30861754786771106
713,2010-11-23,48,349,0.6547842401500938,0.2625921417614292
714,2010-11-24,48,349,0.6547842401500938,0.24202351723473908
715,2010-11-25,48,347,0.651031894934334,0.32315555312104394
716,2010-11-26,48,350,0.6566604127579737,0.3547587249054214
717,2010-11-29,48,349,0.6547842401500938,0.27452448179512434
718,2010-11-30,48,347,0.651031894934334,0.29176728454547174
719,2010-12-01,48,349,0.6547842401500938,0.2750202444469671
720,2010-12-02,48,357,0.6697936210131332,0.24817183226603573
721,2010-12-03,48,354,0.6641651031894934,0.22940922827852853
722,2010-12-06,48,346,0.649155722326454,0.28112186975032094
723,2010-12-07,48,362,0.6791744840525328,0.30352456133804195
724,2010-12-08,48,356,0.6679174484052532,0.26905934009957205
725,2010-12-09,48,344,0.6454033771106942,0.3103952364554032
726,2010-12-10,49,368,0.673992673992674,0.25812825566146247
727,2010-12-13,49,362,0.663003663003663,0.3194384563759326
728,2010-12-14,49,369,0.6758241758241759,0.2681773711682004
729,2010-12-15,49,365,0.6684981684981685,0.21458638066139418
730,2010-12-16,49,360,0.6593406593406593,0.2587271075752988
731,2010-12-17,49,352,0.6446886446886447,0.27038835489936164
732,2010-12-20,49,366,0.6703296703296703,0.33814156891992675
733,2010-12-21,49,365,0.6684981684981685,0.2763348465685208
734,2010-12-22,49,357,0.6538461538461539,0.2724211014499155
735,2010-12-23,49,362,0.663003663003663,0.25354760834259027
736,2010-12-28,49,363,0.6648351648351648,0.2253287123333276
737,2010-12-29,49,369,0.6758241758241759,0.25140931211709183
738,2010-12-30,49,359,0.6575091575091575,0.2761506276150628
739,2011-01-03,49,367,0.6721611721611722,0.2972698744769875
740,2011-01-04,49,373,0.6831501831501832,0.227337807606264
741,2011-01-05,49,375,0.6868131868131868,0.24651803550986506
742,2011-01-06,49,373,0.6831501831501832,0.24930898852104705
743,2011-01-07,49,365,0.6684981684981685,0.28956972089188654
744,2011-01-10,49,371,0.6794871794871795,0.2446511613335647
745,2011-01-11,49,365,0.6684981684981685,0.3073950285614989
746,2011-01-12,49,359,0.6575091575091575,0.28113284669121896
747,2011-01-13,49,353,0.6465201465201466,0.25262804130640737
748,2011-01-14,49,357,0.6538461538461539,0.2376377722795695
749,2011-01-17,49,361,0.6611721611721612,0.2468008373160034
750,2011-01-18,49,358,0.6556776556776557,0.239867730955027
751,2011-01-19,49,350,0.6410256410256411,0.3326110894043263
752,2011-01-20,49,354,0.6483516483516484,0.23030552408027677
753,2011-01-21,49,356,0.652014652014652,0.28529754898763887
754,2011-01-24,49,346,0.6336996336996337,0.2948677586211658
755,2011-01-25,49,347,0.6355311355311355,0.3185569635628089
756,2011-01-26,49,351,0.6428571428571429,0.2941039105038561
757,2011-01-27,49,344,0.63003663003663,0.3061068197595619
758,2011-01-28,49,345,0.6318681318681318,0.3213679541900623
759,2011-01-31,49,344,0.63003663003663,0.3733274105232622
760,2011-02-01,49,326,0.5970695970695971,0.3532790327637097
761,2011-02-07,49,337,0.6172161172161172,0.3337107892802511
762,2011-02-08,49,330,0.6043956043956044,0.3605643085939304
763,2011-02-09,49,328,0.6007326007326007,0.2763391574329107
764,2011-02-10,49,336,0.6153846153846154,0.3414191073919107
765,2011-02-11,49,333,0.6098901098901099,0.30623871057385027
766,2011-02-14,49,333,0.6098901098901099,0.38585076143242386
767,2011-02-15,49,323,0.5915750915750916,0.3136274918130517
768,2011-02-16,49,324,0.5934065934065934,0.40088130997079685
769,2011-02-17,49,327,0.5989010989010989,0.37807523968320134
770,2011-02-18,49,323,0.5915750915750916,0.38043873362123387
771,2011-02-21,49,315,0.5769230769230769,0.41692571491401126
772,2011-02-22,49,317,0.5805860805860806,0.31315098536396374
773,2011-02-23,49,321,0.5879120879120879,0.3062535338685966
774,2011-02-24,49,323,0.5915750915750916,0.3469112110820985
775,2011-02-25,49,326,0.5970695970695971,0.29695658823272375
776,2011-02-28,49,330,0.6043956043956044,0.3671733853599912
777,2011-03-01,49,340,0.6227106227106227,0.3375556670693987
778,2011-03-02,49,345,0.6318681318681318,0.32265876900928414
779,2011-03-03,49,350,0.6410256410256411,0.2710796854186176
780,2011-03-04,49,353,0.6465201465201466,0.24425102316650088
781,2011-03-07,49,348,0.6373626373626373,0.25263502484852995
782,2011-03-08,49,350,0.6410256410256411,0.24132007510121822
783,2011-03-09,49,341,0.6245421245421245,0.3194708456974845
784,2011-03-10,49,352,0.6446886446886447,0.3265984008090768
785,2011-03-11,49,356,0.652014652014652,0.2559788082831696
786,2011-03-14,49,363,0.6648351648351648,0.24849510653690227
787,2011-03-15,49,364,0.6666666666666666,0.2642906273757376
788,2011-03-16,49,369,0.6758241758241759,0.28226097794476257
789,2011-03-17,49,375,0.6868131868131868,0.30703108411859753
790,2011-03-18,49,360,0.6593406593406593,0.313295478646891
791,2011-03-21,49,368,0.673992673992674,0.20979218160053498
792,2011-03-22,49,366,0.6703296703296703,0.30818523153942434
793,2011-03-23,49,370,0.6776556776556777,0.26053682896379526
794,2011-03-24,49,372,0.6813186813186813,0.23128763658559381
795,2011-03-25,49,359,0.6575091575091575,0.2849021351004289
796,2011-03-28,49,364,0.6666666666666666,0.3231828599062257
797,2011-03-29,49,358,0.6556776556776557,0.28093136265220453
798,2011-03-30,49,357,0.6538461538461539,0.30471343279408264
799,2011-03-31,49,358,0.6556776556776557,0.2989554667538282
800,2011-04-01,49,357,0.6538461538461539,0.24007887723060162
801,2011-04-04,49,360,0.6593406593406593,0.2659203763850238
802,2011-04-06,49,353,0.6465201465201466,0.25023164388249214
803,2011-04-07,49,357,0.6538461538461539,0.2816045093374156
804,2011-04-08,49,347,0.6355311355311355,0.3241657099096296
805,2011-04-11,49,347,0.6355311355311355,0.27294810852290463
806,2011-04-12,49,349,0.6391941391941391,0.32728129561809904
807,2011-04-13,49,357,0.6538461538461539,0.28898882392876307
808,2011-04-14,49,350,0.6410256410256411,0.23155047964792375
809,2011-04-15,49,356,0.652014652014652,0.24772294737888814
810,2011-04-18,49,338,0.6190476190476191,0.29814972465465045
811,2011-04-19,49,353,0.6465201465201466,0.31721761958427575
812,2011-04-20,49,352,0.6446886446886447,0.3162398264780212
813,2011-04-21,49,360,0.6593406593406593,0.35209221340019503
814,2011-04-26,49,355,0.6501831501831502,0.31543707269429333
815,2011-04-27,49,346,0.6336996336996337,0.2927812448733776
816,2011-04-28,49,357,0.6538461538461539,0.3016929506973653
817,2011-04-29,49,347,0.6355311355311355,0.27733600631456895
818,2011-05-03,49,347,0.6355311355311355,0.32206809145992116
819,2011-05-04,49,356,0.652014652014652,0.30951051262646034
820,2011-05-05,49,356,0.652014652014652,0.3791447883164753
821,2011-05-06,49,342,0.6263736263736264,0.3287577643909677
822,2011-05-09,49,344,0.63003663003663,0.3601012480977627
823,2011-05-11,49,355,0.6501831501831502,0.2519325677610564
824,2011-05-12,49,343,0.6282051282051282,0.2653730188433283
825,2011-05-13,49,355,0.6501831501831502,0.35642598775737344
826,2011-05-16,49,354,0.6483516483516484,0.2774331126741139
827,2011-05-17,49,359,0.6575091575091575,0.34042021265651906
828,2011-05-18,49,359,0.6575091575091575,0.28367547926788694
829,2011-05-19,49,360,0.6593406593406593,0.33433899213442414
830,2011-05-20,49,355,0.6501831501831502,0.31375885484472316
831,2011-05-23,49,355,0.6501831501831502,0.2854703076044863
832,2011-05-24,49,353,0.6465201465201466,0.2559292680608646
833,2011-05-25,49,354,0.6483516483516484,0.2724306679878497
834,2011-05-26,49,360,0.6593406593406593,0.2667885065536942
835,2011-05-27,49,358,0.6556776556776557,0.23216418144827802
836,2011-05-30,49,348,0.6373626373626373,0.22586355519980295
837,2011-05-31,49,361,0.6611721611721612,0.259494736369554
838,2011-06-01,49,359,0.6575091575091575,0.3529712821443783
839,2011-06-02,49,374,0.684981684981685,0.2588726513569938
840,2011-06-03,49,368,0.673992673992674,0.3168047137402254
841,2011-06-07,49,372,0.6813186813186813,0.24212323970894709
842,2011-06-08,49,361,0.6611721611721612,0.22167319078074227
843,2011-06-09,49,358,0.6556776556776557,0.25359198726713084
844,2011-06-10,49,361,0.6611721611721612,0.245959407855868
845,2011-06-13,49,346,0.6336996336996337,0.30887397128090494
846,2011-06-14,49,352,0.6446886446886447,0.3297444840397301
847,2011-06-15,49,362,0.663003663003663,0.25060831226244185
848,2011-06-16,49,359,0.6575091575091575,0.3251354731137974
849,2011-06-17,49,361,0.6611721611721612,0.253391084436278
850,2011-06-20,49,369,0.6758241758241759,0.21127937709336816
851,2011-06-21,49,362,0.663003663003663,0.2387312186978297
852,2011-06-22,49,356,0.652014652014652,0.26295812971430843
853,2011-06-23,49,366,0.6703296703296703,0.25512933910098046
854,2011-06-24,49,353,0.6465201465201466,0.3210751401009792
855,2011-06-27,49,355,0.6501831501831502,0.3094228500010473
856,2011-06-28,49,339,0.6208791208791209,0.35822091462623334
857,2011-06-29,49,335,0.6135531135531136,0.35418033189441
858,2011-06-30,49,340,0.6227106227106227,0.34698667888781703
859,2011-07-04,49,355,0.6501831501831502,0.27729327783686314
860,2011-07-05,49,343,0.6282051282051282,0.21516009985032972
861,2011-07-06,49,352,0.6446886446886447,0.2942991765326678
862,2011-07-07,49,345,0.6318681318681318,0.28910959665939534
863,2011-07-08,49,357,0.6538461538461539,0.3213608788291811
864,2011-07-11,49,351,0.6428571428571429,0.29366787484507306
865,2011-07-12,49,357,0.6538461538461539,0.3317536866458224
866,2011-07-13,49,356,0.652014652014652,0.340689670996869
867,2011-07-14,49,351,0.6428571428571429,0.27580200571889457
868,2011-07-15,49,345,0.6318681318681318,0.25484746644733336
869,2011-07-18,49,342,0.6263736263736264,0.29561586638830895
870,2011-07-19,49,342,0.6263736263736264,0.3238013280175393
871,2011-07-20,49,339,0.6208791208791209,0.2304073070925883
872,2011-07-21,49,337,0.6172161172161172,0.3107745538191854
873,2011-07-22,49,352,0.6446886446886447,0.2802895727482056
874,2011-07-25,49,346,0.6336996336996337,0.2721549779490588
875,2011-07-26,49,360,0.6593406593406593,0.2589159204415561
876,2011-07-27,49,358,0.6556776556776557,0.24434902269250958
877,2011-07-28,49,348,0.6373626373626373,0.23818450223181134
878,2011-07-29,49,348,0.6373626373626373,0.2923209472243172
879,2011-08-01,49,342,0.6263736263736264,0.334394407460788
880,2011-08-02,49,361,0.6611721611721612,0.2803659421459418
881,2011-08-03,49,361,0.6611721611721612,0.26284266850945526
882,2011-08-04,49,355,0.6501831501831502,0.28635866608263855
883,2011-08-05,49,362,0.663003663003663,0.40100071656073416
884,2011-08-08,49,369,0.6758241758241759,0.3018377847020252
885,2011-08-09,49,379,0.6941391941391941,0.1879152813422406
886,2011-08-10,49,375,0.6868131868131868,0.24817865903907954
887,2011-08-11,49,378,0.6923076923076923,0.23897060755227334
888,2011-08-12,49,360,0.6593406593406593,0.21031680619513407
889,2011-08-15,49,360,0.6593406593406593,0.24273393756785439
890,2011-08-16,49,371,0.6794871794871795,0.2729868843956528
891,2011-08-17,49,362,0.663003663003663,0.3084028133384103
892,2011-08-18,49,368,0.673992673992674,0.3420826875498751
893,2011-08-19,49,365,0.6684981684981685,0.24637555406620648
894,2011-08-22,49,356,0.652014652014652,0.24240225225130752
895,2011-08-23,49,366,0.6703296703296703,0.3154808605525045
896,2011-08-24,49,358,0.6556776556776557,0.30812737670911833
897,2011-08-25,49,360,0.6593406593406593,0.2495952098552255
898,2011-08-26,49,367,0.6721611721611722,0.2265678034673577
899,2011-08-29,49,368,0.673992673992674,0.2922134227715591
900,2011-08-30,49,375,0.6868131868131868,0.23521832875718618
901,2011-08-31,49,377,0.6904761904761905,0.2060168652527484
902,2011-09-01,49,372,0.6813186813186813,0.2380478243471616
903,2011-09-02,49,368,0.673992673992674,0.22498062314576076
904,2011-09-05,49,378,0.6923076923076923,0.24452030713046238
905,2011-09-06,49,374,0.684981684981685,0.2850790637432161
906,2011-09-07,49,380,0.6959706959706959,0.2420907888702811
907,2011-09-08,49,376,0.6886446886446886,0.30874509454855387
908,2011-09-09,49,368,0.673992673992674,0.2953698816547938
909,2011-09-12,49,368,0.673992673992674,0.22144228178411607
910,2011-09-14,49,358,0.6556776556776557,0.28169763986277313
911,2011-09-15,49,362,0.663003663003663,0.2663351570215322
912,2011-09-16,49,374,0.684981684981685,0.28632450270562626
913,2011-09-19,49,364,0.6666666666666666,0.19756904064676126
914,2011-09-20,49,366,0.6703296703296703,0.18995364862741576
915,2011-09-21,49,359,0.6575091575091575,0.25248747559865103
916,2011-09-22,49,371,0.6794871794871795,0.18691183388410584
917,2011-09-23,49,379,0.6941391941391941,0.2051440709032152
918,2011-09-26,49,377,0.6904761904761905,0.23412200379278292
919,2011-09-27,49,373,0.6831501831501832,0.24648940317037413
920,2011-09-28,49,375,0.6868131868131868,0.24796788771154984
921,2011-09-30,49,378,0.6923076923076923,0.3024596152852111
922,2011-10-03,49,372,0.6813186813186813,0.26570302547826646
923,2011-10-04,49,377,0.6904761904761905,0.25387432006560773
924,2011-10-06,49,390,0.7142857142857143,0.2556775077687994
925,2011-10-07,49,396,0.7252747252747253,0.2291868878341497
926,2011-10-10,49,378,0.6923076923076923,0.2319341152561974
927,2011-10-11,49,381,0.6978021978021978,0.25429179961836595
928,2011-10-12,49,383,0.7014652014652014,0.2522814361281186
929,2011-10-13,49,382,0.6996336996336996,0.2448227917347015
930,2011-10-14,49,385,0.7051282051282052,0.2657401322444583
931,2011-10-17,49,386,0.706959706959707,0.25417006710033024
932,2011-10-18,49,387,0.7087912087912088,0.24359512809743808
933,2011-10-19,49,389,0.7124542124542125,0.20941467742788603
934,2011-10-20,49,385,0.7051282051282052,0.2546420262499451
935,2011-10-21,49,384,0.7032967032967034,0.2073417937262331
936,2011-10-24,49,376,0.6886446886446886,0.2056630208804122
937,2011-10-25,49,391,0.7161172161172161,0.28581894886696557
938,2011-10-26,49,394,0.7216117216117216,0.21337824697390567
939,2011-10-27,49,399,0.7307692307692307,0.17278797996661102
940,2011-10-28,49,391,0.7161172161172161,0.1814174102871188
941,2011-10-31,49,394,0.7216117216117216,0.20930867123334956
942,2011-11-01,49,392,0.717948717948718,0.1972122511448354
943,2011-11-02,49,389,0.7124542124542125,0.2141877448389269
944,2011-11-03,49,399,0.7307692307692307,0.18830050418602884
945,2011-11-04,49,398,0.7289377289377289,0.2286902286902287
946,2011-11-07,49,406,0.7435897435897436,0.21333252314463175
947,2011-11-08,49,395,0.7234432234432234,0.19798593837917997
948,2011-11-09,49,398,0.7289377289377289,0.20330273377543595
949,2011-11-10,49,398,0.7289377289377289,0.1868198315538387
950,2011-11-11,49,395,0.7234432234432234,0.22493031169677444
951,2011-11-14,49,389,0.7124542124542125,0.15861498126081916
952,2011-11-15,49,390,0.7142857142857143,0.22302648589704674
953,2011-11-16,49,396,0.7252747252747253,0.20918837686667252
954,2011-11-17,49,396,0.7252747252747253,0.21054080571910677
955,2011-11-18,49,388,0.7106227106227107,0.18202332880521488
956,2011-11-21,49,390,0.7142857142857143,0.18160791264964277
957,2011-11-22,49,383,0.7014652014652014,0.18752431148651355
958,2011-11-23,49,390,0.7142857142857143,0.23180927525685022
959,2011-11-24,49,384,0.7032967032967034,0.21794007758827666
960,2011-11-25,49,387,0.7087912087912088,0.2356781364093895
961,2011-11-28,49,375,0.6868131868131868,0.20366905385005143
962,2011-11-29,49,377,0.6904761904761905,0.29163132860783525
963,2011-11-30,49,386,0.706959706959707,0.2566804407713499
964,2011-12-01,49,385,0.7051282051282052,0.24914111065064237
965,2011-12-02,49,383,0.7014652014652014,0.23782290371598283
966,2011-12-05,49,381,0.6978021978021978,0.20804842294415282
967,2011-12-06,49,376,0.6886446886446886,0.2204076761388408
968,2011-12-07,49,370,0.6776556776556777,0.20363878359037885
969,2011-12-08,49,373,0.6831501831501832,0.20108780205703186
970,2011-12-09,49,367,0.6721611721611722,0.2886625176189661
971,2011-12-12,49,366,0.6703296703296703,0.25621902040115896
972,2011-12-13,49,375,0.6868131868131868,0.24060304731801707
973,2011-12-14,49,370,0.6776556776556777,0.25614897902129824
974,2011-12-15,49,375,0.6868131868131868,0.2577014724666058
975,2011-12-16,49,371,0.6794871794871795,0.1593907551655086
976,2011-12-19,49,381,0.6978021978021978,0.26684892345667155
977,2011-12-20,49,378,0.6923076923076923,0.22190512277976746
978,2011-12-21,49,379,0.6941391941391941,0.2778593344559777
979,2011-12-22,49,378,0.6923076923076923,0.26106755900481254
980,2011-12-23,49,388,0.7106227106227107,0.21457219847660727
981,2011-12-28,49,381,0.6978021978021978,0.3203609336962384
982,2011-12-29,49,378,0.6923076923076923,0.28024502084040537
983,2011-12-30,49,377,0.6904761904761905,0.2507205052521316
984,2012-01-03,49,382,0.6996336996336996,0.22366062751631266
985,2012-01-04,49,375,0.6868131868131868,0.15078848560700875
986,2012-01-05,49,375,0.6868131868131868,0.2341703562396791
987,2012-01-06,49,379,0.6941391941391941,0.26499039213596853
988,2012-01-09,49,371,0.6794871794871795,0.24902583608994147
989,2012-01-10,49,382,0.6996336996336996,0.2672384456389243
990,2012-01-11,49,383,0.7014652014652014,0.22794397262010396
991,2012-01-12,49,380,0.6959706959706959,0.2536027348560396
992,2012-01-13,49,371,0.6794871794871795,0.22739004546228728
993,2012-01-16,49,367,0.6721611721611722,0.28850461729839977
994,2012-01-17,49,364,0.6666666666666666,0.24857322201646648
995,2012-01-18,49,374,0.684981684981685,0.19070060332416194
996,2012-01-19,49,361,0.6611721611721612,0.2799699470437828
997,2012-01-20,49,364,0.6666666666666666,0.27533715236154294
998,2012-01-26,49,367,0.6721611721611722,0.30985901702174684
999,2012-01-27,49,368,0.673992673992674,0.3145751336816354
1000,2012-01-30,49,365,0.6684981684981685,0.192441326122514
1001,2012-01-31,49,359,0.6575091575091575,0.27456673881323296
1002,2012-02-01,49,355,0.6501831501831502,0.3018353893781603
1003,2012-02-02,49,359,0.6575091575091575,0.2396566819224816
1004,2012-02-03,49,363,0.6648351648351648,0.2490618843071868
1005,2012-02-06,49,351,0.6428571428571429,0.2779970397006691
1006,2012-02-07,49,340,0.6227106227106227,0.19895065682109878
1007,2012-02-08,49,349,0.6391941391941391,0.26214008463232524
1008,2012-02-09,49,345,0.6318681318681318,0.28515498414720625
1009,2012-02-10,49,340,0.6227106227106227,0.31162716846887395
1010,2012-02-13,49,345,0.6318681318681318,0.308698385834621
1011,2012-02-14,49,348,0.6373626373626373,0.2835229794169089
1012,2012-02-15,49,345,0.6318681318681318,0.31735183067808
1013,2012-02-16,49,350,0.6410256410256411,0.3031525152392094
1014,2012-02-17,49,346,0.6336996336996337,0.25988171269056026
1015,2012-02-20,49,355,0.6501831501831502,0.2557841125329861
1016,2012-02-21,49,355,0.6501831501831502,0.2689335233323958
1017,2012-02-22,49,337,0.6172161172161172,0.36416178927216025
1018,2012-02-23,49,344,0.63003663003663,0.27937185096481193
1019,2012-02-24,49,332,0.608058608058608,0.31738987353674014
1020,2012-02-27,49,344,0.63003663003663,0.31880701298107933
1021,2012-02-28,49,340,0.6227106227106227,0.29044957945876393
1022,2012-02-29,49,340,0.6227106227106227,0.31550157979929
1023,2012-03-01,49,335,0.6135531135531136,0.2986545361888411
1024,2012-03-02,49,342,0.6263736263736264,0.3060341472957084
1025,2012-03-05,49,336,0.6153846153846154,0.3528078603093474
1026,2012-03-06,49,342,0.6263736263736264,0.3438468609834917
1027,2012-03-07,49,348,0.6373626373626373,0.27899917577946587
1028,2012-03-08,49,344,0.63003663003663,0.2825430708550549
1029,2012-03-09,49,352,0.6446886446886447,0.2690557094245262
1030,2012-03-12,49,345,0.6318681318681318,0.3032281048530747
1031,2012-03-13,49,357,0.6538461538461539,0.32967948338130637
1032,2012-03-14,49,348,0.6373626373626373,0.3216571315950624
1033,2012-03-15,49,352,0.6446886446886447,0.27881934847397905
1034,2012-03-16,49,353,0.6465201465201466,0.27113157492498813
1035,2012-03-20,49,348,0.6373626373626373,0.2952998253990001
1036,2012-03-21,49,352,0.6446886446886447,0.2851602276653139
1037,2012-03-22,49,338,0.6190476190476191,0.3292471431638924
1038,2012-03-23,49,346,0.6336996336996337,0.3111165293472654
1039,2012-03-26,49,345,0.6318681318681318,0.28795835970589134
1040,2012-03-27,49,349,0.6391941391941391,0.2652340237716225
1041,2012-03-28,49,349,0.6391941391941391,0.33602864518799275
1042,2012-03-29,49,344,0.63003663003663,0.28659491403207304
1043,2012-03-30,49,340,0.6227106227106227,0.36585896022456266
1044,2012-04-02,49,343,0.6282051282051282,0.27932760124826933
1045,2012-04-03,49,347,0.6355311355311355,0.29269291149775895
1046,2012-04-05,49,350,0.6410256410256411,0.30384961556798545
1047,2012-04-10,49,353,0.6465201465201466,0.2752676705542649
1048,2012-04-11,49,365,0.6684981684981685,0.3759161749161603
1049,2012-04-12,49,362,0.663003663003663,0.19832600015365418
1050,2012-04-13,49,363,0.6648351648351648,0.27288841454509716
1051,2012-04-16,49,366,0.6703296703296703,0.3555477679702876
1052,2012-04-17,49,359,0.6575091575091575,0.2245855766258363
1053,2012-04-18,49,350,0.6410256410256411,0.2439567811526328
1054,2012-04-19,49,356,0.652014652014652,0.27181407764866505
1055,2012-04-20,49,354,0.6483516483516484,0.30300920836029777
1056,2012-04-23,49,350,0.6410256410256411,0.24750540289998002
1057,2012-04-24,49,355,0.6501831501831502,0.32228158972921944
1058,2012-04-25,49,342,0.6263736263736264,0.3461413898560304
1059,2012-04-26,49,353,0.6465201465201466,0.3852571101697923
1060,2012-04-27,49,353,0.6465201465201466,0.30710805905960453
1061,2012-04-30,49,354,0.6483516483516484,0.3384688363222577
1062,2012-05-02,49,349,0.6391941391941391,0.2575358392501581
1063,2012-05-03,49,353,0.6465201465201466,0.29164913074157595
1064,2012-05-04,49,359,0.6575091575091575,0.27516824149961666
1065,2012-05-07,49,365,0.6684981684981685,0.25464737587388486
1066,2012-05-08,49,364,0.6666666666666666,0.26200330477206996
1067,2012-05-09,49,370,0.6776556776556777,0.24851892783017512
1068,2012-05-10,49,372,0.6813186813186813,0.24235639063737416
1069,2012-05-11,49,365,0.6684981684981685,0.19110222138224783
1070,2012-05-14,49,369,0.6758241758241759,0.2533474370994106
1071,2012-05-15,49,362,0.663003663003663,0.2502027511367144
1072,2012-05-16,49,374,0.684981684981685,0.2456468652120826
1073,2012-05-17,49,364,0.6666666666666666,0.23071077541033574
1074,2012-05-18,49,358,0.6556776556776557,0.27623803578859757
1075,2012-05-21,49,365,0.6684981684981685,0.3233595387840671
1076,2012-05-22,49,369,0.6758241758241759,0.29532609871039534
1077,2012-05-23,49,366,0.6703296703296703,0.22295480044712374
1078,2012-05-24,49,361,0.6611721611721612,0.23859697835453547
1079,2012-05-25,49,362,0.663003663003663,0.26201764269536437
1080,2012-05-28,49,350,0.6410256410256411,0.24383988733174894
1081,2012-05-29,49,364,0.6666666666666666,0.2664069539295849
1082,2012-05-30,49,362,0.663003663003663,0.24071953167913496
1083,2012-05-31,49,360,0.6593406593406593,0.34154244055838806
1084,2012-06-01,49,361,0.6611721611721612,0.29397369939199763
1085,2012-06-04,49,368,0.673992673992674,0.28703415233428
1086,2012-06-05,49,355,0.6501831501831502,0.21203958518370428
1087,2012-06-06,49,367,0.6721611721611722,0.29446053443940257
1088,2012-06-07,49,366,0.6703296703296703,0.2586509792634896
1089,2012-06-08,49,362,0.663003663003663,0.2854506052867676
1090,2012-06-11,49,372,0.6813186813186813,0.26973647908446174
1091,2012-06-12,49,360,0.6593406593406593,0.26325134189359317
1092,2012-06-13,49,363,0.6648351648351648,0.2820283494537653
1093,2012-06-14,49,364,0.6666666666666666,0.2695019921366257
1094,2012-06-15,49,367,0.6721611721611722,0.3774058577405857
1095,2012-06-18,49,372,0.6813186813186813,0.2613429302679047
1096,2012-06-19,49,369,0.6758241758241759,0.2838680570615844
1097,2012-06-20,49,365,0.6684981684981685,0.33515737940453916
1098,2012-06-21,49,373,0.6831501831501832,0.30830031185192996
1099,2012-06-22,49,366,0.6703296703296703,0.25686279563241493
1100,2012-06-25,49,362,0.663003663003663,0.34503905220071146
1101,2012-06-26,49,359,0.6575091575091575,0.3290187891440501
1102,2012-06-27,49,355,0.6501831501831502,0.26769598600311584
1103,2012-06-28,49,368,0.673992673992674,0.2588787342527945
1104,2012-06-29,49,362,0.663003663003663,0.26384678186089905
1105,2012-07-03,49,368,0.673992673992674,0.2500581024135939
1106,2012-07-04,49,357,0.6538461538461539,0.30221821800191345
1107,2012-07-05,49,360,0.6593406593406593,0.2705693954504638
1108,2012-07-06,49,357,0.6538461538461539,0.23894395738319218
1109,2012-07-09,49,353,0.6465201465201466,0.2545161738164654
1110,2012-07-10,49,364,0.6666666666666666,0.26135716270668335
1111,2012-07-11,49,348,0.6373626373626373,0.3268613444970842
1112,2012-07-12,49,349,0.6391941391941391,0.34992841157091426
1113,2012-07-13,49,362,0.663003663003663,0.3161479090825127
1114,2012-07-16,49,353,0.6465201465201466,0.26423601768682914
1115,2012-07-17,49,369,0.6758241758241759,0.2699618059879262
1116,2012-07-18,49,367,0.6721611721611722,0.230591001676408
1117,2012-07-19,49,375,0.6868131868131868,0.26867783243717613
1118,2012-07-20,49,378,0.6923076923076923,0.22919654441647824
1119,2012-07-23,49,376,0.6886446886446886,0.1985627074314025
1120,2012-07-24,49,371,0.6794871794871795,0.20708801888102182
1121,2012-07-25,49,368,0.673992673992674,0.26419450243562975
1122,2012-07-26,49,377,0.6904761904761905,0.2387278238310287
1123,2012-07-27,49,371,0.6794871794871795,0.23990237099023712
1124,2012-07-30,49,370,0.6776556776556777,0.24572695035460995
1125,2012-07-31,49,371,0.6794871794871795,0.3182172916368706
1126,2012-08-01,49,368,0.673992673992674,0.2763884526208238
1127,2012-08-02,49,361,0.6611721611721612,0.30060708124709273
1128,2012-08-03,49,357,0.6538461538461539,0.2891467921275809
1129,2012-08-06,49,358,0.6556776556776557,0.27171948846260774
1130,2012-08-07,49,361,0.6611721611721612,0.29873025768911055
1131,2012-08-08,49,366,0.6703296703296703,0.2530793592323569
1132,2012-08-09,49,362,0.663003663003663,0.2576584137641628
1133,2012-08-10,49,355,0.6501831501831502,0.2557493018315806
1134,2012-08-13,49,346,0.6336996336996337,0.2775321889312897
1135,2012-08-14,49,344,0.63003663003663,0.31277481213511565
1136,2012-08-15,49,356,0.652014652014652,0.32914349964902245
1137,2012-08-16,49,355,0.6501831501831502,0.32663964743239565
1138,2012-08-17,49,357,0.6538461538461539,0.24231797500944807
1139,2012-08-20,49,343,0.6282051282051282,0.2987655315386843
1140,2012-08-21,49,347,0.6355311355311355,0.33583200303113886
1141,2012-08-22,49,359,0.6575091575091575,0.23767715341928206
1142,2012-08-23,49,368,0.673992673992674,0.21284871718897277
1143,2012-08-24,49,368,0.673992673992674,0.2573927530195752
1144,2012-08-27,49,372,0.6813186813186813,0.2141723692744101
1145,2012-08-28,49,367,0.6721611721611722,0.22773167917459008
1146,2012-08-29,49,356,0.652014652014652,0.2680954706557601
1147,2012-08-30,49,354,0.6483516483516484,0.3221534273874289
1148,2012-08-31,49,361,0.6611721611721612,0.2949556697759472
1149,2012-09-03,49,352,0.6446886446886447,0.3083668377145862
1150,2012-09-04,49,343,0.6282051282051282,0.2427664841870358
1151,2012-09-05,49,360,0.6593406593406593,0.3214644243573848
1152,2012-09-06,49,357,0.6538461538461539,0.271951392101322
1153,2012-09-07,49,353,0.6465201465201466,0.24872904363284926
1154,2012-09-10,49,348,0.6373626373626373,0.2643497992772341
1155,2012-09-11,49,338,0.6190476190476191,0.37109028316717413
1156,2012-09-12,49,354,0.6483516483516484,0.2740961936614111
1157,2012-09-13,49,345,0.6318681318681318,0.31437604297219723
1158,2012-09-14,49,343,0.6282051282051282,0.36325580195761614
1159,2012-09-17,49,343,0.6282051282051282,0.2842118989905189
1160,2012-09-18,49,347,0.6355311355311355,0.33855921601334443
1161,2012-09-19,49,345,0.6318681318681318,0.348848295059151
1162,2012-09-20,49,355,0.6501831501831502,0.31823875498197
1163,2012-09-21,49,354,0.6483516483516484,0.3845249763629951
1164,2012-09-24,49,351,0.6428571428571429,0.35102072677724067
1165,2012-09-25,49,351,0.6428571428571429,0.2792249776156502
1166,2012-09-26,49,345,0.6318681318681318,0.23882461108069666
1167,2012-09-27,49,352,0.6446886446886447,0.246013926637868
1168,2012-09-28,49,344,0.63003663003663,0.2891706876782561
1169,2012-10-03,49,353,0.6465201465201466,0.29954109303295784
1170,2012-10-04,49,352,0.6446886446886447,0.2449078863174464
1171,2012-10-05,49,345,0.6318681318681318,0.2258525070906363
1172,2012-10-08,49,342,0.6263736263736264,0.3662809610111994
1173,2012-10-09,49,345,0.6318681318681318,0.3133411002426507
1174,2012-10-10,49,345,0.6318681318681318,0.22409194557144294
1175,2012-10-11,49,342,0.6263736263736264,0.21762552696459606
1176,2012-10-12,49,339,0.6208791208791209,0.30967309304274937
1177,2012-10-15,49,339,0.6208791208791209,0.30498547114985475
1178,2012-10-16,49,344,0.63003663003663,0.2993516774407529
1179,2012-10-17,49,341,0.6245421245421245,0.3153257581961906
1180,2012-10-18,49,333,0.6098901098901099,0.26207715320311853
1181,2012-10-19,49,331,0.6062271062271062,0.3592611745778028
1182,2012-10-22,49,323,0.5915750915750916,0.3141688952728349
1183,2012-10-24,49,322,0.5897435897435898,0.3448317844243335
1184,2012-10-25,49,318,0.5824175824175825,0.3526275215660831
1185,2012-10-26,49,327,0.5989010989010989,0.3338676090111693
1186,2012-10-29,49,316,0.5787545787545788,0.2858744753788486
1187,2012-10-30,49,322,0.5897435897435898,0.3903090561158811
1188,2012-10-31,49,303,0.554945054945055,0.36086066722736193
1189,2012-11-01,49,325,0.5952380952380952,0.39949665831244785
1190,2012-11-02,49,320,0.5860805860805861,0.33414494604771217
1191,2012-11-05,49,317,0.5805860805860806,0.3881476954475242
1192,2012-11-06,49,316,0.5787545787545788,0.33778140962458125
1193,2012-11-07,49,315,0.5769230769230769,0.3503447016196516
1194,2012-11-08,49,330,0.6043956043956044,0.3730009586779429
1195,2012-11-09,49,336,0.6153846153846154,0.36564614020213876
1196,2012-11-12,49,332,0.608058608058608,0.2838539508286875
1197,2012-11-13,49,332,0.608058608058608,0.29801994974812607
1198,2012-11-14,49,337,0.6172161172161172,0.315996777180174
1199,2012-11-15,49,341,0.6245421245421245,0.26392124169384307
1200,2012-11-16,49,352,0.6446886446886447,0.23699761598106078
1201,2012-11-19,49,334,0.6117216117216118,0.26605119597146454
1202,2012-11-20,49,330,0.6043956043956044,0.347432085599367
1203,2012-11-21,49,344,0.63003663003663,0.3555556253776942
1204,2012-11-22,49,358,0.6556776556776557,0.24922496006736355
1205,2012-11-23,49,354,0.6483516483516484,0.1981969301313927
1206,2012-11-26,49,349,0.6391941391941391,0.233753428724889
1207,2012-11-27,49,355,0.6501831501831502,0.2855324930104227
1208,2012-11-28,49,358,0.6556776556776557,0.2540064932009599
1209,2012-11-29,49,363,0.6648351648351648,0.20335938164331688
1210,2012-11-30,49,360,0.6593406593406593,0.3173277661795408
1211,2012-12-03,49,360,0.6593406593406593,0.2842020315433062
1212,2012-12-04,49,356,0.652014652014652,0.31578506921440774
1213,2012-12-05,49,373,0.6831501831501832,0.2551711488481065
1214,2012-12-06,49,372,0.6813186813186813,0.20560138594148997
1215,2012-12-07,49,372,0.6813186813186813,0.2178900630538103
1216,2012-12-10,49,361,0.6611721611721612,0.21235098598910132
1217,2012-12-11,49,371,0.6794871794871795,0.19611314031336172
1218,2012-12-12,49,371,0.6794871794871795,0.22183142654404492
1219,2012-12-13,49,364,0.6666666666666666,0.2717684402159298
1220,2012-12-14,49,358,0.6556776556776557,0.25160054493199924
1221,2012-12-17,49,355,0.6501831501831502,0.22615476212937863
1222,2012-12-18,49,360,0.6593406593406593,0.24484355444305378
1223,2012-12-19,49,362,0.663003663003663,0.2718433500278241
1224,2012-12-20,49,363,0.6648351648351648,0.2849809479434156
1225,2012-12-21,49,353,0.6465201465201466,0.304794443837795
1226,2012-12-27,49,358,0.6556776556776557,0.33860126037426763
1227,2012-12-28,49,345,0.6318681318681318,0.2546196973671795
1228,2013-01-02,49,339,0.6208791208791209,0.2601396615793221
1229,2013-01-03,49,319,0.5842490842490843,0.2743069301222601
1230,2013-01-04,49,328,0.6007326007326007,0.2686389052225699
1231,2013-01-07,49,337,0.6172161172161172,0.3161272174818948
1232,2013-01-08,49,340,0.6227106227106227,0.28325114676080027
1233,2013-01-09,49,332,0.608058608058608,0.3595694959736093
1234,2013-01-10,49,327,0.5989010989010989,0.33520132269306463
1235,2013-01-11,49,330,0.6043956043956044,0.3328946318896068
1236,2013-01-14,49,333,0.6098901098901099,0.28532922091319507
1237,2013-01-15,49,328,0.6007326007326007,0.3788451670497599
1238,2013-01-16,49,329,0.6025641025641025,0.3752283547776035
1239,2013-01-17,49,319,0.5842490842490843,0.33590519994173734
1240,2013-01-18,49,325,0.5952380952380952,0.31554809843400444
1241,2013-01-21,49,306,0.5604395604395604,0.3368728415527006
1242,2013-01-22,49,312,0.5714285714285714,0.47653526674770297
1243,2013-01-23,49,294,0.5384615384615384,0.5053295754058783
1244,2013-01-24,49,311,0.5695970695970696,0.514277827067442
1245,2013-01-25,49,295,0.5402930402930403,0.4518026816923127
1246,2013-01-28,49,300,0.5494505494505495,0.51719647910554
1247,2013-01-29,49,305,0.5586080586080586,0.39929991065293297
1248,2013-01-30,49,301,0.5512820512820513,0.4470269807160704
1249,2013-01-31,49,295,0.5402930402930403,0.4486039841056814
1250,2013-02-01,49,290,0.5311355311355311,0.485011669838153
1251,2013-02-04,49,290,0.5311355311355311,0.45707294980384455
1252,2013-02-05,49,298,0.5457875457875457,0.3380746155846831
1253,2013-02-06,49,297,0.5439560439560439,0.4088177207313961
1254,2013-02-07,49,297,0.5439560439560439,0.48884000149669554
1255,2013-02-08,49,300,0.5494505494505495,0.5058406585740197
1256,2013-02-14,49,307,0.5622710622710623,0.3906606290367874
1257,2013-02-15,49,301,0.5512820512820513,0.47865212021436904
1258,2013-02-18,49,289,0.5293040293040293,0.4207364318814265
1259,2013-02-19,49,295,0.5402930402930403,0.5021430615434446
1260,2013-02-20,49,295,0.5402930402930403,0.41659383728303084
1261,2013-02-21,49,305,0.5586080586080586,0.433227125014464
1262,2013-02-22,49,298,0.5457875457875457,0.486112005149662
1263,2013-02-25,49,292,0.5347985347985348,0.4311833899107918
1264,2013-02-26,49,303,0.554945054945055,0.44901274527863305
1265,2013-02-27,49,306,0.5604395604395604,0.37706396899834316
1266,2013-02-28,49,311,0.5695970695970696,0.40088434596906375
1267,2013-03-01,49,311,0.5695970695970696,0.41966247528966266
1268,2013-03-04,49,323,0.5915750915750916,0.39047149605008213
1269,2013-03-05,49,329,0.6025641025641025,0.24314907432577387
1270,2013-03-06,49,325,0.5952380952380952,0.29960553637939036
1271,2013-03-07,49,319,0.5842490842490843,0.40892154147426374
1272,2013-03-08,49,327,0.5989010989010989,0.34451984890023823
1273,2013-03-11,49,331,0.6062271062271062,0.3507540962791731
1274,2013-03-12,49,330,0.6043956043956044,0.38279961076818636
1275,2013-03-13,49,339,0.6208791208791209,0.3357236558103277
1276,2013-03-14,49,328,0.6007326007326007,0.295991392296706
1277,2013-03-15,49,332,0.608058608058608,0.3414383788302422
1278,2013-03-18,49,336,0.6153846153846154,0.33715223663123656
1279,2013-03-19,49,335,0.6135531135531136,0.29732703471806865
1280,2013-03-20,49,336,0.6153846153846154,0.2762787006448506
1281,2013-03-21,49,334,0.6117216117216118,0.33614962514142493
1282,2013-03-22,49,327,0.5989010989010989,0.37101787081262616
1283,2013-03-25,49,336,0.6153846153846154,0.3379928861599759
1284,2013-03-26,49,332,0.608058608058608,0.377152456950861
1285,2013-03-27,49,332,0.608058608058608,0.4059771620587614
1286,2013-03-28,49,336,0.6153846153846154,0.35189977446745774
1287,2013-04-02,49,347,0.6355311355311355,0.2887543416278543
1288,2013-04-03,49,341,0.6245421245421245,0.26164055072429687
1289,2013-04-05,49,337,0.6172161172161172,0.28200832729277836
1290,2013-04-08,49,347,0.6355311355311355,0.2816420400864604
1291,2013-04-09,49,352,0.6446886446886447,0.2852789315783037
1292,2013-04-10,49,347,0.6355311355311355,0.2890972901844149
1293,2013-04-11,49,347,0.6355311355311355,0.38545267346047674
1294,2013-04-12,49,345,0.6318681318681318,0.3236742251958641
1295,2013-04-15,49,352,0.6446886446886447,0.34172113701338774
1296,2013-04-16,49,349,0.6391941391941391,0.3319760198663868
1297,2013-04-17,49,345,0.6318681318681318,0.26714947159386815
1298,2013-04-18,49,335,0.6135531135531136,0.32573973517359217
1299,2013-04-19,49,349,0.6391941391941391,0.30024928413907637
1300,2013-04-22,49,356,0.652014652014652,0.22717869022607295
1301,2013-04-23,49,341,0.6245421245421245,0.3041627523831287
1302,2013-04-24,49,352,0.6446886446886447,0.26895968763467765
1303,2013-04-25,49,356,0.652014652014652,0.25224806119403254
1304,2013-04-26,49,351,0.6428571428571429,0.3344975151246632
1305,2013-04-29,49,346,0.6336996336996337,0.37044634876128335
1306,2013-04-30,49,353,0.6465201465201466,0.40262712056233746
1307,2013-05-02,49,345,0.6318681318681318,0.3501452004506769
1308,2013-05-03,49,345,0.6318681318681318,0.3336189853978059
1309,2013-05-06,49,354,0.6483516483516484,0.2884095002663705
1310,2013-05-07,49,359,0.6575091575091575,0.34843111630689955
1311,2013-05-08,49,355,0.6501831501831502,0.3485686283873995
1312,2013-05-09,49,354,0.6483516483516484,0.3389248476810471
1313,2013-05-10,49,358,0.6556776556776557,0.40269909681574745
1314,2013-05-13,49,352,0.6446886446886447,0.3249581239530988
1315,2013-05-14,49,364,0.6666666666666666,0.17879022885233362
1316,2013-05-15,49,358,0.6556776556776557,0.3321839691861938
1317,2013-05-16,49,362,0.663003663003663,0.2657646574755975
1318,2013-05-20,49,374,0.684981684981685,0.23888328845248805
1319,2013-05-21,49,359,0.6575091575091575,0.3289995593532534
1320,2013-05-22,49,360,0.6593406593406593,0.31224024258942795
1321,2013-05-23,49,374,0.684981684981685,0.28925204267450233
1322,2013-05-24,49,362,0.663003663003663,0.325402794269696
1323,2013-05-27,49,362,0.663003663003663,0.24150108479103574
1324,2013-05-28,49,374,0.684981684981685,0.2440990317261601
1325,2013-05-29,49,368,0.673992673992674,0.20793319415448852
1326,2013-05-30,49,366,0.6703296703296703,0.26733121220818895
1327,2013-05-31,49,365,0.6684981684981685,0.25068572486306534
1328,2013-06-03,49,371,0.6794871794871795,0.22950462603846974
1329,2013-06-04,49,364,0.6666666666666666,0.21881833028303804
1330,2013-06-05,49,368,0.673992673992674,0.2578511453892884
1331,2013-06-06,49,360,0.6593406593406593,0.2716113064792331
1332,2013-06-07,49,363,0.6648351648351648,0.32246232710239076
1333,2013-06-10,49,368,0.673992673992674,0.2622023668076612
1334,2013-06-11,49,371,0.6794871794871795,0.22074375753461947
1335,2013-06-13,49,367,0.6721611721611722,0.19067220783619213
1336,2013-06-14,49,356,0.652014652014652,0.274902233682096
1337,2013-06-17,49,352,0.6446886446886447,0.3111918603114783
1338,2013-06-18,49,363,0.6648351648351648,0.321435201723716
1339,2013-06-19,49,356,0.652014652014652,0.2871855566392215
1340,2013-06-20,49,358,0.6556776556776557,0.265224897691842
1341,2013-06-21,49,348,0.6373626373626373,0.3917852679163852
1342,2013-06-24,49,362,0.663003663003663,0.30460721542231933
1343,2013-06-25,49,350,0.6410256410256411,0.33444816053511706
1344,2013-06-26,49,353,0.6465201465201466,0.2903792076407261
1345,2013-06-27,49,356,0.652014652014652,0.3138455488878631
1346,2013-06-28,49,355,0.6501831501831502,0.35714156901978134
1347,2013-07-02,49,362,0.663003663003663,0.34442280994030267
1348,2013-07-03,49,352,0.6446886446886447,0.3066810405272753
1349,2013-07-04,49,356,0.652014652014652,0.29322815641019
1350,2013-07-05,49,369,0.6758241758241759,0.3223480616159485
1351,2013-07-08,49,371,0.6794871794871795,0.257477883419306
1352,2013-07-09,49,369,0.6758241758241759,0.251565047843072
1353,2013-07-10,49,366,0.6703296703296703,0.2450302599556331
1354,2013-07-11,49,365,0.6684981684981685,0.13014649044050855
1355,2013-07-12,49,368,0.673992673992674,0.16181959457867073
1356,2013-07-15,49,369,0.6758241758241759,0.2406051642474746
1357,2013-07-16,49,362,0.663003663003663,0.2305842588977465
1358,2013-07-17,49,367,0.6721611721611722,0.22566355669590138
1359,2013-07-18,49,369,0.6758241758241759,0.15625428412564868
1360,2013-07-19,49,369,0.6758241758241759,0.24126799394482015
1361,2013-07-22,49,356,0.652014652014652,0.3583094904134697
1362,2013-07-23,49,362,0.663003663003663,0.31025034311766075
1363,2013-07-24,49,352,0.6446886446886447,0.2571140497015133
1364,2013-07-25,49,347,0.6355311355311355,0.3680227655986509
1365,2013-07-26,49,341,0.6245421245421245,0.42533242796575693
1366,2013-07-29,49,355,0.6501831501831502,0.3865166340780379
1367,2013-07-30,49,348,0.6373626373626373,0.3364976117730717
1368,2013-07-31,49,350,0.6410256410256411,0.2851038967316717
1369,2013-08-01,49,348,0.6373626373626373,0.2811600429194242
1370,2013-08-02,49,332,0.608058608058608,0.29260784168240445
1371,2013-08-05,49,335,0.6135531135531136,0.4595267537616705
1372,2013-08-06,49,338,0.6190476190476191,0.36693721242107624
1373,2013-08-07,49,341,0.6245421245421245,0.2951649958228905
1374,2013-08-08,49,345,0.6318681318681318,0.2734549624687239
1375,2013-08-09,49,350,0.6410256410256411,0.3460474006116208
1376,2013-08-12,49,357,0.6538461538461539,0.25902743142144635
1377,2013-08-13,49,348,0.6373626373626373,0.24467970534878739
1378,2013-08-15,49,347,0.6355311355311355,0.33157450060649407
1379,2013-08-16,49,348,0.6373626373626373,0.29496617672207165
1380,2013-08-19,49,348,0.6373626373626373,0.2799889172193444
1381,2013-08-20,49,343,0.6282051282051282,0.2607813013026371
1382,2013-08-21,49,347,0.6355311355311355,0.29805765788812016
1383,2013-08-22,49,333,0.6098901098901099,0.2243613841128042
1384,2013-08-23,49,327,0.5989010989010989,0.329184330497394
1385,2013-08-26,49,331,0.6062271062271062,0.3481674554677099
1386,2013-08-27,49,336,0.6153846153846154,0.2924396008054391
1387,2013-08-28,49,348,0.6373626373626373,0.21395579669446596
1388,2013-08-29,49,344,0.63003663003663,0.32433458739144194
1389,2013-08-30,49,350,0.6410256410256411,0.2924663424236958
1390,2013-09-02,49,353,0.6465201465201466,0.27867137377550666
1391,2013-09-03,49,359,0.6575091575091575,0.3014391585735191
1392,2013-09-04,49,348,0.6373626373626373,0.23790479332752903
1393,2013-09-05,49,350,0.6410256410256411,0.27253754897405996
1394,2013-09-06,49,359,0.6575091575091575,0.2543961009062171
1395,2013-09-09,49,359,0.6575091575091575,0.2634454603644971
1396,2013-09-10,49,352,0.6446886446886447,0.30019930660218724
1397,2013-09-11,49,349,0.6391941391941391,0.2692728889672862
1398,2013-09-12,49,356,0.652014652014652,0.3028120734919164
1399,2013-09-13,49,351,0.6428571428571429,0.30233238866935425
1400,2013-09-16,49,354,0.6483516483516484,0.2888807536944734
1401,2013-09-17,49,356,0.652014652014652,0.2785277608214132
1402,2013-09-18,49,346,0.6336996336996337,0.26629500147674595
1403,2013-09-19,49,339,0.6208791208791209,0.2984680968039535
1404,2013-09-23,49,342,0.6263736263736264,0.31447431500279793
1405,2013-09-24,49,347,0.6355311355311355,0.3676177607992743
1406,2013-09-25,49,346,0.6336996336996337,0.3050183246368221
1407,2013-09-26,49,345,0.6318681318681318,0.28688950050755047
1408,2013-09-27,49,340,0.6227106227106227,0.2798618818596621
1409,2013-09-30,49,342,0.6263736263736264,0.2843687767523091
1410,2013-10-02,49,341,0.6245421245421245,0.34354138394205175
1411,2013-10-03,49,326,0.5970695970695971,0.388297001286177
1412,2013-10-04,49,331,0.6062271062271062,0.4126151520807947
1413,2013-10-07,49,338,0.6190476190476191,0.3056632609741602
1414,2013-10-08,49,345,0.6318681318681318,0.27931009539451257
1415,2013-10-09,49,357,0.6538461538461539,0.2807472709630679
1416,2013-10-10,49,347,0.6355311355311355,0.2765388950756089
1417,2013-10-11,49,349,0.6391941391941391,0.3246218033071171
1418,2013-10-15,49,341,0.6245421245421245,0.262341336730349
1419,2013-10-16,49,342,0.6263736263736264,0.41266086932000434
1420,2013-10-17,49,353,0.6465201465201466,0.28723079445672645
1421,2013-10-18,49,341,0.6245421245421245,0.30653572097993853
1422,2013-10-21,49,354,0.6483516483516484,0.2937920773834211
1423,2013-10-22,49,341,0.6245421245421245,0.30365780604101417
1424,2013-10-23,49,340,0.6227106227106227,0.3675427917886966
1425,2013-10-24,49,358,0.6556776556776557,0.2997573195140767
1426,2013-10-25,49,351,0.6428571428571429,0.25483056729980436
1427,2013-10-28,49,339,0.6208791208791209,0.2873485849189174
1428,2013-10-29,49,341,0.6245421245421245,0.40037567140711455
1429,2013-10-30,49,359,0.6575091575091575,0.26153621635698054
1430,2013-10-31,49,353,0.6465201465201466,0.23365358402944525
1431,2013-11-01,49,337,0.6172161172161172,0.2668068166334442
1432,2013-11-04,49,345,0.6318681318681318,0.298210830256904
1433,2013-11-05,49,338,0.6190476190476191,0.30588939451962127
1434,2013-11-06,49,346,0.6336996336996337,0.3876061088213141
1435,2013-11-07,49,340,0.6227106227106227,0.3426346525934277
1436,2013-11-08,49,343,0.6282051282051282,0.41033544361410157
1437,2013-11-11,49,349,0.6391941391941391,0.3764257257106023
1438,2013-11-12,49,343,0.6282051282051282,0.29660661918726433
1439,2013-11-13,49,345,0.6318681318681318,0.30333699093045385
1440,2013-11-14,49,356,0.652014652014652,0.292496555959435
1441,2013-11-15,49,351,0.6428571428571429,0.3043144019650123
1442,2013-11-18,49,374,0.684981684981685,0.247449986029471
1443,2013-11-19,49,364,0.6666666666666666,0.35966007649843423
1444,2013-11-20,49,358,0.6556776556776557,0.322891864713878
1445,2013-11-21,49,357,0.6538461538461539,0.3304810840362714
1446,2013-11-22,49,353,0.6465201465201466,0.3643184660275115
1447,2013-11-25,49,363,0.6648351648351648,0.2627650596008418
1448,2013-11-26,49,347,0.6355311355311355,0.2905113385087581
1449,2013-11-27,49,347,0.6355311355311355,0.2664143546410252
1450,2013-11-28,49,353,0.6465201465201466,0.336692961537166
1451,2013-11-29,49,349,0.6391941391941391,0.31083422025238683
1452,2013-12-02,49,342,0.6263736263736264,0.31093406159838916
1453,2013-12-03,49,348,0.6373626373626373,0.3312526009155222
1454,2013-12-04,49,347,0.6355311355311355,0.32141187849777914
1455,2013-12-05,49,344,0.63003663003663,0.27420182258891934
1456,2013-12-06,49,329,0.6025641025641025,0.36442172058038447
1457,2013-12-09,49,337,0.6172161172161172,0.34098991827614056
1458,2013-12-10,49,341,0.6245421245421245,0.3701842546063652
1459,2013-12-11,49,344,0.63003663003663,0.34308626465661646
1460,2013-12-12,49,327,0.5989010989010989,0.2965852130325815
1461,2013-12-13,49,330,0.6043956043956044,0.36863829026300426
1462,2013-12-16,49,341,0.6245421245421245,0.32894437091461015
1463,2013-12-17,49,334,0.6117216117216118,0.3423428428471006
1464,2013-12-18,49,345,0.6318681318681318,0.3058271038330596
1465,2013-12-19,49,341,0.6245421245421245,0.30078751487854083
1466,2013-12-20,49,334,0.6117216117216118,0.27745737285734406
1467,2013-12-23,49,322,0.5897435897435898,0.3030177299842877
1468,2013-12-24,49,326,0.5970695970695971,0.36428202581926517
1469,2013-12-27,49,325,0.5952380952380952,0.34360926174792356
1470,2013-12-30,49,313,0.5732600732600732,0.31308598648467967
1471,2013-12-31,49,312,0.5714285714285714,0.30050537037471425
1472,2014-01-02,49,300,0.5494505494505495,0.38381598987831117
1473,2014-01-03,49,306,0.5604395604395604,0.35332073887489507
1474,2014-01-06,49,306,0.5604395604395604,0.37835523571130575
1475,2014-01-07,49,306,0.5604395604395604,0.3426643074440337
1476,2014-01-08,49,317,0.5805860805860806,0.42077512084377305
1477,2014-01-09,49,311,0.5695970695970696,0.39387274539478395
1478,2014-01-10,49,315,0.5769230769230769,0.35856640884787994
1479,2014-01-13,49,316,0.5787545787545788,0.278734801044621
1480,2014-01-14,49,319,0.5842490842490843,0.28579359817508093
1481,2014-01-15,49,327,0.5989010989010989,0.34105154288952355
1482,2014-01-16,49,307,0.5622710622710623,0.39697859840537136
1483,2014-01-17,49,301,0.5512820512820513,0.4021103949728598
1484,2014-01-20,49,314,0.575091575091575,0.4113851932763864
1485,2014-01-21,49,309,0.5659340659340659,0.35061595455581157
1486,2014-01-22,49,313,0.5732600732600732,0.27889747705120516
1487,2014-01-23,49,326,0.5970695970695971,0.2926939322297707
1488,2014-01-24,49,316,0.5787545787545788,0.38128377676022396
1489,2014-01-27,49,320,0.5860805860805861,0.36150239145031765
1490,2014-01-28,50,336,0.6010733452593918,0.4022628773177191
1491,2014-01-29,50,338,0.6046511627906976,0.3834067498142944
1492,2014-01-30,50,336,0.6010733452593918,0.2913411109576469
1493,2014-02-04,50,341,0.6100178890876565,0.31229253506455845
1494,2014-02-05,50,348,0.6225402504472272,0.30468926202874297
1495,2014-02-06,50,348,0.6225402504472272,0.29718905582446176
1496,2014-02-07,50,359,0.6422182468694096,0.31027847342484655
1497,2014-02-10,50,356,0.6368515205724508,0.29238839079695644
1498,2014-02-11,50,361,0.6457960644007156,0.2580581370765544
1499,2014-02-12,50,359,0.6422182468694096,0.3081449568731469
1500,2014-02-13,50,359,0.6422182468694096,0.3053690956088676
1501,2014-02-14,50,354,0.6332737030411449,0.33173572835655746
1502,2014-02-17,50,362,0.6475849731663685,0.2839202021843744
1503,2014-02-18,50,349,0.6243291592128801,0.30328417191569723
1504,2014-02-19,50,362,0.6475849731663685,0.3352561442553886
1505,2014-02-20,50,350,0.6261180679785331,0.3937398461553705
1506,2014-02-21,50,345,0.6171735241502684,0.36413314674396374
1507,2014-02-24,50,344,0.6153846153846154,0.3993966751206674
1508,2014-02-25,50,357,0.6386404293381037,0.2958841556357802
1509,2014-02-26,50,359,0.6422182468694096,0.3015653290529695
1510,2014-02-27,50,356,0.6368515205724508,0.26899246180843667
1511,2014-02-28,50,357,0.6386404293381037,0.27960793210227375
1512,2014-03-03,50,367,0.6565295169946332,0.2944243882872042
1513,2014-03-04,50,381,0.6815742397137746,0.1679408651979661
1514,2014-03-05,50,369,0.6601073345259392,0.2588570247892496
1515,2014-03-06,50,377,0.6744186046511628,0.23482106956172097
1516,2014-03-07,50,364,0.6511627906976745,0.2356054869689833
1517,2014-03-10,50,364,0.6511627906976745,0.2035576762150192
1518,2014-03-11,50,361,0.6457960644007156,0.26898448058908514
1519,2014-03-12,50,354,0.6332737030411449,0.2915998259634685
1520,2014-03-13,50,361,0.6457960644007156,0.27185679593034967
1521,2014-03-14,50,353,0.631484794275492,0.2271579221793686
1522,2014-03-17,50,349,0.6243291592128801,0.24647871436413812
1523,2014-03-18,50,350,0.6261180679785331,0.3439345483066738
1524,2014-03-19,50,334,0.5974955277280859,0.33052894964446683
1525,2014-03-20,50,337,0.6028622540250447,0.2680688239912319
1526,2014-03-21,50,344,0.6153846153846154,0.3335280168112607
1527,2014-03-24,50,351,0.627906976744186,0.26770559506568925
1528,2014-03-25,50,350,0.6261180679785331,0.31672897235405956
1529,2014-03-26,50,345,0.6171735241502684,0.29077438585724713
1530,2014-03-27,50,337,0.6028622540250447,0.3486374045702314
1531,2014-03-28,50,341,0.6100178890876565,0.3150970900578872
1532,2014-03-31,50,343,0.6135957066189625,0.3518979142375955
1533,2014-04-01,50,348,0.6225402504472272,0.3140745551624652
1534,2014-04-02,50,347,0.6207513416815742,0.28362425934161567
1535,2014-04-03,50,331,0.592128801431127,0.362339875856478
1536,2014-04-04,50,351,0.627906976744186,0.35373418902582493
1537,2014-04-07,50,343,0.6135957066189625,0.24572738098490485
1538,2014-04-08,50,341,0.6100178890876565,0.28962977759978603
1539,2014-04-09,50,345,0.6171735241502684,0.31764613082338095
1540,2014-04-10,50,332,0.59391771019678,0.3562319537630016
1541,2014-04-11,50,339,0.6064400715563506,0.3417013871932021
1542,2014-04-14,50,326,0.5831842576028623,0.35115697190017936
1543,2014-04-15,50,341,0.6100178890876565,0.36639468362919536
1544,2014-04-16,50,322,0.5760286225402504,0.35462278046505635
1545,2014-04-17,50,319,0.5706618962432916,0.40714681828943167
1546,2014-04-22,50,330,0.590339892665474,0.331444459816762
1547,2014-04-23,50,313,0.5599284436493739,0.337791452052984
1548,2014-04-24,50,302,0.5402504472271914,0.43000277183938623
1549,2014-04-25,50,317,0.5670840787119857,0.41998698114505145
1550,2014-04-28,50,328,0.5867620751341681,0.32066404739424265
1551,2014-04-29,50,333,0.5957066189624329,0.3988917850741543
1552,2014-04-30,50,330,0.590339892665474,0.29369731904943164
1553,2014-05-02,50,337,0.6028622540250447,0.29521706884204224
1554,2014-05-05,50,342,0.6118067978533095,0.4455772938421127
1555,2014-05-07,50,333,0.5957066189624329,0.37528253127450856
1556,2014-05-08,50,336,0.6010733452593918,0.37767170715544524
1557,2014-05-09,50,319,0.5706618962432916,0.31897506057817837
1558,2014-05-12,50,340,0.6082289803220036,0.3510766523366479
1559,2014-05-13,50,334,0.5974955277280859,0.35697989769004573
1560,2014-05-14,50,340,0.6082289803220036,0.34545558148159594
1561,2014-05-15,50,323,0.5778175313059034,0.3529083287436509
1562,2014-05-16,50,333,0.5957066189624329,0.38560332235941747
1563,2014-05-19,50,331,0.592128801431127,0.3649200670259499
1564,2014-05-20,50,332,0.59391771019678,0.35764248411819227
1565,2014-05-21,50,328,0.5867620751341681,0.4166624765514707
1566,2014-05-22,50,335,0.5992844364937389,0.35589105723172576
1567,2014-05-23,50,329,0.5885509838998211,0.33168584269698936
1568,2014-05-26,50,335,0.5992844364937389,0.3776982993099437
1569,2014-05-27,50,336,0.6010733452593918,0.4377017306198899
1570,2014-05-28,50,333,0.5957066189624329,0.38276988935583617
1571,2014-05-29,50,330,0.590339892665474,0.392830122589117
1572,2014-05-30,50,347,0.6207513416815742,0.38113624675088875
1573,2014-06-03,50,328,0.5867620751341681,0.31993535537266415
1574,2014-06-04,50,328,0.5867620751341681,0.3775054946712359
1575,2014-06-05,50,324,0.5796064400715564,0.41276861560012534
1576,2014-06-06,50,342,0.6118067978533095,0.41768398492638015
1577,2014-06-09,50,335,0.5992844364937389,0.37508315927902847
1578,2014-06-10,50,335,0.5992844364937389,0.38825972714651247
1579,2014-06-11,50,323,0.5778175313059034,0.3411618934977894
1580,2014-06-12,50,325,0.5813953488372093,0.3442619582664527
1581,2014-06-13,50,315,0.5635062611806798,0.413543725019984
1582,2014-06-16,50,308,0.5509838998211091,0.411464728698582
1583,2014-06-17,50,312,0.5581395348837209,0.390095326235477
1584,2014-06-18,50,312,0.5581395348837209,0.4108075169932027
1585,2014-06-19,50,307,0.5491949910554562,0.41345683192261184
1586,2014-06-20,50,298,0.5330948121645797,0.45617602872741925
1587,2014-06-23,50,324,0.5796064400715564,0.3856628631563556
1588,2014-06-24,50,310,0.554561717352415,0.3506232408524326
1589,2014-06-25,50,320,0.5724508050089445,0.34714167517243516
1590,2014-06-26,50,312,0.5581395348837209,0.3145785160063717
1591,2014-06-27,50,312,0.5581395348837209,0.37280377202557674
1592,2014-06-30,50,310,0.554561717352415,0.38125411736930087
1593,2014-07-02,50,318,0.5688729874776386,0.36211286561804873
1594,2014-07-03,50,314,0.5617173524150268,0.3582467359445776
1595,2014-07-04,50,320,0.5724508050089445,0.46583132045088566
1596,2014-07-07,50,308,0.5509838998211091,0.5099050863485567
1597,2014-07-08,50,315,0.5635062611806798,0.42989485621787715
1598,2014-07-09,50,322,0.5760286225402504,0.35688738085878935
1599,2014-07-10,50,318,0.5688729874776386,0.4184000570400022
1600,2014-07-11,50,309,0.552772808586762,0.5034428861922962
1601,2014-07-14,50,325,0.5813953488372093,0.44170384539142565
1602,2014-07-15,50,330,0.590339892665474,0.3582339260764354
1603,2014-07-16,50,320,0.5724508050089445,0.42685260632750516
1604,2014-07-17,50,319,0.5706618962432916,0.45233645039110704
1605,2014-07-18,50,326,0.5831842576028623,0.4286263807365369
1606,2014-07-21,50,319,0.5706618962432916,0.3172626830491232
1607,2014-07-22,50,323,0.5778175313059034,0.3593944298854118
1608,2014-07-23,50,323,0.5778175313059034,0.4561588838854276
1609,2014-07-24,50,328,0.5867620751341681,0.36751984226786716
1610,2014-07-25,50,317,0.5670840787119857,0.3838859821887856
1611,2014-07-28,50,336,0.6010733452593918,0.3233821473288146
1612,2014-07-29,50,333,0.5957066189624329,0.35862335307167387
1613,2014-07-30,50,323,0.5778175313059034,0.31421569831301954
1614,2014-07-31,50,323,0.5778175313059034,0.3324838676458004
1615,2014-08-01,50,353,0.631484794275492,0.3112975202133887
1616,2014-08-04,50,340,0.6082289803220036,0.3051614271206491
1617,2014-08-05,50,333,0.5957066189624329,0.2952326964686345
1618,2014-08-06,50,339,0.6064400715563506,0.35442564426819334
1619,2014-08-07,50,326,0.5831842576028623,0.3159154367770243
1620,2014-08-08,50,342,0.6118067978533095,0.30425927500047983
1621,2014-08-11,50,341,0.6100178890876565,0.31096515989365175
1622,2014-08-12,50,338,0.6046511627906976,0.32968239312197883
1623,2014-08-13,50,338,0.6046511627906976,0.3725149342220325
1624,2014-08-14,50,335,0.5992844364937389,0.33022818130719533
1625,2014-08-15,50,336,0.6010733452593918,0.3240724429188565
1626,2014-08-18,50,336,0.6010733452593918,0.3139846570960531
1627,2014-08-19,50,346,0.6189624329159212,0.35787417538213995
1628,2014-08-20,50,330,0.590339892665474,0.2705501409585179
1629,2014-08-21,50,332,0.59391771019678,0.358579403518496
1630,2014-08-22,50,346,0.6189624329159212,0.28866622025888433
1631,2014-08-25,50,335,0.5992844364937389,0.29198028565486356
1632,2014-08-26,50,348,0.6225402504472272,0.3190129731882288
1633,2014-08-27,50,352,0.629695885509839,0.2683488048135985
1634,2014-08-28,50,344,0.6153846153846154,0.39846282794352267
1635,2014-08-29,50,341,0.6100178890876565,0.3416975594686438
1636,2014-09-01,50,342,0.6118067978533095,0.4202181555004135
1637,2014-09-02,50,332,0.59391771019678,0.33605143333547105
1638,2014-09-03,50,327,0.5849731663685152,0.40299666202303475
1639,2014-09-04,50,320,0.5724508050089445,0.39828568307148393
1640,2014-09-05,50,329,0.5885509838998211,0.36727893052009486
1641,2014-09-08,50,322,0.5760286225402504,0.3116951782408011
1642,2014-09-10,50,321,0.5742397137745975,0.2636766318759687
1643,2014-09-11,50,334,0.5974955277280859,0.32242387400820205
1644,2014-09-12,50,328,0.5867620751341681,0.2937968415903242
1645,2014-09-15,50,334,0.5974955277280859,0.3359505705363172
1646,2014-09-16,50,334,0.5974955277280859,0.41541874545706864
1647,2014-09-17,51,334,0.583916083916084,0.4109610089794776
1648,2014-09-18,51,353,0.6171328671328671,0.4399779252664415
1649,2014-09-19,51,348,0.6083916083916084,0.27757845292451555
1650,2014-09-22,51,371,0.6486013986013986,0.28003931398298293
1651,2014-09-23,51,357,0.6241258741258742,0.3103335779627596
1652,2014-09-24,51,343,0.5996503496503497,0.25390375524991865
1653,2014-09-25,51,338,0.5909090909090909,0.3668046370856666
1654,2014-09-26,51,346,0.6048951048951049,0.3504849765772538
1655,2014-09-29,51,358,0.6258741258741258,0.3358895746661195
1656,2014-09-30,51,363,0.6346153846153846,0.3394189218523069
1657,2014-10-03,51,351,0.6136363636363636,0.3791680313478329
1658,2014-10-06,51,375,0.6555944055944056,0.2926794076251007
1659,2014-10-07,51,354,0.6188811188811189,0.27173007815575595
1660,2014-10-08,51,360,0.6293706293706294,0.34575098256765147
1661,2014-10-09,51,369,0.6451048951048951,0.29316210882579313
1662,2014-10-10,51,371,0.6486013986013986,0.24351725648475916
1663,2014-10-13,51,374,0.6538461538461539,0.3329849047017912
1664,2014-10-14,51,359,0.6276223776223776,0.3338929548996161
1665,2014-10-15,51,381,0.666083916083916,0.2822219543252833
1666,2014-10-16,51,381,0.666083916083916,0.342205492585117
1667,2014-10-17,51,384,0.6713286713286714,0.2646655680553986
1668,2014-10-20,51,378,0.6608391608391608,0.27266990492796944
1669,2014-10-21,51,376,0.6573426573426573,0.2322340886894038
1670,2014-10-22,51,369,0.6451048951048951,0.2070683601590658
1671,2014-10-23,51,380,0.6643356643356644,0.26887876891035395
1672,2014-10-24,51,377,0.6590909090909091,0.26930065746792
1673,2014-10-27,51,374,0.6538461538461539,0.28047637341529
1674,2014-10-28,51,381,0.666083916083916,0.2802963138556359
1675,2014-10-29,51,381,0.666083916083916,0.2396292539237983
1676,2014-10-30,51,379,0.6625874125874126,0.21403566557047266
1677,2014-10-31,51,387,0.6765734265734266,0.2885725278953443
1678,2014-11-03,51,391,0.6835664335664335,0.2829236909732613
1679,2014-11-04,51,390,0.6818181818181818,0.27214887102946805
1680,2014-11-05,51,386,0.6748251748251748,0.2747287626198223
1681,2014-11-06,51,378,0.6608391608391608,0.3224485553386487
1682,2014-11-07,51,383,0.6695804195804196,0.28351960914895585
1683,2014-11-10,51,379,0.6625874125874126,0.2523206278227376
1684,2014-11-11,51,382,0.6678321678321678,0.26068679216064655
1685,2014-11-12,51,367,0.6416083916083916,0.34061831990866287
1686,2014-11-13,51,373,0.6520979020979021,0.2984205526603196
1687,2014-11-14,51,365,0.6381118881118881,0.23586171173762172
1688,2014-11-17,51,370,0.6468531468531469,0.2289929366010741
1689,2014-11-18,51,369,0.6451048951048951,0.26303019601180266
1690,2014-11-19,51,363,0.6346153846153846,0.25202937765751837
1691,2014-11-20,51,360,0.6293706293706294,0.2494726930935645
1692,2014-11-21,51,358,0.6258741258741258,0.2932720440556022
1693,2014-11-24,51,362,0.6328671328671329,0.35029562943815556
1694,2014-11-25,51,356,0.6223776223776224,0.31076923076923074
1695,2014-11-26,51,353,0.6171328671328671,0.4127708882114423
1696,2014-11-27,51,348,0.6083916083916084,0.3346533039427964
1697,2014-11-28,51,350,0.6118881118881119,0.35472061854308623
1698,2014-12-01,51,351,0.6136363636363636,0.32145797512500335
1699,2014-12-02,51,348,0.6083916083916084,0.33816627581061764
1700,2014-12-03,51,360,0.6293706293706294,0.37338266340586523
1701,2014-12-04,51,357,0.6241258741258742,0.33994380212228653
1702,2014-12-05,51,358,0.6258741258741258,0.24601416835989467
1703,2014-12-08,51,361,0.6311188811188811,0.34656573083712633
1704,2014-12-09,51,352,0.6153846153846154,0.3962651630480477
1705,2014-12-10,51,356,0.6223776223776224,0.30106978885863855
1706,2014-12-11,51,348,0.6083916083916084,0.3133766301396359
1707,2014-12-12,51,335,0.5856643356643356,0.3731788533952367
1708,2014-12-15,51,337,0.5891608391608392,0.3750948813669132
1709,2014-12-16,51,336,0.5874125874125874,0.3740644858175557
1710,2014-12-17,51,330,0.5769230769230769,0.41349907545149117
1711,2014-12-18,51,344,0.6013986013986014,0.37789007931151614
1712,2014-12-19,51,355,0.6206293706293706,0.3330248866236615
1713,2014-12-22,51,345,0.6031468531468531,0.3227409002145834
1714,2014-12-23,51,346,0.6048951048951049,0.2944360512544137
1715,2014-12-24,51,348,0.6083916083916084,0.29391187591589507
1716,2014-12-29,51,355,0.6206293706293706,0.2942783781876676
1717,2014-12-30,51,363,0.6346153846153846,0.3067005014606703
1718,2014-12-31,51,362,0.6328671328671329,0.31218360030615067
1719,2015-01-02,51,363,0.6346153846153846,0.3101540478377069
1720,2015-01-05,51,360,0.6293706293706294,0.24278821664185693
1721,2015-01-06,51,362,0.6328671328671329,0.33727793906413095
1722,2015-01-07,51,364,0.6363636363636364,0.30126442775306117
1723,2015-01-08,51,355,0.6206293706293706,0.4167817383857846
1724,2015-01-09,51,354,0.6188811188811189,0.3449074074074074
1725,2015-01-12,51,354,0.6188811188811189,0.27676376990722984
1726,2015-01-13,51,354,0.6188811188811189,0.3077676824042357
1727,2015-01-14,51,351,0.6136363636363636,0.3263781245923928
1728,2015-01-15,51,339,0.5926573426573427,0.3668043159400477
1729,2015-01-16,51,343,0.5996503496503497,0.41367788414525375
1730,2015-01-19,51,347,0.6066433566433567,0.36088540174232603
1731,2015-01-20,51,347,0.6066433566433567,0.3302279237763108
1732,2015-01-21,51,348,0.6083916083916084,0.3398025560390319
1733,2015-01-22,51,344,0.6013986013986014,0.3012004252035739
1734,2015-01-23,51,357,0.6241258741258742,0.31325608342989575
1735,2015-01-26,51,342,0.5979020979020979,0.2738378761899131
1736,2015-01-27,51,338,0.5909090909090909,0.30668716372021515
1737,2015-01-28,51,342,0.5979020979020979,0.28151686828249683
1738,2015-01-29,51,343,0.5996503496503497,0.3107288612038432
1739,2015-01-30,51,331,0.5786713286713286,0.3262543260600004
1740,2015-02-02,51,347,0.6066433566433567,0.3243699921119276
1741,2015-02-03,51,339,0.5926573426573427,0.2718361716041531
1742,2015-02-04,51,336,0.5874125874125874,0.31320543321281924
1743,2015-02-05,51,344,0.6013986013986014,0.3510224070520797
1744,2015-02-06,51,334,0.583916083916084,0.32044103174135374
1745,2015-02-09,51,339,0.5926573426573427,0.28788310603454825
1746,2015-02-10,51,333,0.5821678321678322,0.31370925112755976
1747,2015-02-11,51,327,0.5716783216783217,0.3148238808299898
1748,2015-02-12,51,327,0.5716783216783217,0.3950382790055394
1749,2015-02-13,51,331,0.5786713286713286,0.3868824067407421
1750,2015-02-16,51,337,0.5891608391608392,0.3362078963500505
1751,2015-02-17,51,337,0.5891608391608392,0.3016271111056201
1752,2015-02-18,51,333,0.5821678321678322,0.3090812522243823
1753,2015-02-23,51,351,0.6136363636363636,0.32947785107383687
1754,2015-02-24,51,344,0.6013986013986014,0.34524036610289977
1755,2015-02-25,51,336,0.5874125874125874,0.4080256802921428
1756,2015-02-26,51,344,0.6013986013986014,0.3768258527024298
1757,2015-02-27,51,336,0.5874125874125874,0.3252372577064517
1758,2015-03-02,51,330,0.5769230769230769,0.29093085423310394
1759,2015-03-03,51,345,0.6031468531468531,0.39732676224611707
1760,2015-03-04,51,330,0.5769230769230769,0.3561803018363302
1761,2015-03-05,51,319,0.5576923076923077,0.37456234380040937
1762,2015-03-06,51,319,0.5576923076923077,0.45277795343570576
1763,2015-03-09,51,315,0.5506993006993007,0.4841074138968745
1764,2015-03-10,51,318,0.5559440559440559,0.470838710462428
1765,2015-03-11,51,311,0.5437062937062938,0.41270987220787375
1766,2015-03-12,51,313,0.5472027972027972,0.3864633723916341
1767,2015-03-13,51,321,0.5611888111888111,0.3940148591248698
1768,2015-03-16,51,315,0.5506993006993007,0.3709332149873061
1769,2015-03-17,51,309,0.5402097902097902,0.3940815327098338
1770,2015-03-18,51,318,0.5559440559440559,0.45365574009714493
1771,2015-03-19,51,320,0.5594405594405595,0.4114502504509477
1772,2015-03-20,51,322,0.5629370629370629,0.4869722311875664
1773,2015-03-23,51,331,0.5786713286713286,0.41913034291144413
1774,2015-03-24,51,325,0.5681818181818182,0.40429383297761917
1775,2015-03-25,51,310,0.541958041958042,0.40056544512531395
1776,2015-03-26,51,310,0.541958041958042,0.5067361106180133
1777,2015-03-27,51,307,0.5367132867132867,0.5373357505567402
1778,2015-03-30,51,310,0.541958041958042,0.3767638728449244
1779,2015-03-31,51,294,0.513986013986014,0.48511544064335466
1780,2015-04-01,51,318,0.5559440559440559,0.3961634826533519
1781,2015-04-02,51,318,0.5559440559440559,0.3698138939170653
1782,2015-04-08,51,322,0.5629370629370629,0.4066923272936979
1783,2015-04-09,51,330,0.5769230769230769,0.35359009816078346
1784,2015-04-10,51,327,0.5716783216783217,0.3194675028798082
1785,2015-04-13,51,340,0.5944055944055944,0.3663339800388024
1786,2015-04-14,51,349,0.6101398601398601,0.3579177738640783
1787,2015-04-15,51,327,0.5716783216783217,0.4031926797243298
1788,2015-04-16,51,354,0.6188811188811189,0.3400973418638332
1789,2015-04-17,51,339,0.5926573426573427,0.26128485178195193
1790,2015-04-20,51,340,0.5944055944055944,0.3087316078266092
1791,2015-04-21,51,350,0.6118881118881119,0.2989670254997768
1792,2015-04-22,51,353,0.6171328671328671,0.33126999360204734
1793,2015-04-23,51,352,0.6153846153846154,0.3236027195726386
1794,2015-04-24,51,337,0.5891608391608392,0.3478596220593907
1795,2015-04-27,51,341,0.5961538461538461,0.27728484899802347
1796,2015-04-28,51,342,0.5979020979020979,0.3196618376997887
1797,2015-04-29,51,341,0.5961538461538461,0.3244023920418098
1798,2015-04-30,51,347,0.6066433566433567,0.35518347678483775
1799,2015-05-04,51,334,0.583916083916084,0.3272520864613092
1800,2015-05-05,51,339,0.5926573426573427,0.35694235960722653
1801,2015-05-06,51,336,0.5874125874125874,0.3195475462399429
1802,2015-05-07,51,345,0.6031468531468531,0.3635718228228282
1803,2015-05-08,51,353,0.6171328671328671,0.3484375110947008
1804,2015-05-11,51,350,0.6118881118881119,0.365538300471122
1805,2015-05-12,51,362,0.6328671328671329,0.3651785885791374
1806,2015-05-13,51,359,0.6276223776223776,0.28895891934110723
1807,2015-05-14,51,359,0.6276223776223776,0.3613446272499045
1808,2015-05-15,51,356,0.6223776223776224,0.34900230976707436
1809,2015-05-18,51,368,0.6433566433566433,0.2481187500055324
1810,2015-05-19,51,374,0.6538461538461539,0.24548355582958722
1811,2015-05-20,51,359,0.6276223776223776,0.31714869256291556
1812,2015-05-21,51,359,0.6276223776223776,0.3337838548922874
1813,2015-05-22,51,358,0.6258741258741258,0.2567165845556935
1814,2015-05-26,51,363,0.6346153846153846,0.3519140799804727
1815,2015-05-27,51,363,0.6346153846153846,0.25322422258592475
1816,2015-05-28,51,364,0.6363636363636364,0.3658859784283513
1817,2015-05-29,51,366,0.6398601398601399,0.3267390761267888
1818,2015-06-01,51,365,0.6381118881118881,0.387105148843746
1819,2015-06-02,51,366,0.6398601398601399,0.3721648071173339
1820,2015-06-03,51,367,0.6416083916083916,0.33881474999392297
1821,2015-06-04,51,344,0.6013986013986014,0.35827240937308286
1822,2015-06-05,51,359,0.6276223776223776,0.36233922303527877
1823,2015-06-08,51,356,0.6223776223776224,0.29731006647673314
1824,2015-06-09,51,354,0.6188811188811189,0.32440229630581857
1825,2015-06-10,51,345,0.6031468531468531,0.3754948271588495
1826,2015-06-11,51,349,0.6101398601398601,0.318458224840284
1827,2015-06-12,51,355,0.6206293706293706,0.3118716163959784
1828,2015-06-15,51,364,0.6363636363636364,0.2834413173755925
1829,2015-06-16,51,376,0.6573426573426573,0.26364335126825517
1830,2015-06-17,51,375,0.6555944055944056,0.292780482250121
1831,2015-06-18,51,381,0.666083916083916,0.2740947562682958
1832,2015-06-19,51,377,0.6590909090909091,0.24879960962435188
1833,2015-06-22,51,371,0.6486013986013986,0.29884169884169887
1834,2015-06-23,51,376,0.6573426573426573,0.2577208840305464
1835,2015-06-24,51,365,0.6381118881118881,0.20531900420282964
1836,2015-06-25,51,371,0.6486013986013986,0.26012030190185265
1837,2015-06-26,51,371,0.6486013986013986,0.32222794664834853
1838,2015-06-29,51,372,0.6503496503496503,0.32321359946197825
1839,2015-06-30,51,377,0.6590909090909091,0.2711356158826975
1840,2015-07-02,51,383,0.6695804195804196,0.24859317360277794
1841,2015-07-03,51,385,0.6730769230769231,0.2485998093018078
1842,2015-07-06,51,382,0.6678321678321678,0.21923378901552842
1843,2015-07-07,51,381,0.666083916083916,0.1923558660326883
1844,2015-07-08,51,387,0.6765734265734266,0.25352567796016173
1845,2015-07-09,51,380,0.6643356643356644,0.2960678488820354
1846,2015-07-10,51,392,0.6853146853146853,0.2698535080956052
1847,2015-07-13,51,388,0.6783216783216783,0.2343988542295154
1848,2015-07-14,51,388,0.6783216783216783,0.2855035365084581
1849,2015-07-15,51,387,0.6765734265734266,0.2278504649554372
1850,2015-07-16,52,401,0.6854700854700855,0.23522948293717952
1851,2015-07-17,52,410,0.7008547008547008,0.2396857193270159
1852,2015-07-20,52,398,0.6803418803418804,0.25299896727230176
1853,2015-07-21,52,411,0.7025641025641025,0.21961220528255795
1854,2015-07-22,52,418,0.7145299145299145,0.3029779025280089
1855,2015-07-23,52,411,0.7025641025641025,0.2675522324742815
1856,2015-07-24,52,413,0.705982905982906,0.25539674141647833
1857,2015-07-27,52,415,0.7094017094017094,0.21361637619989512
1858,2015-07-28,52,413,0.705982905982906,0.19744717022268954
1859,2015-07-29,52,400,0.6837606837606838,0.23313098524762177
1860,2015-07-30,52,382,0.652991452991453,0.29049007165882595
1861,2015-07-31,52,395,0.6752136752136753,0.3330752118237453
1862,2015-08-03,52,405,0.6923076923076923,0.31541316484749754
1863,2015-08-04,52,387,0.6615384615384615,0.2511751900070984
1864,2015-08-05,52,381,0.6512820512820513,0.26239284383153183
1865,2015-08-06,52,383,0.6547008547008547,0.23484648765777463
1866,2015-08-07,52,393,0.6717948717948717,0.298012962647109
1867,2015-08-10,52,379,0.6478632478632479,0.2699219850662158
1868,2015-08-11,52,377,0.6444444444444445,0.30910443722943726
1869,2015-08-12,52,371,0.6341880341880342,0.3148350452420683
1870,2015-08-13,52,377,0.6444444444444445,0.3024108990755396
1871,2015-08-14,52,373,0.6376068376068376,0.3263249263669631
1872,2015-08-17,52,376,0.6427350427350428,0.3307415546505073
1873,2015-08-18,52,370,0.6324786324786325,0.31945501239685514
1874,2015-08-19,52,373,0.6376068376068376,0.27574163419514497
1875,2015-08-20,52,372,0.6358974358974359,0.2544675925925926
1876,2015-08-21,52,371,0.6341880341880342,0.35038027626437723
1877,2015-08-24,52,370,0.6324786324786325,0.29304641618906113
1878,2015-08-25,52,358,0.611965811965812,0.32742706082801987
1879,2015-08-26,52,370,0.6324786324786325,0.36081746318623453
1880,2015-08-27,52,368,0.629059829059829,0.25818008594424546
1881,2015-08-28,52,361,0.6170940170940171,0.33601552427369996
1882,2015-08-31,52,373,0.6376068376068376,0.41077260035428814
1883,2015-09-01,52,355,0.6068376068376068,0.3548916265503911
1884,2015-09-02,52,374,0.6393162393162393,0.3627449335991359
1885,2015-09-04,52,362,0.6188034188034188,0.3045291295609326
1886,2015-09-07,52,367,0.6273504273504273,0.33021201577259024
1887,2015-09-08,52,365,0.6239316239316239,0.28141953070159864
1888,2015-09-09,52,375,0.6410256410256411,0.3325828357621325
1889,2015-09-10,52,383,0.6547008547008547,0.29801324503311255
1890,2015-09-11,52,374,0.6393162393162393,0.2794745271176904
1891,2015-09-14,52,373,0.6376068376068376,0.3136527708001136
1892,2015-09-15,52,363,0.6205128205128205,0.3065863742114339
1893,2015-09-16,52,370,0.6324786324786325,0.2738275603756632
1894,2015-09-17,52,379,0.6478632478632479,0.2846478379818893
1895,2015-09-18,52,372,0.6358974358974359,0.34920869208692085
1896,2015-09-21,52,372,0.6358974358974359,0.40298924201363223
1897,2015-09-22,52,368,0.629059829059829,0.3797829867650093
1898,2015-09-23,52,374,0.6393162393162393,0.35989780980244546
1899,2015-09-24,52,364,0.6222222222222222,0.39419082254493915
1900,2015-09-25,52,372,0.6358974358974359,0.35610263456712377
1901,2015-09-29,52,383,0.6547008547008547,0.3180745743893412
1902,2015-09-30,52,378,0.6461538461538462,0.3903129264359261
1903,2015-10-02,52,379,0.6478632478632479,0.3291909955250701
1904,2015-10-05,52,380,0.6495726495726496,0.32464111344913427
1905,2015-10-06,52,381,0.6512820512820513,0.33259259259259266
1906,2015-10-07,52,384,0.6564102564102564,0.28821866865005574
1907,2015-10-08,52,376,0.6427350427350428,0.31471312981473604
1908,2015-10-09,52,388,0.6632478632478632,0.30664702522322107
1909,2015-10-12,52,389,0.6649572649572649,0.307743589806901
1910,2015-10-13,52,388,0.6632478632478632,0.2714785865931095
1911,2015-10-14,52,378,0.6461538461538462,0.30577060292665775
1912,2015-10-15,52,382,0.652991452991453,0.2992518614988251
1913,2015-10-16,52,392,0.67008547008547,0.3048447714771189
1914,2015-10-19,52,380,0.6495726495726496,0.23625711019887455
1915,2015-10-20,52,381,0.6512820512820513,0.34095062365542156
1916,2015-10-22,52,379,0.6478632478632479,0.298551698058601
1917,2015-10-23,52,385,0.6581196581196581,0.2016087302141097
1918,2015-10-26,52,373,0.6376068376068376,0.230968967753531
1919,2015-10-27,52,370,0.6324786324786325,0.28563987325077045
1920,2015-10-28,52,366,0.6256410256410256,0.33016915877485276
1921,2015-10-29,52,384,0.6564102564102564,0.31623984521430193
1922,2015-10-30,52,382,0.652991452991453,0.2790132512831407
1923,2015-11-02,52,370,0.6324786324786325,0.2538492288363798
1924,2015-11-03,52,381,0.6512820512820513,0.2895561036432642
1925,2015-11-04,52,389,0.6649572649572649,0.25234843156178605
1926,2015-11-05,52,389,0.6649572649572649,0.19704570791527315
1927,2015-11-06,52,394,0.6735042735042736,0.2463114282616558
1928,2015-11-09,52,384,0.6564102564102564,0.2667279468290262
1929,2015-11-10,52,395,0.6752136752136753,0.2633015111854116
1930,2015-11-11,52,386,0.6598290598290598,0.25311302026996224
1931,2015-11-12,52,386,0.6598290598290598,0.3018980552915392
1932,2015-11-13,52,400,0.6837606837606838,0.25979185783028796
1933,2015-11-16,52,388,0.6632478632478632,0.20345308044141558
1934,2015-11-17,52,397,0.6786324786324787,0.20557428487431212
1935,2015-11-18,52,389,0.6649572649572649,0.31008531069017353
1936,2015-11-19,52,397,0.6786324786324787,0.3138868380865769
1937,2015-11-20,52,392,0.67008547008547,0.29760574677482754
1938,2015-11-23,52,391,0.6683760683760683,0.24248297873451555
1939,2015-11-24,52,387,0.6615384615384615,0.22846508567679794
1940,2015-11-25,52,378,0.6461538461538462,0.27878979639776985
1941,2015-11-26,52,385,0.6581196581196581,0.2975229274232596
1942,2015-11-27,52,389,0.6649572649572649,0.27240653450861396
1943,2015-11-30,52,382,0.652991452991453,0.3669969210961278
1944,2015-12-01,52,387,0.6615384615384615,0.3031603958553038
1945,2015-12-02,52,396,0.676923076923077,0.24708071425698006
1946,2015-12-03,52,398,0.6803418803418804,0.2517695203997245
1947,2015-12-04,52,390,0.6666666666666666,0.2122442997140527
1948,2015-12-07,52,386,0.6598290598290598,0.23852333213597623
1949,2015-12-08,52,388,0.6632478632478632,0.29405775638652354
1950,2015-12-09,52,382,0.652991452991453,0.2799737172675802
1951,2015-12-10,52,395,0.6752136752136753,0.26275667780204603
1952,2015-12-11,52,385,0.6581196581196581,0.357641623352759
1953,2015-12-14,52,381,0.6512820512820513,0.30924029448271156
1954,2015-12-15,52,368,0.629059829059829,0.3842803098110821
1955,2015-12-16,52,370,0.6324786324786325,0.3771643181950711
1956,2015-12-17,52,376,0.6427350427350428,0.34582101484334815
1957,2015-12-18,52,382,0.652991452991453,0.29652830600199026
1958,2015-12-21,52,392,0.67008547008547,0.2747259917208103
1959,2015-12-22,52,376,0.6427350427350428,0.31782598047983185
1960,2015-12-23,52,383,0.6547008547008547,0.33674276529107305
1961,2015-12-24,52,380,0.6495726495726496,0.2488855869242199
1962,2015-12-28,52,380,0.6495726495726496,0.26680579995041553
1963,2015-12-29,52,369,0.6307692307692307,0.24888328752459582
1964,2015-12-30,52,358,0.611965811965812,0.2784096451514801
1965,2015-12-31,52,362,0.6188034188034188,0.23877742670722998
1966,2016-01-04,52,367,0.6273504273504273,0.31812170142823204
1967,2016-01-05,52,361,0.6170940170940171,0.3002991219102497
1968,2016-01-06,52,366,0.6256410256410256,0.3080078624580041
1969,2016-01-07,52,368,0.629059829059829,0.31623072019908616
1970,2016-01-08,52,369,0.6307692307692307,0.2737198263354703
1971,2016-01-11,52,366,0.6256410256410256,0.28273145689502566
1972,2016-01-12,52,371,0.6341880341880342,0.2857292053471965
1973,2016-01-13,52,377,0.6444444444444445,0.23282832585015842
1974,2016-01-14,52,363,0.6205128205128205,0.2903872013201976
1975,2016-01-15,52,368,0.629059829059829,0.3291745467723051
1976,2016-01-18,52,367,0.6273504273504273,0.2840823225649345
1977,2016-01-19,52,371,0.6341880341880342,0.2967691450132922
1978,2016-01-20,52,380,0.6495726495726496,0.27543544677189963
1979,2016-01-21,52,379,0.6478632478632479,0.3024511439256931
1980,2016-01-22,52,390,0.6666666666666666,0.3113234919155596
1981,2016-01-25,52,392,0.67008547008547,0.2808320950965824
1982,2016-01-26,52,400,0.6837606837606838,0.28367556186706006
1983,2016-01-27,52,399,0.6820512820512821,0.2247013803471368
1984,2016-01-28,52,403,0.6888888888888889,0.24110038769281533
1985,2016-01-29,52,401,0.6854700854700855,0.23396118044481926
1986,2016-02-01,52,395,0.6752136752136753,0.17100811276635453
1987,2016-02-02,52,386,0.6598290598290598,0.2102342550851243
1988,2016-02-03,52,391,0.6683760683760683,0.22123528054077277
1989,2016-02-04,52,397,0.6786324786324787,0.2231012971472439
1990,2016-02-05,52,395,0.6752136752136753,0.23080962947300404
1991,2016-02-11,52,395,0.6752136752136753,0.24842787735338065
1992,2016-02-12,52,394,0.6735042735042736,0.24019776633637452
1993,2016-02-15,52,405,0.6923076923076923,0.21991117690599554
1994,2016-02-16,52,407,0.6957264957264957,0.18369545798117226
1995,2016-02-17,52,410,0.7008547008547008,0.24637641081308648
1996,2016-02-18,52,417,0.7128205128205128,0.16181216950325486
1997,2016-02-19,52,412,0.7042735042735043,0.2753246753246753
1998,2016-02-22,52,409,0.6991452991452991,0.2204081632653061
1999,2016-02-23,52,407,0.6957264957264957,0.26714294670371275
2000,2016-02-24,52,412,0.7042735042735043,0.2523189092035675
2001,2016-02-25,52,415,0.7094017094017094,0.2295558316170301
2002,2016-02-26,52,425,0.7264957264957265,0.2361984386968497
2003,2016-02-29,52,421,0.7196581196581197,0.2485439409898248
2004,2016-03-01,52,423,0.7230769230769231,0.22281148178408655
2005,2016-03-02,52,423,0.7230769230769231,0.20627756603274358
2006,2016-03-03,52,417,0.7128205128205128,0.26418539264236923
2007,2016-03-04,52,411,0.7025641025641025,0.18612613951211834
2008,2016-03-07,52,408,0.6974358974358974,0.20878170769038526
2009,2016-03-08,52,407,0.6957264957264957,0.2648367416193011
2010,2016-03-09,52,403,0.6888888888888889,0.24352912241105992
2011,2016-03-10,52,393,0.6717948717948717,0.27973033495980953
2012,2016-03-11,52,400,0.6837606837606838,0.3047201751533869
2013,2016-03-14,52,397,0.6786324786324787,0.3572785407067238
2014,2016-03-15,52,395,0.6752136752136753,0.2976330290319928
2015,2016-03-16,52,396,0.676923076923077,0.31229399091570265
2016,2016-03-17,52,405,0.6923076923076923,0.2688691726843858
2017,2016-03-18,52,404,0.6905982905982906,0.2716758690790589
2018,2016-03-21,52,395,0.6752136752136753,0.27380684048368337
2019,2016-03-22,52,389,0.6649572649572649,0.2738674008969839
2020,2016-03-23,52,393,0.6717948717948717,0.19300279054466307
2021,2016-03-24,52,394,0.6735042735042736,0.27798000403220674
2022,2016-03-29,52,391,0.6683760683760683,0.26210299283749644
2023,2016-03-30,52,384,0.6564102564102564,0.22662794178013074
2024,2016-03-31,52,380,0.6495726495726496,0.29707686036134157
2025,2016-04-01,52,380,0.6495726495726496,0.34942852398772106
2026,2016-04-05,52,376,0.6427350427350428,0.27292120361192346
2027,2016-04-06,52,373,0.6376068376068376,0.32368105804245845
2028,2016-04-07,52,387,0.6615384615384615,0.3751897791321938
2029,2016-04-08,52,382,0.652991452991453,0.2833576066244282
2030,2016-04-11,52,377,0.6444444444444445,0.29485165445131856
2031,2016-04-12,52,380,0.6495726495726496,0.2661453640985427
2032,2016-04-13,52,373,0.6376068376068376,0.3174250832408435
2033,2016-04-14,52,380,0.6495726495726496,0.3178106514871077
2034,2016-04-15,52,363,0.6205128205128205,0.3244334067895563
2035,2016-04-18,52,370,0.6324786324786325,0.2785700628450838
2036,2016-04-19,52,377,0.6444444444444445,0.3730637705715018
2037,2016-04-20,52,371,0.6341880341880342,0.3516758467974105
2038,2016-04-21,52,365,0.6239316239316239,0.2679445712315498
2039,2016-04-22,52,364,0.6222222222222222,0.2642274159423043
2040,2016-04-25,52,369,0.6307692307692307,0.2671329779284358
2041,2016-04-26,52,380,0.6495726495726496,0.29169880259447206
2042,2016-04-27,52,367,0.6273504273504273,0.23799949436869053
2043,2016-04-28,52,357,0.6102564102564103,0.34998093093365784
2044,2016-04-29,52,365,0.6239316239316239,0.29074087476779814
2045,2016-05-03,52,366,0.6256410256410256,0.2749129695975264
2046,2016-05-04,52,374,0.6393162393162393,0.2502303166282222
2047,2016-05-05,52,369,0.6307692307692307,0.24314419050350658
2048,2016-05-06,52,383,0.6547008547008547,0.28550651620212114
2049,2016-05-09,52,380,0.6495726495726496,0.265128732962891
2050,2016-05-10,52,386,0.6598290598290598,0.2536900652886121
2051,2016-05-11,52,388,0.6632478632478632,0.2702281110317276
2052,2016-05-12,52,378,0.6461538461538462,0.31141752171383197
2053,2016-05-13,52,380,0.6495726495726496,0.23317027973754637
2054,2016-05-16,52,373,0.6376068376068376,0.25718486460217166
2055,2016-05-17,52,382,0.652991452991453,0.2525663135419233
2056,2016-05-18,52,380,0.6495726495726496,0.2855067109961827
2057,2016-05-19,52,397,0.6786324786324787,0.2988757775026473
2058,2016-05-20,52,391,0.6683760683760683,0.24192852658624042
2059,2016-05-23,52,375,0.6410256410256411,0.26311839628586176
2060,2016-05-24,52,383,0.6547008547008547,0.2249444010174835
2061,2016-05-25,52,387,0.6615384615384615,0.2623527221854238
2062,2016-05-26,52,386,0.6598290598290598,0.2320444082218962
2063,2016-05-27,52,379,0.6478632478632479,0.28247542558250505
2064,2016-05-30,52,394,0.6735042735042736,0.27683648236949604
2065,2016-05-31,52,388,0.6632478632478632,0.2211082229648884
2066,2016-06-01,52,387,0.6615384615384615,0.2697897661260975
2067,2016-06-02,52,385,0.6581196581196581,0.29592403209208074
2068,2016-06-03,52,390,0.6666666666666666,0.26221141621850175
2069,2016-06-06,52,380,0.6495726495726496,0.25963833526685975
2070,2016-06-07,52,390,0.6666666666666666,0.21796646993968477
2071,2016-06-08,52,374,0.6393162393162393,0.25735239691731615
2072,2016-06-10,52,382,0.652991452991453,0.2521863495857486
2073,2016-06-13,52,391,0.6683760683760683,0.24618773232684427
2074,2016-06-14,52,385,0.6581196581196581,0.2997939330042651
2075,2016-06-15,52,375,0.6410256410256411,0.33767998081307354
2076,2016-06-16,52,383,0.6547008547008547,0.2565700924641931
2077,2016-06-17,52,383,0.6547008547008547,0.3023915530568309
2078,2016-06-20,52,386,0.6598290598290598,0.3205329280320792
2079,2016-06-21,52,395,0.6752136752136753,0.2931623380275168
2080,2016-06-22,52,395,0.6752136752136753,0.24777448071216615
2081,2016-06-23,52,390,0.6666666666666666,0.28377929459822443
2082,2016-06-24,52,389,0.6649572649572649,0.21839584671611142
2083,2016-06-27,52,384,0.6564102564102564,0.19798130151893809
2084,2016-06-28,52,394,0.6735042735042736,0.2604618041877519
2085,2016-06-29,52,389,0.6649572649572649,0.24631512380211124
2086,2016-06-30,52,385,0.6581196581196581,0.2470018683371799
2087,2016-07-04,52,384,0.6564102564102564,0.26847767187908284
2088,2016-07-05,52,389,0.6649572649572649,0.24113566219046853
2089,2016-07-06,52,391,0.6683760683760683,0.24423798241654923
2090,2016-07-07,52,392,0.67008547008547,0.25425973181990363
2091,2016-07-08,52,388,0.6632478632478632,0.2147642089694404
2092,2016-07-11,52,397,0.6786324786324787,0.21820820027267668
2093,2016-07-12,52,407,0.6957264957264957,0.19748966253711603
2094,2016-07-13,52,410,0.7008547008547008,0.2521031489873707
2095,2016-07-14,52,409,0.6991452991452991,0.26904876667890804
2096,2016-07-15,52,407,0.6957264957264957,0.3204819338945468
2097,2016-07-18,52,413,0.705982905982906,0.26110526876009454
2098,2016-07-19,52,412,0.7042735042735043,0.22909419289338995
2099,2016-07-20,52,423,0.7230769230769231,0.2122719897064684
2100,2016-07-21,52,418,0.7145299145299145,0.18647064723667053
2101,2016-07-22,52,415,0.7094017094017094,0.1768400665410632
2102,2016-07-25,52,422,0.7213675213675214,0.23980751391465677
2103,2016-07-26,52,410,0.7008547008547008,0.2372969773411223
2104,2016-07-27,52,402,0.6871794871794872,0.27641439915532
2105,2016-07-28,52,405,0.6923076923076923,0.181676835074769
2106,2016-07-29,52,406,0.694017094017094,0.19200887902330743
2107,2016-08-01,52,405,0.6923076923076923,0.25563213536367074
2108,2016-08-03,52,410,0.7008547008547008,0.1710579525219936
2109,2016-08-04,52,404,0.6905982905982906,0.24563635043817966
2110,2016-08-05,52,401,0.6854700854700855,0.21058342845397252
2111,2016-08-08,52,404,0.6905982905982906,0.16002289128237426
2112,2016-08-09,52,396,0.676923076923077,0.23220003032433248
2113,2016-08-10,52,396,0.676923076923077,0.20265173658282215
2114,2016-08-11,52,391,0.6683760683760683,0.24841551292617825
2115,2016-08-12,52,397,0.6786324786324787,0.2867817642298354
2116,2016-08-15,52,386,0.6598290598290598,0.3138358193061671
2117,2016-08-16,52,395,0.6752136752136753,0.31910955548314346
2118,2016-08-17,52,390,0.6666666666666666,0.2437403665199283
2119,2016-08-18,52,378,0.6461538461538462,0.2778844801251186
2120,2016-08-19,52,364,0.6222222222222222,0.29894139164051486
2121,2016-08-22,52,365,0.6239316239316239,0.3049985658103734
2122,2016-08-23,52,363,0.6205128205128205,0.3691276878309517
2123,2016-08-24,52,354,0.6051282051282051,0.36777201461618325
2124,2016-08-25,52,353,0.6034188034188034,0.26405385012246196
2125,2016-08-26,52,345,0.5897435897435898,0.4211157649289246
2126,2016-08-29,52,355,0.6068376068376068,0.47796919350857714
2127,2016-08-30,52,352,0.6017094017094017,0.43728007355931603
2128,2016-08-31,52,349,0.5965811965811966,0.33707516472828597
2129,2016-09-01,52,348,0.5948717948717949,0.2991217050231071
2130,2016-09-02,52,351,0.6,0.3144252477644924
2131,2016-09-05,52,359,0.6136752136752137,0.32126323860641204
2132,2016-09-06,52,356,0.6085470085470085,0.38393812070282657
2133,2016-09-07,52,363,0.6205128205128205,0.381234772015315
2134,2016-09-08,52,369,0.6307692307692307,0.32321113970596305
2135,2016-09-09,52,356,0.6085470085470085,0.34769933455046376
2136,2016-09-12,52,357,0.6102564102564103,0.2759261765358902
2137,2016-09-13,52,364,0.6222222222222222,0.36158420747314424
2138,2016-09-14,52,353,0.6034188034188034,0.3474480353860656
2139,2016-09-15,52,354,0.6051282051282051,0.43788528122772674
2140,2016-09-19,52,337,0.576068376068376,0.3583425800499514
2141,2016-09-20,52,327,0.558974358974359,0.3539506384789934
2142,2016-09-21,52,331,0.5658119658119658,0.34946563191443075
2143,2016-09-22,52,319,0.5452991452991452,0.43509669930704653
2144,2016-09-23,52,321,0.5487179487179488,0.4003470737243807
2145,2016-09-26,52,339,0.5794871794871795,0.48729557699501813
2146,2016-09-27,52,344,0.588034188034188,0.39173232869320607
2147,2016-09-28,52,338,0.5777777777777777,0.40034313529034404
2148,2016-09-29,52,346,0.5914529914529915,0.43933284277655144
2149,2016-09-30,52,348,0.5948717948717949,0.37987374050641637
2150,2016-10-03,52,365,0.6239316239316239,0.3772033697601246
2151,2016-10-04,52,361,0.6170940170940171,0.29433501280346097
2152,2016-10-05,52,358,0.611965811965812,0.4064029201487519
2153,2016-10-06,52,364,0.6222222222222222,0.27249098656178306
2154,2016-10-07,52,359,0.6136752136752137,0.3134790599716134
2155,2016-10-11,52,372,0.6358974358974359,0.3772109981130284
2156,2016-10-12,52,357,0.6102564102564103,0.28336485221262536
2157,2016-10-13,52,369,0.6307692307692307,0.33692692911917926
2158,2016-10-14,52,381,0.6512820512820513,0.3418803418803419
2159,2016-10-17,52,369,0.6307692307692307,0.2620984479233437
2160,2016-10-18,52,376,0.6427350427350428,0.283005138276133
2161,2016-10-19,52,375,0.6410256410256411,0.23903383302098533
2162,2016-10-20,52,374,0.6393162393162393,0.26543098849004626
2163,2016-10-24,52,380,0.6495726495726496,0.2703182774772206
2164,2016-10-25,52,370,0.6324786324786325,0.2893340725042766
2165,2016-10-26,52,387,0.6615384615384615,0.2942552148995557
2166,2016-10-27,52,383,0.6547008547008547,0.168866847438276
2167,2016-10-28,52,376,0.6427350427350428,0.280137528078103
2168,2016-10-31,52,371,0.6341880341880342,0.2808810489690114
2169,2016-11-01,52,386,0.6598290598290598,0.28091776620437325
2170,2016-11-02,52,397,0.6786324786324787,0.29841229611886627
2171,2016-11-03,52,397,0.6786324786324787,0.33099859948806615
2172,2016-11-04,52,402,0.6871794871794872,0.303743504805024
2173,2016-11-07,52,404,0.6905982905982906,0.22086582904040689
2174,2016-11-08,52,403,0.6888888888888889,0.2886207478582338
2175,2016-11-09,52,400,0.6837606837606838,0.23483750727129696
2176,2016-11-10,52,391,0.6683760683760683,0.2626806825284883
2177,2016-11-11,52,401,0.6854700854700855,0.20869604478959727
2178,2016-11-14,52,411,0.7025641025641025,0.22533240568954854
2179,2016-11-15,52,406,0.694017094017094,0.21992632491332342
2180,2016-11-16,52,395,0.6752136752136753,0.2535839260750679
2181,2016-11-17,52,385,0.6581196581196581,0.3465659730561803
2182,2016-11-18,52,389,0.6649572649572649,0.24598190700346462
2183,2016-11-21,52,397,0.6786324786324787,0.24726095607418072
2184,2016-11-22,52,397,0.6786324786324787,0.24119331638446392
2185,2016-11-23,52,402,0.6871794871794872,0.20604865390433266
2186,2016-11-24,52,403,0.6888888888888889,0.3049560013621467
2187,2016-11-25,52,402,0.6871794871794872,0.28509267009836836
2188,2016-11-28,52,398,0.6803418803418804,0.2317462820906765
2189,2016-11-29,52,394,0.6735042735042736,0.2188457499192932
2190,2016-11-30,52,383,0.6547008547008547,0.23008937121711887
2191,2016-12-01,52,386,0.6598290598290598,0.3660281623179061
2192,2016-12-02,52,390,0.6666666666666666,0.2664299714213759
2193,2016-12-05,52,378,0.6461538461538462,0.26601443165766975
2194,2016-12-06,52,392,0.67008547008547,0.25112204455377884
2195,2016-12-07,52,390,0.6666666666666666,0.22652458434088832
2196,2016-12-08,52,383,0.6547008547008547,0.24431958993536468
2197,2016-12-09,52,380,0.6495726495726496,0.33395670001253314
2198,2016-12-12,52,372,0.6358974358974359,0.3291718502643806
2199,2016-12-13,52,364,0.6222222222222222,0.3367981648008407
2200,2016-12-14,52,366,0.6256410256410256,0.30069656918001375
2201,2016-12-15,52,369,0.6307692307692307,0.26686051667213156
2202,2016-12-16,52,360,0.6153846153846154,0.3176499017802105
2203,2016-12-19,52,373,0.6376068376068376,0.3261776846669698
2204,2016-12-20,52,372,0.6358974358974359,0.3754088660324612
2205,2016-12-21,52,357,0.6102564102564103,0.3625312475382446
2206,2016-12-22,52,363,0.6205128205128205,0.3143272906646935
2207,2016-12-23,52,360,0.6153846153846154,0.37064896755162247
2208,2016-12-28,52,354,0.6051282051282051,0.4047805924559648
2209,2016-12-29,52,356,0.6085470085470085,0.3446379293002182
2210,2016-12-30,52,371,0.6341880341880342,0.2990322978303747
2211,2017-01-03,52,373,0.6376068376068376,0.34493465682362334
2212,2017-01-04,52,371,0.6341880341880342,0.27643989730367036
2213,2017-01-05,52,366,0.6256410256410256,0.34083037038008895
2214,2017-01-06,52,365,0.6239316239316239,0.3255542619275388
2215,2017-01-09,52,358,0.611965811965812,0.23584340860131006
2216,2017-01-10,52,362,0.6188034188034188,0.33986572290188644
2217,2017-01-11,52,367,0.6273504273504273,0.3233481813875144
2218,2017-01-12,52,362,0.6188034188034188,0.30211289813938824
2219,2017-01-13,52,372,0.6358974358974359,0.3149205695614782
2220,2017-01-16,52,380,0.6495726495726496,0.2612879348630644
2221,2017-01-17,52,382,0.652991452991453,0.273520187413676
2222,2017-01-18,52,375,0.6410256410256411,0.27025254762476875
2223,2017-01-19,52,373,0.6376068376068376,0.2189673485193603
2224,2017-01-20,52,394,0.6735042735042736,0.33911613049496475
2225,2017-01-23,52,371,0.6341880341880342,0.28277241850018886
2226,2017-01-24,52,377,0.6444444444444445,0.29376734423740253
2227,2017-01-25,52,379,0.6478632478632479,0.3039783276543055
2228,2017-01-26,52,385,0.6581196581196581,0.3327943894703326
2229,2017-01-27,52,376,0.6427350427350428,0.38854537486469043
2230,2017-02-01,52,368,0.629059829059829,0.36202683784897044
2231,2017-02-02,52,373,0.6376068376068376,0.2993760736617879
2232,2017-02-03,52,369,0.6307692307692307,0.3061309450783135
2233,2017-02-06,52,373,0.6376068376068376,0.3458009980113683
2234,2017-02-07,52,364,0.6222222222222222,0.3002401316411022
2235,2017-02-08,52,378,0.6461538461538462,0.3303769401330377
2236,2017-02-09,52,353,0.6034188034188034,0.28972653362897266
2237,2017-02-10,52,353,0.6034188034188034,0.28988404638144744
2238,2017-02-13,52,344,0.588034188034188,0.42215840936352733
2239,2017-02-14,52,343,0.5863247863247864,0.3386103421281658
2240,2017-02-15,52,337,0.576068376068376,0.3496066208932407
2241,2017-02-16,52,335,0.5726495726495726,0.35516291347026313
2242,2017-02-17,52,341,0.582905982905983,0.2913357104799376
2243,2017-02-20,52,338,0.5777777777777777,0.29877070127374883
2244,2017-02-21,52,343,0.5863247863247864,0.3419021751422303
2245,2017-02-22,52,350,0.5982905982905983,0.3992477196760168
2246,2017-02-23,52,341,0.582905982905983,0.3785624455413601
2247,2017-02-24,52,340,0.5811965811965812,0.35607319863167713
2248,2017-02-27,52,354,0.6051282051282051,0.3353425223080706
2249,2017-02-28,52,342,0.5846153846153846,0.3137697189065824
2250,2017-03-01,52,334,0.5709401709401709,0.28195296186394114
2251,2017-03-02,52,329,0.5623931623931624,0.327035262317238
2252,2017-03-03,52,327,0.558974358974359,0.35935513209464837
2253,2017-03-06,52,330,0.5641025641025641,0.3913998661594816
2254,2017-03-07,52,333,0.5692307692307692,0.3924862229758373
2255,2017-03-08,52,327,0.558974358974359,0.39234799708763274
2256,2017-03-09,52,327,0.558974358974359,0.3792739307222971
2257,2017-03-10,52,339,0.5794871794871795,0.3831234839745417
2258,2017-03-13,52,338,0.5777777777777777,0.33744369579231737
2259,2017-03-14,52,338,0.5777777777777777,0.3029750443535933
2260,2017-03-15,52,341,0.582905982905983,0.3776561526883687
2261,2017-03-16,52,344,0.588034188034188,0.3679269324191643
2262,2017-03-17,52,346,0.5914529914529915,0.3553602290643679
2263,2017-03-20,52,332,0.5675213675213675,0.3666747772134189
2264,2017-03-21,52,344,0.588034188034188,0.326185326462719
2265,2017-03-22,52,329,0.5623931623931624,0.379110447265787
2266,2017-03-23,52,351,0.6,0.37607755406413124
2267,2017-03-24,52,351,0.6,0.38675898979100265
2268,2017-03-27,52,363,0.6205128205128205,0.34312804767924865
2269,2017-03-28,52,356,0.6085470085470085,0.3298559969849845
2270,2017-03-29,52,352,0.6017094017094017,0.3853874655900827
2271,2017-03-30,52,349,0.5965811965811966,0.32492590275506184
2272,2017-03-31,52,367,0.6273504273504273,0.39414555846906285
2273,2017-04-03,52,357,0.6102564102564103,0.3507539425799455
2274,2017-04-05,52,364,0.6222222222222222,0.2930299428493411
2275,2017-04-06,52,352,0.6017094017094017,0.3154242287553952
2276,2017-04-07,52,355,0.6068376068376068,0.2776636408913807
2277,2017-04-10,52,360,0.6153846153846154,0.3960371157111565
2278,2017-04-11,52,344,0.588034188034188,0.3116882227121566
2279,2017-04-12,52,359,0.6136752136752137,0.2782741392760096
2280,2017-04-13,52,362,0.6188034188034188,0.37490086950044804
2281,2017-04-18,52,363,0.6205128205128205,0.407317131794464
2282,2017-04-19,52,358,0.611965811965812,0.3231862650653994
2283,2017-04-20,52,361,0.6170940170940171,0.3298829123474812
2284,2017-04-21,52,371,0.6341880341880342,0.2658814181980514
2285,2017-04-24,52,364,0.6222222222222222,0.32166627169831524
2286,2017-04-25,52,358,0.611965811965812,0.27783125733322517
2287,2017-04-26,52,369,0.6307692307692307,0.25630115225634287
2288,2017-04-27,52,362,0.6188034188034188,0.3352627397256475
2289,2017-04-28,52,360,0.6153846153846154,0.28716140013279645
2290,2017-05-02,52,364,0.6222222222222222,0.28006152891692865
2291,2017-05-04,52,351,0.6,0.32160392932848286
2292,2017-05-05,52,366,0.6256410256410256,0.33319238263319295
2293,2017-05-08,52,367,0.6273504273504273,0.28755537078518445
2294,2017-05-09,52,358,0.611965811965812,0.3725755281563199
2295,2017-05-10,52,364,0.6222222222222222,0.2525993316004456
2296,2017-05-11,52,366,0.6256410256410256,0.3224487929470955
2297,2017-05-12,52,365,0.6239316239316239,0.3583203805755734
2298,2017-05-15,52,381,0.6512820512820513,0.40531369344371854
2299,2017-05-16,52,354,0.6051282051282051,0.3294143781564574
2300,2017-05-17,52,363,0.6205128205128205,0.33079590525556346
2301,2017-05-18,52,368,0.629059829059829,0.27938806078857953
2302,2017-05-19,52,348,0.5948717948717949,0.35011689570622107
2303,2017-05-22,52,341,0.582905982905983,0.3792838104981648
2304,2017-05-23,52,354,0.6051282051282051,0.3360701999018003
2305,2017-05-24,52,354,0.6051282051282051,0.3661922575846757
2306,2017-05-25,52,358,0.611965811965812,0.37205895303020997
2307,2017-05-26,52,357,0.6102564102564103,0.2257130315714203
2308,2017-05-29,52,358,0.611965811965812,0.36629109561395945
2309,2017-05-31,52,364,0.6222222222222222,0.34981549815498153
2310,2017-06-01,52,364,0.6222222222222222,0.3586715867158672
2311,2017-06-02,52,344,0.588034188034188,0.34536296247918225
2312,2017-06-05,52,342,0.5846153846153846,0.27864827346867943
2313,2017-06-06,52,351,0.6,0.2459119496855346
2314,2017-06-07,52,345,0.5897435897435898,0.26617174333045585
2315,2017-06-08,52,348,0.5948717948717949,0.22687397483080401
2316,2017-06-09,52,332,0.5675213675213675,0.3362448855236042
2317,2017-06-12,52,339,0.5794871794871795,0.33530717986676534
2318,2017-06-13,52,347,0.5931623931623932,0.3011794900993785
2319,2017-06-14,52,340,0.5811965811965812,0.33055809822703147
2320,2017-06-15,52,363,0.6205128205128205,0.34789174295799835
2321,2017-06-16,52,345,0.5897435897435898,0.3663661211313578
2322,2017-06-19,52,354,0.6051282051282051,0.3095581375625477
2323,2017-06-20,52,359,0.6136752136752137,0.35408361258910864
2324,2017-06-21,52,356,0.6085470085470085,0.3259381082838416
2325,2017-06-22,52,344,0.588034188034188,0.2329966221006272
2326,2017-06-23,52,343,0.5863247863247864,0.35580717357540304
2327,2017-06-26,52,353,0.6034188034188034,0.2913463293497326
2328,2017-06-27,52,348,0.5948717948717949,0.2525906953016686
2329,2017-06-28,52,355,0.6068376068376068,0.32623316057645857
2330,2017-06-29,52,354,0.6051282051282051,0.32458934124037314
2331,2017-06-30,52,346,0.5914529914529915,0.37448925130903093
2332,2017-07-03,52,351,0.6,0.27755543970146573
2333,2017-07-04,52,359,0.6136752136752137,0.32014612902393913
2334,2017-07-05,52,360,0.6153846153846154,0.333688763849692
2335,2017-07-06,52,365,0.6239316239316239,0.3664688427299704
2336,2017-07-07,52,359,0.6136752136752137,0.3104370170860667
2337,2017-07-10,52,379,0.6478632478632479,0.30728710213781946
2338,2017-07-11,52,380,0.6495726495726496,0.23250206096070292
2339,2017-07-12,52,381,0.6512820512820513,0.3050613470844154
2340,2017-07-13,52,383,0.6547008547008547,0.3187390365330602
2341,2017-07-14,52,381,0.6512820512820513,0.31938385725430146
2342,2017-07-17,52,374,0.6393162393162393,0.27746905181899273
2343,2017-07-18,52,379,0.6478632478632479,0.27869970429229585
2344,2017-07-19,52,365,0.6239316239316239,0.2476221496603071
2345,2017-07-20,52,373,0.6376068376068376,0.3426639064130112
2346,2017-07-21,52,370,0.6324786324786325,0.3343231873298688
2347,2017-07-24,52,361,0.6170940170940171,0.4246818088807039
2348,2017-07-25,53,360,0.6020066889632107,0.37120607633803665
2349,2017-07-26,53,369,0.617056856187291,0.2603231425347278
2350,2017-07-27,53,356,0.5953177257525084,0.3364260185847034
2351,2017-07-28,53,351,0.5869565217391305,0.3432561453509085
2352,2017-07-31,53,344,0.5752508361204013,0.3340697396930616
2353,2017-08-01,53,349,0.5836120401337793,0.3687748998337933
2354,2017-08-02,53,349,0.5836120401337793,0.38909415526808183
2355,2017-08-03,53,357,0.596989966555184,0.3951038059484126
2356,2017-08-04,53,351,0.5869565217391305,0.2984070139057041
2357,2017-08-07,53,339,0.5668896321070234,0.3025643899011436
2358,2017-08-08,53,339,0.5668896321070234,0.40340909090909083
2359,2017-08-09,53,345,0.5769230769230769,0.3539903565285126
2360,2017-08-10,53,345,0.5769230769230769,0.42641032272676216
2361,2017-08-11,53,359,0.6003344481605352,0.3343188155260637
2362,2017-08-14,53,366,0.6120401337792643,0.3743110488459107
2363,2017-08-15,53,358,0.5986622073578596,0.4208063298617537
2364,2017-08-16,53,351,0.5869565217391305,0.38787435574481743
2365,2017-08-17,53,352,0.5886287625418061,0.30935608363761236
2366,2017-08-18,53,359,0.6003344481605352,0.36181731084385954
2367,2017-08-21,53,356,0.5953177257525084,0.2613356855349738
2368,2017-08-22,53,357,0.596989966555184,0.2973739328618084
2369,2017-08-24,53,354,0.5919732441471572,0.3120998010692608
2370,2017-08-25,53,342,0.5719063545150501,0.3295023252920422
2371,2017-08-28,53,338,0.5652173913043478,0.33668286585288076
2372,2017-08-29,53,334,0.5585284280936454,0.3608043727852857
2373,2017-08-30,53,353,0.5903010033444817,0.3213003684414202
2374,2017-08-31,53,345,0.5769230769230769,0.36107954545454535
2375,2017-09-01,53,349,0.5836120401337793,0.33415823079328993
2376,2017-09-04,53,356,0.5953177257525084,0.33894680458015347
2377,2017-09-05,53,362,0.6053511705685619,0.30692221961907945
2378,2017-09-06,53,348,0.5819397993311036,0.37660485021398
2379,2017-09-07,53,350,0.5852842809364549,0.36707976172075923
2380,2017-09-08,53,357,0.596989966555184,0.3415224562293834
2381,2017-09-11,53,364,0.6086956521739131,0.3548394400988061
2382,2017-09-12,53,364,0.6086956521739131,0.2736544110314083
2383,2017-09-13,53,355,0.5936454849498328,0.3292152868490104
2384,2017-09-14,53,355,0.5936454849498328,0.28254637380997083
2385,2017-09-15,53,353,0.5903010033444817,0.40351925858916665
2386,2017-09-18,53,354,0.5919732441471572,0.411916950539517
2387,2017-09-19,53,346,0.5785953177257525,0.34100720522878475
2388,2017-09-20,53,354,0.5919732441471572,0.30168355833248894
2389,2017-09-21,53,347,0.580267558528428,0.3087078545151136
2390,2017-09-22,53,348,0.5819397993311036,0.34746230301197994
2391,2017-09-25,53,344,0.5752508361204013,0.3954259728153382
2392,2017-09-26,53,359,0.6003344481605352,0.39610271145469883
2393,2017-09-27,53,351,0.5869565217391305,0.3671473924978291
2394,2017-09-28,53,354,0.5919732441471572,0.4082565835028415
2395,2017-09-29,53,342,0.5719063545150501,0.3846456540285597
2396,2017-10-03,53,345,0.5769230769230769,0.41790178359600494
2397,2017-10-04,53,356,0.5953177257525084,0.3157289752790298
2398,2017-10-06,53,349,0.5836120401337793,0.4473831934642814
2399,2017-10-09,53,344,0.5752508361204013,0.29073705211066353
2400,2017-10-10,53,355,0.5936454849498328,0.3546200499464859
2401,2017-10-11,53,370,0.6187290969899666,0.30524197962415345
2402,2017-10-12,53,355,0.5936454849498328,0.296095466205224
2403,2017-10-13,53,349,0.5836120401337793,0.31160324691436947
2404,2017-10-16,53,334,0.5585284280936454,0.39957735974775666
2405,2017-10-17,53,356,0.5953177257525084,0.35860685137328874
2406,2017-10-18,53,354,0.5919732441471572,0.38377258744637543
2407,2017-10-19,53,359,0.6003344481605352,0.35789024480523796
2408,2017-10-20,53,361,0.6036789297658863,0.3043504148426362
2409,2017-10-23,53,374,0.6254180602006689,0.30283602736351406
2410,2017-10-24,53,374,0.6254180602006689,0.3206843643130503
2411,2017-10-25,53,362,0.6053511705685619,0.30882984551247034
2412,2017-10-26,53,376,0.6287625418060201,0.31231705051157316
2413,2017-10-27,53,362,0.6053511705685619,0.29486222990387945
2414,2017-10-30,53,361,0.6036789297658863,0.38164538044473795
2415,2017-10-31,53,361,0.6036789297658863,0.3057207593675837
2416,2017-11-01,53,365,0.6103678929765887,0.32636570837688655
2417,2017-11-02,53,365,0.6103678929765887,0.34701640343304047
2418,2017-11-03,53,357,0.596989966555184,0.3220122290161199
2419,2017-11-06,53,367,0.6137123745819398,0.25623057323830134
2420,2017-11-07,53,365,0.6103678929765887,0.3965154110974465
2421,2017-11-08,53,362,0.6053511705685619,0.29184453930985405
2422,2017-11-09,53,362,0.6053511705685619,0.34815268718981174
2423,2017-11-10,53,364,0.6086956521739131,0.29564556189966706
2424,2017-11-13,53,357,0.596989966555184,0.3458777274886365
2425,2017-11-14,53,344,0.5752508361204013,0.49768113936990327
2426,2017-11-15,53,338,0.5652173913043478,0.3880970895853046
2427,2017-11-16,53,329,0.5501672240802675,0.38889464305158294
2428,2017-11-17,53,324,0.5418060200668896,0.3981782372092351
2429,2017-11-20,53,325,0.5434782608695652,0.4334587539512593
2430,2017-11-21,53,345,0.5769230769230769,0.4150256016385048
2431,2017-11-22,53,332,0.5551839464882943,0.41450867260095753
2432,2017-11-23,53,334,0.5585284280936454,0.43505728387959
2433,2017-11-24,53,335,0.560200668896321,0.3729401140210987
2434,2017-11-27,53,334,0.5585284280936454,0.41697677083935547
2435,2017-11-28,53,332,0.5551839464882943,0.3196874760204139
2436,2017-11-29,53,340,0.568561872909699,0.35084117035019025
2437,2017-11-30,53,328,0.5484949832775919,0.3885077408933428
2438,2017-12-01,53,325,0.5434782608695652,0.39795745281358347
2439,2017-12-04,53,322,0.5384615384615384,0.38850895208830805
2440,2017-12-05,53,315,0.5267558528428093,0.49722191253230624
2441,2017-12-06,53,330,0.5518394648829431,0.4426047261009668
2442,2017-12-07,53,327,0.5468227424749164,0.40718433901677115
2443,2017-12-08,53,327,0.5468227424749164,0.44318115635276467
2444,2017-12-11,53,344,0.5752508361204013,0.33048731759795286
2445,2017-12-12,53,324,0.5418060200668896,0.32304338750009315
2446,2017-12-13,53,333,0.5568561872909699,0.4195363732151183
2447,2017-12-14,53,335,0.560200668896321,0.40507813239173296
2448,2017-12-15,53,356,0.5953177257525084,0.34805616340526424
2449,2017-12-18,53,349,0.5836120401337793,0.3484526632363444
2450,2017-12-19,53,335,0.560200668896321,0.34780012260442
2451,2017-12-20,53,346,0.5785953177257525,0.37721704613943563
2452,2017-12-21,53,339,0.5668896321070234,0.3756465447899976
2453,2017-12-22,53,349,0.5836120401337793,0.352343257761879
2454,2017-12-27,53,338,0.5652173913043478,0.39391827994071316
2455,2017-12-28,53,365,0.6103678929765887,0.3529167613771352
2456,2017-12-29,54,369,0.6039279869067103,0.3505052205080256
2457,2018-01-02,54,367,0.6006546644844517,0.4001442209163783
2458,2018-01-03,54,373,0.6104746317512275,0.39917954785568194
2459,2018-01-04,54,358,0.5859247135842881,0.39500289407678957
2460,2018-01-05,54,360,0.5891980360065466,0.3348850946527524
2461,2018-01-08,54,345,0.5646481178396072,0.4366158582024977
2462,2018-01-09,54,356,0.5826513911620295,0.4281279039825761
2463,2018-01-10,54,346,0.5662847790507365,0.35731539565571285
2464,2018-01-11,54,335,0.5482815057283142,0.3457746581904091
2465,2018-01-12,54,354,0.5793780687397708,0.3398747336140132
2466,2018-01-15,54,353,0.5777414075286416,0.36421288801794893
2467,2018-01-16,54,344,0.563011456628478,0.4079239250418509
2468,2018-01-17,54,346,0.5662847790507365,0.3739045748401587
2469,2018-01-18,54,352,0.5761047463175123,0.31750505277341123
2470,2018-01-19,54,347,0.5679214402618658,0.2912399016508606
2471,2018-01-22,54,340,0.5564648117839607,0.3968378429428153
2472,2018-01-23,54,351,0.574468085106383,0.3678180574555403
2473,2018-01-24,54,343,0.5613747954173486,0.334522800677382
2474,2018-01-25,54,340,0.5564648117839607,0.35482616434912984
2475,2018-01-26,54,330,0.5400981996726678,0.32231507939128207
2476,2018-01-29,54,328,0.5368248772504092,0.44797653788678843
2477,2018-01-30,54,317,0.5188216039279869,0.4584822757408056
2478,2018-01-31,54,325,0.5319148936170213,0.4246471668559887
2479,2018-02-01,54,330,0.5400981996726678,0.4927210024745959
2480,2018-02-02,54,325,0.5319148936170213,0.45252356932684795
2481,2018-02-05,54,329,0.5384615384615384,0.4154200760848491
2482,2018-02-06,54,339,0.5548281505728314,0.44441267180325233
2483,2018-02-07,54,352,0.5761047463175123,0.4647001498752935
2484,2018-02-08,54,346,0.5662847790507365,0.33575616445001866
2485,2018-02-09,54,361,0.5908346972176759,0.4080485128239939
2486,2018-02-12,54,347,0.5679214402618658,0.44152500014040297
2487,2018-02-13,54,351,0.574468085106383,0.47978482525725896
2488,2018-02-14,54,361,0.5908346972176759,0.3709380311386857
2489,2018-02-15,54,379,0.6202945990180033,0.3123974270739584
2490,2018-02-20,54,376,0.6153846153846154,0.2829467999842394
2491,2018-02-21,54,372,0.6088379705400983,0.2956282441187603
2492,2018-02-22,54,383,0.6268412438625205,0.35636399788298523
2493,2018-02-23,54,389,0.6366612111292962,0.3422110803242879
2494,2018-02-26,54,388,0.6350245499181669,0.28236190988688215
2495,2018-02-27,54,386,0.6317512274959084,0.3918152040235753
2496,2018-02-28,54,395,0.646481178396072,0.3633200811328988
2497,2018-03-01,54,386,0.6317512274959084,0.30769230769230765
2498,2018-03-02,54,400,0.6546644844517185,0.2975012397537995
2499,2018-03-05,54,408,0.6677577741407529,0.2536667242498237
2500,2018-03-06,54,407,0.6661211129296236,0.32255231022258773
2501,2018-03-07,54,424,0.6939443535188216,0.2512623691556626
2502,2018-03-08,54,418,0.6841243862520459,0.18910796805533647
2503,2018-03-09,54,418,0.6841243862520459,0.24493473432877746
2504,2018-03-12,54,428,0.7004909983633388,0.20762738508618103
2505,2018-03-13,54,427,0.6988543371522095,0.18591576981669866
2506,2018-03-14,54,416,0.6808510638297872,0.2577019356419712
2507,2018-03-15,54,414,0.6775777414075287,0.27845342265333617
2508,2018-03-16,54,412,0.67430441898527,0.29206852164042707
2509,2018-03-19,54,409,0.6693944353518821,0.26369243743822146
2510,2018-03-20,54,404,0.6612111292962357,0.27163618151501956
2511,2018-03-21,54,402,0.6579378068739771,0.3210290380929063
2512,2018-03-22,54,395,0.646481178396072,0.28700056379896205
2513,2018-03-23,54,406,0.6644844517184942,0.24762854014287897
2514,2018-03-26,54,407,0.6661211129296236,0.30176145343190947
2515,2018-03-27,54,409,0.6693944353518821,0.2566668832079747
2516,2018-03-28,54,422,0.690671031096563,0.2179857940131913
2517,2018-03-29,54,413,0.6759410801963993,0.2342092366572542
2518,2018-04-03,54,398,0.6513911620294599,0.34870315453948475
2519,2018-04-04,54,403,0.6595744680851063,0.3292181069958848
2520,2018-04-06,54,396,0.6481178396072013,0.31323858064649573
2521,2018-04-09,54,400,0.6546644844517185,0.2810077551541986
2522,2018-04-10,54,400,0.6546644844517185,0.33089855836749804
2523,2018-04-11,54,398,0.6513911620294599,0.25021314852020055
2524,2018-04-12,54,399,0.6530278232405892,0.3062761763504352
2525,2018-04-13,54,388,0.6350245499181669,0.33026200614704204
2526,2018-04-16,54,389,0.6366612111292962,0.34818130929978086
2527,2018-04-17,54,407,0.6661211129296236,0.34010762658402033
2528,2018-04-18,54,408,0.6677577741407529,0.28137253850252275
2529,2018-04-19,54,401,0.6563011456628478,0.32637889264177977
2530,2018-04-20,54,402,0.6579378068739771,0.3137326065360572
2531,2018-04-23,54,397,0.6497545008183306,0.34028545758573464
2532,2018-04-24,54,397,0.6497545008183306,0.30036818633911094
2533,2018-04-25,54,397,0.6497545008183306,0.2816734349242089
2534,2018-04-26,54,392,0.6415711947626841,0.30128187379303717
2535,2018-04-27,54,410,0.6710310965630114,0.2589571794868781
2536,2018-04-30,54,411,0.6726677577741408,0.2851117457590522
2537,2018-05-02,54,415,0.679214402618658,0.22148072631736865
2538,2018-05-03,54,421,0.6890343698854338,0.23787264289993437
2539,2018-05-04,54,422,0.690671031096563,0.294107317515285
2540,2018-05-07,54,423,0.6923076923076923,0.21301108248476675
2541,2018-05-08,54,416,0.6808510638297872,0.2975134373072518
2542,2018-05-09,54,432,0.707037643207856,0.24843613489428623
2543,2018-05-10,54,424,0.6939443535188216,0.2291259737460016
2544,2018-05-11,54,425,0.6955810147299509,0.2337556634934064
2545,2018-05-14,54,424,0.6939443535188216,0.21145975443383358
2546,2018-05-15,54,419,0.6857610474631751,0.23221774317801727
2547,2018-05-16,54,419,0.6857610474631751,0.24021439593577912
2548,2018-05-17,54,427,0.6988543371522095,0.22593590520973664
2549,2018-05-18,54,422,0.690671031096563,0.21003971118078668
2550,2018-05-21,54,409,0.6693944353518821,0.2281793558340192
2551,2018-05-23,54,404,0.6612111292962357,0.22097518361383228
2552,2018-05-24,54,410,0.6710310965630114,0.2110800156480395
2553,2018-05-25,54,422,0.690671031096563,0.24160669052309922
2554,2018-05-28,54,408,0.6677577741407529,0.19917496027538975
2555,2018-05-29,54,410,0.6710310965630114,0.19060164896625517
2556,2018-05-30,54,419,0.6857610474631751,0.2147583858290173
2557,2018-05-31,54,408,0.6677577741407529,0.2486139591402749
2558,2018-06-01,54,410,0.6710310965630114,0.19691526681508464
2559,2018-06-04,54,410,0.6710310965630114,0.23414848743989164
2560,2018-06-05,54,411,0.6726677577741408,0.18530349780411673
2561,2018-06-06,54,403,0.6595744680851063,0.2635449157387647
2562,2018-06-07,54,415,0.679214402618658,0.2264395537570157
2563,2018-06-08,54,413,0.6759410801963993,0.1972863977304091
2564,2018-06-11,54,407,0.6661211129296236,0.21703909136759236
2565,2018-06-12,54,405,0.662847790507365,0.27621713829610645
2566,2018-06-13,54,401,0.6563011456628478,0.29206187867277095
2567,2018-06-14,54,413,0.6759410801963993,0.28162708964352806
2568,2018-06-15,54,409,0.6693944353518821,0.2334825253093114
2569,2018-06-19,54,408,0.6677577741407529,0.3031080677772313
2570,2018-06-20,54,410,0.6710310965630114,0.27369179766143437
2571,2018-06-21,54,409,0.6693944353518821,0.2309269277865993
2572,2018-06-22,54,406,0.6644844517184942,0.2865415649573602
2573,2018-06-25,54,415,0.679214402618658,0.26756226073436873
2574,2018-06-26,54,410,0.6710310965630114,0.2586809297791077
2575,2018-06-27,54,396,0.6481178396072013,0.29532452826999944
2576,2018-06-28,54,402,0.6579378068739771,0.27303338366421925
2577,2018-06-29,54,415,0.679214402618658,0.261836710149993
2578,2018-07-03,54,407,0.6661211129296236,0.2784163609694927
2579,2018-07-04,54,418,0.6841243862520459,0.22033282735410548
2580,2018-07-05,54,419,0.6857610474631751,0.20395725776227874
2581,2018-07-06,54,411,0.6726677577741408,0.23918259745983084
2582,2018-07-09,54,412,0.67430441898527,0.253341110034675
2583,2018-07-10,54,403,0.6595744680851063,0.24509996043036686
2584,2018-07-11,54,415,0.679214402618658,0.3282434075931705
2585,2018-07-12,54,428,0.7004909983633388,0.3114811635128647
2586,2018-07-13,54,430,0.7037643207855974,0.30404819714271236
2587,2018-07-16,54,413,0.6759410801963993,0.21835888665650358
2588,2018-07-17,54,421,0.6890343698854338,0.25180598555211553
2589,2018-07-18,54,400,0.6546644844517185,0.2937621086501353
2590,2018-07-19,54,400,0.6546644844517185,0.2867357418831962
2591,2018-07-20,54,407,0.6661211129296236,0.2599648471828923
2592,2018-07-23,54,400,0.6546644844517185,0.28341910353902366
2593,2018-07-24,54,409,0.6693944353518821,0.23767289114468243
2594,2018-07-25,54,397,0.6497545008183306,0.25389922857666103
2595,2018-07-26,54,413,0.6759410801963993,0.2344836712788014
2596,2018-07-27,54,405,0.662847790507365,0.23665139627877613
2597,2018-07-30,54,393,0.6432078559738135,0.22892474806660373
2598,2018-07-31,54,397,0.6497545008183306,0.3602229631030488
2599,2018-08-01,55,403,0.6458333333333334,0.2523790245341446
2600,2018-08-02,55,408,0.6538461538461539,0.27746967866264927
2601,2018-08-03,55,396,0.6346153846153846,0.2406414305335631
2602,2018-08-06,55,399,0.6394230769230769,0.25165125495376484
2603,2018-08-07,55,404,0.6474358974358975,0.25576162463926677
2604,2018-08-08,55,404,0.6474358974358975,0.28345771766113675
2605,2018-08-09,55,408,0.6538461538461539,0.27287132691392424
2606,2018-08-10,55,408,0.6538461538461539,0.2810911765562164
2607,2018-08-13,55,402,0.6442307692307693,0.30194935155623875
2608,2018-08-14,55,401,0.6426282051282052,0.27237736396413814
2609,2018-08-15,55,402,0.6442307692307693,0.3089170040837002
2610,2018-08-16,55,406,0.6506410256410257,0.3098002467693562
2611,2018-08-17,55,408,0.6538461538461539,0.27928867338755853
2612,2018-08-20,56,416,0.6530612244897959,0.255494896228789
2613,2018-08-21,56,413,0.6483516483516484,0.23653394578136988
2614,2018-08-22,56,416,0.6530612244897959,0.2628637588995645
2615,2018-08-23,56,418,0.6562009419152276,0.34078289131262185
2616,2018-08-24,56,397,0.6232339089481946,0.3273776340814698
2617,2018-08-27,56,404,0.6342229199372057,0.24296565982077056
2618,2018-08-28,56,396,0.6216640502354788,0.3159041003443629
2619,2018-08-29,56,403,0.6326530612244898,0.2957426930440332
2620,2018-08-30,56,401,0.6295133437990581,0.30110484964811257
2621,2018-08-31,56,399,0.6263736263736264,0.3950219140620125
2622,2018-09-03,56,410,0.6436420722135008,0.2987101656019855
2623,2018-09-04,56,414,0.6499215070643642,0.3051794889150495
2624,2018-09-05,56,401,0.6295133437990581,0.25525752076059166
2625,2018-09-06,56,411,0.6452119309262166,0.3100848581170661
2626,2018-09-07,56,415,0.6514913657770801,0.30151176068152813
2627,2018-09-10,56,421,0.6609105180533752,0.300861192090368
2628,2018-09-11,56,423,0.6640502354788069,0.2061727627509017
2629,2018-09-12,56,411,0.6452119309262166,0.2949133378376515
2630,2018-09-13,56,414,0.6499215070643642,0.24835656775066928
2631,2018-09-14,56,427,0.6703296703296703,0.23006232226054335
2632,2018-09-17,56,437,0.6860282574568289,0.26918504314477465
2633,2018-09-18,56,432,0.6781789638932496,0.2445301727343987
2634,2018-09-19,56,435,0.6828885400313972,0.1796134063192431
2635,2018-09-20,56,430,0.6750392464678179,0.2523295986980049
2636,2018-09-21,56,429,0.673469387755102,0.25298041060721743
2637,2018-09-24,56,435,0.6828885400313972,0.2298058154432725
2638,2018-09-26,56,429,0.673469387755102,0.2645405054987834
2639,2018-09-27,56,428,0.6718995290423861,0.23795965869738744
2640,2018-09-28,56,429,0.673469387755102,0.16698547369023903
2641,2018-10-02,56,431,0.6766091051805337,0.23188191659010193
2642,2018-10-03,56,430,0.6750392464678179,0.24276352242891763
2643,2018-10-04,56,420,0.6593406593406593,0.3010755113128203
2644,2018-10-05,56,439,0.6891679748822606,0.2484132025531025
2645,2018-10-08,56,437,0.6860282574568289,0.2072660644283307
2646,2018-10-09,56,429,0.673469387755102,0.20987608506931243
2647,2018-10-10,56,426,0.6687598116169545,0.26146512266373984
2648,2018-10-11,56,428,0.6718995290423861,0.1970179348402844
2649,2018-10-12,56,435,0.6828885400313972,0.21117699235556733
2650,2018-10-15,56,438,0.6875981161695447,0.2734014050142251
2651,2018-10-16,56,440,0.6907378335949764,0.2728759580855052
2652,2018-10-18,56,427,0.6703296703296703,0.21704552256750165
2653,2018-10-19,56,438,0.6875981161695447,0.2830599330859561
2654,2018-10-22,56,438,0.6875981161695447,0.20587260103672556
2655,2018-10-23,56,442,0.6938775510204082,0.2194676071171333
2656,2018-10-24,56,436,0.6844583987441131,0.22412242323111048
2657,2018-10-25,56,441,0.6923076923076923,0.2613612779552716
2658,2018-10-26,56,436,0.6844583987441131,0.2686854458901936
2659,2018-10-29,56,432,0.6781789638932496,0.2512042941851462
2660,2018-10-30,56,427,0.6703296703296703,0.25808140153053855
2661,2018-10-31,56,424,0.6656200941915228,0.22109028778252487
2662,2018-11-01,56,418,0.6562009419152276,0.3229230674571466
2663,2018-11-02,56,426,0.6687598116169545,0.2925573333593977
2664,2018-11-05,56,417,0.6546310832025117,0.2688723525904287
2665,2018-11-06,57,423,0.6507692307692308,0.3158852596611933
2666,2018-11-07,57,418,0.6430769230769231,0.3529504528154299
2667,2018-11-08,57,413,0.6353846153846154,0.3592365431859
2668,2018-11-09,58,412,0.6214177978883861,0.3171923778804169
2669,2018-11-12,58,419,0.6319758672699849,0.4022646007151371
2670,2018-11-13,58,431,0.6500754147812972,0.44524969849990487
2671,2018-11-14,58,435,0.6561085972850679,0.3425753984801539
2672,2018-11-15,58,424,0.6395173453996983,0.3785653184711704
2673,2018-11-16,58,427,0.6440422322775264,0.37141666391663464
2674,2018-11-19,58,424,0.6395173453996983,0.31512917142281616
2675,2018-11-20,58,420,0.6334841628959276,0.36785981576622456
2676,2018-11-21,58,426,0.6425339366515838,0.3280644199224575
2677,2018-11-22,58,424,0.6395173453996983,0.318704765359535
2678,2018-11-23,58,416,0.6274509803921569,0.3445403153823267
2679,2018-11-26,58,418,0.6304675716440422,0.28154384645180847
2680,2018-11-27,58,407,0.6138763197586727,0.3079581647524886
2681,2018-11-28,58,411,0.6199095022624435,0.328186765857895
2682,2018-11-29,58,407,0.6138763197586727,0.3103934325532119
2683,2018-11-30,58,408,0.6153846153846154,0.37337833309397295
2684,2018-12-03,58,406,0.6123680241327301,0.26965090904850575
2685,2018-12-04,58,395,0.5957767722473605,0.3141972105101062
2686,2018-12-05,58,412,0.6214177978883861,0.39208332761830195
2687,2018-12-06,58,414,0.6244343891402715,0.32335781179149464
2688,2018-12-07,58,418,0.6304675716440422,0.30107510899722556
2689,2018-12-10,58,424,0.6395173453996983,0.32072870715982355
2690,2018-12-11,58,426,0.6425339366515838,0.3034399237180633
2691,2018-12-12,58,436,0.6576168929110106,0.3167630667702608
2692,2018-12-13,58,444,0.669683257918552,0.30512597878877984
2693,2018-12-14,58,434,0.6546003016591252,0.3800047281323878
2694,2018-12-17,58,434,0.6546003016591252,0.277312921537711
2695,2018-12-18,58,426,0.6425339366515838,0.270523504904373
2696,2018-12-19,58,431,0.6500754147812972,0.28430052660844535
2697,2018-12-20,58,434,0.6546003016591252,0.3087159619024329
2698,2018-12-21,58,428,0.6455505279034691,0.3584796279792952
2699,2018-12-24,58,426,0.6425339366515838,0.2898075692511021
2700,2018-12-27,58,426,0.6425339366515838,0.3326306505039053
2701,2018-12-28,58,441,0.665158371040724,0.3653631954114711
2702,2018-12-31,58,441,0.665158371040724,0.31999707764258933
2703,2019-01-02,58,442,0.6666666666666666,0.31955415328430936
2704,2019-01-03,58,440,0.6636500754147813,0.2580569994967353
2705,2019-01-04,58,440,0.6636500754147813,0.26760652760760156
2706,2019-01-07,58,439,0.6621417797888386,0.30047997160296624
2707,2019-01-08,58,431,0.6500754147812972,0.2694914021691897
2708,2019-01-09,58,442,0.6666666666666666,0.22858919687277898
2709,2019-01-10,58,437,0.6591251885369532,0.23051778799097833
2710,2019-01-11,58,451,0.6802413273001509,0.20873219800833742
2711,2019-01-14,58,444,0.669683257918552,0.24488941041689927
2712,2019-01-15,58,449,0.6772247360482655,0.2616215349200389
2713,2019-01-16,58,456,0.6877828054298643,0.22461447212336888
2714,2019-01-17,58,454,0.6847662141779789,0.21529852334141875
2715,2019-01-18,58,450,0.6787330316742082,0.25002517806003777
2716,2019-01-21,58,449,0.6772247360482655,0.21808660924885953
2717,2019-01-22,58,452,0.6817496229260935,0.2695540544455019
2718,2019-01-23,58,442,0.6666666666666666,0.19602087829236473
2719,2019-01-24,58,438,0.6606334841628959,0.33182031867153705
2720,2019-01-25,58,449,0.6772247360482655,0.23609308699631568
2721,2019-01-28,58,438,0.6606334841628959,0.26530644523527086
2722,2019-01-29,58,439,0.6621417797888386,0.2129731368865157
2723,2019-01-30,58,435,0.6561085972850679,0.2775813911724501
2724,2019-01-31,58,435,0.6561085972850679,0.23370383594188956
2725,2019-02-01,58,434,0.6546003016591252,0.23397974512514733
2726,2019-02-04,58,427,0.6440422322775264,0.30365699621332004
2727,2019-02-08,58,422,0.6365007541478129,0.26565613994361126
2728,2019-02-11,58,417,0.6289592760180995,0.25314624488635123
2729,2019-02-12,58,437,0.6591251885369532,0.30585174178636293
2730,2019-02-13,58,426,0.6425339366515838,0.24256737429999647
2731,2019-02-14,58,418,0.6304675716440422,0.2684718025921308
2732,2019-02-15,58,429,0.6470588235294118,0.22842997010709062
2733,2019-02-18,58,426,0.6425339366515838,0.21283901877326095
2734,2019-02-19,58,426,0.6425339366515838,0.24711847478409282
2735,2019-02-20,58,425,0.6410256410256411,0.32982242129473494
2736,2019-02-21,58,418,0.6304675716440422,0.31059813403129594
2737,2019-02-22,58,416,0.6274509803921569,0.27441454699288925
2738,2019-02-25,58,407,0.6138763197586727,0.24965308752106255
2739,2019-02-26,58,428,0.6455505279034691,0.33452919240222595
2740,2019-02-27,58,426,0.6425339366515838,0.2743881932399848
2741,2019-02-28,58,415,0.6259426847662142,0.28922283578524355
2742,2019-03-01,58,420,0.6334841628959276,0.29122454296404177
2743,2019-03-04,58,416,0.6274509803921569,0.25681782764531713
2744,2019-03-05,58,404,0.6093514328808446,0.26120453841428526
2745,2019-03-06,58,411,0.6199095022624435,0.2906278685514963
2746,2019-03-07,58,418,0.6304675716440422,0.26936267484725257
2747,2019-03-08,58,416,0.6274509803921569,0.2922730770340927
2748,2019-03-11,58,412,0.6214177978883861,0.3123332333328571
2749,2019-03-12,58,416,0.6274509803921569,0.23507928967023362
2750,2019-03-13,58,421,0.6349924585218703,0.26210103817931524
2751,2019-03-14,58,417,0.6289592760180995,0.2818991097922849
2752,2019-03-15,58,425,0.6410256410256411,0.24331429556444026
2753,2019-03-18,58,421,0.6349924585218703,0.2676156733364436
2754,2019-03-19,58,415,0.6259426847662142,0.33515014522664416
2755,2019-03-20,58,429,0.6470588235294118,0.268255742544436
2756,2019-03-21,58,433,0.6530920060331825,0.2727586065168275
2757,2019-03-22,58,421,0.6349924585218703,0.25927182927787046
2758,2019-03-25,58,432,0.6515837104072398,0.3074208716386351
2759,2019-03-26,58,428,0.6455505279034691,0.26988084034465853
2760,2019-03-27,58,422,0.6365007541478129,0.2929112555255416
2761,2019-03-28,58,415,0.6259426847662142,0.32331682558741137
2762,2019-03-29,58,408,0.6153846153846154,0.2445495124238918
2763,2019-04-01,58,421,0.6349924585218703,0.20360343232069655
2764,2019-04-02,58,423,0.6380090497737556,0.1898618044446158
2765,2019-04-03,58,426,0.6425339366515838,0.2879850587766522
2766,2019-04-04,58,406,0.6123680241327301,0.3153033601356672
2767,2019-04-08,58,398,0.6003016591251885,0.27631237633771577
2768,2019-04-09,58,404,0.6093514328808446,0.3225102147885804
2769,2019-04-10,58,392,0.5912518853695324,0.3406097656605654
2770,2019-04-11,58,407,0.6138763197586727,0.3793808216569606
2771,2019-04-12,58,404,0.6093514328808446,0.3731265637033765
2772,2019-04-15,58,397,0.5987933634992458,0.3583309023311037
2773,2019-04-16,58,395,0.5957767722473605,0.3755942837783403
2774,2019-04-17,58,397,0.5987933634992458,0.37771909690490874
2775,2019-04-18,58,391,0.5897435897435898,0.3523650383440102
2776,2019-04-23,58,381,0.5746606334841629,0.3946079775661715
2777,2019-04-24,58,380,0.5731523378582202,0.3352048219510585
2778,2019-04-25,58,377,0.5686274509803921,0.3662673293849284
2779,2019-04-26,58,389,0.5867269984917044,0.3698500489997948
2780,2019-04-29,58,393,0.5927601809954751,0.3637354131733166
2781,2019-04-30,58,394,0.5942684766214178,0.38503322694693165
2782,2019-05-02,58,396,0.5972850678733032,0.3934117900036229
2783,2019-05-03,58,388,0.5852187028657617,0.4196934903479239
2784,2019-05-06,58,393,0.5927601809954751,0.41840234358199113
2785,2019-05-07,58,398,0.6003016591251885,0.43309222583275414
2786,2019-05-08,58,407,0.6138763197586727,0.3055117255023219
2787,2019-05-09,58,416,0.6274509803921569,0.3538335938826481
2788,2019-05-10,58,405,0.6108597285067874,0.3973382611631336
2789,2019-05-14,58,414,0.6244343891402715,0.37907197188634306
2790,2019-05-15,58,412,0.6214177978883861,0.31048977271998857
2791,2019-05-16,58,425,0.6410256410256411,0.33445017458462445
2792,2019-05-17,58,427,0.6440422322775264,0.28240096819380534
2793,2019-05-20,58,410,0.6184012066365008,0.3987086865069726
2794,2019-05-21,58,406,0.6123680241327301,0.3325061658263266
2795,2019-05-22,58,415,0.6259426847662142,0.3605722487802907
2796,2019-05-23,58,408,0.6153846153846154,0.28257115999129034
2797,2019-05-24,58,400,0.6033182503770739,0.3908014300650305
2798,2019-05-27,58,404,0.6093514328808446,0.3400088880222243
2799,2019-05-28,58,417,0.6289592760180995,0.2803140547875165
2800,2019-05-29,58,403,0.6078431372549019,0.25916136304346754
2801,2019-05-30,58,411,0.6199095022624435,0.3161892282635594
2802,2019-05-31,58,404,0.6093514328808446,0.29402539218892737
2803,2019-06-03,58,415,0.6259426847662142,0.31532924191675227
2804,2019-06-04,58,403,0.6078431372549019,0.27837193930873305
2805,2019-06-05,58,419,0.6319758672699849,0.24754749294126777
2806,2019-06-06,58,421,0.6349924585218703,0.262778555510861
2807,2019-06-10,58,427,0.6440422322775264,0.2595576713166829
2808,2019-06-11,58,429,0.6470588235294118,0.2567053802925715
2809,2019-06-12,58,432,0.6515837104072398,0.27134840440544084
2810,2019-06-13,58,430,0.6485671191553545,0.29195672156072555
2811,2019-06-14,58,418,0.6304675716440422,0.30374546047966783
2812,2019-06-17,58,421,0.6349924585218703,0.26740050490050493
2813,2019-06-18,58,423,0.6380090497737556,0.24294626941685765
2814,2019-06-19,58,420,0.6334841628959276,0.2524384426702569
2815,2019-06-20,58,439,0.6621417797888386,0.2618010151260283
2816,2019-06-21,58,440,0.6636500754147813,0.23537492296378948
2817,2019-06-24,58,440,0.6636500754147813,0.2183469431327757
2818,2019-06-25,58,434,0.6546003016591252,0.2593664315302895
2819,2019-06-26,58,420,0.6334841628959276,0.36274246808582694
2820,2019-06-27,58,428,0.6455505279034691,0.24375915918185673
2821,2019-06-28,58,437,0.6591251885369532,0.2738171083258164
2822,2019-07-02,58,425,0.6410256410256411,0.29799221318351826
2823,2019-07-03,58,428,0.6455505279034691,0.29625768859398544
2824,2019-07-04,58,433,0.6530920060331825,0.27532245494243074
2825,2019-07-05,58,422,0.6365007541478129,0.23992806238267392
2826,2019-07-08,58,418,0.6304675716440422,0.2372341501082595
2827,2019-07-09,58,426,0.6425339366515838,0.27474183625405785
2828,2019-07-10,58,425,0.6410256410256411,0.34027651390262675
2829,2019-07-11,58,415,0.6259426847662142,0.3071353790218368
2830,2019-07-12,58,421,0.6349924585218703,0.35369692048333146
2831,2019-07-15,58,412,0.6214177978883861,0.35890458580537604
2832,2019-07-16,58,423,0.6380090497737556,0.33074490883101154
2833,2019-07-17,58,421,0.6349924585218703,0.2525961858089201
2834,2019-07-18,58,418,0.6304675716440422,0.3080568720379147
2835,2019-07-19,58,434,0.6546003016591252,0.31832238195332796
2836,2019-07-22,58,419,0.6319758672699849,0.2736073206996526
2837,2019-07-23,58,421,0.6349924585218703,0.29823014103051426
2838,2019-07-24,58,419,0.6319758672699849,0.33041276611093373
2839,2019-07-25,58,420,0.6334841628959276,0.26672798029535894
2840,2019-07-26,58,426,0.6425339366515838,0.3328260598114503
2841,2019-07-29,58,419,0.6319758672699849,0.2601942440905521
2842,2019-07-30,58,423,0.6380090497737556,0.3337331307534186
2843,2019-07-31,58,423,0.6380090497737556,0.2814424563336235
2844,2019-08-01,58,415,0.6259426847662142,0.32865461395066703
2845,2019-08-02,58,411,0.6199095022624435,0.30341656292020863
2846,2019-08-05,58,433,0.6530920060331825,0.30208314301911565
2847,2019-08-06,58,440,0.6636500754147813,0.2631315536670128
2848,2019-08-07,58,425,0.6410256410256411,0.32214325469581
2849,2019-08-08,58,442,0.6666666666666666,0.30162822802244793
2850,2019-08-09,58,429,0.6470588235294118,0.28097998206507
2851,2019-08-12,58,424,0.6395173453996983,0.3053395470691188
2852,2019-08-13,58,421,0.6349924585218703,0.2607675186968187
2853,2019-08-14,58,431,0.6500754147812972,0.2410041423717291
2854,2019-08-15,58,429,0.6470588235294118,0.27233897918464733
2855,2019-08-16,58,439,0.6621417797888386,0.28111383796784134
2856,2019-08-19,58,442,0.6666666666666666,0.2833137094206781
2857,2019-08-20,58,431,0.6500754147812972,0.2785140245039229
2858,2019-08-21,58,431,0.6500754147812972,0.27048155742951596
2859,2019-08-22,58,430,0.6485671191553545,0.2597365888729853
2860,2019-08-23,58,430,0.6485671191553545,0.21334855786741844
2861,2019-08-26,58,441,0.665158371040724,0.22799728782281375
2862,2019-08-27,58,440,0.6636500754147813,0.24004225789964542
2863,2019-08-28,58,438,0.6606334841628959,0.2807006744166383
2864,2019-08-29,58,431,0.6500754147812972,0.28207316575503816
2865,2019-08-30,58,435,0.6561085972850679,0.32795270849767644
2866,2019-09-02,58,419,0.6319758672699849,0.2829204829843458
2867,2019-09-03,58,414,0.6244343891402715,0.270057720531065
2868,2019-09-04,58,441,0.665158371040724,0.28551530179418894
2869,2019-09-05,58,422,0.6365007541478129,0.21709503007620437
2870,2019-09-06,58,416,0.6274509803921569,0.29129895371815456
2871,2019-09-09,58,417,0.6289592760180995,0.29020434276844687
2872,2019-09-10,58,415,0.6259426847662142,0.27190980445681845
2873,2019-09-11,58,424,0.6395173453996983,0.2917421724990391
2874,2019-09-12,58,417,0.6289592760180995,0.27486699207453485
2875,2019-09-13,58,423,0.6380090497737556,0.29650710719748935
2876,2019-09-16,58,422,0.6365007541478129,0.28585171307954443
2877,2019-09-17,58,417,0.6289592760180995,0.2802647200100254
2878,2019-09-18,58,413,0.6229260935143288,0.32791979316304737
2879,2019-09-19,58,408,0.6153846153846154,0.34567222362519523
2880,2019-09-20,58,414,0.6244343891402715,0.32674016993805666
2881,2019-09-23,58,408,0.6153846153846154,0.3627907812715857
2882,2019-09-24,58,402,0.6063348416289592,0.38436542130346085
2883,2019-09-25,58,405,0.6108597285067874,0.3685490387627914
2884,2019-09-26,58,398,0.6003016591251885,0.3643721515975306
2885,2019-09-27,58,406,0.6123680241327301,0.3100004216343042
2886,2019-09-30,58,405,0.6108597285067874,0.30136390805846874
2887,2019-10-02,58,402,0.6063348416289592,0.31931032905281154
2888,2019-10-03,58,414,0.6244343891402715,0.3655295786745523
2889,2019-10-04,58,412,0.6214177978883861,0.30607988303287964
2890,2019-10-08,58,403,0.6078431372549019,0.3033251354029018
2891,2019-10-09,58,396,0.5972850678733032,0.3309037296045562
2892,2019-10-10,58,384,0.579185520361991,0.33671463599204365
2893,2019-10-11,58,404,0.6093514328808446,0.34310231207802244
2894,2019-10-14,58,414,0.6244343891402715,0.24603798436532276
2895,2019-10-15,58,415,0.6259426847662142,0.24510015602695615
2896,2019-10-16,58,424,0.6395173453996983,0.24428080768305221
2897,2019-10-17,58,418,0.6304675716440422,0.28394268421178165
2898,2019-10-18,58,418,0.6304675716440422,0.28148773778648967
2899,2019-10-21,58,425,0.6410256410256411,0.30954375422016345
2900,2019-10-22,58,410,0.6184012066365008,0.26337859354486437
2901,2019-10-23,58,421,0.6349924585218703,0.3006049804977109
2902,2019-10-24,58,432,0.6515837104072398,0.2719364847241319
2903,2019-10-25,58,433,0.6530920060331825,0.2825991716118597
2904,2019-10-28,58,426,0.6425339366515838,0.26915361262902243
2905,2019-10-29,58,412,0.6214177978883861,0.31124319213945734
2906,2019-10-30,58,414,0.6244343891402715,0.28768771948030347
2907,2019-10-31,58,405,0.6108597285067874,0.24611377806394888
2908,2019-11-01,58,412,0.6214177978883861,0.3030482391240012
2909,2019-11-04,58,410,0.6184012066365008,0.3056835554092367
2910,2019-11-05,58,406,0.6123680241327301,0.35425457029153684
2911,2019-11-06,58,400,0.6033182503770739,0.3641714655355875
2912,2019-11-07,58,394,0.5942684766214178,0.4029310582083391
2913,2019-11-08,58,401,0.6048265460030166,0.35873679596756525
2914,2019-11-11,58,420,0.6334841628959276,0.2968305752561072
2915,2019-11-12,58,417,0.6289592760180995,0.3222544913750166
2916,2019-11-13,59,447,0.6612426035502958,0.27876414198855815
2917,2019-11-14,59,442,0.6538461538461539,0.27840680951157226
2918,2019-11-15,59,444,0.6568047337278107,0.22616661895219003
2919,2019-11-18,59,431,0.6375739644970414,0.23685515487724557
2920,2019-11-19,59,438,0.6479289940828402,0.3020875453810186
2921,2019-11-20,59,447,0.6612426035502958,0.30394643864921655
2922,2019-11-21,59,451,0.6671597633136095,0.3275541270310662
2923,2019-11-22,59,447,0.6612426035502958,0.3230350855336922
2924,2019-11-25,59,444,0.6568047337278107,0.3317946063221897
2925,2019-11-26,59,460,0.6804733727810651,0.3098504291248647
2926,2019-11-27,59,453,0.6701183431952663,0.264050201021619
2927,2019-11-28,59,447,0.6612426035502958,0.19271056547746376
2928,2019-11-29,59,454,0.6715976331360947,0.2843186572906725
2929,2019-12-02,59,458,0.6775147928994083,0.30290814857471926
2930,2019-12-03,59,452,0.6686390532544378,0.2818397901667954
2931,2019-12-04,59,459,0.6789940828402367,0.21787626715035824
2932,2019-12-05,59,459,0.6789940828402367,0.23602140505369182
2933,2019-12-06,59,447,0.6612426035502958,0.22189313362149574
2934,2019-12-09,59,460,0.6804733727810651,0.2905844113083996
2935,2019-12-10,59,456,0.6745562130177515,0.24713236110536235
2936,2019-12-11,59,453,0.6701183431952663,0.2786544754508141
2937,2019-12-12,59,450,0.665680473372781,0.3090201203408751
2938,2019-12-13,59,451,0.6671597633136095,0.28315414125782556
2939,2019-12-16,59,460,0.6804733727810651,0.24900801871596034
2940,2019-12-17,59,464,0.6863905325443787,0.23510650673262473
2941,2019-12-18,59,465,0.6878698224852071,0.23244075304504
2942,2019-12-19,59,459,0.6789940828402367,0.24951319401915312
2943,2019-12-20,59,458,0.6775147928994083,0.2532463362444024
2944,2019-12-23,59,457,0.6760355029585798,0.25002646411922835
2945,2019-12-24,59,444,0.6568047337278107,0.22025270772440103
2946,2019-12-27,59,441,0.6523668639053254,0.20701894120973
2947,2019-12-30,59,441,0.6523668639053254,0.29979475299233876
2948,2019-12-31,59,437,0.6464497041420119,0.2941506824299371
2949,2020-01-02,59,434,0.6420118343195266,0.270031105862807
2950,2020-01-03,59,432,0.6390532544378699,0.2994057658499292
2951,2020-01-06,59,432,0.6390532544378699,0.2816419612314709
2952,2020-01-07,59,414,0.6124260355029586,0.2972064181142227
2953,2020-01-08,59,423,0.6257396449704142,0.30921297422907756
2954,2020-01-09,59,416,0.6153846153846154,0.24808945227254625
2955,2020-01-10,60,426,0.6182873730043541,0.26925365579151145
2956,2020-01-13,60,421,0.6110304789550073,0.3475192779849988
2957,2020-01-14,60,425,0.6168359941944848,0.30757696837114523
2958,2020-01-15,60,420,0.6095791001451378,0.25883139767363905
2959,2020-01-16,60,429,0.6226415094339622,0.33261616237291325
2960,2020-01-17,60,431,0.625544267053701,0.24191881736965365
2961,2020-01-20,60,423,0.613933236574746,0.3332140312259357
2962,2020-01-21,60,431,0.625544267053701,0.34434692064822464
2963,2020-01-22,60,431,0.625544267053701,0.32944664406447227
2964,2020-01-23,60,439,0.637155297532656,0.27441208234153225
2965,2020-01-24,60,438,0.6357039187227866,0.3642922780657822
2966,2020-01-29,60,445,0.6458635703918723,0.3125686193351887
2967,2020-01-30,60,440,0.6386066763425254,0.27057135334669136
2968,2020-01-31,60,436,0.6328011611030478,0.29467384297924737
2969,2020-02-03,60,438,0.6357039187227866,0.31435794700948355
2970,2020-02-04,60,442,0.6415094339622641,0.34120659408221493
2971,2020-02-05,60,444,0.6444121915820029,0.3311654576797326
2972,2020-02-06,60,447,0.648766328011611,0.35828483351754625
2973,2020-02-07,60,441,0.6400580551523948,0.3479043862690707
2974,2020-02-10,60,442,0.6415094339622641,0.30404406851078886
2975,2020-02-11,60,452,0.6560232220609579,0.29401737770770614
2976,2020-02-12,60,449,0.6516690856313497,0.262942560947978
2977,2020-02-13,60,445,0.6458635703918723,0.31834168969431337
2978,2020-02-14,60,465,0.6748911465892597,0.2870354963948974
2979,2020-02-17,60,446,0.6473149492017417,0.3297950047852799
2980,2020-02-18,60,457,0.6632801161103048,0.32768919492773046
2981,2020-02-19,60,461,0.6690856313497823,0.39428034948751634
2982,2020-02-20,60,461,0.6690856313497823,0.2372286258881038
2983,2020-02-21,60,465,0.6748911465892597,0.3075203035448574
2984,2020-02-24,60,468,0.6792452830188679,0.24804264449257132
2985,2020-02-25,60,475,0.6894049346879536,0.21641929725423242
2986,2020-02-26,60,464,0.6734397677793904,0.28460471567267676
2987,2020-02-27,60,466,0.6763425253991292,0.343549661232182
2988,2020-02-28,60,481,0.6981132075471698,0.23658555057692154
2989,2020-03-02,60,474,0.6879535558780842,0.28055962755338826
2990,2020-03-03,60,475,0.6894049346879536,0.23872568616368672
2991,2020-03-04,60,473,0.6865021770682148,0.28242719681525813
2992,2020-03-05,60,472,0.6850507982583455,0.21295944454711296
2993,2020-03-06,60,469,0.6806966618287373,0.2330746138341518
2994,2020-03-09,60,464,0.6734397677793904,0.20645221093069407
2995,2020-03-10,60,478,0.6937590711175616,0.2818095155666369
2996,2020-03-11,60,467,0.6777939042089985,0.29533867550837417
2997,2020-03-12,60,471,0.683599419448476,0.24497992559601472
2998,2020-03-13,60,466,0.6763425253991292,0.305759209379511
2999,2020-03-16,60,467,0.6777939042089985,0.3669184574565824
3000,2020-03-17,60,462,0.6705370101596516,0.31313634964604486
3001,2020-03-18,60,472,0.6850507982583455,0.274178260063068
3002,2020-03-19,60,468,0.6792452830188679,0.3590485851777531
3003,2020-03-20,60,458,0.6647314949201741,0.3923260996282065
3004,2020-03-23,60,473,0.6865021770682148,0.35902903570086087
3005,2020-03-24,60,459,0.6661828737300436,0.32430969238002644
3006,2020-03-25,60,468,0.6792452830188679,0.28374628507626887
3007,2020-03-26,60,477,0.6923076923076923,0.24600970782852077
3008,2020-03-27,60,468,0.6792452830188679,0.2744013413919696
3009,2020-03-30,60,469,0.6806966618287373,0.2903542488227757
3010,2020-03-31,60,464,0.6734397677793904,0.2813732964568529
3011,2020-04-01,60,455,0.660377358490566,0.3153141404434645
3012,2020-04-02,60,469,0.6806966618287373,0.30440441493963427
3013,2020-04-03,60,472,0.6850507982583455,0.24386945524091555
3014,2020-04-06,60,472,0.6850507982583455,0.24989739323349972
3015,2020-04-07,60,472,0.6850507982583455,0.2532432960461927
3016,2020-04-08,60,470,0.6821480406386067,0.2104449505063163
3017,2020-04-09,60,468,0.6792452830188679,0.25119858198452033
3018,2020-04-14,60,473,0.6865021770682148,0.29832928907960093
3019,2020-04-15,60,477,0.6923076923076923,0.30594753057262924
3020,2020-04-16,60,492,0.714078374455733,0.2758101710852623
3021,2020-04-17,60,497,0.7213352685050798,0.26658084098795304
3022,2020-04-20,60,482,0.6995645863570392,0.3065744663489524
3023,2020-04-21,60,490,0.7111756168359942,0.262865580059459
3024,2020-04-22,60,484,0.7024673439767779,0.3232824086894981
3025,2020-04-23,60,475,0.6894049346879536,0.28686202686202683
3026,2020-04-24,60,475,0.6894049346879536,0.31639282313285066
3027,2020-04-27,60,478,0.6937590711175616,0.23020327067094606
3028,2020-04-28,60,471,0.683599419448476,0.23693528016511103
3029,2020-04-29,60,468,0.6792452830188679,0.24064319378985305
3030,2020-05-04,60,482,0.6995645863570392,0.21538310092570528
3031,2020-05-05,60,477,0.6923076923076923,0.24539314053380554
3032,2020-05-06,60,468,0.6792452830188679,0.2911037571046202
3033,2020-05-07,60,471,0.683599419448476,0.28784446325507446
3034,2020-05-08,60,478,0.6937590711175616,0.2203846248130807
3035,2020-05-11,60,470,0.6821480406386067,0.19419355036403305
3036,2020-05-12,60,473,0.6865021770682148,0.29450643763621626
3037,2020-05-13,60,468,0.6792452830188679,0.26875242988284426
3038,2020-05-14,60,470,0.6821480406386067,0.22484857270357764
3039,2020-05-15,60,473,0.6865021770682148,0.2962975115467784
3040,2020-05-18,60,469,0.6806966618287373,0.20847597470974097
3041,2020-05-19,60,474,0.6879535558780842,0.2521088730686389
3042,2020-05-20,60,476,0.690856313497823,0.2808313308394515
3043,2020-05-21,60,472,0.6850507982583455,0.27714876566948654
3044,2020-05-22,60,480,0.6966618287373004,0.24857210844715077
3045,2020-05-25,60,472,0.6850507982583455,0.1584133277790785
3046,2020-05-26,60,473,0.6865021770682148,0.20783826398313068
3047,2020-05-27,60,470,0.6821480406386067,0.20992272076675952
3048,2020-05-28,60,472,0.6850507982583455,0.25139714118198786
3049,2020-05-29,60,467,0.6777939042089985,0.2851336499782718
3050,2020-06-01,60,471,0.683599419448476,0.2639288600568271
3051,2020-06-02,60,471,0.683599419448476,0.23395985198596092
3052,2020-06-03,60,464,0.6734397677793904,0.34981376053753727
3053,2020-06-04,60,462,0.6705370101596516,0.28929655239604957
3054,2020-06-05,60,468,0.6792452830188679,0.3046285763521775
3055,2020-06-08,60,472,0.6850507982583455,0.27532773950075506
3056,2020-06-09,60,460,0.6676342525399129,0.276976683002637
3057,2020-06-10,60,459,0.6661828737300436,0.25371389637269537
3058,2020-06-11,60,462,0.6705370101596516,0.2197212946657215
3059,2020-06-12,60,456,0.6618287373004355,0.26232015752498444
3060,2020-06-15,60,452,0.6560232220609579,0.2609031630677329
3061,2020-06-16,60,459,0.6661828737300436,0.18502616574982583
3062,2020-06-17,60,451,0.6545718432510885,0.2797676671392001
3063,2020-06-18,60,449,0.6516690856313497,0.24711154683737305
3064,2020-06-19,60,459,0.6661828737300436,0.27269279968141097
3065,2020-06-22,60,450,0.6531204644412192,0.2506454395426587
3066,2020-06-23,60,440,0.6386066763425254,0.3024721775209172
3067,2020-06-24,60,458,0.6647314949201741,0.2521621043206133
3068,2020-06-26,60,450,0.6531204644412192,0.21312601726424474
3069,2020-06-29,60,461,0.6690856313497823,0.23328484344693823
3070,2020-06-30,60,455,0.660377358490566,0.24172404219877844
3071,2020-07-02,60,448,0.6502177068214804,0.2483288534814728
3072,2020-07-03,60,440,0.6386066763425254,0.35081966140229875
3073,2020-07-06,60,458,0.6647314949201741,0.33093186748090003
3074,2020-07-07,60,453,0.6574746008708273,0.25418209793712987
3075,2020-07-08,60,462,0.6705370101596516,0.23525523726217765
3076,2020-07-09,60,456,0.6618287373004355,0.2161633983750003
3077,2020-07-10,60,461,0.6690856313497823,0.2584450775434555
3078,2020-07-13,60,460,0.6676342525399129,0.2793805618647733
3079,2020-07-14,60,461,0.6690856313497823,0.28129102754857893
3080,2020-07-15,60,454,0.6589259796806967,0.23943806165659312
3081,2020-07-16,60,449,0.6516690856313497,0.2736017644425304
3082,2020-07-17,60,449,0.6516690856313497,0.2203514243866356
3083,2020-07-20,60,441,0.6400580551523948,0.22618361258898634
3084,2020-07-21,60,440,0.6386066763425254,0.3080735810685894
3085,2020-07-22,60,438,0.6357039187227866,0.31887164326188716
3086,2020-07-23,60,429,0.6226415094339622,0.2504171999258856
3087,2020-07-24,60,436,0.6328011611030478,0.314597680298149
3088,2020-07-27,60,437,0.6342525399129173,0.367384234494201
3089,2020-07-28,60,436,0.6328011611030478,0.37740707812982627
3090,2020-07-29,60,432,0.6269956458635704,0.33676866459774846
3091,2020-07-30,60,435,0.6313497822931785,0.29254034894025016
3092,2020-07-31,60,420,0.6095791001451378,0.2794894946266832
3093,2020-08-03,60,420,0.6095791001451378,0.3376352805481387
3094,2020-08-04,60,419,0.6081277213352685,0.35435202625896983
3095,2020-08-05,60,406,0.5892597968069666,0.304490759517723
3096,2020-08-06,60,410,0.5950653120464441,0.296806681771206
3097,2020-08-07,60,412,0.5979680696661829,0.36052499551828543
3098,2020-08-10,60,409,0.5936139332365747,0.3010558942859437
3099,2020-08-11,60,404,0.5863570391872278,0.32057183872377853
3100,2020-08-12,60,410,0.5950653120464441,0.3470506649261647
3101,2020-08-13,60,404,0.5863570391872278,0.3718577144591341
3102,2020-08-14,60,393,0.5703918722786647,0.3114687046754875
3103,2020-08-17,60,378,0.548621190130624,0.4551862446963325
3104,2020-08-18,60,371,0.5384615384615384,0.43483743375991835
3105,2020-08-19,60,383,0.555878084179971,0.40791306770688207
3106,2020-08-20,60,389,0.5645863570391872,0.44313018262198844
3107,2020-08-21,60,388,0.5631349782293179,0.39124260558162016
3108,2020-08-24,60,401,0.5820029027576198,0.2867979664468474
3109,2020-08-25,60,396,0.5747460087082729,0.4258586698703139
3110,2020-08-26,60,374,0.5428156748911466,0.3622574192948181
3111,2020-08-27,60,396,0.5747460087082729,0.36118374151147964
3112,2020-08-28,60,400,0.5805515239477503,0.3611301769477759
3113,2020-08-31,60,394,0.5718432510885341,0.33425528488841083
3114,2020-09-01,60,411,0.5965166908563135,0.2997800783135761
3115,2020-09-02,60,402,0.5834542815674891,0.30289155959748754
3116,2020-09-03,60,406,0.5892597968069666,0.3280197330893786
3117,2020-09-04,60,405,0.5878084179970973,0.30009714157073286
3118,2020-09-07,60,395,0.5732946298984035,0.2820784196377764
3119,2020-09-08,60,385,0.5587808417997098,0.4059734513274336
3120,2020-09-09,60,384,0.5573294629898403,0.3086283185840708
3121,2020-09-10,60,407,0.590711175616836,0.35277988870639576
3122,2020-09-11,60,398,0.5776487663280117,0.3591162692027568
3123,2020-09-14,60,405,0.5878084179970973,0.33342549073818084
3124,2020-09-15,60,390,0.5660377358490566,0.317101205219143
3125,2020-09-16,60,399,0.579100145137881,0.3471250258597581
3126,2020-09-17,60,391,0.5674891146589259,0.3235759382206922
3127,2020-09-18,60,384,0.5573294629898403,0.37683157808053724
3128,2020-09-21,60,403,0.5849056603773585,0.3105628443578583
3129,2020-09-22,60,398,0.5776487663280117,0.3505572823217984
3130,2020-09-23,60,408,0.5921625544267054,0.33565261096179994
3131,2020-09-24,60,403,0.5849056603773585,0.42966885349046013
3132,2020-09-25,60,400,0.5805515239477503,0.3787271230804776
3133,2020-09-28,60,391,0.5674891146589259,0.3232399805211961
3134,2020-09-29,60,406,0.5892597968069666,0.4105133418499074
3135,2020-09-30,60,405,0.5878084179970973,0.3821996268100533
3136,2020-10-05,60,407,0.590711175616836,0.38979761574715827
3137,2020-10-06,60,405,0.5878084179970973,0.3543791934864277
3138,2020-10-07,60,385,0.5587808417997098,0.3567158932173971
3139,2020-10-08,60,392,0.5689404934687954,0.3920445262316086
3140,2020-10-09,60,391,0.5674891146589259,0.3295596198822005
3141,2020-10-12,60,402,0.5834542815674891,0.3716302222563243
3142,2020-10-14,60,395,0.5732946298984035,0.3313086692435118
3143,2020-10-15,60,401,0.5820029027576198,0.38542241855328546
3144,2020-10-16,60,404,0.5863570391872278,0.3771269521757727
3145,2020-10-19,60,407,0.590711175616836,0.32576138300766594
3146,2020-10-20,60,414,0.6008708272859217,0.35456060186467275
3147,2020-10-21,60,404,0.5863570391872278,0.3449182145827558
3148,2020-10-22,60,394,0.5718432510885341,0.34117917071021064
3149,2020-10-23,60,395,0.5732946298984035,0.35853436427993723
3150,2020-10-27,60,386,0.5602322206095791,0.37925866928712626
3151,2020-10-28,60,394,0.5718432510885341,0.41915208862276615
3152,2020-10-29,60,397,0.5761973875181422,0.31233737810216133
3153,2020-10-30,60,398,0.5776487663280117,0.3564204786413573
3154,2020-11-02,60,397,0.5761973875181422,0.3692818809097879
3155,2020-11-03,60,391,0.5674891146589259,0.4370901605171829
3156,2020-11-04,60,392,0.5689404934687954,0.37271605635415267
3157,2020-11-05,60,401,0.5820029027576198,0.3463226723753907
3158,2020-11-06,60,410,0.5950653120464441,0.4030335034262808
3159,2020-11-09,60,400,0.5805515239477503,0.46277993505071213
3160,2020-11-10,60,403,0.5849056603773585,0.38203465626829336
3161,2020-11-11,60,405,0.5878084179970973,0.4294414474721785
3162,2020-11-12,60,412,0.5979680696661829,0.33336762603941195
3163,2020-11-13,60,413,0.5994194484760522,0.3650832396259016
3164,2020-11-16,60,401,0.5820029027576198,0.4005540166204986
3165,2020-11-17,60,404,0.5863570391872278,0.43017500841165
3166,2020-11-18,60,408,0.5921625544267054,0.4172807887429317
3167,2020-11-19,60,406,0.5892597968069666,0.46924699870256625
3168,2020-11-20,60,402,0.5834542815674891,0.38112506214711367
3169,2020-11-23,60,409,0.5936139332365747,0.3992499284493394
3170,2020-11-24,60,401,0.5820029027576198,0.4556741741833813
3171,2020-11-25,60,397,0.5761973875181422,0.40275966389654955
3172,2020-11-26,60,404,0.5863570391872278,0.33280860988330424
3173,2020-11-27,60,417,0.6052249637155298,0.3572400791082542
3174,2020-11-30,60,409,0.5936139332365747,0.39075592680065857
3175,2020-12-01,60,405,0.5878084179970973,0.332516940661081
3176,2020-12-02,60,410,0.5950653120464441,0.38041508755587894
3177,2020-12-03,60,404,0.5863570391872278,0.30752150985290044
3178,2020-12-04,60,405,0.5878084179970973,0.38549909947979727
3179,2020-12-07,60,411,0.5965166908563135,0.3791960484287287
3180,2020-12-08,60,405,0.5878084179970973,0.35923091986115746
3181,2020-12-09,60,405,0.5878084179970973,0.3514161120713198
3182,2020-12-10,60,406,0.5892597968069666,0.40347315663936434
3183,2020-12-11,60,406,0.5892597968069666,0.3448912012598435
3184,2020-12-14,60,407,0.590711175616836,0.38149139867293286
3185,2020-12-15,60,412,0.5979680696661829,0.36899354220859054
3186,2020-12-16,60,408,0.5921625544267054,0.34511523084331464
3187,2020-12-17,60,403,0.5849056603773585,0.31312176857116064
3188,2020-12-18,60,401,0.5820029027576198,0.4332350643403747
3189,2020-12-21,60,394,0.5718432510885341,0.3277913605545862
3190,2020-12-22,60,394,0.5718432510885341,0.4071076685285522
3191,2020-12-23,60,378,0.548621190130624,0.429770512126637
3192,2020-12-24,60,387,0.5616835994194485,0.2995157247441933
3193,2020-12-28,60,384,0.5573294629898403,0.3216011798931818
3194,2020-12-29,60,384,0.5573294629898403,0.3488613498112722
3195,2020-12-30,60,392,0.5689404934687954,0.36128692799331463
3196,2020-12-31,60,384,0.5573294629898403,0.3624520204215992
3197,2021-01-04,60,379,0.5500725689404935,0.44588375120126406
3198,2021-01-05,60,366,0.5312046444121916,0.41886163849371194
3199,2021-01-06,60,385,0.5587808417997098,0.3370392461477364
3200,2021-01-07,60,366,0.5312046444121916,0.39647807267847934
3201,2021-01-08,60,375,0.5442670537010159,0.49569554317301984
3202,2021-01-11,60,371,0.5384615384615384,0.3594157783008873
3203,2021-01-12,60,363,0.5268505079825835,0.4204446542914827
3204,2021-01-13,60,363,0.5268505079825835,0.48770868304078935
3205,2021-01-14,60,367,0.532656023222061,0.350875430421104
3206,2021-01-15,60,366,0.5312046444121916,0.4508206747978293
3207,2021-01-18,60,358,0.5195936139332366,0.533016801568955
3208,2021-01-19,60,370,0.5370101596516691,0.3277701121437171
3209,2021-01-20,60,370,0.5370101596516691,0.4270679901313902
3210,2021-01-21,60,365,0.5297532656023222,0.36583210649059
3211,2021-01-22,60,376,0.5457184325108854,0.4654668507315592
3212,2021-01-25,60,373,0.5413642960812772,0.4511492414760234
3213,2021-01-26,60,368,0.5341074020319303,0.4934635701006286
3214,2021-01-27,60,382,0.5544267053701016,0.50358436834246
3215,2021-01-28,60,373,0.5413642960812772,0.5049336468359429
3216,2021-01-29,60,385,0.5587808417997098,0.47791895253836864
3217,2021-02-01,60,374,0.5428156748911466,0.3685218947245443
3218,2021-02-02,60,379,0.5500725689404935,0.3929402322213432
3219,2021-02-03,60,379,0.5500725689404935,0.4954576073391917
3220,2021-02-04,60,369,0.5355587808417998,0.38448719264413733
3221,2021-02-05,60,366,0.5312046444121916,0.5133903084714109
3222,2021-02-08,60,355,0.5152394775036284,0.48399650629911595
3223,2021-02-09,60,374,0.5428156748911466,0.45196557801212534
3224,2021-02-10,60,384,0.5573294629898403,0.3633455641105561
3225,2021-02-11,60,378,0.548621190130624,0.37301239641989475
3226,2021-02-16,60,381,0.5529753265602322,0.3949749965489517
3227,2021-02-17,60,390,0.5660377358490566,0.41074998015320796
3228,2021-02-18,60,385,0.5587808417997098,0.3494012882990098
3229,2021-02-19,60,381,0.5529753265602322,0.41269292043409195
3230,2021-02-22,60,381,0.5529753265602322,0.4285720806772249
3231,2021-02-23,60,377,0.5471698113207547,0.4563172481934571
3232,2021-02-24,60,390,0.5660377358490566,0.4854770841207085
3233,2021-02-25,60,379,0.5500725689404935,0.3974803155432464
3234,2021-02-26,60,394,0.5718432510885341,0.4475860921982446
3235,2021-03-01,60,398,0.5776487663280117,0.3164639864205369
3236,2021-03-02,60,400,0.5805515239477503,0.4251852330975819
3237,2021-03-03,60,415,0.602322206095791,0.3446244881097473
3238,2021-03-04,60,406,0.5892597968069666,0.3722300731328606
3239,2021-03-05,60,417,0.6052249637155298,0.41487470516461344
3240,2021-03-08,60,410,0.5950653120464441,0.35310830789415104
3241,2021-03-09,60,400,0.5805515239477503,0.32189965520084124
3242,2021-03-10,60,406,0.5892597968069666,0.36209032857760215
3243,2021-03-11,60,409,0.5936139332365747,0.32208736468691723
3244,2021-03-12,60,405,0.5878084179970973,0.32662474146984755
3245,2021-03-15,60,417,0.6052249637155298,0.32594867285199414
3246,2021-03-16,60,417,0.6052249637155298,0.3090440224979614
3247,2021-03-17,60,413,0.5994194484760522,0.3021860707396235
3248,2021-03-18,60,411,0.5965166908563135,0.29876969821922217
3249,2021-03-19,60,413,0.5994194484760522,0.296888660335882
3250,2021-03-22,60,413,0.5994194484760522,0.2543523548384716
3251,2021-03-23,60,417,0.6052249637155298,0.2670589447246042
3252,2021-03-24,60,417,0.6052249637155298,0.3397522950730621
3253,2021-03-25,60,424,0.6153846153846154,0.32453921761182497
3254,2021-03-26,60,417,0.6052249637155298,0.3827873572354639
3255,2021-03-29,60,409,0.5936139332365747,0.3595889905112454
3256,2021-03-30,60,418,0.6066763425253991,0.3241871208664106
3257,2021-03-31,60,420,0.6095791001451378,0.3532796434584871
3258,2021-04-01,60,423,0.613933236574746,0.37790416044544933
3259,2021-04-07,60,408,0.5921625544267054,0.36639095472470806
3260,2021-04-08,60,416,0.6037735849056604,0.38554234224072464
3261,2021-04-09,60,416,0.6037735849056604,0.31337148787785396
3262,2021-04-12,60,418,0.6066763425253991,0.34921184057015
3263,2021-04-13,60,414,0.6008708272859217,0.33834993802776003
3264,2021-04-14,60,405,0.5878084179970973,0.43227258253648954
3265,2021-04-15,60,413,0.5994194484760522,0.3946001467351431
3266,2021-04-16,60,411,0.5965166908563135,0.3368456126760122
3267,2021-04-19,60,410,0.5950653120464441,0.32030226222761693
3268,2021-04-20,60,406,0.5892597968069666,0.30782066700765065
3269,2021-04-21,60,405,0.5878084179970973,0.35138313910157815
3270,2021-04-22,60,422,0.6124818577648766,0.36598332105237175
3271,2021-04-23,60,418,0.6066763425253991,0.32551297142006463
3272,2021-04-26,60,414,0.6008708272859217,0.3648619386629508
3273,2021-04-27,60,424,0.6153846153846154,0.2840228155619748
3274,2021-04-28,60,421,0.6110304789550073,0.27816815283270013
3275,2021-04-29,60,422,0.6124818577648766,0.37592539851238505
3276,2021-04-30,60,408,0.5921625544267054,0.30659238625812446
3277,2021-05-03,60,422,0.6124818577648766,0.3337877666789986
3278,2021-05-04,60,423,0.613933236574746,0.34280448673000874
3279,2021-05-05,60,413,0.5994194484760522,0.3299523114083018
3280,2021-05-06,60,419,0.6081277213352685,0.32426795554192467
3281,2021-05-07,60,418,0.6066763425253991,0.28572104207678295
3282,2021-05-10,60,418,0.6066763425253991,0.3301964395334561
3283,2021-05-11,60,424,0.6153846153846154,0.356037438606246
3284,2021-05-12,60,417,0.6052249637155298,0.3467645926605967
3285,2021-05-13,60,412,0.5979680696661829,0.3527877916757761
3286,2021-05-14,60,414,0.6008708272859217,0.3448739408048501
3287,2021-05-17,60,404,0.5863570391872278,0.344573193308169
3288,2021-05-18,60,412,0.5979680696661829,0.38616697011544765
3289,2021-05-20,60,412,0.5979680696661829,0.38647075131688385
3290,2021-05-21,60,414,0.6008708272859217,0.3706188413265373
3291,2021-05-24,60,413,0.5994194484760522,0.3472928031852097
3292,2021-05-25,60,417,0.6052249637155298,0.34897243300355396
3293,2021-05-26,60,418,0.6066763425253991,0.30165502033988517
3294,2021-05-27,60,412,0.5979680696661829,0.3595178961583881
3295,2021-05-28,60,409,0.5936139332365747,0.30169162818982687
3296,2021-05-31,60,415,0.602322206095791,0.37068603546198553
3297,2021-06-01,60,412,0.5979680696661829,0.4135826185379723
3298,2021-06-02,60,407,0.590711175616836,0.35194219762279827
3299,2021-06-03,60,404,0.5863570391872278,0.39245939692913706
3300,2021-06-04,60,403,0.5849056603773585,0.33168527338540676
3301,2021-06-07,60,409,0.5936139332365747,0.31984748964753923
3302,2021-06-08,60,401,0.5820029027576198,0.3254218269946377
3303,2021-06-09,60,407,0.590711175616836,0.4168351251033713
3304,2021-06-10,60,406,0.5892597968069666,0.29223800570266684
3305,2021-06-11,60,393,0.5703918722786647,0.4361969836594081
3306,2021-06-15,60,419,0.6081277213352685,0.36529663064259443
3307,2021-06-16,60,397,0.5761973875181422,0.3760944116446691
3308,2021-06-17,60,400,0.5805515239477503,0.3458443491481718
3309,2021-06-18,60,385,0.5587808417997098,0.34663257223734023
3310,2021-06-21,60,399,0.579100145137881,0.2880488124084748
3311,2021-06-22,60,393,0.5703918722786647,0.3392494225482904
3312,2021-06-23,60,390,0.5660377358490566,0.4077492231877097
3313,2021-06-24,60,370,0.5370101596516691,0.47309710982979375
3314,2021-06-25,60,384,0.5573294629898403,0.4285588318365416
3315,2021-06-28,60,367,0.532656023222061,0.4108679630321235
3316,2021-06-29,60,386,0.5602322206095791,0.431355208913615
3317,2021-06-30,60,378,0.548621190130624,0.3812996965822567
3318,2021-07-02,60,362,0.525399129172714,0.3908065967016492
3319,2021-07-05,60,371,0.5384615384615384,0.41399937540022114
3320,2021-07-06,60,356,0.5166908563134979,0.366535646110946
3321,2021-07-07,60,378,0.548621190130624,0.48997257594663723
3322,2021-07-08,60,362,0.525399129172714,0.4249570724258138
3323,2021-07-09,60,378,0.548621190130624,0.5250142810244203
3324,2021-07-12,60,360,0.5224963715529753,0.4968021648871522
3325,2021-07-13,60,378,0.548621190130624,0.45193350480385347
3326,2021-07-14,60,375,0.5442670537010159,0.36815249907464154
3327,2021-07-15,60,383,0.555878084179971,0.4207365409749662
3328,2021-07-16,60,377,0.5471698113207547,0.3998460228213327
3329,2021-07-19,60,389,0.5645863570391872,0.34970070084996696
3330,2021-07-20,60,382,0.5544267053701016,0.37672844075266926
3331,2021-07-21,60,394,0.5718432510885341,0.3098250898804197
3332,2021-07-22,60,406,0.5892597968069666,0.3704121431946812
3333,2021-07-23,60,407,0.590711175616836,0.3644431770467008
3334,2021-07-26,60,415,0.602322206095791,0.2960835576867847
3335,2021-07-27,60,414,0.6008708272859217,0.34153298615654354
3336,2021-07-28,60,410,0.5950653120464441,0.3981946293470143
3337,2021-07-29,60,406,0.5892597968069666,0.39035573122529643
3338,2021-07-30,60,394,0.5718432510885341,0.403794615170762
3339,2021-08-02,60,411,0.5965166908563135,0.4184987873035959
3340,2021-08-03,60,401,0.5820029027576198,0.3365126978812952
3341,2021-08-04,60,403,0.5849056603773585,0.3621589745514198
3342,2021-08-05,60,404,0.5863570391872278,0.34809338482130414
3343,2021-08-06,60,403,0.5849056603773585,0.2977379506661521
3344,2021-08-09,60,399,0.579100145137881,0.35693547161912476
3345,2021-08-10,60,407,0.590711175616836,0.30386956636663154
3346,2021-08-11,60,398,0.5776487663280117,0.3330534619379546
3347,2021-08-12,60,399,0.579100145137881,0.3211019849575814
3348,2021-08-13,60,398,0.5776487663280117,0.3948721252335244
3349,2021-08-16,60,395,0.5732946298984035,0.39085239467262517
3350,2021-08-17,60,410,0.5950653120464441,0.4046270040287112
3351,2021-08-18,60,412,0.5979680696661829,0.31844809512676664
3352,2021-08-19,60,410,0.5950653120464441,0.3254758174279837
3353,2021-08-20,60,409,0.5936139332365747,0.4100511004093589
3354,2021-08-23,60,411,0.5965166908563135,0.3440149566397025
3355,2021-08-24,60,406,0.5892597968069666,0.362578554715733
3356,2021-08-25,60,414,0.6008708272859217,0.3023754756325644
3357,2021-08-26,60,409,0.5936139332365747,0.37272163067939573
3358,2021-08-27,60,418,0.6066763425253991,0.31486508811630515
3359,2021-08-30,60,405,0.5878084179970973,0.34821085946609576
3360,2021-08-31,60,404,0.5863570391872278,0.431131768634363
3361,2021-09-01,60,404,0.5863570391872278,0.36602488606883743
3362,2021-09-02,60,404,0.5863570391872278,0.34080189585124343
3363,2021-09-03,60,393,0.5703918722786647,0.43427625529345204
3364,2021-09-06,60,397,0.5761973875181422,0.44340231538337294
3365,2021-09-07,60,375,0.5442670537010159,0.41174036732060054
3366,2021-09-08,60,379,0.5500725689404935,0.4810902409152852
3367,2021-09-09,60,380,0.5515239477503628,0.39489970645511785
3368,2021-09-10,60,382,0.5544267053701016,0.47576263245044886
3369,2021-09-13,60,387,0.5616835994194485,0.43438651949945595
3370,2021-09-14,60,382,0.5544267053701016,0.4197252217043008
3371,2021-09-15,60,387,0.5616835994194485,0.37835852928764924
3372,2021-09-16,60,381,0.5529753265602322,0.41334905101914954
3373,2021-09-17,60,378,0.548621190130624,0.41349877801210166
3374,2021-09-20,60,380,0.5515239477503628,0.43707486940672297
3375,2021-09-21,60,390,0.5660377358490566,0.36034283725328725
3376,2021-09-23,60,391,0.5674891146589259,0.38104564401653485
3377,2021-09-24,60,407,0.590711175616836,0.3544120088296951
3378,2021-09-27,60,410,0.5950653120464441,0.3417284359410373
3379,2021-09-28,60,414,0.6008708272859217,0.39127460131165925
3380,2021-09-29,60,398,0.5776487663280117,0.41503377732968677
3381,2021-09-30,60,410,0.5950653120464441,0.42601660948985315
3382,2021-10-04,60,406,0.5892597968069666,0.30890270162178896
3383,2021-10-05,60,397,0.5761973875181422,0.40851417291583336
3384,2021-10-06,60,403,0.5849056603773585,0.33767966167987
3385,2021-10-07,60,408,0.5921625544267054,0.3021110482367857
3386,2021-10-08,60,402,0.5834542815674891,0.3900611684446245
3387,2021-10-11,60,393,0.5703918722786647,0.3851596059826031
3388,2021-10-12,60,400,0.5805515239477503,0.35564564921670444
3389,2021-10-15,60,405,0.5878084179970973,0.39494055399399813
3390,2021-10-18,60,400,0.5805515239477503,0.4067836494247727
3391,2021-10-19,60,408,0.5921625544267054,0.34332741169994424
3392,2021-10-20,60,414,0.6008708272859217,0.32068679036278036
3393,2021-10-21,60,410,0.5950653120464441,0.3217211390915047
3394,2021-10-22,60,418,0.6066763425253991,0.4452465666305712
3395,2021-10-25,60,419,0.6081277213352685,0.41824848683801175
3396,2021-10-26,60,412,0.5979680696661829,0.4294111120204233
3397,2021-10-27,60,423,0.613933236574746,0.34955902608418227
3398,2021-10-28,60,408,0.5921625544267054,0.32682295966522473
3399,2021-10-29,60,400,0.5805515239477503,0.3149473234916802
3400,2021-11-01,60,398,0.5776487663280117,0.35140045399218844
3401,2021-11-02,60,401,0.5820029027576198,0.3748310184992063
3402,2021-11-03,60,369,0.5355587808417998,0.410080407801857
3403,2021-11-04,60,386,0.5602322206095791,0.3722721441684094
