date,0001.HK,0027.HK,0066.HK,0175.HK,0241.HK,0267.HK,0288.HK,0386.HK,0669.HK,0762.HK,0857.HK,0868.HK,0883.HK,0941.HK,0968.HK,1044.HK,1093.HK,1177.HK,1211.HK,1876.HK,1928.HK,2018.HK,2020.HK,2269.HK,2313.HK,2319.HK,2331.HK,2382.HK,6862.HK,0005.HK,0011.HK,0388.HK,0939.HK,1299.HK,1398.HK,2318.HK,2388.HK,2628.HK,3968.HK,3988.HK,0700.HK,1810.HK,3690.HK,9988.HK,0012.HK,0016.HK,0017.HK,0101.HK,0688.HK,0823.HK,0960.HK,1109.HK,1113.HK,1997.HK,2007.HK,6098.HK,0002.HK,0003.HK,0006.HK,1038.HK
2008-02-15,14.0,26.5,32.0,44.0,33.0,4.0,,2.0,32.0,24.0,3.0,32.0,14.0,6.0,,32.0,42.0,29.0,39.0,,,41.0,34.0,,42.0,16.0,7.0,38.0,,22.0,38.5,19.0,12.0,,1.0,14.0,24.0,5.0,18.0,8.0,11.0,,,,17.0,27.0,28.0,10.0,9.0,36.0,,17.0,,,24.0,,36.0,46.0,20.0,26.0
2008-02-18,11.0,24.0,19.0,39.0,35.0,8.0,,5.0,32.5,31.0,9.0,18.0,14.5,7.0,,31.5,39.0,31.0,36.5,,,45.0,35.0,,44.0,14.0,12.0,43.0,,20.0,41.0,18.0,3.0,,2.0,11.0,26.0,1.0,16.0,4.0,27.0,,,,14.0,23.0,27.5,6.0,13.0,36.0,,22.0,,,28.0,,39.0,41.0,28.0,26.0
2008-02-19,10.0,26.0,23.0,41.0,26.0,1.0,,7.0,34.5,22.0,3.0,29.0,17.5,8.0,,42.0,31.0,44.0,37.0,,,40.0,32.5,,45.0,16.0,19.0,16.0,,26.0,37.0,19.0,4.0,,9.0,6.0,27.0,5.0,14.5,2.0,39.0,,,,27.0,15.0,29.0,14.0,13.0,31.0,,11.0,,,25.0,,36.0,42.0,31.0,34.0
2008-02-20,7.0,22.0,25.0,37.0,28.0,1.0,,8.0,28.0,28.0,6.0,31.0,26.0,3.0,,30.0,12.0,42.0,40.5,,,36.5,36.0,,41.0,16.0,18.0,44.0,,23.0,42.0,17.0,2.0,,4.0,17.0,39.0,10.0,14.0,12.0,25.0,,,,12.0,5.0,25.5,9.0,22.5,36.0,,17.0,,,21.0,,37.0,42.0,33.0,37.0
2008-02-21,7.0,37.5,16.0,31.0,24.0,10.0,,1.0,40.0,21.0,2.0,28.0,19.0,3.0,,33.0,15.0,33.5,41.0,,,45.0,33.0,,19.0,27.0,28.0,42.0,,33.0,42.0,20.0,9.0,,6.0,8.0,22.0,4.0,17.0,5.0,43.0,,,,12.5,12.5,23.0,11.0,17.0,29.5,,15.0,,,38.0,,38.0,37.5,27.5,30.0
2008-02-22,9.0,34.0,16.0,39.0,19.0,2.0,,8.0,29.0,34.0,5.0,16.0,27.5,1.0,,29.0,26.0,32.0,40.0,,,45.0,29.0,,45.0,16.0,21.0,43.0,,10.0,40.0,20.0,3.0,,7.0,11.0,33.0,4.0,13.0,6.0,36.0,,,,11.0,17.0,21.0,13.0,24.0,36.0,,27.0,,,26.0,,41.0,37.0,23.5,37.0
2008-02-25,9.0,26.0,17.0,40.0,29.0,11.0,,8.0,18.0,33.0,2.0,20.0,14.0,1.0,,32.0,28.0,44.0,44.0,,,46.0,28.0,,31.0,17.0,26.0,40.0,,24.0,39.0,14.0,7.0,,6.0,10.0,22.0,5.0,4.0,3.0,33.0,,,,14.0,17.0,39.0,23.0,17.0,36.0,,19.0,,,19.0,,39.0,42.0,32.0,36.0
2008-02-26,7.0,29.0,20.0,31.0,13.0,11.0,,6.0,34.5,25.0,10.0,24.0,15.0,1.0,,34.0,27.0,36.0,41.0,,,30.0,29.0,,39.0,21.0,17.5,42.0,,24.0,35.0,12.5,8.0,,5.0,9.0,24.0,2.0,3.0,4.0,25.0,,,,15.0,21.0,41.0,18.0,13.0,39.0,,28.0,,,32.0,,44.0,44.0,35.0,38.0
2008-02-27,21.0,28.0,12.0,35.5,15.0,3.0,,9.0,28.5,28.0,7.0,19.0,10.0,1.0,,35.0,30.0,34.0,43.0,,,44.5,32.0,,46.0,12.0,24.0,41.0,,23.5,33.0,15.0,8.0,,5.0,17.0,19.0,6.0,2.0,4.0,23.0,,,,14.0,18.5,24.0,30.0,12.0,37.0,,27.0,,,35.0,,39.0,40.0,38.0,34.5
2008-02-28,16.0,18.0,22.0,28.0,13.0,2.0,,3.0,28.0,25.5,11.0,11.0,14.0,7.0,,44.0,29.0,31.5,31.0,,,44.0,33.0,,45.0,25.0,16.0,42.0,,20.5,41.0,11.0,9.0,,5.0,6.0,18.0,4.0,1.0,21.0,37.0,,,,8.0,14.0,39.0,29.0,23.0,38.0,,19.0,,,33.0,,38.0,38.0,35.0,33.0
2008-02-29,13.0,34.0,12.0,29.0,22.0,15.0,,3.0,23.0,25.5,11.0,21.0,25.0,9.0,,34.0,28.0,32.5,40.5,,,45.0,37.0,,39.5,19.0,29.0,44.0,,19.0,37.0,8.0,10.0,,4.0,15.0,30.0,6.0,5.0,2.0,40.0,,,,7.0,1.0,22.0,26.0,20.0,38.0,,17.0,,,35.0,,40.0,36.5,30.5,15.0
2008-03-03,12.0,31.0,22.0,28.0,30.0,2.0,,9.0,23.0,25.0,7.0,19.0,22.5,1.0,,41.5,27.0,45.0,34.0,,,39.0,38.0,,45.0,12.0,18.0,37.0,,27.5,30.0,14.0,10.0,,4.0,16.0,20.0,8.0,5.0,19.5,38.5,,,,3.0,6.0,12.0,27.0,15.0,30.0,,19.0,,,40.0,,41.0,42.0,35.0,32.0
2008-03-04,12.0,31.0,21.0,35.0,22.0,10.0,,6.0,22.0,27.0,3.0,13.0,11.0,5.0,,31.0,42.0,41.0,45.0,,,34.0,30.0,,45.0,24.0,9.0,38.0,,31.0,34.5,16.0,7.0,,1.0,4.0,28.0,8.0,2.0,19.0,26.0,,,,15.0,13.0,16.0,31.0,17.0,44.0,,19.0,,,26.0,,37.0,39.0,40.0,30.0
2008-03-05,16.0,25.0,18.0,36.0,22.0,7.0,,3.0,21.0,21.0,10.0,24.0,14.0,4.0,,36.0,40.0,46.0,40.0,,,42.0,31.0,,41.0,12.0,26.0,32.0,,26.0,43.0,1.0,2.0,,9.0,20.0,23.0,5.0,8.0,16.0,34.0,,,,13.0,6.0,29.0,22.0,13.0,43.0,,29.0,,,29.0,,36.0,37.0,38.0,13.0
2008-03-06,17.0,22.0,24.0,29.0,30.0,4.0,,5.0,26.0,34.0,10.0,25.0,16.0,3.0,,42.0,33.0,44.0,39.0,,,43.0,37.0,,38.0,12.0,28.0,37.0,,18.5,41.0,2.0,7.0,,8.0,16.0,18.0,1.0,9.0,19.0,39.0,,,,6.0,12.0,17.0,23.0,23.0,29.0,,14.0,,,26.5,,45.0,32.5,41.0,20.0
2008-03-07,17.0,20.0,19.0,27.0,24.0,1.0,,5.0,20.0,32.0,3.0,28.5,15.0,7.0,,33.0,29.0,44.0,45.0,,,35.5,38.0,,45.0,18.0,32.0,39.0,,24.0,35.0,2.0,6.0,,4.0,22.5,19.0,10.0,8.0,12.5,38.0,,,,13.0,9.0,16.0,24.0,15.0,32.5,,13.0,,,30.0,,41.0,40.0,41.0,31.5
2008-03-10,20.0,31.0,21.0,26.0,24.0,1.0,,6.0,23.0,37.0,9.0,23.0,15.0,5.0,,37.5,33.0,41.5,33.0,,,36.5,30.5,,41.0,27.0,18.0,25.0,,24.0,45.0,3.0,8.0,,7.0,15.0,14.5,2.0,11.0,11.0,45.0,,,,4.0,16.0,18.5,31.0,11.0,38.0,,15.0,,,32.0,,43.0,39.0,35.0,24.5
2008-03-11,13.0,27.5,11.0,24.0,25.0,6.0,,10.0,26.0,27.0,8.0,16.0,14.0,3.0,,35.0,29.5,45.0,38.0,,,43.0,33.0,,32.0,19.5,34.0,42.0,,22.0,40.0,4.0,9.0,,1.0,21.0,19.0,7.0,15.0,5.0,40.0,,,,2.0,19.0,22.5,27.0,13.0,37.0,,20.0,,,30.0,,35.0,39.0,43.0,28.0
2008-03-12,37.0,25.0,29.0,37.0,29.0,1.0,,9.0,24.0,17.0,3.0,26.0,10.0,7.0,,43.0,33.0,44.0,42.0,,,41.0,22.0,,22.0,26.5,33.0,37.0,,17.0,32.0,2.0,6.0,,5.0,12.5,12.5,8.0,14.0,11.0,29.0,,,,4.0,19.0,17.0,39.0,20.0,24.0,,16.0,,,31.0,,40.0,33.0,46.0,21.0
2008-03-13,21.0,39.0,36.5,26.0,7.0,6.0,,1.0,22.0,41.0,3.0,19.0,15.0,9.0,,33.0,33.0,45.0,38.0,,,31.5,31.0,,43.0,11.0,31.5,42.5,,29.0,34.0,2.0,5.0,,12.0,20.0,26.0,8.0,4.0,18.0,25.0,,,,10.0,14.0,16.0,23.0,19.0,31.0,,14.0,,,29.0,,37.0,40.0,45.0,16.5
2008-03-14,25.0,34.0,19.0,28.0,14.0,4.0,,11.5,21.0,37.0,6.0,26.0,16.0,10.0,,36.5,45.0,36.0,39.0,,,43.0,40.0,,39.0,22.0,28.0,33.0,,19.0,33.0,2.0,3.0,,1.0,8.0,30.0,5.0,9.0,17.0,27.0,,,,15.0,7.0,13.0,19.0,24.0,43.0,,11.5,,,38.0,,30.0,21.0,45.0,35.0
2008-03-17,24.0,26.0,18.0,27.0,14.5,9.0,,7.0,27.0,29.0,6.0,14.0,11.0,4.0,,32.0,37.0,39.5,38.0,,,43.0,31.0,,41.0,22.0,21.0,46.0,,20.0,38.0,5.0,3.0,,8.0,10.0,20.0,2.0,1.0,15.0,33.0,,,,19.0,13.5,15.0,25.0,27.0,33.0,,18.5,,,38.0,,45.0,35.5,43.0,30.5
2008-03-18,7.0,37.0,21.0,29.0,29.0,13.0,,5.0,24.0,33.0,6.0,25.0,11.0,12.0,,31.5,34.0,18.0,39.5,,,43.0,33.0,,39.0,26.0,33.0,46.0,,18.0,38.0,14.0,10.0,,1.0,18.0,21.0,9.0,4.0,2.0,36.0,,,,15.0,8.0,3.0,23.0,18.0,26.0,,20.0,,,40.0,,45.0,36.0,40.0,24.0
2008-03-19,16.0,36.0,22.5,28.0,28.0,3.0,,9.0,23.0,32.0,8.0,23.0,11.0,1.0,,31.0,33.0,45.0,43.0,,,37.0,34.0,,39.0,25.0,30.5,36.0,,14.0,38.0,16.0,7.0,,10.0,19.0,26.0,6.0,14.0,5.0,31.0,,,,4.0,12.0,2.0,14.0,18.0,24.0,,21.0,,,38.0,,39.5,40.5,44.0,19.0
2008-03-20,10.0,37.0,20.0,14.0,28.0,14.0,,7.0,24.0,24.0,1.0,31.0,23.0,5.0,,28.0,34.0,44.0,42.0,,,33.0,34.0,,36.0,27.0,31.0,44.0,,17.0,38.0,18.0,11.0,,4.0,17.0,26.5,8.0,6.0,3.0,34.0,,,,9.0,14.0,2.0,23.0,17.0,25.0,,19.5,,,38.0,,42.0,40.0,44.5,14.0
2008-03-25,19.0,38.0,23.0,23.0,29.0,6.0,,3.0,17.0,26.5,1.0,32.0,26.0,7.0,,24.0,37.0,45.0,35.0,,,37.0,34.0,,40.0,13.0,34.0,44.0,,15.0,30.0,15.0,2.0,,8.0,17.0,18.0,4.0,5.0,9.0,34.0,,,,11.0,12.0,10.0,21.0,29.0,33.0,,15.0,,,39.0,,41.0,30.0,44.0,21.0
2008-03-26,10.0,39.0,22.5,29.0,28.0,9.0,,6.0,24.0,30.0,7.0,29.0,23.0,16.0,,19.0,32.0,45.0,43.0,,,36.0,35.0,,35.0,26.0,23.0,45.0,,19.0,28.5,15.0,5.0,,11.0,19.0,23.0,3.0,4.0,2.0,32.0,,,,8.0,13.0,1.0,13.5,13.0,37.0,,22.0,,,39.0,,42.0,39.0,40.0,20.0
2008-03-27,12.0,34.0,24.5,19.0,26.0,13.5,,9.0,23.0,28.0,4.0,33.0,18.0,6.0,,25.5,33.0,45.0,41.0,,,39.0,33.0,,39.0,29.0,29.0,42.0,,22.0,21.0,7.0,10.0,,2.0,3.0,25.0,15.0,8.0,5.0,36.0,,,,1.0,18.5,12.0,21.0,21.0,41.0,,12.0,,,36.0,,39.5,42.0,45.0,21.0
2008-03-28,18.0,34.0,14.0,21.0,29.0,9.0,,2.0,11.0,25.0,8.0,34.0,18.0,10.0,,27.0,32.0,44.0,46.0,,,36.0,36.0,,41.0,27.0,31.0,36.0,,20.5,25.5,14.0,7.0,,12.0,3.0,21.0,14.0,6.0,1.0,39.0,,,,4.0,16.0,5.0,24.0,25.0,26.0,,16.5,,,34.0,,40.0,40.0,44.0,36.0
2008-03-31,10.0,37.5,28.0,20.0,29.5,3.5,,1.0,27.5,26.0,8.0,26.0,21.0,12.0,,25.0,34.0,45.0,43.0,,,37.0,36.0,,45.0,25.0,35.0,42.0,,22.5,27.0,7.0,13.0,,14.0,9.0,17.0,17.0,3.5,2.0,30.0,,,,6.0,20.0,5.0,11.0,16.0,25.0,,20.0,,,34.0,,37.5,39.0,45.0,25.5
2008-04-01,15.0,33.0,30.0,33.5,23.0,4.0,,6.0,23.0,38.0,2.0,19.0,15.0,3.0,,38.0,26.5,40.5,39.0,,,36.0,30.0,,44.0,25.0,19.0,28.5,,21.0,31.0,10.0,7.0,,8.0,9.0,28.0,12.0,1.0,18.0,38.0,,,,5.0,20.0,11.0,23.0,13.0,45.0,,15.0,,,31.0,,24.0,36.0,44.0,42.0
2008-04-02,13.0,38.0,30.0,17.0,30.0,13.0,,2.0,25.0,22.0,11.0,35.0,17.0,16.0,,23.5,34.0,44.0,25.0,,,36.0,22.0,,40.0,26.5,34.0,43.0,,24.0,36.0,5.0,6.0,,1.0,8.0,32.0,20.0,4.0,10.0,25.0,,,,7.0,24.0,12.0,3.0,17.0,46.0,,9.0,,,23.0,,41.0,35.0,38.0,43.0
2008-04-03,10.0,24.0,34.0,13.0,29.0,20.0,,2.0,26.0,37.0,15.0,37.0,24.0,17.0,,17.0,33.0,44.0,40.0,,,33.0,23.0,,40.0,25.0,35.5,39.0,,21.0,29.5,5.0,6.0,,3.0,8.0,27.0,9.0,4.0,17.0,33.0,,,,7.0,13.0,1.0,11.0,12.5,42.0,,16.0,,,21.0,,36.5,36.0,40.0,45.0
2008-04-07,9.0,27.0,35.0,23.0,20.0,5.0,,6.0,27.0,33.0,8.0,20.0,17.0,1.0,,16.0,42.0,35.0,45.0,,,30.0,25.0,,36.0,32.0,31.0,44.0,,23.0,33.0,4.0,2.0,,12.0,10.0,27.0,18.0,13.0,21.0,37.0,,,,3.0,15.0,7.0,11.0,15.0,41.5,,19.0,,,31.0,,42.0,35.0,41.0,40.0
2008-04-08,14.0,37.0,29.5,23.0,28.0,18.0,,6.0,34.0,26.0,12.0,29.0,8.0,10.0,,20.0,39.0,43.0,34.0,,,37.0,32.0,,45.0,18.0,39.0,41.0,,21.0,24.0,2.0,5.0,,4.0,7.0,22.0,9.0,1.0,11.0,23.0,,,,3.0,14.0,15.5,14.0,25.0,43.0,,34.0,,,19.0,,27.0,37.0,43.0,37.0
2008-04-09,2.0,28.0,27.0,16.0,34.0,3.0,,11.0,35.0,19.0,6.0,35.0,20.0,10.0,,30.0,37.0,45.0,39.5,,,40.0,32.0,,43.0,20.0,39.0,36.0,,16.0,27.0,8.0,4.0,,14.0,7.0,24.0,1.0,16.0,9.0,25.0,,,,12.0,19.0,5.0,20.0,24.0,38.0,,29.5,,,28.0,,29.0,39.0,44.0,13.0
2008-04-10,14.0,37.0,33.5,17.0,28.0,5.0,,9.0,39.0,20.0,4.0,38.5,10.0,15.0,,26.0,41.0,46.0,42.0,,,37.0,30.0,,39.5,22.5,31.0,28.0,,19.5,24.0,6.0,3.0,,21.0,13.0,33.0,8.0,2.0,11.0,25.0,,,,1.0,17.0,7.0,17.0,12.0,43.0,,21.0,,,24.0,,30.0,32.0,35.0,43.0
2008-04-11,4.0,31.0,32.0,20.0,14.0,3.0,,9.0,30.0,25.0,8.0,39.0,11.0,2.0,,30.0,36.0,46.0,43.0,,,36.0,33.0,,40.0,27.0,34.0,31.0,,24.0,19.0,12.0,7.0,,10.0,1.0,20.0,13.0,6.0,17.0,20.5,,,,24.0,19.0,15.0,23.5,5.0,42.0,,20.0,,,29.5,,28.0,36.0,43.0,44.0
2008-04-14,23.0,29.0,33.0,25.0,26.5,3.0,,16.0,39.0,28.5,14.0,24.0,6.0,17.0,,19.0,37.0,45.5,43.0,,,36.0,33.0,,40.0,20.0,37.0,27.0,,26.5,27.0,8.0,11.0,,9.0,2.0,33.0,7.0,1.0,4.0,13.0,,,,10.0,27.0,17.0,12.0,5.0,37.0,,23.0,,,15.0,,43.0,41.5,31.5,44.0
2008-04-15,17.0,36.0,25.0,11.0,25.0,3.0,,5.0,39.0,21.5,10.0,35.0,4.0,17.0,,30.5,28.5,45.0,42.0,,,36.0,29.0,,39.0,19.5,38.5,34.0,,14.0,31.0,15.0,8.0,,7.0,12.0,27.0,6.0,1.0,2.0,32.0,,,,19.0,23.0,14.0,18.0,9.0,30.0,,23.0,,,28.5,,46.0,20.0,40.0,43.0
2008-04-16,14.0,41.0,35.0,28.0,10.0,2.0,,24.0,22.0,31.0,16.0,36.0,6.0,22.0,,25.0,37.0,37.0,43.0,,,40.0,38.0,,43.5,32.0,43.0,29.0,,12.0,27.0,17.0,8.0,,9.0,4.0,18.0,11.0,1.0,5.0,21.0,,,,20.0,18.0,30.0,7.0,3.0,37.0,,14.0,,,13.0,,30.5,32.0,45.0,25.0
2008-04-17,13.0,34.0,28.0,27.0,14.0,9.0,,17.0,30.0,31.0,11.0,38.0,7.0,20.0,,21.0,31.0,32.5,28.0,,,40.0,36.0,,44.0,22.0,41.0,39.0,,24.0,42.0,5.0,6.0,,3.0,10.0,27.5,1.0,4.0,12.0,32.0,,,,24.0,18.0,15.5,8.0,2.0,31.0,,15.5,,,22.0,,40.0,33.0,34.0,46.0
2008-04-18,17.0,37.0,21.0,31.0,31.0,8.0,,25.0,33.0,27.5,12.0,21.0,3.0,14.0,,25.0,36.0,45.0,42.0,,,16.0,38.0,,39.0,19.0,42.0,32.0,,2.0,28.0,4.0,5.0,,10.0,15.0,14.0,9.0,1.0,7.0,29.0,,,,19.0,11.0,23.0,19.0,6.0,36.5,,28.0,,,22.0,,37.0,36.0,40.0,43.0
2008-04-21,2.0,34.0,28.0,20.0,15.0,5.0,,17.0,42.0,35.5,14.0,36.5,12.0,23.0,,32.0,39.0,29.5,41.5,,,31.0,31.0,,42.0,25.5,41.0,36.0,,6.0,30.0,17.0,7.0,,10.0,3.0,22.0,16.0,1.0,9.0,21.0,,,,4.0,19.0,11.0,23.5,8.0,32.0,,13.0,,,24.0,,45.0,33.0,33.5,42.0
2008-04-22,7.0,35.0,31.0,25.0,17.0,5.0,,4.0,22.0,32.0,12.0,41.0,14.0,20.0,,30.0,41.0,35.0,37.5,,,35.5,30.5,,39.0,27.0,38.0,38.0,,6.0,28.0,19.0,2.0,,16.0,9.0,24.0,8.0,3.0,1.0,17.0,,,,19.0,13.0,22.0,10.0,11.0,22.0,,28.0,,,15.5,,42.0,32.0,45.0,44.0
2008-04-23,8.0,40.0,31.0,22.5,17.0,7.0,,5.0,43.0,31.0,9.0,22.0,17.0,20.0,,28.0,36.0,38.0,44.0,,,40.0,26.0,,43.0,29.0,42.0,42.0,,2.0,26.0,1.0,6.0,,3.0,10.0,24.0,4.0,12.0,11.0,20.0,,,,17.0,31.5,16.0,13.0,15.0,35.0,,26.0,,,34.0,,21.0,23.5,31.0,36.5
2008-04-24,12.0,39.0,33.0,26.0,11.0,1.0,,12.0,41.0,29.0,10.0,32.0,18.0,26.0,,19.0,22.0,44.0,45.0,,,38.0,36.0,,41.0,30.0,27.5,41.0,,22.0,27.0,15.0,3.0,,7.0,2.0,28.0,4.0,8.0,6.0,29.0,,,,26.0,14.0,16.0,9.0,5.0,37.0,,23.0,,,30.0,,15.0,31.0,27.0,43.0
2008-04-25,2.0,37.0,28.0,32.0,18.0,8.0,,10.0,35.0,29.0,1.0,31.0,5.0,20.0,,23.0,22.0,45.0,40.0,,,41.0,39.0,,44.0,14.0,30.0,43.0,,26.5,28.0,12.0,9.0,,4.0,11.0,17.0,21.0,3.0,13.0,30.0,,,,26.0,18.0,19.0,7.0,6.0,30.5,,15.0,,,24.0,,41.0,30.0,43.0,36.0
2008-04-28,1.5,43.0,26.0,17.0,35.0,7.0,,24.0,32.0,30.0,12.0,26.0,5.0,25.0,,13.0,38.0,40.0,38.0,,,3.0,44.0,,46.0,11.0,37.0,35.5,,19.0,32.5,23.0,4.0,,10.0,15.0,21.0,29.0,9.0,8.0,17.0,,,,17.0,22.0,5.0,13.0,1.5,33.0,,18.0,,,33.0,,44.0,31.0,29.0,41.0
2008-04-29,2.0,35.5,31.5,16.0,26.0,13.0,,13.0,32.0,30.0,10.0,27.0,4.0,27.0,,3.0,8.0,42.0,37.0,,,42.0,39.0,,40.0,22.0,32.0,44.0,,24.0,30.0,10.0,7.0,,14.0,9.0,19.5,27.0,6.0,18.0,20.0,,,,22.0,18.0,1.0,17.0,5.0,45.0,,14.0,,,31.0,,45.0,30.0,33.0,40.0
2008-04-30,3.0,32.0,27.0,24.0,31.0,1.0,,14.0,34.0,29.0,10.0,32.0,13.0,22.0,,8.0,37.0,40.0,39.0,,,39.0,36.0,,41.0,24.0,42.0,29.0,,15.0,23.0,24.0,4.0,,17.0,5.0,10.0,19.0,7.0,10.0,26.0,,,,19.0,12.0,6.0,16.0,2.0,39.0,,21.0,,,24.0,,43.0,33.0,45.0,43.5
2008-05-02,6.0,30.0,26.0,33.0,31.0,3.0,,10.0,38.0,31.0,18.5,29.0,14.0,12.0,,14.0,40.0,45.0,42.0,,,33.5,21.5,,39.5,30.0,32.0,40.0,,14.0,23.0,24.0,4.0,,23.0,8.5,18.0,15.0,7.0,19.0,25.0,,,,1.0,8.5,5.0,21.0,2.0,37.0,,11.0,,,21.0,,46.0,33.0,37.0,44.0
2008-05-05,8.0,35.0,31.0,26.0,36.0,3.0,,21.0,33.0,24.0,1.0,19.0,11.0,26.0,,2.0,13.5,37.0,45.0,,,43.0,41.0,,43.0,19.0,38.5,30.0,,7.0,24.0,17.0,4.0,,22.0,5.0,15.0,18.0,9.0,15.0,27.0,,,,6.0,15.0,10.0,24.0,12.0,45.0,,29.0,,,22.0,,42.0,33.0,34.0,39.5
2008-05-06,14.0,41.0,37.0,23.0,32.0,11.0,,8.0,31.0,18.0,10.0,27.0,15.0,23.0,,13.0,36.5,31.5,45.5,,,40.0,36.0,,44.0,31.0,35.0,29.0,,20.0,32.0,16.0,4.0,,23.0,1.0,26.0,12.0,2.0,18.0,20.0,,,,9.0,5.0,3.0,6.0,7.0,41.0,,26.5,,,17.0,,40.0,29.0,28.0,44.0
2008-05-07,4.0,39.0,36.0,26.5,29.0,8.0,,18.0,32.0,27.0,1.0,26.0,14.0,16.0,,10.0,34.0,46.0,42.0,,,40.0,32.0,,45.0,28.0,38.0,13.0,,15.0,23.0,12.0,2.0,,22.5,10.0,20.0,20.0,5.0,17.0,24.0,,,,7.0,10.0,6.0,20.0,3.0,42.0,,32.0,,,26.0,,41.0,35.0,30.0,42.0
2008-05-08,9.0,28.0,32.0,30.0,34.0,7.0,,19.0,33.0,25.5,15.0,17.0,15.0,24.0,,12.0,39.0,41.0,43.0,,,42.0,45.0,,38.0,29.0,36.0,3.0,,19.0,21.0,10.5,2.0,,12.0,4.0,25.0,18.0,5.0,15.0,24.0,,,,6.0,12.0,8.0,21.0,1.0,44.0,,30.0,,,25.0,,36.0,28.0,40.0,41.0
2008-05-09,10.0,37.5,31.0,31.0,44.0,8.0,,4.0,40.0,29.0,3.0,26.0,29.0,25.0,,14.0,37.0,43.0,39.0,,,43.0,35.0,,23.0,17.0,29.0,12.5,,6.0,22.0,12.5,1.0,,15.0,19.0,25.5,16.0,11.0,19.0,40.0,,,,9.0,5.0,7.0,20.0,2.0,42.0,,24.5,,,27.0,,20.5,33.0,39.0,34.0
2008-05-13,6.0,41.0,31.0,29.0,35.0,2.0,,11.0,38.0,30.0,8.0,22.0,22.5,26.0,,12.0,38.0,31.5,40.0,,,45.0,35.0,,34.0,28.0,30.0,25.0,,33.0,20.0,13.0,3.0,,10.0,1.0,16.0,5.0,16.0,18.0,40.0,,,,4.0,14.0,7.0,18.0,9.0,42.0,,20.0,,,42.0,,16.0,25.0,40.0,25.0
2008-05-14,3.0,43.0,17.0,32.0,37.0,1.0,,12.0,38.0,23.0,11.0,22.0,21.0,25.0,,5.5,45.0,34.0,42.0,,,39.0,45.0,,36.0,30.0,28.0,18.0,,13.5,17.0,14.0,4.0,,23.0,15.0,27.0,7.0,5.5,21.0,41.0,,,,10.0,8.0,9.0,24.0,2.0,38.0,,20.5,,,31.0,,43.0,29.0,29.0,32.0
2008-05-15,11.0,30.0,23.5,36.0,41.0,2.0,,5.0,45.0,27.0,8.0,28.5,28.0,22.0,,19.0,39.5,38.0,44.0,,,38.0,40.0,,40.0,36.0,34.0,31.0,,19.0,25.0,3.0,5.0,,28.0,10.0,21.0,7.0,9.0,16.0,18.0,,,,14.0,17.0,1.0,13.0,11.0,35.5,,14.0,,,22.0,,5.0,27.0,41.0,33.0
2008-05-16,5.0,36.0,27.5,31.5,41.0,2.0,,10.0,43.0,27.0,9.0,32.0,29.0,23.0,,6.0,45.0,40.0,33.0,,,42.0,40.0,,14.0,31.0,29.0,22.0,,13.0,20.0,8.0,1.0,,26.0,30.0,15.0,3.0,13.0,16.0,38.0,,,,7.0,18.0,4.0,16.0,12.5,43.0,,21.0,,,32.0,,15.0,26.5,38.0,28.5
2008-05-19,10.0,29.5,22.0,39.0,39.0,3.0,,9.0,42.0,31.0,8.0,43.0,25.0,22.0,,4.0,37.0,23.0,38.0,,,39.5,45.0,,33.5,26.0,19.0,12.0,,19.0,27.0,7.0,5.0,,15.0,27.0,16.0,2.0,6.0,18.0,34.5,,,,21.0,13.0,1.0,13.0,11.0,42.0,,19.0,,,29.0,,27.0,43.0,35.0,30.0
2008-05-20,3.5,31.0,18.0,27.0,31.5,4.0,,4.0,43.5,8.0,13.0,35.5,29.0,18.0,,2.0,40.0,35.0,38.0,,,42.5,43.0,,41.0,34.5,21.0,32.0,,23.0,23.0,14.0,8.0,,16.0,17.0,12.0,1.0,11.0,10.0,39.0,,,,22.0,19.0,6.0,24.0,8.0,45.0,,21.0,,,22.0,,35.0,27.0,32.0,35.0
2008-05-21,10.5,22.0,9.0,40.0,46.0,14.0,,18.0,40.0,30.0,7.0,36.0,12.0,16.0,,1.0,42.0,34.0,39.0,,,32.0,39.0,,28.5,24.0,29.0,16.0,,22.0,29.0,10.5,18.0,,8.0,34.0,25.0,5.0,6.0,4.0,42.0,,,,16.0,2.0,3.0,23.0,13.0,44.0,,20.0,,,26.0,,32.0,28.0,37.0,34.0
2008-05-22,4.0,27.0,15.0,25.0,45.0,29.0,,16.0,38.0,34.0,11.0,13.0,26.0,18.0,,2.0,35.0,44.0,40.0,,,35.0,35.0,,23.0,24.0,8.0,20.0,,31.0,39.0,7.0,6.0,,13.0,24.0,22.5,3.0,1.0,9.0,44.0,,,,32.0,18.0,5.0,13.0,20.0,41.0,,9.0,,,31.0,,42.0,29.0,38.0,18.0
2008-05-23,11.0,43.5,14.0,37.0,44.0,24.0,,22.0,38.0,35.0,10.0,27.0,25.0,6.0,,22.0,33.0,28.0,44.0,,,36.0,39.0,,33.0,26.0,28.0,23.0,,16.0,16.0,16.0,12.0,,9.0,30.5,8.0,2.0,4.0,19.0,39.0,,,,7.0,13.0,1.0,3.0,18.0,42.0,,5.0,,,39.5,,32.0,29.0,18.0,38.0
2008-05-26,11.0,36.0,9.0,38.5,39.0,24.0,,13.0,44.0,31.0,5.0,30.0,21.0,17.0,,19.0,30.0,44.0,46.0,,,41.0,38.0,,31.0,25.0,25.5,14.0,,4.0,21.5,14.0,1.0,,8.0,27.0,27.0,3.0,2.0,10.0,42.0,,,,14.0,24.0,7.0,6.0,15.0,34.0,,19.0,,,39.0,,33.0,22.0,35.5,26.0
2008-05-27,13.0,44.5,7.0,30.0,18.0,10.0,,11.0,42.0,34.0,8.0,34.0,21.0,24.5,,30.0,39.0,43.5,45.0,,,15.0,36.0,,38.0,39.0,36.0,26.0,,18.0,18.0,19.0,1.0,,4.0,31.5,22.0,14.0,6.0,9.0,43.0,,,,12.0,21.0,3.0,5.0,2.0,33.5,,15.0,,,32.0,,30.0,25.0,36.0,27.0
2008-05-28,5.0,35.0,7.0,22.0,35.5,24.0,,2.0,44.0,31.0,1.0,18.0,25.5,31.0,,13.0,33.0,44.0,40.0,,,23.0,13.0,,43.0,36.0,30.0,15.5,,25.0,13.0,29.0,10.0,,8.0,24.5,20.5,4.0,6.0,10.0,43.0,,,,21.0,16.0,3.0,14.0,18.0,39.0,,10.0,,,34.0,,39.5,27.0,37.0,41.0
2008-05-29,12.0,42.5,10.0,40.0,36.0,3.0,,16.0,44.0,30.0,6.0,15.0,36.0,16.0,,26.0,20.0,45.0,30.0,,,38.0,31.0,,24.0,30.0,31.0,18.0,,5.0,11.0,23.0,8.0,,4.0,24.5,25.0,9.0,1.0,21.0,26.0,,,,15.0,22.0,2.0,7.0,18.0,41.0,,14.0,,,40.0,,33.0,34.5,36.0,42.0
2008-05-30,9.0,43.0,5.0,38.0,39.0,17.0,,13.0,37.0,35.0,10.0,11.0,25.0,14.0,,23.0,34.0,42.0,44.0,,,41.0,17.0,,37.0,36.5,32.0,28.0,,19.0,21.0,21.0,8.0,,2.0,19.0,26.0,12.0,4.0,7.0,45.0,,,,6.0,24.0,1.0,3.0,15.0,32.0,,19.0,,,30.0,,28.0,29.0,39.0,23.0
2008-06-02,15.0,35.0,12.0,42.0,35.0,10.0,,17.0,45.0,31.0,7.0,29.0,34.0,20.0,,21.0,31.0,41.0,37.0,,,15.5,24.0,,36.0,18.0,29.0,24.0,,25.0,22.0,17.0,10.0,,2.0,27.0,3.5,5.0,3.5,6.0,28.0,,,,17.0,24.0,1.0,13.0,8.0,44.0,,10.0,,,40.0,,39.0,35.0,45.0,43.0
2008-06-03,23.0,43.0,12.0,43.0,39.0,15.5,,8.0,43.0,28.5,1.0,13.5,15.0,5.0,,21.0,44.0,37.0,29.0,,,39.0,23.0,,33.0,24.0,19.0,26.0,,24.0,24.0,33.0,11.0,,6.0,17.0,10.0,3.0,4.0,9.0,41.0,,,,32.0,22.0,2.0,7.0,14.0,36.0,,17.0,,,34.0,,37.0,30.0,28.0,46.0
2008-06-04,20.0,10.0,22.0,32.0,36.0,12.0,,4.0,28.0,33.0,3.0,44.0,28.0,6.0,,22.0,26.0,42.0,39.0,,,20.0,26.0,,33.0,31.0,20.0,12.0,,17.0,8.0,38.0,10.0,,5.0,29.0,31.5,1.0,17.0,14.0,41.0,,,,26.0,29.0,7.0,2.0,13.0,38.0,,17.0,,,10.0,,43.0,35.0,44.0,46.0
2008-06-05,27.0,42.0,3.0,40.0,40.0,1.5,,7.0,36.0,25.0,4.0,37.0,30.0,11.0,,34.0,21.0,44.0,31.0,,,20.0,31.0,,28.0,8.0,14.0,16.0,,22.0,29.0,27.0,18.0,,13.0,11.0,22.5,9.0,14.0,1.5,40.0,,,,24.0,20.0,6.0,5.0,25.0,38.5,,10.0,,,16.0,,46.0,35.0,43.0,38.0
2008-06-06,19.5,42.0,21.5,28.0,33.0,4.0,,8.0,46.0,15.0,3.0,28.0,39.0,10.0,,25.0,44.0,36.0,29.5,,,26.0,31.0,,41.0,5.0,17.0,38.0,,19.0,15.0,27.0,13.0,,17.0,7.0,10.0,12.0,14.0,9.0,39.0,,,,36.0,26.0,1.0,2.0,29.0,21.0,,6.0,,,23.0,,38.0,35.0,32.0,44.0
2008-06-10,18.0,36.0,20.0,35.0,43.0,6.0,,5.0,31.5,32.0,10.0,15.0,23.0,9.0,,25.0,25.5,40.0,39.0,,,24.0,29.0,,33.0,20.0,12.0,30.0,,17.0,21.0,38.0,16.0,,12.0,13.0,4.0,3.0,12.0,7.0,45.0,,,,27.0,26.0,8.0,1.0,27.0,39.0,,2.0,,,26.0,,39.0,43.0,45.0,36.0
2008-06-11,13.0,46.0,4.0,34.0,39.0,15.0,,7.0,44.0,33.0,5.0,29.0,10.0,3.0,,22.0,32.0,42.0,36.0,,,21.0,28.0,,37.0,23.0,29.0,20.0,,9.0,20.0,41.0,13.0,,6.0,24.0,17.0,13.0,27.0,2.0,29.0,,,,21.0,15.0,8.0,1.0,19.0,42.0,,11.0,,,28.0,,42.0,37.5,40.5,33.0
2008-06-12,13.0,42.0,12.0,34.5,46.0,19.0,,3.0,38.0,23.5,8.0,34.0,30.0,4.0,,27.0,36.0,37.0,29.0,,,14.0,31.0,,44.0,15.5,22.0,27.0,,21.5,22.0,31.0,7.0,,9.0,25.0,18.0,1.0,10.0,5.0,35.0,,,,23.0,21.0,11.0,2.0,15.0,43.0,,6.0,,,19.0,,42.0,39.0,40.0,32.0
2008-06-13,8.0,43.0,13.0,24.5,40.0,1.0,,10.0,37.5,34.0,4.0,32.0,33.0,3.0,,8.0,42.5,43.0,35.0,,,36.0,28.0,,34.0,30.0,21.0,37.0,,15.0,17.0,31.5,13.0,,6.0,19.0,27.5,5.0,18.0,2.0,17.0,,,,21.0,25.0,11.0,8.0,14.0,40.0,,16.0,,,25.0,,43.0,24.0,41.0,32.0
2008-06-16,20.0,41.5,1.0,32.0,30.0,14.0,,8.0,38.0,27.0,5.0,15.0,27.0,17.0,,29.0,34.0,41.0,41.0,,,28.0,24.0,,41.0,24.0,26.0,19.5,,17.5,23.0,32.0,12.0,,4.0,10.0,14.0,7.0,13.0,3.0,33.0,,,,36.0,24.0,9.0,2.0,18.0,35.5,,6.0,,,12.5,,45.0,44.0,41.0,37.0
2008-06-17,19.0,40.0,13.0,21.0,42.0,6.0,,5.0,45.0,26.0,8.0,26.0,14.0,15.0,,29.5,27.5,40.0,37.0,,,43.0,35.0,,29.0,24.0,25.0,33.0,,32.0,25.0,13.0,29.0,,4.0,18.5,10.0,2.0,10.0,1.0,44.0,,,,21.0,18.0,3.0,7.0,15.0,40.0,,10.0,,,17.0,,41.0,28.0,37.0,35.0
2008-06-18,14.0,42.0,19.0,26.0,45.0,3.0,,4.0,34.0,31.0,9.0,40.0,16.0,2.0,,24.0,37.0,43.0,41.0,,,34.0,28.5,,36.5,26.0,19.0,43.0,,17.0,25.0,11.0,11.5,,1.0,12.0,23.0,7.0,42.5,14.0,21.0,,,,26.0,13.0,6.0,5.0,19.0,30.0,,8.0,,,22.0,,34.0,31.0,39.0,33.5
2008-06-19,18.0,34.0,3.0,32.0,44.0,14.0,,9.0,39.0,32.0,6.0,38.0,25.0,4.0,,25.0,38.0,45.0,42.0,,,18.0,33.5,,30.0,12.0,28.5,35.0,,19.0,28.0,18.0,17.0,,10.0,11.0,24.0,8.0,14.0,2.0,24.0,,,,28.0,20.0,12.0,1.0,5.0,46.0,,7.0,,,22.0,,36.0,31.0,42.0,36.0
2008-06-20,16.5,25.0,13.0,30.0,35.0,8.0,,3.0,39.0,34.0,1.0,25.0,16.0,7.0,,30.0,40.0,39.0,43.0,,,33.0,25.0,,32.0,30.0,21.0,20.0,,18.0,21.0,33.0,10.0,,5.0,13.0,21.0,2.0,21.0,6.0,22.5,,,,35.0,36.0,4.0,9.0,14.0,28.0,,11.0,,,14.0,,46.0,43.0,44.0,40.0
2008-06-23,8.0,44.0,21.0,33.0,27.0,4.0,,9.0,38.0,23.5,5.0,29.0,20.0,7.0,,22.0,38.0,38.0,41.0,,,30.0,30.0,,36.0,27.0,25.5,44.0,,20.0,17.5,26.0,14.0,,13.0,21.5,24.0,2.0,14.0,3.0,19.0,,,,30.0,27.0,6.0,11.0,10.0,40.0,,1.0,,,12.0,,40.5,35.0,39.0,45.0
2008-06-24,22.0,44.0,16.0,24.5,42.0,3.0,,7.0,44.0,17.0,2.0,19.0,16.0,10.0,,27.0,38.0,26.0,40.5,,,33.0,30.0,,46.0,33.0,19.0,26.0,,23.0,27.0,34.0,14.0,,11.5,4.0,14.5,8.0,14.0,6.0,42.0,,,,35.0,21.5,9.0,1.0,11.5,38.0,,5.0,,,26.5,,29.0,31.0,35.0,39.0
2008-06-25,26.5,44.0,18.0,38.0,41.0,6.0,,4.0,37.0,26.0,7.0,24.0,21.0,11.0,,28.5,33.5,22.0,44.0,,,23.0,27.0,,39.0,9.0,28.5,20.0,,18.0,14.0,29.5,13.0,,1.0,2.0,30.0,10.0,14.0,5.0,40.0,,,,33.5,22.0,15.0,8.0,12.0,45.0,,3.0,,,22.0,,40.0,32.0,36.0,41.0
2008-06-26,15.0,30.0,7.0,35.0,18.0,28.0,,2.0,43.0,34.0,6.0,17.0,24.5,13.0,,31.0,41.0,25.0,44.0,,,29.0,27.0,,24.0,29.0,14.0,26.0,,14.0,16.5,43.0,9.0,,8.0,3.0,36.5,1.0,19.5,10.0,36.0,,,,40.0,28.0,4.0,5.0,23.0,38.0,,11.0,,,17.0,,21.0,42.0,32.5,43.5
2008-06-27,23.5,44.0,10.0,32.0,46.0,17.0,,1.0,36.0,34.0,3.0,15.5,21.0,8.0,,28.0,41.0,15.0,30.0,,,31.0,28.0,,43.0,16.0,23.5,20.0,,7.0,22.0,35.0,18.0,,9.0,14.0,36.0,5.0,26.0,2.0,41.0,,,,32.5,29.5,4.0,6.0,22.0,23.0,,14.0,,,11.0,,19.0,40.0,42.0,37.5
2008-06-30,27.0,43.0,12.5,26.0,33.0,9.0,,4.0,45.0,36.0,6.0,23.0,25.0,7.0,,30.0,45.0,28.0,30.0,,,15.0,19.0,,45.0,19.0,33.0,16.0,,12.0,24.0,31.0,8.0,,1.0,3.0,25.0,2.0,21.0,10.0,35.0,,,,37.0,12.0,5.0,15.0,18.0,38.0,,13.0,,,22.0,,41.0,38.5,42.0,33.0
2008-07-02,28.0,36.0,9.0,28.0,38.0,18.0,,7.0,31.5,29.0,3.0,14.0,21.0,10.0,,27.0,44.0,40.0,42.0,,,23.0,25.5,,40.0,23.0,31.0,18.0,,13.0,23.0,32.0,4.0,,6.0,1.0,20.0,2.0,8.0,5.0,40.5,,,,36.0,25.5,11.0,16.0,20.0,23.0,,12.0,,,15.0,,46.0,34.0,36.0,44.0
2008-07-03,18.0,31.5,12.0,39.5,39.0,5.0,,6.0,33.0,31.0,8.0,15.0,27.0,7.0,,23.0,39.0,29.0,31.0,,,29.0,26.0,,42.0,20.0,34.0,18.0,,15.0,22.0,37.0,9.0,,10.5,4.0,26.0,2.0,10.5,3.0,44.0,,,,36.0,25.0,1.0,12.0,17.0,29.0,,14.0,,,23.0,,43.0,34.0,43.0,38.5
2008-07-04,25.0,39.0,19.0,34.0,42.0,11.0,,3.0,44.0,30.0,6.0,19.5,26.0,5.0,,23.0,34.0,45.0,29.0,,,27.5,23.0,,42.0,17.0,36.0,15.0,,12.0,24.0,38.0,10.0,,1.0,8.0,28.0,7.0,14.0,14.5,31.0,,,,35.0,25.5,4.0,2.0,10.0,29.0,,14.0,,,20.0,,18.0,38.0,42.0,40.5
2008-07-07,25.0,33.0,16.0,41.0,40.5,16.0,,6.0,31.5,10.0,2.0,21.0,25.5,10.0,,28.0,38.0,26.0,38.5,,,33.0,18.5,,44.5,24.0,42.0,20.0,,16.0,10.0,36.0,4.0,,11.0,3.0,25.0,8.0,16.0,7.0,27.5,,,,31.0,17.0,13.0,5.0,1.0,44.0,,19.0,,,22.0,,36.0,35.0,43.0,42.0
2008-07-08,19.5,35.0,16.0,37.0,35.0,21.0,,9.0,35.0,31.0,6.0,23.0,25.0,7.0,,21.0,44.0,28.5,26.0,,,37.0,20.0,,40.5,15.0,33.0,17.0,,11.0,27.0,43.0,2.0,,12.5,5.0,39.0,8.0,25.0,3.0,38.5,,,,32.0,22.0,1.0,12.5,4.0,19.0,,15.0,,,10.0,,44.0,27.0,41.0,40.0
2008-07-09,13.0,41.0,33.0,44.0,29.0,17.0,,11.0,34.0,22.0,5.0,23.0,26.0,8.0,,21.0,41.0,24.0,42.0,,,37.5,21.0,,46.0,15.0,37.0,30.0,,9.0,30.0,27.0,1.0,,2.0,3.0,13.0,7.0,26.0,6.0,40.5,,,,25.0,17.0,4.0,10.0,16.0,33.0,,21.5,,,13.0,,40.0,37.0,34.0,26.0
2008-07-10,23.0,37.0,27.0,40.0,19.0,17.0,,2.0,33.0,21.0,7.0,26.0,31.0,12.0,,18.0,41.0,8.0,40.0,,,34.0,21.0,,42.0,24.0,43.0,18.0,,11.0,30.0,31.0,4.0,,5.0,1.0,16.0,3.0,30.0,6.0,39.0,,,,32.0,20.0,10.0,13.0,15.0,31.5,,17.5,,,9.0,,40.0,39.0,45.0,24.0
2008-07-11,14.0,39.0,27.0,29.0,41.0,13.0,,9.5,36.0,15.0,2.0,31.0,25.5,5.0,,24.0,45.0,29.5,33.0,,,33.0,20.0,,45.0,20.0,24.0,16.0,,14.0,39.0,34.0,3.0,,7.0,11.0,25.0,8.0,24.0,6.0,26.0,,,,34.0,18.0,4.0,9.5,15.0,43.0,,23.0,,,1.0,,42.5,37.0,43.0,20.0
2008-07-14,23.0,15.0,24.0,34.0,37.0,11.0,,7.0,33.0,20.0,3.0,28.5,35.0,2.0,,9.0,39.0,34.0,27.0,,,45.0,23.0,,43.0,15.0,29.5,26.0,,23.0,36.5,26.0,20.0,,6.0,1.0,20.0,8.0,10.0,4.0,36.5,,,,32.0,15.0,18.0,13.0,5.0,38.0,,16.0,,,12.0,,42.0,40.0,45.0,30.5
2008-07-15,25.0,43.0,20.0,44.0,33.0,19.0,,1.0,25.0,37.5,6.0,23.0,21.0,5.0,,16.0,40.0,27.0,20.0,,,43.0,34.0,,41.0,16.0,32.0,31.0,,17.5,32.0,29.0,10.0,,9.0,2.0,35.0,4.0,28.0,8.0,28.5,,,,32.0,11.0,3.0,12.0,12.0,15.5,,16.0,,,7.0,,40.0,44.0,38.0,21.5
2008-07-16,21.0,38.5,30.0,37.0,39.0,8.0,,6.0,29.0,29.0,3.0,24.0,37.5,5.0,,24.5,43.5,30.0,19.0,,,45.0,15.0,,42.0,21.0,22.0,19.0,,16.0,32.0,31.0,4.0,,13.0,10.0,22.0,1.0,26.0,7.0,30.0,,,,39.5,14.0,9.0,12.0,11.0,21.0,,18.0,,,2.0,,43.0,36.0,40.0,35.0
2008-07-17,16.0,37.0,23.0,29.5,41.0,24.0,,4.0,36.0,27.0,18.0,26.5,32.0,3.0,,18.0,45.0,32.0,38.0,,,41.0,16.0,,43.0,16.0,27.0,18.0,,16.0,29.0,29.0,1.0,,6.0,10.0,26.0,5.0,12.0,8.0,28.5,,,,33.0,14.0,9.0,11.0,2.0,43.0,,21.0,,,7.0,,35.0,42.0,39.0,24.0
2008-07-18,2.0,35.0,23.0,41.0,41.0,25.0,,9.0,35.0,33.0,1.0,29.0,37.0,20.0,,25.5,44.0,15.0,38.0,,,43.0,20.0,,42.0,15.0,31.0,23.0,,8.0,27.0,29.0,12.0,,3.0,11.0,26.0,5.0,10.0,6.0,18.0,,,,36.0,15.0,7.0,13.0,4.0,42.0,,17.0,,,18.0,,27.0,38.0,31.0,30.0
2008-07-21,12.5,32.0,19.0,41.0,39.5,18.0,,2.0,32.0,40.0,14.0,28.0,31.0,22.0,,19.0,44.0,18.0,35.0,,,44.0,35.0,,40.0,12.5,28.0,26.0,,17.0,24.0,24.0,4.0,,3.0,5.0,36.0,6.0,9.0,7.0,24.0,,,,27.5,10.0,8.0,11.0,1.0,30.0,,19.0,,,24.5,,17.0,37.0,39.0,37.5
2008-07-22,14.0,37.0,19.0,42.0,41.0,18.0,,7.0,34.0,36.5,1.0,31.0,33.0,10.0,,18.5,45.0,20.0,31.0,,,40.5,36.5,,44.0,17.0,29.0,26.0,,24.0,31.0,26.0,11.0,,5.0,9.0,37.0,3.0,8.0,6.0,24.0,,,,22.0,12.0,4.0,21.0,2.0,28.5,,28.0,,,14.0,,13.0,39.0,37.0,22.0
2008-07-23,1.0,42.0,21.0,40.0,45.0,21.0,,4.0,35.0,24.5,8.0,24.0,32.0,13.0,,15.0,42.0,35.0,32.0,,,28.0,35.0,,46.0,30.0,32.0,24.5,,19.0,27.5,26.5,17.0,,2.0,11.0,33.0,5.0,6.0,9.0,30.0,,,,19.0,7.0,15.0,10.0,3.0,43.5,,13.0,,,12.0,,30.0,40.5,38.0,20.0
2008-07-24,1.0,23.0,17.0,42.0,42.0,20.0,,10.0,27.0,36.0,9.0,29.0,41.0,3.0,,12.0,44.0,26.0,30.0,,,32.0,35.5,,34.0,26.5,34.0,21.0,,24.0,24.0,28.0,11.0,,2.0,14.0,39.0,6.0,15.0,5.0,34.0,,,,24.5,7.0,13.0,17.5,8.0,17.0,,28.0,,,4.0,,42.0,44.0,36.5,18.0
2008-07-25,3.0,26.0,20.0,41.0,34.5,17.0,,5.0,41.0,20.5,13.0,33.0,37.0,12.0,,23.0,43.0,31.0,21.5,,,36.0,38.0,,31.0,14.0,35.0,20.0,,23.0,28.0,36.0,9.0,,2.0,18.0,43.5,6.0,15.0,8.0,23.0,,,,20.0,10.0,1.0,11.0,7.0,44.0,,27.5,,,4.0,,30.0,33.5,36.0,32.0
2008-07-28,4.0,34.0,23.0,41.0,45.0,9.0,,10.0,37.5,16.5,11.0,28.0,24.0,7.0,,19.0,43.0,26.0,43.5,,,45.0,32.5,,31.0,28.0,29.0,35.0,,23.0,38.0,35.0,16.0,,5.0,14.0,40.0,8.0,13.0,2.0,20.0,,,,19.0,3.0,20.0,16.0,6.0,35.0,,12.0,,,1.0,,28.0,19.0,40.0,30.0
2008-07-29,2.0,23.0,18.0,42.0,46.0,18.5,,3.0,34.0,21.0,16.0,27.0,34.0,13.0,,13.0,44.0,23.0,32.0,,,22.0,29.0,,28.0,29.0,31.0,33.0,,22.0,38.5,36.0,9.0,,8.0,7.0,39.0,1.0,5.0,14.0,14.0,,,,22.0,11.0,10.0,19.0,4.0,37.5,,26.0,,,6.0,,43.0,32.0,40.0,35.0
2008-07-30,6.0,37.0,19.0,36.0,43.0,16.5,,8.0,23.0,39.0,16.0,29.0,27.0,11.0,,14.0,41.0,21.0,26.5,,,36.5,35.0,,37.0,28.0,33.0,24.0,,20.0,40.0,40.0,13.0,,9.0,10.0,37.0,1.0,14.0,4.0,20.0,,,,21.0,5.0,7.0,12.0,2.0,43.0,,24.0,,,3.0,,35.5,21.0,31.0,38.0
2008-07-31,4.0,45.0,17.0,43.0,18.0,14.0,,17.0,35.0,19.0,14.0,33.0,36.0,15.0,,25.0,45.0,28.5,12.0,,,28.0,31.0,,43.0,31.0,40.0,26.0,,21.0,33.0,21.0,11.0,,1.0,10.0,42.0,6.0,2.0,7.0,38.0,,,,25.0,5.0,9.0,24.0,8.0,36.0,,17.0,,,3.0,,27.0,36.0,41.0,21.5
2008-08-01,4.0,42.0,24.0,34.0,29.0,21.0,,7.0,15.0,36.0,3.0,34.0,45.0,16.5,,17.0,41.0,24.0,34.0,,,32.0,28.0,,37.0,29.0,39.0,22.0,,8.0,35.0,32.5,18.0,,6.0,12.0,39.0,10.5,20.0,5.0,23.0,,,,10.5,9.0,1.0,15.0,2.0,25.0,,15.0,,,13.0,,43.0,37.0,29.0,34.0
2008-08-04,4.0,44.5,13.0,43.5,36.0,18.0,,1.0,28.0,21.0,10.0,25.0,46.0,13.0,,15.0,34.0,38.5,29.0,,,21.0,28.0,,42.0,26.0,33.0,25.5,,19.0,30.0,29.0,3.0,,8.0,6.0,39.0,9.0,14.0,17.0,21.5,,,,25.0,13.0,5.0,21.0,7.0,39.0,,13.0,,,2.0,,35.0,32.0,41.0,37.0
2008-08-05,1.0,39.0,13.0,44.0,33.0,15.0,,6.0,22.0,19.0,4.0,32.5,42.0,15.0,,28.0,45.0,28.5,37.5,,,32.0,36.0,,33.0,23.0,36.0,29.0,,14.0,26.0,22.0,10.0,,7.0,19.0,37.0,8.0,2.0,9.0,17.0,,,,17.0,11.5,5.0,25.0,3.0,23.0,,22.0,,,12.0,,39.0,35.0,42.0,41.0
2008-08-07,8.0,25.0,11.0,39.0,37.0,6.0,,1.0,34.0,19.0,5.0,31.0,24.0,15.0,,19.5,45.0,31.0,37.0,,,26.0,34.0,,42.0,25.0,36.0,27.0,,20.0,35.0,27.0,9.0,,2.0,13.0,40.0,4.0,17.0,10.0,23.0,,,,14.0,16.0,12.0,22.0,3.0,20.0,,29.0,,,7.0,,41.0,35.0,43.0,43.0
2008-08-08,6.0,44.0,19.0,39.0,31.0,19.0,,9.0,36.0,15.0,4.0,28.0,34.0,33.0,,29.0,25.0,20.0,45.0,,,41.0,24.0,,43.0,27.0,36.0,29.0,,21.0,36.0,29.0,14.0,,3.0,10.0,39.0,5.0,12.0,7.0,17.0,,,,16.0,14.0,1.0,22.0,2.0,40.0,,19.0,,,10.5,,8.0,35.0,38.0,31.0
2008-08-11,13.0,38.0,35.0,38.0,34.0,18.0,,8.0,24.0,18.0,1.0,29.0,32.0,20.0,,20.0,44.0,13.0,44.0,,,45.0,31.0,,40.0,22.0,38.0,26.0,,25.0,10.0,16.0,7.0,,9.0,5.0,44.0,2.0,11.0,6.0,16.0,,,,21.0,23.0,3.0,16.0,4.0,37.0,,33.0,,,13.0,,32.0,40.5,28.0,34.0
2008-08-12,5.0,40.0,31.0,34.0,28.0,11.5,,11.5,19.0,18.0,3.0,28.0,37.0,32.0,,32.0,22.0,30.0,45.0,,,35.0,24.5,,41.0,37.0,38.0,20.0,,7.0,39.0,17.0,22.0,,4.0,13.0,30.0,6.0,24.0,10.0,15.0,,,,21.0,16.0,2.0,9.0,8.0,46.0,,14.0,,,1.0,,37.0,24.0,43.0,28.5
2008-08-13,12.0,33.0,26.0,38.0,26.0,4.0,,12.0,29.0,18.0,7.0,31.0,35.0,19.0,,18.5,38.0,24.0,19.0,,,30.5,34.0,,44.0,33.0,36.0,24.5,,5.0,39.0,16.0,13.0,,1.0,8.0,40.0,2.0,6.0,22.0,16.0,,,,20.0,15.0,10.0,26.0,9.0,41.0,,20.0,,,3.0,,45.0,36.0,32.0,43.0
2008-08-14,4.0,40.0,24.0,42.0,33.0,25.0,,17.5,25.0,14.0,5.0,28.0,33.0,13.0,,30.0,43.0,27.0,13.0,,,41.0,30.0,,43.0,29.5,36.0,22.0,,8.0,36.0,20.0,19.0,,17.0,7.0,30.0,9.0,1.0,22.0,19.0,,,,13.0,2.0,6.0,17.0,10.0,38.0,,13.0,,,3.0,,37.0,39.5,44.0,34.0
2008-08-15,18.0,23.0,41.0,38.0,30.0,13.0,,4.0,12.5,16.0,12.0,31.0,40.0,25.0,,35.0,36.0,43.5,37.0,,,43.0,27.0,,27.0,24.0,36.0,16.0,,16.0,33.0,20.0,4.0,,2.0,7.0,23.0,8.0,10.0,18.0,13.0,,,,20.0,22.0,1.0,30.0,6.0,30.0,,3.0,,,9.0,,35.0,43.0,33.0,46.0
2008-08-18,18.0,33.0,12.0,38.0,31.5,10.0,,21.0,32.0,14.0,1.0,9.0,37.0,26.0,,30.0,40.0,15.0,44.0,,,33.0,23.0,,40.0,25.0,22.0,34.0,,16.0,31.0,36.5,15.0,,8.0,3.0,32.0,4.0,2.0,7.0,15.0,,,,25.0,28.0,6.0,19.0,5.0,43.0,,11.0,,,19.0,,29.5,46.0,42.0,35.0
2008-08-19,16.0,29.0,20.0,19.0,22.0,20.0,,12.0,23.0,16.0,5.0,32.0,37.0,28.0,,40.0,34.0,23.0,25.0,,,30.0,38.0,,40.0,32.0,36.0,15.0,,1.0,35.0,31.0,25.0,,6.0,19.0,37.0,3.0,10.5,12.0,14.0,,,,10.0,9.0,7.0,25.0,4.0,38.0,,2.0,,,8.0,,46.0,34.0,43.0,45.0
2008-08-20,21.0,44.0,29.0,40.0,34.0,24.0,,6.0,19.0,10.0,1.0,23.0,30.0,18.0,,41.0,23.0,12.0,39.0,,,32.5,31.0,,38.0,7.0,34.0,29.0,,13.0,22.0,29.0,26.0,,9.0,2.0,39.0,4.0,5.0,16.0,29.5,,,,16.0,15.0,3.0,20.0,12.0,36.0,,13.0,,,8.0,,35.0,45.0,43.0,38.0
2008-08-21,9.0,41.0,13.0,45.0,39.0,2.0,,11.0,27.0,28.0,20.0,31.0,37.5,18.0,,39.5,26.0,29.5,35.0,,,33.0,34.5,,28.0,31.0,10.0,25.0,,16.0,24.0,24.0,17.0,,1.0,15.0,39.0,6.0,3.0,8.0,34.5,,,,7.0,11.0,4.0,20.0,25.0,30.0,,16.0,,,5.0,,40.0,15.0,43.5,42.5
2008-08-25,25.0,43.0,4.0,43.0,32.0,18.0,,17.0,22.0,23.0,1.0,17.0,25.0,11.0,,41.0,36.0,15.0,32.0,,,35.0,37.0,,29.5,22.0,28.0,19.0,,29.0,37.0,27.0,7.0,,9.0,8.0,39.0,6.0,2.0,5.0,40.0,,,,15.0,10.0,3.0,33.5,19.5,22.0,,12.0,,,13.0,,39.0,27.0,42.0,43.0
2008-08-26,10.0,39.0,24.0,36.0,19.0,3.0,,7.0,27.0,18.5,12.0,14.0,34.0,10.0,,44.0,43.0,22.0,34.0,,,37.0,32.0,,27.0,14.0,43.0,17.0,,27.5,37.0,29.5,8.0,,2.0,16.5,24.0,5.0,10.0,21.0,32.0,,,,6.0,23.0,4.0,28.0,21.5,22.0,,1.0,,,14.0,,39.0,34.0,41.0,45.0
2008-08-27,18.0,40.0,13.0,42.0,33.0,12.0,,1.0,23.0,14.0,6.0,30.0,34.0,18.0,,37.0,37.5,10.0,37.0,,,32.5,37.0,,25.0,24.0,34.0,38.0,,3.0,31.0,23.0,16.0,,4.0,20.0,25.0,8.0,2.0,10.0,41.0,,,,10.0,20.0,7.0,24.0,25.0,19.0,,4.0,,,14.0,,41.0,30.5,44.0,37.0
2008-08-28,19.0,38.0,7.0,42.0,43.0,5.0,,6.0,24.0,17.0,11.0,27.0,32.5,18.0,,43.0,27.0,20.0,36.0,,,32.0,44.5,,30.0,25.0,30.0,40.0,,3.0,35.0,40.0,9.0,,2.0,10.0,21.0,8.0,4.0,14.0,45.0,,,,13.0,17.0,1.0,22.0,29.5,22.5,,12.0,,,15.0,,21.0,30.0,33.0,38.0
2008-08-29,20.0,35.5,13.0,45.0,20.0,10.0,,16.0,24.0,7.0,8.0,15.0,32.0,13.0,,40.0,38.0,17.0,40.5,,,33.0,42.0,,38.0,27.0,34.0,35.0,,10.0,31.0,35.0,17.0,,4.0,3.0,21.0,5.0,2.0,1.0,42.0,,,,22.0,26.5,6.0,24.0,20.0,38.5,,10.0,,,12.0,,36.0,28.0,38.0,30.0
2008-09-01,12.0,43.0,6.0,23.0,30.0,28.0,,18.0,26.0,1.0,7.0,27.0,34.0,17.0,,46.0,32.0,25.0,37.0,,,28.0,43.0,,24.0,29.0,35.5,38.0,,12.0,32.5,42.0,14.0,,4.0,21.0,28.0,3.0,9.0,5.0,34.0,,,,19.0,16.0,2.0,8.0,19.5,21.5,,11.0,,,11.0,,39.0,17.0,40.0,44.0
2008-09-02,18.0,43.0,4.0,42.0,19.0,2.0,,13.0,36.0,3.0,1.0,26.0,33.5,17.0,,42.0,27.0,44.0,35.0,,,25.0,39.0,,28.0,33.5,34.5,36.0,,13.0,34.0,33.0,6.0,,8.0,10.0,23.0,5.0,7.0,21.0,38.0,,,,22.0,20.0,15.0,16.0,12.0,11.0,,23.0,,,11.0,,45.0,27.0,29.0,40.0
2008-09-03,11.0,43.0,32.0,42.0,18.0,12.0,,20.0,23.0,6.5,9.0,16.0,19.0,22.0,,38.5,37.0,40.0,36.0,,,39.0,27.5,,29.5,36.0,29.0,38.0,,11.0,28.0,26.5,4.0,,6.0,2.0,32.0,5.0,1.0,19.0,42.5,,,,24.5,22.5,17.0,27.0,8.0,14.0,,14.0,,,11.0,,42.5,29.0,3.0,40.0
2008-09-04,16.0,37.0,7.0,42.5,33.0,5.0,,25.0,43.0,19.0,4.0,13.0,22.0,31.0,,23.0,29.0,30.0,38.0,,,32.0,37.0,,21.0,40.0,35.0,39.0,,6.0,33.0,41.0,13.0,,15.0,17.0,28.5,3.0,1.0,13.0,35.0,,,,9.0,22.0,11.0,25.0,2.0,19.0,,9.0,,,19.0,,45.0,25.0,43.0,9.0
2008-09-05,17.0,42.0,9.0,36.0,37.0,11.5,,2.0,19.0,25.0,3.0,27.0,7.0,14.0,,27.0,33.0,33.0,41.5,,,41.0,19.5,,26.0,36.0,35.0,45.0,,22.0,22.0,41.5,20.5,,1.0,4.0,29.0,5.0,8.0,32.0,42.0,,,,6.0,20.0,11.5,27.0,14.0,14.0,,15.0,,,10.0,,38.0,37.5,31.0,23.0
2008-09-08,16.0,21.0,10.5,39.5,40.0,7.0,,27.0,39.0,14.0,3.0,14.0,23.0,31.0,,22.0,35.0,30.5,38.0,,,33.5,43.0,,28.0,38.0,36.0,44.0,,12.0,29.0,16.5,10.5,,5.0,1.0,22.5,4.0,8.0,19.0,37.0,,,,19.0,14.0,10.0,32.0,26.0,19.0,,6.0,,,2.0,,33.0,28.0,43.0,27.0
2008-09-09,18.0,37.0,28.0,43.0,22.0,12.0,,11.0,41.0,20.0,2.0,17.0,7.0,12.0,,41.0,37.5,26.0,38.0,,,42.0,38.0,,26.0,22.0,35.0,40.0,,17.0,29.0,44.0,14.0,,4.0,5.0,24.0,1.0,8.0,22.0,39.0,,,,23.0,16.0,6.0,33.0,10.0,16.0,,3.0,,,9.0,,27.0,28.0,33.0,35.0
2008-09-10,20.0,26.0,30.0,34.0,16.0,22.0,,12.0,12.0,12.0,8.0,25.0,9.0,14.5,,41.0,34.5,19.0,33.0,,,40.0,44.0,,26.0,38.0,26.5,39.0,,14.0,38.0,41.0,30.0,,1.0,5.0,36.0,7.0,3.0,17.0,29.0,,,,23.0,17.0,10.0,26.0,4.0,17.5,,2.0,,,6.0,,27.0,34.0,44.0,44.0
2008-09-11,19.0,41.0,19.0,36.0,42.0,11.0,,2.0,40.0,12.0,7.0,25.5,22.0,15.0,,44.0,32.0,34.0,46.0,,,44.0,35.0,,35.0,32.0,32.0,22.0,,10.0,16.0,31.0,6.0,,4.0,1.0,25.0,8.0,9.0,22.0,27.5,,,,25.0,13.0,14.0,24.0,5.0,23.0,,3.0,,,17.0,,30.0,28.0,38.5,38.5
2008-09-12,14.5,38.0,32.0,37.0,43.0,20.0,,6.0,41.0,17.0,9.0,15.5,28.0,8.0,,45.0,36.0,30.5,38.0,,,44.0,26.0,,15.5,18.0,26.0,23.0,,13.0,26.0,35.5,11.0,,4.0,2.0,35.0,1.0,5.0,32.0,21.0,,,,11.0,23.0,3.0,27.0,17.0,24.0,,7.0,,,12.0,,28.0,28.0,41.0,44.5
2008-09-16,14.0,36.5,22.0,41.5,31.0,11.0,,8.0,39.0,20.0,7.0,20.0,9.0,3.0,,39.0,29.0,30.0,45.0,,,4.5,29.0,,33.0,27.0,21.0,38.0,,10.0,23.0,43.0,2.0,,4.5,11.0,25.0,1.0,18.0,26.0,35.5,,,,15.0,13.0,6.0,17.0,16.0,33.0,,19.0,,,36.0,,43.0,39.0,29.5,41.0
2008-09-17,14.0,42.0,18.0,44.0,42.0,6.0,,1.0,38.0,18.5,2.0,40.0,4.0,12.0,,41.0,32.0,22.0,32.0,,,37.0,15.0,,30.0,37.0,41.0,17.0,,23.0,21.0,45.0,10.0,,5.0,3.0,29.0,7.0,8.0,26.0,33.0,,,,26.0,9.0,14.0,28.0,17.0,11.0,,19.0,,,19.0,,34.0,28.0,35.0,24.0
2008-09-18,23.5,45.0,34.0,35.0,44.0,2.0,,1.0,41.0,19.5,8.0,15.0,8.0,10.0,,43.0,38.5,21.0,38.0,,,39.0,18.0,,30.0,35.0,31.0,28.0,,18.0,28.0,37.0,28.0,,4.0,7.0,31.0,5.0,11.0,21.0,33.0,,,,21.0,15.0,4.0,25.0,12.5,12.0,,18.0,,,15.0,,32.0,23.0,4.0,43.0
2008-09-19,13.0,37.0,22.0,15.0,36.0,4.0,,6.0,42.0,18.0,5.0,19.0,19.0,14.0,,32.0,33.0,26.0,31.0,,,31.5,20.0,,37.0,44.0,23.0,35.0,,25.0,2.0,39.0,3.0,,7.0,11.0,19.5,1.0,8.0,10.0,39.0,,,,27.0,9.0,11.0,29.0,16.0,26.0,,23.0,,,29.0,,45.0,44.0,42.0,33.0
2008-09-22,10.0,39.0,16.0,31.5,40.5,2.0,,13.0,38.0,31.0,8.0,29.5,12.0,14.0,,25.0,30.0,25.0,43.0,,,38.0,22.0,,17.0,38.0,45.0,43.0,,25.0,20.0,30.0,9.0,,5.0,7.0,31.5,6.0,3.0,28.0,36.0,,,,22.0,11.0,1.0,16.0,4.0,20.0,,19.0,,,17.0,,42.0,39.5,34.0,27.0
2008-09-23,15.0,40.5,23.0,30.5,37.0,4.0,,21.0,41.0,35.0,8.0,21.0,10.0,10.0,,42.0,35.0,10.0,43.5,,,31.0,35.0,,42.0,13.0,25.0,30.5,,24.0,32.0,27.0,2.0,,5.0,6.0,18.0,7.0,1.0,31.0,27.0,,,,14.0,12.0,3.0,17.0,17.0,27.0,,18.0,,,24.0,,20.0,45.0,44.0,38.0
2008-09-24,3.0,41.5,19.0,23.0,38.0,1.0,,19.0,41.0,36.0,8.0,21.5,19.0,12.0,,41.0,36.0,6.0,33.5,,,31.5,29.0,,42.0,23.0,26.5,45.0,,18.0,25.5,32.0,14.0,,2.0,7.0,28.0,4.0,15.0,32.0,28.0,,,,15.0,10.0,5.0,24.0,12.0,13.0,,9.0,,,21.5,,31.0,38.0,35.0,41.0
2008-09-25,9.0,42.0,23.0,42.0,44.0,4.0,,15.0,30.0,33.0,8.0,18.5,12.5,12.0,,45.0,33.0,24.0,34.0,,,26.0,37.0,,36.0,38.0,21.0,39.5,,15.0,19.0,30.0,6.0,,10.0,2.5,21.5,5.0,7.0,30.0,38.0,,,,25.0,1.0,2.5,19.5,17.0,21.5,,12.0,,,18.5,,26.0,36.0,29.5,44.0
2008-09-26,1.0,41.0,26.0,33.0,31.0,4.0,,17.0,45.0,37.0,3.0,14.0,11.0,24.0,,43.0,37.0,14.0,33.0,,,34.5,24.0,,42.0,43.0,19.0,22.0,,30.0,28.0,24.5,6.0,,2.0,10.0,20.0,13.5,8.5,34.0,37.0,,,,17.5,5.0,7.0,14.0,8.5,18.0,,17.0,,,27.0,,22.5,35.0,29.0,36.0
2008-09-29,10.0,37.0,15.0,42.0,35.0,2.0,,23.0,4.0,23.0,8.0,16.0,14.0,14.0,,43.0,32.0,19.0,42.0,,,43.0,39.0,,35.0,40.0,25.0,42.0,,28.0,25.0,22.5,3.0,,7.0,5.0,12.0,1.0,11.0,27.0,38.0,,,,9.0,6.0,20.0,29.0,16.0,16.0,,32.0,,,23.0,,21.0,35.0,31.0,41.0
2008-09-30,11.0,38.5,23.0,36.0,39.0,1.0,,15.0,41.0,21.0,9.0,16.0,13.0,10.0,,42.0,36.0,19.0,43.0,,,43.5,29.0,,44.0,26.5,20.0,43.0,,32.0,29.0,29.0,5.0,,7.0,4.0,26.0,8.0,19.0,30.0,38.0,,,,21.0,3.0,2.0,26.0,14.0,14.0,,6.0,,,18.0,,32.0,18.0,34.0,27.0
2008-10-02,3.0,39.0,19.0,43.0,42.0,5.0,,10.0,44.0,26.0,9.0,23.0,17.0,6.0,,45.0,31.0,29.0,40.0,,,42.0,37.0,,30.0,37.0,24.0,17.0,,24.0,29.5,33.0,11.0,,12.0,7.0,27.0,2.0,13.0,16.0,34.0,,,,23.0,4.0,1.0,21.0,17.0,8.0,,17.0,,,17.0,,35.5,20.0,33.0,39.0
2008-10-03,9.0,23.0,13.0,32.0,36.0,5.0,,6.0,42.5,30.5,4.0,31.0,11.0,17.0,,40.0,37.0,17.0,45.0,,,37.0,14.0,,36.0,43.0,14.0,45.0,,28.0,34.0,33.5,19.0,,14.0,10.0,29.0,2.0,8.0,22.0,19.0,,,,26.0,3.0,1.0,16.5,7.0,22.0,,22.0,,,24.0,,38.0,24.0,40.0,32.0
2008-10-06,18.0,26.0,28.0,35.0,41.0,9.0,,12.0,43.0,27.5,4.0,25.0,14.0,7.0,,33.0,38.0,17.0,45.0,,,34.0,37.0,,42.0,43.0,21.0,45.0,,22.0,29.0,37.0,15.0,,5.0,6.0,25.0,1.5,12.0,25.0,21.0,,,,11.0,3.0,1.5,27.5,15.0,8.0,,23.0,,,15.0,,15.0,35.0,32.0,35.0
2008-10-08,8.0,41.0,10.0,28.0,17.0,2.0,,11.0,43.0,29.0,5.0,20.0,4.0,12.0,,43.0,45.0,14.0,42.0,,,36.0,32.5,,31.0,36.0,40.0,38.0,,18.5,31.0,37.0,22.0,,15.0,7.0,27.0,3.0,13.0,26.0,22.0,,,,25.0,1.0,6.0,20.0,9.0,17.0,,18.0,,,20.0,,36.0,31.5,30.0,40.0
2008-10-09,5.0,23.5,27.0,43.0,31.0,12.0,,9.0,26.0,29.0,7.0,16.0,3.0,16.0,,40.0,42.0,8.0,36.0,,,40.0,38.0,,41.0,38.0,13.0,26.5,,25.0,30.0,34.0,16.0,,14.0,6.0,32.0,1.0,10.0,27.0,17.0,,,,22.0,4.0,2.0,20.0,18.0,11.0,,22.0,,,20.0,,43.5,39.0,33.0,44.0
2008-10-10,12.0,32.0,15.0,33.0,37.0,3.0,,22.0,44.0,26.5,6.0,27.0,11.0,7.0,,41.0,43.0,15.0,41.0,,,36.0,3.0,,43.0,40.0,25.0,33.0,,10.0,28.0,39.0,25.0,,16.0,1.0,31.0,8.0,18.0,9.0,27.0,,,,15.0,3.0,5.0,23.0,14.0,19.0,,18.0,,,25.0,,44.0,32.0,26.5,32.0
2008-10-13,7.0,41.0,26.0,30.0,29.0,8.0,,9.0,41.0,27.0,1.0,31.0,13.0,5.0,,36.0,37.0,25.0,37.0,,,45.0,44.0,,41.0,39.0,15.0,41.0,,10.5,22.0,31.5,20.0,,17.0,3.0,26.0,4.0,20.0,12.0,20.0,,,,2.0,6.0,10.5,30.0,15.0,15.0,,20.0,,,20.0,,30.5,29.0,34.5,40.0
2008-10-14,8.0,27.5,24.0,29.5,19.5,11.0,,10.0,45.0,30.5,3.0,25.0,1.0,6.0,,37.0,40.0,17.0,40.0,,,42.0,44.0,,33.5,41.0,30.5,27.0,,4.0,30.0,33.0,15.0,,12.0,9.0,27.5,5.0,24.0,21.0,14.0,,,,19.0,2.0,7.0,12.0,16.5,22.0,,24.0,,,33.0,,20.0,43.5,38.0,35.0
2008-10-15,4.0,39.5,23.0,29.5,45.5,5.0,,7.0,41.0,31.0,8.0,30.0,2.0,6.0,,30.0,37.0,10.0,33.0,,,42.0,39.0,,35.0,29.0,15.0,31.5,,10.0,25.0,44.0,26.0,,14.0,12.0,20.0,3.0,17.0,23.0,24.0,,,,16.0,1.0,10.0,14.0,20.0,21.0,,23.5,,,28.0,,19.0,40.0,36.0,42.5
2008-10-16,7.0,40.0,12.0,43.0,45.0,8.0,,5.0,34.5,34.0,1.0,24.0,9.0,4.0,,40.0,37.0,2.0,41.0,,,38.5,28.0,,36.0,29.0,10.0,31.0,,16.0,21.5,26.5,25.0,,13.0,23.0,18.0,11.0,15.0,23.0,14.5,,,,15.0,6.0,3.0,28.0,18.0,31.0,,22.0,,,27.5,,33.0,44.0,23.0,42.0
2008-10-17,2.0,28.0,16.0,36.5,27.0,7.0,,9.0,43.0,32.0,8.0,28.0,1.0,3.0,,37.0,41.0,11.0,37.0,,,43.0,32.0,,44.0,39.0,29.0,26.5,,18.0,29.5,30.0,26.0,,5.0,11.0,14.0,6.0,11.0,21.0,27.0,,,,15.0,13.0,4.0,17.0,21.0,22.0,,32.0,,,27.0,,19.0,39.0,34.0,40.0
2008-10-20,5.0,29.5,9.0,37.0,45.0,7.0,,8.0,44.0,31.0,10.0,17.0,2.0,4.0,,38.0,35.0,12.0,36.0,,,41.0,42.5,,44.0,29.0,28.5,25.0,,21.0,30.0,33.0,21.0,,3.0,12.0,25.0,6.0,18.0,30.0,12.0,,,,19.0,13.5,1.0,25.0,15.0,29.0,,17.0,,,18.0,,29.0,40.0,38.0,33.0
2008-10-21,2.0,20.0,1.0,42.0,46.0,11.0,,4.0,32.0,28.0,5.0,29.0,12.0,8.0,,40.0,40.0,28.0,41.0,,,37.0,44.0,,32.0,31.0,16.0,14.0,,17.0,32.0,36.0,10.0,,21.0,15.0,24.0,3.0,9.0,14.0,26.5,,,,16.0,18.0,7.0,6.0,24.0,20.0,,31.0,,,24.0,,27.0,39.0,36.0,40.0
2008-10-22,7.0,19.0,25.0,41.5,41.0,11.0,,8.0,32.0,27.0,3.0,31.0,1.0,5.0,,35.0,31.0,10.0,40.5,,,45.0,38.0,,42.5,21.0,38.0,30.0,,14.0,31.0,31.0,9.0,,6.0,24.0,26.0,12.0,13.0,18.0,21.0,,,,22.0,15.0,2.0,4.0,17.0,24.0,,24.5,,,18.0,,38.0,35.0,32.0,44.0
2008-10-23,3.0,15.0,21.0,33.0,39.0,16.0,,9.0,41.0,33.0,1.0,40.0,5.0,2.0,,39.0,41.0,19.0,42.0,,,36.0,36.5,,43.0,24.0,30.5,29.0,,28.0,30.0,30.0,6.0,,15.0,10.0,22.0,8.0,11.0,26.0,18.0,,,,25.0,13.0,7.0,4.0,18.0,21.0,,22.0,,,21.0,,12.0,39.0,34.0,41.0
2008-10-24,8.0,18.0,23.0,39.5,44.0,16.0,,10.0,39.0,37.0,6.0,44.0,9.0,2.0,,38.0,30.0,26.0,26.5,,,25.0,42.0,,42.0,34.5,42.0,37.0,,13.0,23.0,32.0,4.0,,17.0,18.0,20.0,1.0,11.0,14.0,20.0,,,,3.0,12.0,5.0,7.0,25.0,22.0,,30.0,,,23.0,,33.0,32.0,26.0,30.0
2008-10-27,10.0,25.0,5.0,20.0,42.0,22.0,,19.0,32.0,40.5,7.0,39.0,1.0,4.0,,32.0,17.0,16.0,40.0,,,28.0,36.5,,27.0,30.0,30.5,40.0,,13.0,26.0,20.0,9.0,,22.0,36.0,12.0,3.0,22.0,16.0,17.0,,,,6.0,11.0,2.0,8.0,33.0,28.5,,37.0,,,17.0,,42.0,42.0,36.0,40.0
2008-10-28,7.0,41.0,5.0,15.0,39.0,21.0,,9.0,32.0,37.5,2.0,36.0,8.0,1.0,,22.0,37.0,24.0,36.0,,,38.0,32.0,,43.0,20.5,28.0,24.0,,16.0,23.5,24.0,10.0,,20.0,27.5,6.0,4.0,13.0,17.0,17.0,,,,11.0,12.0,14.0,3.0,33.0,26.0,,38.5,,,35.5,,43.0,38.5,31.0,35.0
2008-10-29,5.0,38.0,8.0,31.0,39.0,14.0,,1.0,34.0,36.0,2.5,44.0,7.0,9.0,,33.0,28.0,23.0,36.0,,,44.0,42.0,,45.0,22.0,17.0,29.0,,15.0,24.0,25.0,11.0,,19.0,30.0,10.0,4.0,19.0,13.0,13.0,,,,15.0,17.0,6.0,2.5,33.0,23.0,,39.0,,,36.0,,27.0,24.0,30.5,34.0
2008-10-30,2.0,43.0,1.0,33.0,38.5,20.0,,8.0,44.0,37.0,4.0,43.0,3.0,10.0,,34.0,24.0,17.0,37.0,,,43.0,40.0,,11.0,21.0,28.0,28.0,,13.5,31.0,17.0,12.0,,23.0,29.0,22.0,6.0,15.0,5.0,20.0,,,,13.0,17.0,9.0,7.0,35.0,23.0,,37.0,,,32.0,,32.0,26.0,25.0,42.0
2008-10-31,3.0,22.0,13.0,24.0,36.0,11.0,,9.0,43.5,35.5,6.0,42.0,1.5,1.5,,37.5,18.0,23.0,31.5,,,43.5,40.0,,30.5,21.5,18.0,37.0,,8.0,28.0,13.0,10.0,,24.0,26.0,22.0,4.0,18.0,15.0,27.0,,,,11.0,15.0,5.0,7.0,32.0,32.0,,39.0,,,37.0,,31.0,34.0,38.0,34.0
2008-11-03,1.0,24.0,3.0,42.5,36.0,10.0,,21.0,43.0,33.0,9.0,43.0,5.0,2.0,,37.0,34.0,20.0,34.0,,,45.0,41.0,,37.0,24.0,39.0,34.0,,11.0,22.0,12.0,15.0,,17.0,28.0,24.5,6.0,7.0,19.0,22.0,,,,14.0,12.0,4.0,8.0,30.0,17.0,,17.5,,,26.5,,38.5,30.0,35.0,26.0
2008-11-04,2.0,23.0,14.0,39.0,36.5,20.0,,16.0,45.0,31.0,1.0,45.0,13.0,6.0,,38.0,24.5,24.5,39.0,,,41.0,43.0,,43.0,15.0,34.0,26.0,,9.0,32.0,23.0,10.0,,20.0,16.0,21.0,3.0,7.0,4.0,24.5,,,,12.0,11.0,8.0,5.0,29.0,29.0,,26.0,,,28.0,,35.0,24.0,29.0,36.0
2008-11-05,3.0,18.0,5.0,38.5,45.0,12.0,,16.0,33.0,40.0,1.0,42.0,26.0,10.0,,36.0,33.0,30.0,28.0,,,43.0,40.0,,41.0,12.0,15.0,37.0,,13.0,23.0,19.0,12.0,,19.0,19.0,21.0,2.0,7.0,8.0,33.0,,,,4.0,35.0,6.0,9.0,26.0,32.0,,23.0,,,32.5,,28.0,34.0,24.0,28.5
2008-11-06,4.0,21.0,10.0,40.0,44.0,25.0,,17.0,31.0,37.0,6.0,44.0,22.0,2.0,,42.0,34.0,29.0,21.0,,,38.0,41.0,,43.0,13.0,16.0,27.0,,13.0,19.0,19.0,8.0,,14.0,28.0,22.0,3.0,5.0,9.0,25.0,,,,1.0,13.0,11.0,7.0,30.0,30.0,,35.5,,,33.5,,23.5,30.0,37.0,30.0
2008-11-07,1.0,34.0,6.0,36.0,39.0,15.0,,3.0,23.0,29.5,4.0,33.0,13.0,7.0,,42.0,25.5,23.0,28.0,,,44.0,46.0,,43.0,12.0,24.0,40.0,,13.0,21.0,26.0,2.0,,15.0,22.0,23.0,9.0,8.0,20.0,22.0,,,,11.0,20.0,5.0,10.0,32.0,28.0,,35.0,,,30.0,,36.0,38.0,32.0,29.0
2008-11-10,2.0,40.0,1.0,24.0,37.0,25.0,,5.0,45.0,27.5,9.0,44.0,12.0,6.0,,37.0,37.0,20.0,24.0,,,44.0,42.0,,34.0,19.5,19.0,16.0,,11.0,23.0,28.5,7.0,,16.0,15.0,17.5,4.0,3.0,20.0,21.0,,,,13.0,20.0,8.0,10.0,30.0,33.0,,28.0,,,33.0,,39.0,37.0,35.0,32.5
2008-11-11,2.0,28.0,6.0,38.0,30.0,19.5,,5.0,40.0,26.0,4.0,36.0,11.0,10.0,,32.0,35.0,26.5,25.0,,,44.0,45.0,,45.0,13.0,22.0,27.5,,3.0,31.0,25.5,1.0,,12.0,24.0,28.0,9.0,7.0,16.0,21.0,,,,18.0,15.0,8.0,24.0,18.0,29.5,,31.5,,,15.0,,39.0,41.0,37.0,36.0
2008-11-12,1.0,31.0,18.0,9.0,42.0,40.0,,21.0,40.0,28.0,10.0,42.0,11.0,3.0,,43.0,38.0,19.0,25.0,,,36.0,45.0,,27.5,18.0,11.0,24.0,,2.0,19.0,27.0,14.0,,13.0,30.5,25.0,7.0,5.0,18.0,20.0,,,,4.0,19.0,8.0,6.0,33.0,27.0,,35.0,,,42.0,,30.0,24.5,37.0,25.5
2008-11-13,4.0,40.0,11.0,30.0,39.0,32.0,,8.0,35.0,27.0,6.0,39.0,19.0,7.0,,35.5,28.0,17.0,24.0,,,43.0,46.0,,34.0,24.0,14.0,21.0,,2.0,20.0,20.5,12.0,,13.0,30.0,16.0,9.0,10.0,17.0,22.0,,,,1.0,17.0,3.0,5.0,25.0,36.0,,34.5,,,43.0,,41.0,37.0,35.0,24.0
2008-11-14,8.0,41.0,17.0,35.0,38.0,39.0,,16.0,33.0,21.0,1.0,33.0,12.0,7.0,,28.5,24.0,12.0,22.0,,,44.5,42.0,,42.0,31.0,12.0,26.0,,2.0,24.5,25.0,5.0,,3.0,29.0,24.0,14.0,10.0,22.0,16.0,,,,9.0,4.0,6.0,19.0,14.0,25.0,,32.0,,,41.0,,41.0,27.0,35.0,39.0
2008-11-17,23.0,31.5,16.0,32.0,36.5,38.0,,1.0,43.0,28.0,2.0,22.5,9.0,14.0,,41.0,25.0,41.5,15.5,,,34.0,40.0,,34.5,21.0,14.0,34.5,,5.0,21.0,19.0,6.0,,3.0,28.0,19.5,10.0,4.0,17.0,19.0,,,,7.0,8.0,11.0,14.0,24.0,29.0,,33.0,,,42.0,,41.5,24.0,36.5,35.0
2008-11-18,22.0,41.0,19.0,43.0,39.5,35.5,,6.0,33.0,24.0,1.0,24.0,14.0,16.0,,40.5,25.0,39.0,15.0,,,40.0,37.0,,32.0,28.0,11.0,39.0,,2.0,21.0,11.0,9.0,,3.0,27.0,16.5,11.0,5.0,18.0,21.5,,,,4.0,8.0,7.0,14.0,21.0,29.0,,32.0,,,39.0,,42.0,24.0,34.0,33.5
2008-11-19,12.5,26.0,26.0,40.0,42.0,34.0,,14.0,43.0,16.0,8.0,28.0,17.0,21.0,,40.0,19.0,24.5,13.0,,,43.0,44.0,,39.0,23.0,11.0,32.0,,2.0,31.0,23.0,6.0,,9.0,20.0,17.0,5.0,1.0,19.0,12.0,,,,3.0,4.0,7.0,12.0,34.0,34.0,,37.0,,,40.0,,35.0,28.0,26.0,35.0
2008-11-20,28.0,29.0,23.0,39.0,35.0,43.0,,16.0,34.0,21.0,3.0,26.0,11.0,20.0,,42.0,16.0,35.0,15.0,,,19.0,38.0,,41.0,24.0,19.0,35.0,,2.0,27.0,23.0,9.0,,4.0,15.0,18.0,12.0,5.0,17.0,10.0,,,,6.0,1.0,8.0,7.0,30.0,45.0,,34.0,,,45.0,,37.0,32.0,22.0,32.0
2008-11-21,20.0,27.0,11.5,37.0,37.0,40.0,,17.0,33.0,32.0,8.0,18.0,17.5,13.5,,38.0,23.5,36.0,12.0,,,44.0,39.0,,42.0,22.0,30.5,38.0,,7.0,24.0,22.0,1.0,,5.0,20.0,20.0,6.0,4.0,17.0,9.0,,,,3.0,12.0,2.0,10.0,31.0,44.0,,23.0,,,40.0,,27.0,29.0,34.0,32.0
2008-11-24,31.0,27.0,24.0,27.5,36.0,38.0,,7.0,43.5,32.0,3.0,22.0,23.0,17.0,,21.0,11.0,31.0,19.0,,,35.0,38.0,,41.0,23.0,26.5,44.0,,9.0,23.0,21.0,5.0,,1.0,16.0,15.0,12.0,2.0,15.0,18.0,,,,6.0,4.0,8.0,10.0,29.0,42.0,,20.0,,,38.0,,36.0,30.0,44.0,38.0
2008-11-25,24.0,32.0,15.0,41.0,37.0,40.0,,15.0,39.0,28.0,1.0,21.0,29.0,12.0,,38.0,17.0,27.0,29.0,,,44.0,45.0,,39.5,21.0,27.0,42.0,,6.0,13.0,18.0,4.0,,5.0,10.0,19.0,11.0,2.0,16.0,21.0,,,,3.0,9.0,8.0,7.0,23.0,30.0,,31.0,,,37.0,,33.0,24.0,38.0,33.0
2008-11-26,25.0,30.0,19.0,44.0,37.0,40.0,,9.0,37.5,19.0,4.0,23.0,26.0,10.0,,41.0,21.0,26.0,20.0,,,38.0,34.0,,45.0,21.0,33.5,36.5,,3.0,16.0,12.0,5.0,,2.0,7.0,15.5,8.0,1.0,19.0,30.0,,,,6.0,11.0,15.0,12.0,26.0,40.0,,38.0,,,36.0,,28.0,25.0,35.0,29.0
2008-11-27,26.0,34.0,18.0,41.0,37.0,44.0,,2.0,36.0,28.5,4.0,19.0,28.0,6.0,,42.5,20.0,30.0,17.0,,,37.0,39.5,,44.0,21.0,31.0,40.0,,9.0,13.0,17.0,8.0,,3.0,14.0,23.5,7.0,1.0,18.0,24.5,,,,5.0,13.0,13.5,10.0,26.0,37.0,,30.0,,,36.0,,24.5,21.0,32.0,32.0
2008-11-28,32.0,29.5,24.0,34.5,42.0,45.0,,4.0,37.0,19.0,10.0,29.0,18.0,12.0,,43.0,25.0,36.0,16.0,,,35.0,39.0,,39.5,15.0,28.0,39.5,,5.0,13.0,15.0,1.0,,3.0,25.0,18.0,11.0,7.0,18.0,22.0,,,,9.0,6.0,2.0,8.0,31.0,38.0,,27.0,,,40.5,,36.0,22.0,32.0,22.0
2008-12-01,27.0,23.0,17.0,40.0,41.0,45.0,,18.0,38.0,31.0,1.0,11.0,29.5,8.0,,41.0,35.0,27.0,23.0,,,44.0,35.0,,43.0,15.0,20.0,36.0,,6.0,11.0,18.0,9.0,,5.0,20.0,38.0,14.0,4.0,3.0,28.0,,,,2.0,14.0,11.0,7.0,18.0,36.0,,24.0,,,33.0,,26.5,24.0,30.0,33.5
2008-12-02,27.0,28.0,16.0,39.0,35.0,45.0,,19.0,34.0,28.5,4.0,30.5,23.0,6.0,,43.0,10.0,23.5,22.0,,,34.0,40.0,,37.0,24.0,18.0,40.0,,5.0,17.0,12.0,10.0,,3.0,19.0,26.0,13.0,1.0,15.0,26.0,,,,2.0,8.0,7.0,10.0,24.0,40.0,,15.0,,,43.0,,35.5,34.0,38.0,33.0
2008-12-03,28.0,37.0,15.0,28.5,39.0,40.0,,16.0,42.0,24.0,1.0,11.0,29.0,7.0,,33.0,24.0,30.0,20.0,,,39.0,36.5,,45.0,26.0,17.0,45.0,,6.0,12.0,21.0,5.0,,3.0,15.5,22.0,8.0,4.0,24.0,34.0,,,,2.0,9.0,12.0,15.0,28.0,39.0,,12.0,,,41.5,,32.0,23.0,29.0,33.0
2008-12-04,25.0,35.0,13.0,41.5,37.0,45.0,,18.0,37.0,25.5,4.5,10.0,25.0,15.0,,42.0,32.0,23.0,13.0,,,37.0,31.0,,42.0,25.0,12.0,43.0,,3.0,17.0,16.0,9.0,,4.5,8.0,32.0,11.0,7.0,18.0,28.0,,,,2.0,1.0,6.0,31.0,22.0,40.0,,26.0,,,37.0,,24.0,21.0,34.0,35.0
2008-12-05,27.0,18.0,9.0,43.0,36.5,35.0,,24.0,41.0,28.0,6.0,11.0,27.0,10.0,,45.0,21.0,25.0,33.0,,,36.0,30.5,,42.0,24.0,15.0,43.0,,5.0,19.0,4.0,13.0,,2.0,15.0,18.0,8.0,3.0,15.0,25.5,,,,1.0,12.0,7.0,29.0,18.0,41.0,,22.5,,,28.0,,32.0,35.0,39.0,37.0
2008-12-08,29.5,33.0,8.0,43.0,38.0,41.0,,18.0,40.5,22.0,5.0,13.0,25.0,15.0,,44.0,30.0,29.0,23.0,,,38.5,36.5,,40.0,23.0,16.0,42.0,,2.0,17.0,7.0,14.0,,6.0,10.0,24.0,11.0,1.0,18.0,33.0,,,,4.0,3.0,9.0,12.0,23.0,44.0,,26.0,,,31.0,,28.0,30.0,32.0,35.0
2008-12-09,24.0,24.5,20.0,40.0,34.0,38.0,,17.0,31.0,38.5,15.0,2.0,27.0,7.0,,42.0,17.0,25.0,27.5,,,35.0,30.0,,37.0,32.0,12.0,44.0,,6.0,22.0,5.0,4.0,,8.0,12.0,30.0,17.0,3.0,12.0,20.0,,,,1.0,21.5,13.5,35.0,10.0,45.0,,9.0,,,29.5,,42.0,36.0,39.0,21.0
2008-12-10,24.0,28.5,22.0,38.0,37.0,42.0,,14.0,32.0,25.0,2.0,22.0,31.0,8.0,,42.0,17.5,26.5,19.0,,,36.0,33.5,,42.0,37.0,10.0,44.0,,5.0,20.0,4.0,16.0,,6.0,15.0,35.0,19.0,9.0,7.0,27.5,,,,1.0,12.0,3.0,25.5,11.0,46.0,,13.0,,,30.0,,27.0,31.0,34.0,35.5
2008-12-11,29.0,25.0,15.5,41.0,28.0,42.0,,21.0,33.0,27.0,4.0,15.0,17.0,11.0,,46.0,17.0,29.0,35.0,,,40.5,19.0,,41.0,35.0,21.5,44.0,,8.0,24.0,17.0,10.0,,5.0,19.0,26.5,9.0,7.0,13.0,27.0,,,,2.0,6.0,1.0,38.0,3.0,43.0,,12.0,,,23.5,,34.0,30.0,36.0,36.0
2008-12-12,32.0,23.5,20.0,39.5,36.0,45.0,,24.0,35.5,27.0,8.0,10.0,18.0,17.0,,38.0,12.0,31.0,28.0,,,38.0,23.5,,39.5,38.0,15.0,46.0,,1.0,20.0,4.0,20.5,,3.0,7.0,29.0,13.0,2.0,12.0,22.0,,,,6.0,13.0,5.0,24.0,15.0,40.5,,9.0,,,35.0,,32.0,29.0,34.0,43.0
2008-12-15,32.0,27.0,9.0,39.0,33.5,43.0,,5.0,42.0,14.0,6.0,24.0,23.0,11.0,,44.0,21.0,30.0,22.0,,,35.5,26.0,,36.5,33.0,27.0,41.0,,3.0,16.0,1.0,20.0,,16.0,2.0,34.0,13.0,8.0,19.0,29.0,,,,4.0,12.0,16.0,37.0,10.0,39.0,,7.0,,,24.0,,24.0,19.5,35.0,46.0
2008-12-16,31.0,30.0,12.0,37.0,40.0,36.0,,13.0,40.0,20.0,4.0,17.0,19.0,9.0,,43.0,22.0,20.0,36.0,,,39.0,33.0,,35.0,25.0,26.0,45.0,,2.0,20.0,1.0,12.0,,20.0,7.0,29.0,13.0,23.0,8.0,30.0,,,,3.0,10.0,22.0,34.0,5.0,42.5,,6.0,,,16.0,,34.0,30.5,44.0,18.0
2008-12-17,35.0,33.0,19.0,40.0,36.5,32.0,,20.0,38.0,12.0,1.0,15.0,9.0,8.0,,45.0,27.0,27.0,38.0,,,28.0,31.0,,37.0,27.0,19.0,46.0,,2.0,23.0,14.0,3.0,,24.0,6.0,32.5,5.0,12.0,17.0,24.0,,,,7.0,10.0,15.0,33.0,4.0,42.0,,12.0,,,16.0,,31.0,27.0,38.0,43.5
2008-12-18,17.5,35.5,10.0,37.0,33.0,22.0,,4.5,42.5,16.0,3.0,35.0,30.0,1.5,,40.0,17.0,33.0,26.0,,,38.0,24.0,,42.0,23.0,27.0,44.5,,7.0,18.5,8.0,18.0,,24.0,4.5,34.0,12.0,31.0,15.0,27.0,,,,11.0,6.0,15.0,34.0,9.0,41.0,,1.5,,,15.0,,25.0,22.0,36.0,44.0
2008-12-19,25.5,37.0,9.0,38.0,24.0,30.0,,10.0,42.0,20.0,4.0,29.0,20.0,6.0,,45.0,16.0,40.0,38.0,,,32.5,25.0,,41.0,26.0,30.0,44.0,,1.0,16.0,5.0,29.0,,26.0,10.0,21.5,14.0,14.0,3.0,25.0,,,,11.0,8.0,16.0,35.0,7.0,43.0,,2.0,,,17.0,,36.0,27.0,33.0,32.5
2008-12-22,25.0,35.0,3.0,38.0,28.0,42.0,,18.0,40.0,24.0,2.0,25.0,18.0,8.0,,46.0,18.0,33.0,38.0,,,35.0,22.0,,44.0,21.0,28.0,45.0,,4.0,18.0,5.0,28.0,,29.5,7.0,33.0,13.0,14.0,16.0,25.0,,,,11.0,10.0,9.0,12.0,6.0,43.0,,1.0,,,15.0,,28.0,30.0,38.0,32.5
2008-12-23,26.0,27.0,17.0,35.0,36.0,41.0,,14.0,35.0,16.0,4.0,13.0,30.0,8.0,,44.0,25.0,27.0,36.0,,,30.5,32.0,,45.0,20.0,23.0,42.0,,7.0,11.0,9.0,23.0,,20.0,6.0,29.0,5.0,16.0,3.0,31.0,,,,10.0,16.0,23.0,18.5,1.0,42.0,,2.0,,,13.0,,35.0,30.0,38.0,44.0
2008-12-24,28.5,35.0,13.0,38.0,33.5,41.0,,27.0,42.0,23.0,8.0,29.5,20.0,12.0,,41.0,15.0,34.0,34.0,,,25.0,29.0,,45.0,17.0,9.0,39.0,,5.0,20.0,4.0,21.0,,17.5,2.0,34.0,3.0,12.0,31.0,24.0,,,,6.0,25.0,7.0,16.0,1.0,44.5,,10.0,,,12.0,,30.0,24.5,39.0,35.0
2008-12-29,23.0,25.0,9.0,35.0,35.5,17.0,,29.0,37.0,25.0,6.0,35.0,25.0,14.0,,44.0,13.5,33.0,33.0,,,36.0,32.0,,42.0,27.0,23.0,44.0,,3.0,26.0,7.0,35.5,,16.0,2.0,32.5,12.0,8.0,19.0,10.5,,,,5.0,17.0,15.0,19.0,10.5,42.0,,1.0,,,4.0,,35.0,21.0,39.5,38.0
2008-12-30,40.0,36.0,8.0,35.0,29.5,20.0,,20.0,37.0,17.0,12.0,31.0,37.0,10.0,,39.0,8.0,33.0,32.0,,,35.0,24.5,,43.0,29.0,30.5,45.0,,5.0,13.0,3.0,25.0,,26.0,1.0,27.0,17.0,20.0,11.0,23.5,,,,8.0,21.0,14.0,17.0,6.0,42.0,,2.0,,,4.0,,30.5,20.0,35.0,43.0
2008-12-31,35.0,31.5,4.0,36.0,33.0,23.0,,14.0,41.0,18.0,13.0,34.0,18.0,6.0,,34.0,16.0,32.0,32.0,,,36.0,29.0,,42.0,27.0,24.0,45.0,,3.0,12.0,8.0,24.0,,18.0,2.0,23.5,10.0,10.0,21.0,31.5,,,,5.0,23.0,19.0,26.0,1.0,42.5,,15.0,,,7.0,,42.0,10.0,40.0,44.0
2009-01-02,36.5,34.0,9.0,39.0,37.0,22.5,,22.0,39.5,19.5,13.0,30.5,37.0,7.0,,37.0,22.5,35.0,28.0,,,31.0,22.0,,44.0,23.0,21.0,26.0,,1.0,13.0,6.0,29.0,,4.0,2.0,32.0,19.0,19.0,10.0,32.0,,,,4.0,22.0,16.0,15.0,4.0,41.0,,8.0,,,11.0,,45.0,13.0,43.0,30.0
2009-01-05,30.0,26.0,10.0,42.0,39.0,38.0,,10.0,37.0,15.0,15.0,23.0,22.0,6.0,,41.0,18.0,38.0,34.0,,,36.0,30.0,,33.5,19.0,24.0,43.0,,5.0,18.0,7.0,23.0,,19.0,8.0,27.0,12.0,17.0,3.0,28.0,,,,1.0,15.0,15.0,24.0,4.0,36.5,,10.0,,,2.0,,39.0,34.0,45.0,37.0
2009-01-06,33.0,25.0,16.0,38.5,41.0,34.0,,16.0,42.0,22.0,3.0,27.0,25.0,4.0,,38.5,23.0,32.5,36.0,,,29.0,25.0,,43.0,14.0,5.0,27.0,,1.0,38.0,9.0,19.0,,13.0,8.0,20.0,6.0,11.0,19.0,29.5,,,,10.0,21.0,16.5,22.5,12.0,41.0,,7.0,,,2.0,,43.0,30.0,45.0,34.0
2009-01-07,33.0,40.0,9.0,38.0,35.0,35.0,,25.0,38.5,16.0,7.0,32.0,20.0,1.0,,42.0,19.0,28.5,31.0,,,33.5,15.0,,43.0,22.0,27.0,23.0,,3.0,23.0,5.0,21.0,,18.0,10.0,33.0,11.0,2.0,6.0,29.0,,,,16.0,16.0,4.0,25.0,8.0,42.0,,15.0,,,12.0,,36.0,27.0,42.0,43.5
2009-01-08,33.0,30.0,27.0,40.0,35.0,41.0,,21.0,33.0,24.0,13.5,18.0,17.0,11.0,,34.0,24.0,38.5,35.0,,,30.0,2.0,,36.5,27.0,19.0,33.5,,4.0,32.0,1.0,28.0,,13.5,3.0,34.0,7.0,5.0,15.0,8.0,,,,23.0,20.0,10.0,20.0,9.0,27.0,,12.0,,,6.0,,43.0,39.0,44.5,44.0
2009-01-09,25.0,31.0,20.0,40.0,33.0,38.0,,26.0,32.0,30.0,7.0,24.0,20.5,2.0,,40.0,18.0,31.0,36.0,,,34.0,18.0,,42.0,24.0,12.0,43.0,,1.0,28.0,10.0,28.0,,11.0,13.0,23.0,3.0,5.0,6.0,16.0,,,,15.0,15.0,9.0,22.0,16.0,41.0,,8.0,,,4.0,,45.0,34.0,46.0,37.0
2009-01-12,27.0,32.0,18.0,44.0,35.0,25.0,,21.0,31.0,30.0,13.0,21.0,16.0,1.0,,35.0,21.5,45.0,37.0,,,35.0,15.0,,38.5,30.0,8.0,45.0,,4.0,26.0,6.0,24.0,,19.0,9.0,26.0,11.0,2.5,2.5,15.0,,,,23.0,19.0,5.0,25.5,7.0,39.0,,10.0,,,12.0,,42.0,34.0,41.0,42.0
2009-01-13,13.0,27.0,29.0,41.0,32.0,23.0,,14.0,37.0,26.0,5.0,27.0,6.0,10.0,,43.0,26.0,29.0,35.0,,,33.5,8.0,,40.0,19.0,22.0,45.0,,2.0,35.5,1.0,23.0,,19.0,4.0,34.0,17.0,3.0,11.0,15.0,,,,25.0,15.0,9.0,27.0,12.0,39.0,,19.0,,,7.0,,31.0,35.0,40.0,44.0
2009-01-14,22.5,32.0,17.0,45.0,37.0,35.0,,24.5,41.0,16.0,3.0,22.0,15.5,9.0,,35.0,29.0,28.0,28.0,,,30.0,10.0,,39.0,30.5,18.5,44.0,,2.0,23.0,4.0,15.5,,11.0,1.0,30.0,7.0,5.0,23.0,15.5,,,,19.0,23.0,6.0,23.0,12.5,43.0,,26.0,,,8.0,,41.5,38.0,34.0,44.0
2009-01-15,15.0,43.0,25.0,41.0,32.0,42.0,,9.0,36.0,18.0,1.0,18.5,16.0,8.0,,34.5,30.0,35.0,30.0,,,28.0,23.0,,41.0,22.0,32.0,31.0,,4.0,29.0,2.0,20.0,,5.0,6.0,36.0,10.0,12.0,19.0,13.0,,,,12.0,20.0,3.0,25.5,12.0,37.0,,22.0,,,7.0,,45.0,34.0,40.0,44.0
2009-01-16,20.0,37.0,31.0,22.5,25.0,27.0,,27.0,34.0,30.0,3.0,28.0,4.0,8.0,,40.0,17.0,42.0,25.0,,,15.0,1.0,,41.0,18.0,29.0,38.0,,22.0,37.0,5.0,25.0,,12.0,2.0,35.0,9.0,6.0,32.0,10.0,,,,14.0,22.0,16.0,13.0,7.0,44.0,,21.0,,,11.0,,42.0,35.0,40.0,40.5
2009-01-19,12.0,22.0,15.0,37.0,34.0,36.0,,18.0,30.5,20.0,9.0,25.0,22.0,4.0,,37.5,32.0,42.0,26.5,,,34.0,13.0,,45.0,31.0,27.5,30.0,,5.0,23.0,16.0,8.0,,17.0,1.0,40.0,10.0,6.0,25.0,18.0,,,,11.0,25.0,3.0,14.0,2.0,42.0,,27.0,,,7.0,,33.0,39.0,43.5,42.0
2009-01-20,16.0,20.0,14.0,37.0,32.5,34.0,,14.0,28.0,18.0,7.0,28.0,20.0,10.0,,36.0,28.0,43.0,32.0,,,28.0,4.5,,38.0,31.5,25.0,39.0,,19.0,23.0,4.5,11.0,,12.0,3.0,41.0,1.0,8.0,22.5,36.0,,,,14.0,23.0,9.0,17.0,2.0,40.5,,25.0,,,6.0,,36.0,39.0,42.5,44.0
2009-01-21,19.0,27.0,17.0,31.5,38.5,35.0,,11.0,23.0,14.0,1.0,28.0,11.0,19.0,,42.0,22.0,34.0,28.0,,,19.0,22.0,,38.5,31.5,31.0,27.5,,26.0,32.0,15.5,17.0,,13.0,3.0,36.0,7.5,4.0,38.0,37.0,,,,22.0,6.0,5.0,7.5,9.0,39.0,,11.0,,,2.0,,39.5,45.0,35.5,44.0
2009-01-22,18.0,26.5,7.0,34.0,34.5,14.0,,10.0,33.5,19.0,4.0,26.0,13.0,18.0,,31.0,12.0,43.0,28.5,,,30.0,18.5,,38.0,30.0,35.0,42.0,,24.5,30.0,15.0,15.0,,1.0,9.0,37.5,6.0,11.0,36.0,33.0,,,,21.0,3.0,2.0,24.0,8.0,45.0,,20.0,,,5.0,,36.0,42.0,30.5,44.0
2009-01-23,13.5,19.0,36.0,32.0,31.5,5.0,,3.0,39.0,16.0,6.0,22.0,4.0,33.0,,26.0,10.0,42.0,34.0,,,29.0,24.0,,40.0,26.0,31.0,37.0,,31.0,21.0,14.0,15.5,,21.0,10.0,38.0,1.0,2.0,29.0,20.0,,,,18.0,8.5,8.5,23.5,12.0,45.0,,18.0,,,7.0,,37.0,40.5,45.0,42.0
2009-01-29,5.0,32.0,15.0,24.0,39.0,21.5,,1.0,38.0,20.0,3.0,17.0,8.0,24.0,,24.0,18.5,44.0,29.0,,,30.0,21.0,,39.0,27.0,30.0,45.0,,31.0,35.0,7.0,12.0,,24.0,2.0,35.0,9.0,6.0,36.0,20.0,,,,15.0,10.0,4.0,21.5,15.0,36.0,,11.0,,,13.0,,38.0,42.5,40.0,43.0
2009-01-30,5.0,25.0,11.0,40.0,30.0,24.0,,1.0,34.5,11.0,4.0,28.0,14.0,32.0,,35.0,19.0,41.0,38.0,,,19.5,31.5,,43.0,25.0,2.0,37.0,,29.5,33.0,13.0,22.0,,19.0,6.0,29.0,3.0,9.0,30.0,16.0,,,,19.0,21.0,11.0,15.0,8.0,43.0,,16.0,,,7.0,,43.0,39.0,39.0,44.5
2009-02-02,16.0,31.0,8.0,44.5,35.0,23.0,,2.0,38.0,12.0,3.0,18.0,14.0,32.5,,30.0,18.0,33.0,31.0,,,22.0,27.0,,42.0,24.0,35.0,41.0,,28.0,39.0,6.0,11.0,,17.0,1.0,41.0,5.0,4.0,26.0,21.5,,,,22.0,20.0,12.0,19.0,9.0,40.0,,10.0,,,7.0,,36.0,44.0,41.0,26.0
2009-02-03,1.0,23.0,21.0,43.0,37.0,9.0,,3.0,41.0,5.0,6.0,27.0,14.0,18.0,,33.0,26.0,39.0,31.0,,,21.0,22.0,,44.0,30.0,44.0,40.0,,24.0,33.0,2.0,18.0,,10.0,16.5,20.0,7.0,8.0,36.0,29.0,,,,27.0,13.0,12.0,23.5,11.0,38.0,,15.0,,,4.0,,43.5,34.0,36.0,28.0
2009-02-04,13.0,34.0,27.0,39.0,22.0,31.0,,1.0,19.0,16.0,8.0,16.0,9.0,20.0,,28.0,22.0,29.0,22.0,,,34.0,17.0,,44.0,14.0,6.0,41.0,,17.0,34.5,23.0,3.0,,11.0,2.0,29.0,9.0,4.0,32.0,44.0,,,,39.5,26.0,12.0,37.0,7.0,40.0,,28.0,,,5.0,,42.0,35.0,44.0,30.0
2009-02-05,15.0,38.0,27.0,41.0,34.5,10.0,,3.0,34.0,22.0,10.0,17.0,12.0,26.0,,25.0,21.0,38.0,28.0,,,28.5,8.0,,40.0,20.0,2.0,43.0,,17.0,30.0,13.0,14.0,,19.0,17.0,24.0,4.0,6.0,30.0,44.5,,,,36.5,21.0,7.0,34.5,1.0,40.0,,9.0,,,5.0,,44.0,34.0,41.0,30.5
2009-02-06,13.5,30.0,23.0,41.5,40.0,16.0,,3.0,37.0,22.0,5.0,2.0,1.0,26.0,,24.0,21.0,43.0,28.0,,,32.0,16.0,,35.0,33.0,28.5,45.0,,11.0,29.0,18.5,12.0,,13.5,16.0,36.5,6.0,7.0,24.5,36.0,,,,21.0,30.0,9.0,26.0,4.0,33.0,,10.0,,,8.0,,39.0,38.0,44.0,33.0
2009-02-09,7.0,15.0,22.0,18.0,44.0,27.0,,8.0,33.0,10.0,1.0,22.0,5.0,29.0,,16.0,30.0,34.0,27.0,,,24.0,6.0,,40.5,30.0,32.0,39.0,,18.0,25.0,15.0,4.0,,13.0,9.0,38.0,2.0,3.0,25.0,36.0,,,,25.0,29.0,12.0,20.0,18.0,40.0,,23.0,,,11.0,,45.0,42.0,41.0,37.0
2009-02-10,1.0,26.5,22.0,32.0,38.0,25.5,,5.0,38.0,19.0,7.0,29.0,8.0,9.0,,39.0,26.0,41.0,32.0,,,15.0,23.0,,31.0,30.0,33.5,18.0,,23.0,29.5,6.0,13.0,,15.0,14.0,33.0,4.0,2.0,30.0,14.0,,,,33.0,19.0,17.0,23.0,3.0,43.0,,10.0,,,11.0,,43.0,37.0,46.0,45.0
2009-02-11,14.0,34.0,22.0,36.0,44.0,23.5,,2.0,32.5,18.0,2.0,2.0,8.0,27.0,,40.0,27.0,44.0,30.0,,,14.0,22.0,,30.0,29.0,33.0,24.0,,22.5,26.5,3.0,6.0,,11.0,11.0,38.0,9.0,5.0,29.0,23.0,,,,29.0,17.0,15.0,22.0,14.0,46.0,,11.0,,,6.0,,41.0,38.0,34.0,41.0
2009-02-12,1.0,9.5,16.0,46.0,37.0,18.0,,4.0,30.0,13.0,2.0,23.0,6.0,9.5,,38.0,25.0,39.0,28.0,,,35.0,16.0,,38.0,20.0,34.0,42.0,,16.0,27.0,22.0,3.0,,12.0,16.0,33.0,11.0,7.0,25.5,34.0,,,,32.0,19.0,5.0,29.0,18.0,43.0,,21.0,,,8.0,,36.0,28.5,35.0,43.0
2009-02-13,6.0,30.0,17.5,41.0,41.0,31.0,,4.0,27.0,8.0,1.0,35.0,9.0,13.0,,32.0,30.0,40.0,24.5,,,32.0,20.0,,24.0,13.0,36.0,44.0,,20.0,20.5,13.0,2.0,,15.0,5.0,32.0,10.0,7.0,25.0,39.0,,,,27.5,21.0,11.5,25.0,16.5,38.0,,20.0,,,3.0,,45.0,23.0,44.0,38.0
2009-02-16,5.0,20.0,16.0,36.0,43.0,15.0,,7.0,28.0,6.0,8.0,33.0,9.0,26.0,,43.0,35.0,45.0,30.0,,,33.0,28.0,,28.0,20.0,39.0,40.0,,13.0,30.0,11.0,3.0,,22.0,11.0,25.0,1.0,4.0,25.5,37.0,,,,22.0,10.0,2.0,19.0,19.0,40.0,,14.0,,,17.0,,44.0,34.5,42.0,28.0
2009-02-17,1.0,18.0,11.5,41.0,38.0,13.0,,5.0,27.0,2.0,7.0,32.0,8.0,25.0,,34.0,33.0,36.0,32.0,,,19.0,28.0,,31.0,16.0,36.5,44.0,,20.0,26.0,16.0,10.0,,22.0,19.0,30.0,3.5,6.0,24.0,29.0,,,,26.0,14.0,3.5,23.0,9.0,37.0,,13.0,,,14.5,,45.0,40.0,43.0,43.0
2009-02-18,13.0,10.0,28.0,16.0,45.0,28.0,,5.0,25.0,16.0,8.0,29.0,6.0,24.0,,33.0,30.5,40.0,37.0,,,29.0,16.0,,37.0,19.0,38.0,42.0,,18.0,32.0,4.0,3.0,,21.0,1.0,31.0,10.0,2.0,7.0,34.0,,,,20.0,22.0,10.0,26.0,18.0,45.0,,17.0,,,12.0,,37.0,41.0,38.0,43.0
2009-02-19,5.0,37.0,8.0,39.0,41.0,21.5,,12.0,30.0,11.0,7.0,26.0,9.0,27.0,,10.0,21.0,42.0,43.0,,,36.0,31.0,,36.0,14.0,35.0,43.0,,20.0,17.0,2.0,1.0,,22.0,12.0,41.0,3.0,6.0,29.0,31.5,,,,23.0,25.0,4.0,27.0,18.0,36.0,,18.0,,,14.0,,26.5,42.0,39.0,18.0
2009-02-20,10.0,31.0,25.0,38.0,42.0,20.0,,4.0,26.0,12.5,6.0,28.0,3.0,21.0,,40.0,28.0,40.0,37.5,,,16.0,12.5,,31.0,24.0,43.5,44.0,,9.0,20.0,7.0,5.0,,17.0,17.0,36.0,2.0,8.0,20.5,33.0,,,,20.5,25.0,1.0,27.0,21.0,39.0,,16.0,,,12.0,,38.0,38.0,40.0,29.0
2009-02-23,2.0,28.0,15.0,40.0,34.0,14.0,,6.0,18.0,9.0,10.0,36.0,7.0,21.0,,43.0,34.0,42.0,29.0,,,32.0,32.0,,38.0,15.0,38.0,42.0,,18.0,23.0,1.0,4.0,,16.0,8.0,24.0,3.0,5.0,30.0,26.0,,,,20.5,25.0,12.0,23.0,15.0,39.0,,24.0,,,11.0,,39.0,44.0,41.0,29.0
2009-02-24,8.0,25.0,7.0,38.0,32.5,16.0,,1.0,25.0,11.0,10.0,41.0,6.0,21.0,,43.0,26.0,36.0,27.0,,,15.0,30.0,,35.0,15.0,45.0,43.0,,19.0,19.0,2.0,5.0,,16.0,15.0,22.0,4.0,3.0,32.5,33.0,,,,22.0,14.0,9.0,26.0,30.5,39.0,,28.0,,,12.0,,36.0,46.0,41.0,26.0
2009-02-25,2.0,32.0,19.0,20.0,41.0,25.0,,8.0,29.0,10.0,6.0,39.0,4.0,25.0,,43.0,16.0,42.0,35.0,,,13.5,35.0,,34.0,17.0,35.0,42.0,,21.0,27.0,11.0,5.0,,12.0,15.0,24.0,3.0,9.0,29.0,7.0,,,,24.0,27.0,1.0,29.0,14.0,37.0,,28.0,,,16.0,,19.0,46.0,37.0,44.0
2009-02-26,3.0,22.0,18.0,32.0,41.0,12.0,,5.0,19.0,11.0,7.0,41.0,10.0,22.0,,36.0,29.0,44.5,43.0,,,12.0,32.0,,40.0,16.0,35.0,43.0,,23.0,26.0,2.0,9.0,,15.0,18.0,16.0,6.0,1.0,26.0,8.0,,,,30.0,32.5,4.0,28.0,19.0,38.0,,27.0,,,16.0,,34.0,45.0,30.0,36.0
2009-02-27,6.0,26.0,1.0,10.0,32.0,14.0,,2.0,26.5,3.0,11.0,31.0,4.0,24.0,,41.0,29.0,43.0,39.0,,,31.0,26.0,,44.0,19.0,38.0,38.0,,12.0,23.0,15.0,8.0,,19.0,23.5,15.0,5.0,9.0,22.0,33.0,,,,32.0,23.0,7.0,30.0,39.0,43.0,,19.0,,,18.0,,12.0,39.5,30.0,40.0
2009-03-02,12.0,38.0,5.0,44.0,41.0,1.0,,8.0,32.0,3.0,10.0,38.0,2.0,25.5,,36.0,15.0,25.0,42.0,,,35.0,30.0,,40.0,20.0,29.0,26.0,,35.0,30.0,17.0,9.0,,18.5,11.0,16.0,4.0,7.0,25.5,15.0,,,,20.0,24.5,6.0,29.0,15.0,39.0,,22.0,,,24.0,,18.0,42.0,32.0,44.0
2009-03-03,10.0,33.0,4.0,36.0,31.0,12.0,,7.0,29.0,5.0,9.0,45.0,3.0,28.0,,40.0,12.0,40.0,40.0,,,36.0,30.0,,40.0,20.0,25.0,45.0,,30.0,21.0,14.0,8.0,,16.0,21.0,17.0,1.0,6.0,25.0,12.0,,,,16.0,29.0,2.0,25.5,35.0,40.0,,25.0,,,14.0,,28.0,35.0,34.5,29.5
2009-03-04,8.0,34.0,19.0,40.0,26.0,14.0,,10.0,17.0,1.0,5.0,43.0,6.0,33.5,,37.0,3.0,45.0,38.0,,,30.0,27.0,,37.0,17.0,29.0,43.0,,30.0,26.0,10.0,11.0,,21.0,4.0,23.0,2.0,7.0,34.0,10.0,,,,21.5,34.0,16.0,30.0,17.0,42.0,,20.0,,,13.0,,28.0,45.0,19.0,39.0
2009-03-05,10.0,29.0,23.0,27.0,42.0,9.0,,1.5,27.0,5.0,6.0,37.0,4.0,26.0,,41.0,18.0,45.0,39.0,,,30.5,22.0,,34.0,11.0,31.0,41.0,,24.0,40.0,1.5,3.0,,20.0,13.0,16.0,15.0,7.0,12.0,18.0,,,,38.0,34.0,8.0,36.0,35.0,21.0,,14.0,,,18.0,,31.0,44.0,26.0,26.0
2009-03-06,7.0,36.0,13.0,40.0,33.0,6.0,,2.0,32.5,3.0,9.0,38.0,4.0,10.0,,42.0,23.0,44.0,40.0,,,27.0,27.5,,36.0,23.0,32.0,44.0,,33.0,27.0,1.0,20.5,,24.0,13.0,18.0,5.0,8.0,32.0,13.0,,,,20.0,13.0,15.0,18.0,35.0,17.0,,22.0,,,14.0,,24.0,41.0,43.0,33.0
2009-03-09,2.0,35.0,17.0,43.5,35.0,1.0,,5.0,25.0,14.0,11.0,36.0,14.0,18.0,,39.0,22.0,42.0,30.0,,,13.0,31.0,,36.0,15.0,37.0,45.0,,28.0,29.0,4.0,6.0,,21.0,8.0,3.0,9.0,10.0,7.0,24.5,,,,27.5,12.0,18.0,23.5,33.0,29.5,,22.0,,,25.0,,33.5,38.0,41.0,43.0
2009-03-10,1.0,28.0,16.0,30.0,40.0,7.0,,2.0,24.0,12.0,9.0,34.0,5.0,17.0,,43.0,22.5,44.0,40.0,,,16.0,28.0,,39.0,11.0,37.0,43.0,,34.0,37.5,8.0,16.0,,25.0,3.0,20.0,6.0,4.0,10.0,27.0,,,,23.0,20.0,13.0,27.0,40.5,33.0,,15.0,,,32.0,,24.5,25.5,31.5,42.0
2009-03-11,2.0,19.0,1.0,39.0,44.0,3.0,,8.0,16.0,12.0,9.0,37.0,4.0,6.0,,41.0,31.0,46.0,41.0,,,31.0,21.5,,37.0,17.0,34.0,43.0,,22.0,33.0,10.0,27.0,,11.0,15.0,25.0,5.0,7.0,24.0,15.0,,,,21.0,23.0,14.0,25.0,32.5,41.0,,20.0,,,29.0,,39.0,23.0,24.0,33.0
2009-03-12,10.0,28.0,20.0,25.0,43.0,1.0,,5.0,24.0,7.0,9.0,32.0,13.0,4.0,,36.0,25.0,46.0,41.5,,,27.0,35.0,,31.0,13.0,30.0,42.0,,16.0,31.0,2.0,8.0,,16.0,3.0,24.0,6.0,11.0,14.0,24.0,,,,19.0,18.0,15.5,22.0,40.0,38.5,,38.0,,,20.0,,35.0,38.0,35.0,36.0
2009-03-13,13.0,21.0,11.0,18.0,29.5,15.0,,3.0,23.5,4.0,9.0,40.0,13.0,5.0,,43.0,25.0,46.0,42.0,,,35.0,14.0,,39.0,35.0,25.0,40.0,,18.0,21.0,6.0,8.0,,16.0,7.0,21.0,10.0,2.0,27.0,34.0,,,,29.5,16.0,1.0,34.0,36.0,33.5,,19.0,,,32.5,,42.0,32.0,35.0,28.0
2009-03-16,9.0,32.0,15.0,33.0,31.0,8.0,,7.0,28.0,5.0,1.0,36.0,14.0,4.0,,37.0,27.0,46.0,39.0,,,33.0,33.0,,44.0,25.0,29.0,41.0,,29.5,25.0,2.0,16.0,,17.0,10.0,11.0,3.0,13.0,20.0,19.0,,,,21.0,26.0,6.0,23.0,32.0,37.0,,18.0,,,12.0,,42.0,30.0,40.0,43.0
2009-03-17,14.0,14.0,19.0,36.5,34.0,10.0,,2.0,34.0,5.0,8.0,30.5,11.0,9.0,,37.0,30.0,39.0,40.0,,,23.0,27.0,,44.0,23.0,30.0,46.0,,22.0,31.0,3.0,20.0,,14.0,4.0,17.5,6.0,7.0,17.0,33.0,,,,28.0,24.0,1.0,22.0,27.0,39.0,,18.0,,,23.0,,42.0,14.5,43.5,42.0
2009-03-18,2.0,20.0,13.0,24.0,39.0,13.0,,5.0,39.0,22.0,1.0,33.0,16.0,7.0,,43.0,29.0,38.0,36.0,,,22.0,39.0,,33.0,31.0,38.0,38.0,,22.0,28.0,4.0,26.0,,11.0,26.0,10.0,6.0,8.0,16.0,15.0,,,,21.0,10.0,3.0,24.0,33.0,20.0,,24.0,,,29.0,,43.0,12.0,45.0,45.0
2009-03-19,12.0,29.0,13.0,29.0,37.0,3.0,,8.0,26.5,15.0,1.0,33.0,17.0,5.0,,41.0,25.0,40.5,37.0,,,32.0,38.0,,41.0,25.5,31.0,45.0,,32.0,24.0,2.0,20.0,,11.0,19.0,10.0,6.0,4.0,27.0,14.0,,,,9.0,22.0,7.0,19.0,30.0,19.0,,23.5,,,24.0,,43.0,33.0,41.0,45.0
2009-03-20,8.0,20.5,16.0,28.0,37.0,17.0,,9.0,26.0,10.0,2.0,16.0,13.5,5.0,,34.0,21.0,36.5,32.5,,,36.0,18.0,,39.0,32.0,36.0,45.0,,26.0,21.0,4.0,31.0,,20.0,13.0,13.0,7.0,1.0,25.5,30.0,,,,24.0,11.0,3.0,6.0,42.0,42.0,,35.5,,,24.0,,42.0,19.0,43.0,41.0
2009-03-23,2.0,13.0,15.0,30.0,41.0,15.0,,4.0,18.0,10.0,1.0,26.0,8.0,6.0,,34.0,19.0,35.5,33.0,,,27.0,39.0,,40.0,28.0,19.0,41.0,,30.0,24.0,11.0,24.0,,13.0,15.0,19.0,7.0,9.0,22.0,22.0,,,,33.0,3.0,5.0,15.0,42.0,35.5,,36.0,,,34.0,,35.0,19.0,44.0,43.0
2009-03-24,9.0,28.5,18.0,20.0,35.0,20.0,,7.0,27.0,27.0,5.0,36.0,14.0,2.0,,34.0,11.0,41.0,32.0,,,22.0,6.0,,45.5,32.0,36.0,42.0,,24.0,37.0,4.0,19.0,,11.0,24.5,18.0,1.0,3.0,16.0,13.0,,,,32.0,8.0,11.0,34.0,34.0,24.5,,22.0,,,30.0,,42.0,17.5,45.0,44.0
2009-03-25,4.0,33.0,15.0,19.0,40.5,22.0,,2.0,36.5,12.0,1.0,23.0,9.0,3.0,,15.0,39.0,42.0,25.0,,,26.0,37.0,,41.0,28.0,34.0,44.0,,35.0,26.5,7.0,29.5,,22.0,10.0,5.0,8.0,11.0,33.0,16.0,,,,17.0,14.0,6.0,21.0,31.0,26.5,,25.0,,,25.0,,42.5,18.0,46.0,37.0
2009-03-26,9.0,30.0,14.5,3.0,45.0,17.0,,5.0,23.0,4.0,8.0,20.5,10.0,6.0,,28.0,17.0,39.0,25.0,,,16.0,38.0,,43.0,29.0,32.0,44.0,,38.0,35.0,11.0,26.0,,24.0,14.0,14.0,1.0,7.0,24.0,17.0,,,,31.0,14.0,2.0,34.0,40.0,33.0,,22.0,,,35.0,,38.0,21.0,32.0,44.0
2009-03-27,4.0,25.0,24.0,15.0,42.0,13.5,,13.0,33.0,11.0,9.0,30.0,19.0,3.0,,35.5,18.0,38.0,34.0,,,29.0,39.0,,42.0,25.0,32.5,42.0,,45.0,16.0,1.0,20.0,,22.0,18.0,5.0,6.0,7.0,29.0,8.0,,,,13.0,10.0,2.0,23.0,36.0,18.0,,28.5,,,29.0,,36.0,30.0,42.0,45.0
2009-03-30,7.0,31.0,17.0,8.0,42.0,18.0,,4.0,27.0,13.0,2.0,21.0,12.0,11.0,,26.0,39.0,36.0,24.0,,,16.0,41.0,,39.0,25.0,33.0,46.0,,42.0,20.0,3.0,28.0,,19.0,5.0,16.0,10.0,6.0,33.0,27.0,,,,21.5,1.0,9.0,17.0,40.0,18.5,,32.0,,,36.0,,34.0,27.0,41.0,43.0
2009-03-31,10.0,31.0,23.0,1.0,40.0,38.0,,8.0,21.5,4.0,11.0,15.0,27.0,6.0,,35.0,11.5,32.5,24.0,,,24.0,32.0,,37.0,24.0,28.0,44.0,,42.0,20.0,5.0,21.0,,18.0,29.0,15.0,2.0,3.0,7.0,15.0,,,,16.0,12.0,22.0,21.5,9.0,30.0,,33.0,,,38.0,,44.0,39.0,46.0,42.0
2009-04-01,6.0,22.5,9.0,12.0,45.0,18.0,,2.0,31.0,11.0,4.0,25.0,19.0,7.0,,36.0,15.0,32.0,29.0,,,28.0,33.0,,30.0,36.0,16.0,42.0,,40.0,19.0,1.0,24.5,,14.0,24.5,8.0,13.0,10.0,20.5,29.0,,,,16.0,3.0,5.0,27.0,38.0,22.0,,40.0,,,39.0,,43.0,31.0,45.0,36.0
2009-04-02,1.0,13.0,22.0,13.0,38.5,18.0,,9.0,30.0,18.0,2.0,20.0,5.0,11.0,,43.0,25.0,37.5,15.0,,,24.0,38.0,,41.5,27.0,35.0,43.0,,33.5,23.5,7.0,22.0,,29.0,14.0,8.0,6.0,4.0,35.0,27.0,,,,18.0,10.0,15.0,3.0,39.0,22.0,,32.0,,,32.0,,44.0,29.0,42.0,45.0
2009-04-03,9.0,38.0,21.0,9.0,38.0,17.0,,3.0,20.0,12.0,4.0,17.0,17.0,1.0,,22.0,34.0,37.0,23.0,,,22.0,37.5,,43.0,26.0,34.0,40.5,,41.0,28.0,6.0,14.0,,19.0,14.0,9.0,7.0,2.0,24.0,30.0,,,,11.0,5.0,13.0,21.0,34.0,33.0,,28.0,,,32.0,,43.0,32.5,45.0,46.0
2009-04-06,11.5,25.5,17.0,14.5,41.0,24.0,,4.0,14.0,14.0,9.0,24.0,7.0,3.0,,39.0,34.0,22.5,18.0,,,26.5,42.0,,40.0,32.0,38.0,44.0,,30.0,18.0,2.0,29.0,,35.0,17.5,11.5,5.0,10.0,26.5,20.0,,,,8.0,1.0,6.0,19.0,35.0,27.0,,40.5,,,25.0,,40.0,31.0,33.0,45.0
2009-04-07,5.0,14.0,18.0,6.0,44.0,18.0,,7.0,21.0,15.5,10.0,17.0,12.0,1.0,,36.5,27.0,27.0,22.0,,,25.0,21.0,,43.0,31.0,43.0,34.0,,30.5,26.0,2.0,23.5,,32.0,19.0,13.0,4.0,13.0,29.0,34.0,,,,8.0,3.0,9.0,22.0,41.0,23.0,,37.0,,,34.0,,41.0,40.0,39.5,45.0
2009-04-08,1.0,23.0,18.0,10.0,44.0,41.0,,2.0,19.0,15.0,7.0,30.0,12.0,6.0,,38.0,31.0,20.5,37.0,,,28.0,29.0,,40.0,19.0,40.0,36.0,,31.0,21.0,5.0,24.0,,24.0,11.0,17.0,9.0,4.0,29.0,23.0,,,,8.0,3.0,13.0,17.5,34.5,23.0,,38.0,,,21.0,,39.0,44.0,34.0,44.0
2009-04-09,8.0,29.0,33.0,20.0,45.0,38.0,,2.0,14.0,12.0,5.0,17.0,17.0,10.0,,41.0,36.5,26.0,24.0,,,20.0,19.0,,39.0,30.0,29.0,32.0,,35.0,14.0,3.0,24.0,,30.0,4.0,11.0,9.0,1.0,27.0,37.0,,,,7.0,6.0,14.0,16.0,22.0,43.0,,36.0,,,22.0,,40.0,41.0,35.0,43.5
2009-04-14,2.0,16.5,33.0,18.0,42.0,39.5,,7.0,16.5,22.0,4.0,11.0,14.0,8.0,,43.5,29.0,6.0,31.0,,,26.0,23.0,,37.5,20.0,39.0,27.0,,33.0,27.0,1.0,29.0,,31.0,16.0,15.0,5.0,14.0,22.0,31.0,,,,10.0,3.0,9.0,12.0,26.0,36.0,,36.0,,,25.5,,38.0,44.0,40.0,42.0
2009-04-15,6.0,1.0,37.0,23.0,24.5,33.0,,7.0,22.0,18.0,2.0,14.0,18.0,9.0,,45.0,33.0,10.0,42.5,,,19.0,26.0,,39.5,27.0,27.0,29.5,,32.0,23.0,3.0,18.0,,34.0,12.0,16.0,5.0,4.0,33.0,30.5,,,,11.0,8.0,12.0,15.0,40.0,33.0,,44.0,,,30.0,,23.0,39.0,42.5,42.5
2009-04-16,25.0,12.0,20.0,21.0,44.0,37.5,,7.5,28.0,23.5,6.0,17.0,11.0,5.0,,45.0,21.0,2.0,36.0,,,10.0,30.0,,35.5,31.0,35.0,43.0,,22.5,16.0,9.0,25.0,,30.0,13.0,24.0,4.0,3.0,17.0,38.0,,,,17.0,1.0,16.0,7.5,33.0,43.0,,37.0,,,23.0,,31.0,42.0,29.0,40.0
2009-04-17,6.0,17.0,33.0,19.0,44.0,36.0,,10.0,17.0,14.0,5.0,15.0,21.0,3.0,,44.0,21.0,8.0,38.0,,,19.0,36.0,,33.0,24.0,42.0,41.5,,25.0,16.0,9.0,30.0,,30.0,2.0,22.0,11.0,4.0,27.0,44.0,,,,1.0,7.0,12.0,14.0,30.0,42.0,,32.0,,,27.5,,29.0,41.0,25.0,36.0
2009-04-20,15.0,20.0,42.0,26.0,30.0,34.5,,8.0,18.0,19.5,6.0,11.0,31.0,9.0,,42.5,33.0,12.0,35.0,,,21.0,29.0,,33.0,15.0,37.5,39.0,,36.0,12.0,1.0,21.0,,24.0,4.0,23.0,5.0,3.0,27.0,41.0,,,,11.0,2.0,17.0,7.0,40.0,25.0,,44.0,,,18.0,,27.0,29.5,35.0,41.0
2009-04-21,2.0,11.0,37.0,28.0,39.0,41.0,,7.0,19.0,28.5,8.0,26.0,18.0,6.0,,38.0,32.0,4.0,41.0,,,23.0,13.0,,38.0,14.0,42.0,28.0,,24.0,21.0,12.0,10.0,,34.0,3.0,15.0,9.0,5.0,21.0,33.0,,,,16.0,1.0,20.0,19.0,31.0,36.5,,40.0,,,35.5,,22.0,38.5,37.5,41.0
2009-04-22,3.0,19.0,34.0,17.0,35.0,42.0,,11.0,18.0,30.0,7.0,11.0,14.0,9.0,,39.5,28.0,13.0,39.0,,,39.0,15.0,,26.0,32.0,28.0,31.0,,26.0,26.5,8.0,24.0,,19.0,5.0,22.0,6.0,2.0,21.0,34.0,,,,11.0,1.0,17.0,4.0,32.0,46.0,,29.5,,,29.0,,43.0,37.5,41.0,44.0
2009-04-23,2.0,17.5,36.0,24.0,45.0,42.0,,5.0,17.0,26.0,4.0,17.0,11.0,3.0,,36.0,29.0,11.0,40.0,,,31.0,25.0,,31.0,18.0,34.0,39.0,,29.0,22.5,7.0,21.0,,26.5,9.0,23.0,11.0,8.0,18.5,32.0,,,,14.0,6.0,13.0,1.0,31.5,29.0,,37.0,,,18.0,,41.0,39.0,43.0,44.0
2009-04-24,10.0,8.0,38.5,36.0,44.5,37.5,,5.0,18.0,31.0,7.0,25.0,16.0,14.5,,41.0,25.5,4.0,42.0,,,27.0,21.5,,36.0,25.0,30.5,31.0,,25.0,22.0,3.0,18.0,,27.0,6.0,17.0,1.0,12.0,16.0,25.0,,,,9.0,13.0,11.0,2.0,28.0,40.0,,41.0,,,20.0,,38.0,43.0,42.0,34.0
2009-04-27,8.0,22.0,32.0,26.0,46.0,41.0,,4.0,9.0,21.0,1.0,23.0,12.0,18.0,,31.0,31.5,33.0,40.0,,,37.0,16.0,,36.0,14.0,35.0,25.5,,23.0,17.0,3.0,6.0,,32.0,10.0,17.0,2.0,13.0,28.0,39.0,,,,5.0,7.0,14.0,12.0,29.0,23.0,,33.0,,,20.0,,40.0,38.0,44.0,44.0
2009-04-28,2.0,26.0,34.0,25.0,28.0,37.0,,3.0,19.0,28.0,1.0,21.0,17.5,6.0,,43.0,17.0,11.0,44.0,,,24.5,17.0,,36.0,18.0,42.0,34.0,,30.0,13.0,5.0,31.0,,33.0,8.0,16.0,10.0,9.0,30.0,24.5,,,,4.0,7.0,13.0,13.0,41.0,30.0,,39.0,,,19.0,,37.0,46.0,30.0,38.0
2009-04-29,5.0,23.0,29.0,20.0,40.0,45.0,,3.0,17.0,25.5,2.0,29.0,16.0,12.0,,43.0,17.0,19.0,40.0,,,23.0,17.0,,28.0,20.0,38.0,20.0,,25.0,28.5,7.0,31.0,,33.0,14.0,10.0,13.0,6.0,34.0,33.0,,,,4.0,1.0,9.0,8.0,38.0,34.0,,36.0,,,10.0,,44.5,44.0,28.0,42.0
2009-04-30,9.0,21.0,31.0,20.0,35.0,28.5,,3.0,15.0,29.0,1.0,32.0,10.0,28.5,,42.0,31.5,23.0,41.5,,,23.0,5.0,,16.0,7.0,41.0,30.0,,25.0,16.0,2.0,26.0,,24.5,11.0,25.0,6.0,12.0,35.0,31.5,,,,8.0,4.0,13.0,17.0,39.0,28.0,,37.0,,,17.0,,43.0,40.0,45.0,38.0
2009-05-04,6.0,23.0,28.0,14.0,26.0,23.0,,8.0,14.0,38.0,4.0,39.0,17.0,12.0,,45.0,25.0,28.5,41.0,,,35.0,5.0,,26.0,29.0,38.0,23.0,,20.0,21.5,7.0,16.0,,31.0,1.0,19.0,3.0,18.0,35.0,40.0,,,,9.0,2.0,10.5,10.5,38.0,30.0,,35.0,,,14.0,,38.0,38.0,44.0,41.5
2009-05-05,4.0,23.0,38.0,17.0,27.0,38.0,,1.0,6.0,37.0,13.0,28.0,14.0,12.0,,40.0,35.0,39.0,35.0,,,20.0,9.0,,25.5,28.0,20.0,23.0,,22.0,18.5,8.0,15.0,,35.0,5.0,25.0,10.0,11.0,31.0,33.0,,,,7.0,3.0,17.0,2.0,39.0,36.0,,35.0,,,19.0,,41.0,42.0,43.0,45.0
2009-05-06,7.0,17.0,45.0,29.0,22.0,38.0,,10.0,13.0,26.0,4.0,29.0,6.0,12.0,,40.5,30.0,27.0,38.5,,,22.0,27.5,,35.0,19.0,35.0,32.0,,15.0,20.0,2.5,15.0,,30.0,2.5,15.0,1.0,23.5,34.0,23.0,,,,9.0,11.0,8.0,5.0,43.0,30.0,,42.0,,,17.0,,39.0,32.0,34.0,43.0
2009-05-07,1.0,21.0,34.0,22.0,23.0,41.0,,16.0,10.5,27.0,3.0,14.0,10.0,10.0,,45.0,33.5,28.0,39.0,,,17.0,15.0,,37.0,18.0,41.0,35.0,,29.0,23.0,6.0,18.0,,31.0,5.0,11.0,7.0,27.0,24.0,28.0,,,,8.0,13.0,4.0,2.0,35.0,32.0,,38.0,,,19.0,,36.0,43.0,33.0,43.0
2009-05-08,9.0,2.0,24.0,24.0,27.0,42.5,,8.0,10.0,32.0,6.0,29.0,3.0,28.0,,41.0,19.0,12.0,34.0,,,20.0,16.0,,38.0,21.0,27.0,36.0,,26.0,14.0,4.0,5.0,,42.0,1.0,12.0,7.0,17.0,41.0,41.0,,,,21.0,19.0,14.0,12.0,30.0,44.0,,33.0,,,24.0,,43.5,38.0,33.0,38.0
2009-05-11,11.0,25.0,31.0,15.0,26.0,42.0,,5.0,13.0,38.0,2.0,35.0,4.0,12.0,,45.0,37.0,34.0,32.0,,,35.0,22.0,,30.0,35.0,37.0,27.5,,18.0,16.0,7.0,1.0,,22.0,3.0,14.5,6.0,21.5,20.0,34.0,,,,15.0,12.0,8.0,18.0,39.0,40.0,,29.0,,,9.0,,28.0,40.0,22.0,43.0
2009-05-12,14.0,20.0,33.0,28.0,36.0,37.0,,5.0,10.0,38.0,4.0,24.0,8.0,32.5,,45.5,24.0,38.0,37.0,,,26.0,18.0,,33.0,3.0,37.0,29.0,,20.0,25.0,2.0,16.0,,15.0,7.0,13.0,9.0,23.0,18.0,32.0,,,,5.0,11.0,1.0,16.0,24.0,37.0,,41.5,,,12.0,,35.5,43.5,32.5,44.0
2009-05-13,8.0,14.0,38.0,18.0,33.0,36.5,,5.0,27.0,39.5,2.0,11.0,3.0,32.0,,45.0,18.5,33.0,33.0,,,35.0,12.0,,21.0,23.0,36.0,18.0,,14.0,28.0,1.0,26.0,,21.0,6.0,23.0,10.0,14.0,37.0,28.0,,,,9.0,7.0,4.0,25.0,34.0,26.0,,43.0,,,15.0,,43.0,29.0,40.0,46.0
2009-05-14,5.0,12.0,41.0,25.0,40.0,25.0,,7.0,15.0,40.0,6.0,22.0,4.0,18.0,,44.0,19.0,32.0,33.0,,,29.0,24.0,,30.0,31.0,18.5,26.0,,27.0,12.0,3.0,1.5,,37.0,10.0,9.0,8.0,25.0,19.0,35.0,,,,15.0,12.0,1.5,19.0,29.0,38.5,,37.5,,,15.0,,46.0,35.0,40.0,44.0
2009-05-15,13.0,7.0,22.0,30.0,31.0,36.0,,6.0,10.0,39.0,9.0,16.0,5.0,30.5,,35.0,29.0,39.0,43.0,,,32.5,21.0,,18.0,31.0,22.5,26.0,,22.0,16.0,2.0,14.0,,28.0,1.0,12.0,3.0,27.0,26.0,36.0,,,,15.0,4.0,8.0,18.0,41.0,20.0,,36.0,,,11.0,,45.0,33.0,42.0,41.0
2009-05-18,2.0,7.0,31.0,22.5,27.0,30.0,,4.0,11.0,35.0,1.0,41.0,15.0,18.0,,42.0,27.0,36.5,46.0,,,30.0,15.0,,31.0,25.0,26.0,22.0,,24.0,13.0,12.0,15.0,,27.5,6.0,3.0,5.0,33.0,21.0,42.0,,,,10.0,8.0,9.0,20.0,38.0,20.0,,36.0,,,18.0,,40.0,36.0,38.0,44.0
2009-05-19,2.0,4.0,33.0,33.0,31.0,36.0,,3.0,9.0,34.0,5.0,22.0,18.0,26.0,,42.0,31.0,38.0,45.0,,,37.5,26.0,,28.0,27.0,31.0,12.0,,18.0,16.0,7.0,12.0,,25.0,14.0,6.0,8.0,22.0,15.0,45.0,,,,12.0,10.0,1.0,21.0,18.5,30.0,,29.5,,,25.0,,39.0,34.0,41.0,43.0
2009-05-20,2.0,20.0,18.0,17.0,33.0,38.0,,5.0,11.0,43.0,1.0,40.0,16.0,39.0,,44.0,20.0,25.0,43.0,,,36.0,25.0,,30.0,31.0,24.0,28.0,,21.0,3.0,6.0,12.0,,31.0,4.0,12.0,8.0,20.0,24.0,35.0,,,,7.0,11.0,9.0,15.0,28.0,16.5,,25.5,,,31.0,,41.0,35.0,31.5,45.0
2009-05-21,6.0,22.0,21.0,17.0,32.0,39.0,,2.0,12.0,41.0,3.0,35.0,5.0,29.0,,44.0,23.5,43.0,37.0,,,38.0,31.0,,24.0,23.0,22.0,27.0,,20.0,15.0,1.0,12.0,,25.0,4.0,18.0,7.0,24.0,10.0,42.0,,,,9.0,15.0,8.0,16.0,32.0,12.0,,29.0,,,35.0,,45.0,35.0,32.0,32.0
2009-05-22,5.0,37.0,22.0,16.0,28.0,33.0,,10.0,31.0,38.0,7.0,19.0,4.0,22.0,,42.0,13.0,36.0,40.0,,,39.0,36.0,,26.0,33.0,31.5,18.5,,20.0,15.0,3.0,1.0,,20.0,6.0,2.0,9.0,28.5,12.0,40.0,,,,12.0,14.0,8.0,15.0,26.0,30.0,,23.0,,,27.0,,46.0,29.0,40.0,44.0
2009-05-25,2.0,23.0,16.0,17.0,26.0,36.0,,8.0,36.0,41.0,3.0,29.0,11.0,20.0,,40.0,29.0,39.0,42.0,,,37.0,25.0,,19.0,20.0,22.0,32.0,,20.0,6.0,5.0,7.0,,9.0,14.0,4.0,10.0,26.0,12.0,37.0,,,,1.0,12.0,26.5,17.0,35.0,19.0,,28.0,,,34.0,,44.0,37.0,41.0,46.0
2009-05-26,19.0,23.0,16.0,23.0,29.5,33.0,,1.0,15.0,41.0,11.0,30.0,8.0,38.0,,41.5,22.0,45.0,37.0,,,37.0,26.0,,34.0,24.0,18.0,32.0,,31.0,9.0,4.0,3.0,,2.0,10.0,7.0,13.0,24.0,5.0,43.0,,,,16.0,13.5,6.0,22.0,19.0,37.0,,31.0,,,14.0,,37.0,40.0,26.0,43.5
2009-05-27,7.0,8.0,39.0,22.0,31.0,37.0,,6.0,37.0,43.0,3.0,33.5,19.0,22.0,,43.0,14.0,39.0,42.0,,,35.0,32.0,,35.0,25.0,27.5,27.0,,18.5,9.0,2.0,5.0,,12.0,4.0,1.0,10.0,26.0,14.0,21.0,,,,10.0,18.0,20.5,15.0,26.0,38.0,,21.5,,,33.5,,38.0,20.0,30.0,42.0
2009-05-29,14.0,31.0,23.0,20.0,27.0,23.0,,24.0,38.0,33.0,2.0,42.0,5.0,27.0,,45.0,19.5,43.0,40.0,,,30.0,35.0,,20.0,34.0,17.0,8.0,,31.0,6.0,1.0,3.0,,7.0,9.0,12.0,10.0,11.0,4.0,23.5,,,,16.0,30.0,31.0,13.0,18.0,39.0,,15.0,,,29.5,,34.0,35.0,40.0,41.0
2009-06-01,13.0,35.0,19.0,24.0,40.0,31.0,,1.0,33.0,38.0,2.0,40.0,13.0,35.0,,36.0,18.0,44.0,42.0,,,27.0,29.0,,17.0,30.0,22.0,8.0,,23.0,6.0,4.0,5.0,,11.0,15.0,3.0,7.0,20.5,9.0,25.0,,,,11.0,20.0,10.0,27.0,42.5,24.0,,32.0,,,15.0,,27.0,37.0,38.0,45.0
2009-06-02,13.0,35.0,18.0,3.0,42.0,16.0,,11.0,36.5,41.5,4.0,33.0,25.0,26.0,,34.0,20.0,28.0,42.0,,,30.0,28.0,,16.0,33.0,27.0,7.5,,15.0,11.0,1.5,1.5,,11.0,9.0,6.0,7.5,22.0,5.0,43.0,,,,19.0,14.0,17.0,24.0,38.0,21.0,,39.0,,,29.5,,34.0,33.0,41.0,41.0
2009-06-03,13.0,27.0,30.0,3.0,39.0,29.0,,18.0,29.0,35.5,8.0,35.0,18.0,17.0,,34.0,16.5,44.0,41.0,,,20.5,32.0,,25.0,21.0,29.0,21.0,,11.0,5.0,2.0,1.0,,9.0,10.0,7.0,6.0,25.0,4.0,40.0,,,,13.0,21.0,12.0,19.0,35.0,28.0,,34.5,,,30.0,,38.5,37.0,42.0,42.0
2009-06-04,20.0,44.0,18.0,14.0,31.0,36.0,,9.0,42.0,40.0,2.0,22.5,6.5,20.0,,28.0,32.0,36.0,46.0,,,36.0,30.0,,13.0,17.0,19.0,16.5,,20.0,4.0,8.0,1.0,,3.0,11.0,5.0,10.0,28.0,6.5,28.0,,,,17.0,27.0,11.0,33.0,29.0,25.0,,38.0,,,24.0,,39.0,37.0,42.0,36.0
2009-06-05,15.0,30.0,21.0,18.0,36.0,21.0,,19.0,28.0,40.0,1.0,28.0,7.0,30.0,,38.0,13.0,41.0,45.0,,,33.0,17.0,,25.0,42.0,31.0,22.0,,7.0,13.0,2.0,11.0,,9.0,10.0,3.0,5.0,26.0,4.0,39.0,,,,17.0,31.0,13.0,36.0,28.0,27.0,,22.0,,,7.0,,35.0,39.0,40.0,35.0
2009-06-08,12.0,34.0,26.0,21.0,41.0,21.0,,20.0,33.0,32.0,2.0,28.0,10.0,35.0,,37.0,28.0,43.5,45.0,,,15.0,22.5,,12.0,42.0,28.0,12.0,,16.0,6.0,1.0,3.0,,5.0,24.0,8.0,4.0,27.0,18.0,40.0,,,,7.0,24.0,15.0,16.0,42.0,38.0,,31.0,,,9.0,,30.0,30.0,33.0,38.0
2009-06-09,14.0,37.0,22.0,20.0,34.0,19.0,,20.5,31.0,40.0,7.0,22.0,3.0,32.0,,37.0,29.0,43.0,41.0,,,25.0,38.0,,12.0,35.0,25.0,6.0,,15.0,8.5,4.0,2.0,,10.0,24.0,5.0,12.0,23.0,1.0,27.0,,,,16.0,11.0,8.5,33.0,43.0,21.0,,41.0,,,16.0,,46.0,29.0,28.0,42.0
2009-06-10,4.0,34.0,12.0,17.0,31.0,34.0,,23.0,29.0,39.0,1.0,19.5,12.0,10.0,,34.0,21.0,44.0,44.0,,,43.0,35.5,,27.0,34.0,33.0,19.0,,21.0,7.0,2.0,3.0,,5.0,19.0,9.0,14.5,26.0,8.0,42.0,,,,6.0,15.0,12.0,28.0,41.0,24.0,,38.0,,,14.0,,21.0,26.0,31.0,42.5
2009-06-11,17.0,25.0,19.0,9.0,35.0,21.0,,23.0,30.5,40.0,2.0,14.0,14.0,9.0,,37.5,21.0,45.0,39.0,,,35.0,33.0,,18.0,38.5,21.0,28.0,,1.0,3.0,5.0,16.0,,4.0,6.0,11.0,9.0,27.0,7.0,43.0,,,,12.5,27.0,21.0,36.0,33.0,33.0,,41.0,,,12.0,,25.5,40.0,31.0,44.0
2009-06-12,16.0,43.0,17.0,10.0,39.0,20.0,,19.0,34.0,43.0,3.0,23.0,1.0,30.0,,38.0,22.0,42.0,42.0,,,35.0,33.0,,11.0,27.0,31.0,15.0,,28.0,23.0,6.0,9.0,,8.0,21.0,4.0,7.0,14.0,2.0,29.0,,,,13.0,29.0,5.0,24.5,32.5,33.0,,17.0,,,13.0,,34.0,35.0,35.0,46.0
2009-06-15,4.0,40.0,14.0,3.0,36.0,24.5,,17.0,40.5,35.0,5.0,27.0,9.0,28.0,,42.0,33.0,35.5,45.0,,,33.0,24.0,,16.0,31.0,33.0,7.0,,21.0,14.0,12.0,2.0,,11.0,17.0,1.0,7.0,14.0,9.0,40.0,,,,7.0,20.0,22.0,28.0,32.0,42.0,,32.5,,,18.0,,26.0,42.0,25.0,46.0
2009-06-16,15.0,33.0,3.0,29.0,43.0,25.0,,15.0,40.5,31.0,5.0,26.5,19.0,14.0,,41.0,35.0,38.0,37.0,,,40.5,39.0,,21.5,37.0,39.0,8.0,,13.0,4.0,11.0,20.0,,2.0,6.0,1.0,14.0,7.0,9.0,41.0,,,,13.0,21.0,22.0,25.0,34.0,35.5,,30.0,,,17.0,,12.0,29.0,26.0,34.0
2009-06-17,2.0,36.0,4.0,32.0,30.0,31.0,,20.0,21.0,32.0,5.0,25.0,6.0,17.0,,41.0,18.0,36.0,38.0,,,40.0,43.0,,13.0,40.0,42.0,15.0,,18.0,7.0,1.0,28.0,,9.0,12.0,12.0,3.0,12.0,24.0,42.0,,,,10.0,21.0,8.0,24.0,35.0,38.0,,41.0,,,17.0,,29.5,29.0,25.0,32.0
2009-06-18,6.0,38.0,3.0,27.5,37.0,23.0,,24.0,42.0,34.0,5.0,25.5,9.0,2.0,,38.0,34.0,30.5,38.0,,,39.0,42.0,,15.0,45.0,30.0,26.0,,20.0,4.0,1.0,17.0,,11.0,24.0,8.0,13.0,17.5,14.0,38.0,,,,10.0,17.5,7.0,26.0,28.0,12.0,,31.0,,,17.0,,24.0,40.0,29.0,42.0
2009-06-19,4.0,38.5,7.0,31.0,33.0,34.0,,10.5,30.0,40.5,6.0,20.0,5.0,30.0,,34.0,8.0,38.0,41.0,,,25.0,42.0,,27.0,43.0,40.0,19.0,,16.5,10.0,1.0,22.0,,12.0,25.0,2.0,20.0,3.0,17.0,41.0,,,,12.0,9.0,14.0,17.0,35.0,37.0,,23.0,,,17.0,,27.0,30.0,23.0,44.0
2009-06-22,6.0,45.0,5.0,19.0,42.5,40.0,,7.0,28.0,32.0,9.0,22.0,11.0,25.0,,35.0,21.0,37.0,41.5,,,30.0,36.0,,23.5,34.0,30.0,28.0,,24.0,16.0,19.0,17.0,,1.0,22.0,14.0,4.0,14.0,11.0,39.0,,,,2.0,10.0,3.0,39.0,29.0,44.0,,32.0,,,8.0,,14.0,17.0,31.0,42.0
2009-06-23,3.0,26.0,8.0,25.0,30.0,13.0,,19.0,31.0,33.0,12.0,27.0,4.0,10.0,,37.0,34.5,39.0,45.0,,,25.0,44.0,,26.5,35.0,42.0,36.0,,17.0,5.0,1.0,10.0,,15.0,20.0,13.0,17.0,6.0,7.0,25.0,,,,2.0,15.0,10.0,32.5,35.0,40.0,,23.0,,,21.0,,35.0,30.0,38.5,39.0
2009-06-24,9.0,33.0,1.0,21.5,38.0,21.0,,11.0,30.5,29.0,5.5,26.0,2.0,17.0,,32.0,39.0,31.0,37.0,,,34.5,38.0,,14.0,35.0,44.0,19.0,,5.5,20.0,3.0,18.0,,7.0,34.0,8.0,10.0,4.0,16.0,37.0,,,,23.0,12.0,18.0,15.5,29.0,41.0,,29.0,,,13.0,,45.0,26.5,31.0,44.0
2009-06-25,5.0,32.0,22.0,28.0,42.0,36.0,,10.0,28.0,16.5,7.0,31.0,3.0,16.0,,40.0,33.0,42.0,37.0,,,28.0,33.0,,22.0,38.0,38.5,18.0,,1.0,17.0,8.0,17.0,,2.0,19.0,28.0,13.0,5.0,11.0,39.0,,,,9.0,13.0,19.0,5.0,26.0,33.0,,28.0,,,13.0,,34.0,32.0,40.5,44.0
2009-06-26,7.0,30.0,23.0,26.0,33.5,18.0,,10.0,24.0,24.0,4.0,24.0,2.0,8.0,,40.0,45.0,44.0,35.0,,,43.0,32.0,,18.0,36.0,29.0,41.0,,29.0,9.0,13.0,17.0,,1.0,15.0,26.0,12.0,11.0,6.0,32.0,,,,3.0,14.0,17.0,33.0,23.0,43.0,,24.5,,,5.0,,39.0,27.5,40.0,37.0
2009-06-29,6.0,39.0,14.0,26.0,33.0,19.0,,14.0,33.0,26.5,3.0,27.0,2.0,11.0,,34.5,37.5,35.0,24.0,,,27.5,35.0,,19.0,44.0,42.5,22.0,,26.0,22.0,1.0,16.0,,9.0,15.5,16.0,11.0,4.0,7.0,36.0,,,,8.0,11.0,18.5,42.0,24.0,38.5,,30.5,,,5.0,,28.0,40.0,41.5,37.0
2009-06-30,1.0,30.0,8.0,36.0,45.0,12.0,,13.0,19.0,19.0,9.0,21.0,6.0,16.0,,43.0,21.0,34.5,26.0,,,30.0,28.0,,18.0,43.0,39.0,16.0,,34.0,30.0,2.0,13.0,,23.0,15.0,29.5,4.0,5.0,25.5,33.0,,,,3.0,7.0,10.0,40.0,31.0,34.0,,25.0,,,11.0,,39.0,34.5,42.0,37.0
2009-07-02,2.0,34.5,26.0,35.0,44.0,17.0,,16.0,29.0,27.5,5.0,21.0,3.0,4.0,,37.0,40.5,38.5,9.0,,,31.0,34.0,,21.0,39.0,30.0,43.0,,14.0,19.0,8.0,18.0,,11.0,13.0,22.0,15.0,12.0,28.0,23.0,,,,7.0,1.0,10.0,27.5,22.5,39.5,,27.0,,,6.0,,41.0,37.0,40.0,39.0
2009-07-03,2.0,39.0,11.0,34.5,43.0,14.0,,16.0,36.0,25.0,6.0,25.0,5.0,4.0,,27.0,29.0,25.5,15.0,,,26.0,32.0,,29.0,39.0,39.0,34.0,,29.0,9.0,8.0,20.0,,10.0,21.0,24.0,18.0,1.0,29.0,33.0,,,,12.0,3.0,17.0,17.0,13.0,44.0,,36.0,,,7.0,,38.0,29.0,43.5,43.5
2009-07-06,3.0,26.0,1.0,28.0,23.0,13.0,,23.0,41.0,34.0,7.0,31.0,10.0,6.0,,35.0,37.0,34.0,12.0,,,32.5,38.0,,16.0,42.0,35.0,21.0,,20.0,15.0,5.0,27.0,,13.0,18.5,37.0,13.0,3.0,23.0,20.0,,,,8.0,9.0,30.5,17.0,22.0,45.0,,30.0,,,2.0,,38.0,27.0,42.0,43.0
2009-07-07,6.0,39.0,17.0,43.0,41.5,21.0,,24.0,33.5,30.5,8.0,31.0,1.0,4.0,,25.0,32.0,29.0,21.0,,,35.0,37.0,,21.0,37.5,32.0,23.5,,37.0,12.0,3.0,19.0,,12.0,14.0,26.0,17.5,9.5,14.0,29.0,,,,2.0,5.0,9.5,40.0,12.0,44.0,,28.0,,,7.0,,24.0,42.0,41.5,17.0
2009-07-08,6.0,34.0,8.0,37.0,20.0,15.0,,24.0,28.0,38.0,2.0,20.0,1.0,9.0,,36.0,37.0,33.0,12.0,,,38.5,43.0,,17.5,43.0,42.0,19.0,,30.0,29.0,12.0,17.0,,22.0,18.5,31.0,14.0,7.0,12.0,27.0,,,,3.0,4.0,10.0,27.0,24.0,36.0,,34.0,,,5.0,,19.0,41.0,42.0,38.0
2009-07-09,4.0,37.0,14.0,27.0,42.0,9.0,,33.0,27.0,31.0,7.0,14.0,2.0,11.0,,35.0,16.0,18.0,21.0,,,41.0,39.0,,29.0,40.0,42.0,24.0,,30.0,13.5,3.0,15.0,,11.0,19.0,21.0,16.0,6.0,17.0,33.0,,,,21.0,1.0,8.0,26.0,23.0,39.0,,33.5,,,5.0,,32.0,35.0,46.0,44.0
2009-07-10,4.0,34.0,16.0,31.0,39.0,19.5,,33.5,30.0,21.0,8.0,21.0,2.0,12.0,,37.0,25.0,31.0,24.0,,,44.0,31.5,,7.0,32.0,44.0,29.0,,37.0,15.0,3.0,13.0,,25.5,16.0,19.0,11.5,10.0,15.0,27.0,,,,1.0,9.0,5.0,28.0,16.0,41.0,,26.5,,,6.0,,43.0,32.0,43.0,41.0
2009-07-13,7.0,31.0,15.0,42.0,43.0,5.0,,16.0,19.0,28.0,8.0,14.0,9.0,14.0,,32.5,43.0,41.0,27.0,,,31.0,23.0,,24.0,36.0,37.0,37.0,,35.0,18.0,2.0,15.0,,19.0,20.0,29.0,16.0,6.0,21.5,25.0,,,,3.0,1.0,11.0,38.0,4.0,34.0,,29.5,,,10.0,,41.0,34.0,33.0,37.0
2009-07-14,7.0,23.0,20.0,37.0,35.5,18.0,,13.0,21.0,30.0,8.0,17.0,5.0,13.0,,41.0,42.0,40.0,29.5,,,44.0,25.5,,27.0,39.0,30.0,33.5,,29.5,4.0,6.0,21.0,,1.0,15.0,29.0,9.0,2.0,24.0,18.0,,,,12.0,10.0,3.0,33.0,11.0,40.0,,24.0,,,16.0,,39.0,35.5,42.0,43.0
2009-07-15,5.0,43.0,27.0,36.5,41.5,16.0,,36.0,19.0,29.0,4.0,13.5,1.0,12.0,,25.0,40.5,38.5,23.5,,,31.0,36.0,,33.5,39.0,38.5,22.0,,9.0,3.0,10.0,12.0,,20.0,15.0,33.0,12.0,7.0,23.0,20.0,,,,6.0,8.0,2.0,29.0,28.0,17.0,,24.0,,,22.0,,38.0,32.0,45.0,41.0
2009-07-16,4.0,31.0,20.0,43.0,44.0,8.0,,32.0,11.0,29.0,9.0,24.0,1.0,16.0,,27.5,29.0,39.0,10.0,,,32.0,37.0,,16.0,37.0,34.0,44.0,,28.0,13.0,6.0,21.0,,29.0,7.0,26.0,12.0,20.0,31.0,25.0,,,,5.0,2.0,3.0,13.5,18.0,42.0,,14.0,,,20.0,,31.5,36.5,42.0,37.0
2009-07-17,8.0,18.0,33.0,43.0,37.5,12.0,,34.0,15.5,24.0,3.0,30.5,9.0,2.0,,19.5,34.0,43.0,14.0,,,34.5,29.5,,28.0,40.0,39.0,18.5,,23.5,6.0,5.0,27.5,,18.0,15.0,38.0,10.0,12.5,20.0,34.0,,,,7.0,1.0,4.0,44.0,18.0,29.0,,23.0,,,18.5,,40.0,31.0,41.0,28.0
2009-07-20,7.0,35.0,21.0,27.0,38.0,9.0,,4.0,18.0,24.0,3.0,17.0,1.0,5.0,,40.0,23.0,35.5,33.0,,,28.0,42.0,,8.0,40.0,31.0,35.0,,21.0,2.0,6.0,18.0,,13.0,27.0,33.0,30.0,15.0,24.5,24.0,,,,11.0,12.0,10.0,21.0,14.0,45.0,,31.0,,,21.0,,43.0,28.0,41.0,45.0
2009-07-21,6.0,24.0,24.0,35.0,39.0,20.0,,12.5,16.0,20.0,3.0,14.0,5.0,10.0,,39.0,24.0,39.0,29.0,,,35.0,41.0,,27.5,41.0,28.0,32.0,,23.0,12.5,8.0,22.0,,10.0,16.0,32.0,9.0,1.0,18.0,23.5,,,,7.0,2.0,15.0,37.0,4.0,40.0,,25.0,,,30.0,,43.0,34.0,37.5,45.0
2009-07-22,11.0,32.0,20.0,25.5,42.0,16.0,,22.0,18.0,25.0,9.0,24.0,8.0,3.0,,32.0,12.0,40.0,18.0,,,44.0,39.0,,20.0,38.0,29.5,40.0,,29.0,5.0,10.0,17.0,,15.0,2.0,37.0,15.0,4.0,29.0,25.0,,,,7.0,13.0,1.0,30.0,6.0,45.0,,32.5,,,28.0,,33.0,34.0,40.0,37.5
2009-07-23,5.0,22.0,37.0,31.0,42.0,18.0,,26.0,17.0,18.0,9.0,24.0,2.0,3.0,,31.0,30.0,37.0,18.0,,,41.0,36.0,,4.0,44.0,29.0,24.0,,21.0,1.0,10.0,19.0,,15.0,7.0,33.0,16.5,11.0,30.0,24.5,,,,12.0,6.0,13.0,32.0,8.0,37.0,,23.0,,,29.0,,42.0,40.0,44.0,33.0
2009-07-24,4.0,26.0,31.0,33.0,38.0,18.0,,21.0,6.0,21.0,7.0,24.0,1.0,8.0,,42.0,28.0,36.0,16.0,,,42.0,44.0,,11.5,39.0,29.0,34.0,,20.0,2.0,13.0,34.0,,14.0,5.0,20.0,15.0,3.0,30.0,23.0,,,,10.0,11.5,17.0,30.0,9.0,45.0,,26.0,,,23.0,,42.0,32.0,38.0,37.0
2009-07-27,8.0,33.0,34.0,40.0,45.0,24.0,,14.0,21.0,20.0,2.0,27.0,4.0,11.0,,38.0,26.0,35.0,21.5,,,36.0,40.0,,17.0,36.0,12.0,27.0,,17.0,5.0,7.0,24.0,,13.0,15.0,33.0,19.0,1.0,29.0,16.0,,,,6.0,9.5,9.5,42.0,3.0,43.0,,29.5,,,25.0,,39.0,28.0,33.0,43.0
2009-07-28,7.0,32.0,26.0,15.0,37.0,19.0,,12.5,15.0,25.0,3.0,24.0,2.0,10.0,,36.0,23.0,43.0,31.0,,,38.0,40.0,,29.0,29.0,15.0,35.0,,21.5,9.0,8.0,18.0,,11.0,22.0,33.5,30.0,4.0,29.5,29.0,,,,5.0,6.0,17.5,12.5,1.0,41.0,,17.0,,,22.0,,43.0,45.0,38.0,41.0
2009-07-29,2.0,30.0,38.0,31.0,41.5,29.0,,23.0,19.0,26.0,3.0,17.5,6.0,8.0,,37.0,23.0,45.0,29.0,,,23.0,39.0,,29.0,38.0,27.0,32.0,,15.0,15.0,12.5,7.0,,5.0,15.0,23.0,35.0,10.0,17.0,28.0,,,,9.0,1.0,23.0,13.0,4.0,38.0,,18.0,,,12.0,,42.0,41.0,39.0,45.0
2009-07-30,6.0,25.0,36.0,32.0,44.0,20.0,,24.0,18.0,28.0,12.0,24.0,4.0,2.0,,29.0,24.5,43.0,21.0,,,26.0,34.0,,34.5,41.5,28.5,38.0,,20.0,3.0,7.0,14.0,,1.0,16.0,26.0,31.0,5.0,15.0,30.0,,,,9.0,11.0,8.0,34.5,10.0,36.0,,17.0,,,13.0,,40.0,38.0,36.0,44.0
2009-07-31,9.0,31.0,16.0,35.5,44.0,22.0,,19.0,26.0,22.0,12.0,33.0,1.0,6.0,,29.0,42.0,39.0,17.0,,,28.0,34.5,,31.0,43.0,24.0,34.0,,16.0,4.0,11.0,2.0,,13.5,5.0,21.0,31.0,3.0,21.0,28.0,,,,10.0,7.0,13.5,28.0,8.0,37.0,,16.0,,,28.5,,41.0,40.0,45.0,37.0
2009-08-03,6.0,21.0,30.5,32.0,43.0,15.0,,21.5,18.0,24.0,2.0,32.0,4.0,12.0,,32.0,17.0,45.0,30.0,,,34.0,38.5,,29.0,43.0,24.0,30.0,,21.0,20.0,8.0,7.0,,3.0,10.5,39.0,26.5,1.0,14.5,27.5,,,,5.0,9.0,13.0,27.0,10.5,36.0,,15.0,,,22.0,,41.0,39.0,40.0,39.0
2009-08-04,10.0,14.0,23.0,33.0,41.5,19.0,,31.0,23.0,23.0,2.0,39.0,4.0,1.0,,35.0,25.0,43.0,14.0,,,28.0,37.0,,28.0,40.0,34.0,23.5,,40.0,9.0,8.0,12.0,,11.0,7.0,19.5,19.0,20.5,16.0,37.0,,,,14.0,6.0,5.0,31.0,3.0,29.0,,26.0,,,17.0,,34.0,46.0,40.5,38.0
2009-08-05,1.0,13.0,41.0,25.0,40.5,21.0,,19.0,27.0,22.0,5.0,30.0,6.0,4.0,,37.0,38.0,45.0,17.5,,,34.0,33.0,,34.0,44.0,29.5,25.5,,29.0,17.0,14.0,12.0,,10.0,7.0,29.0,19.0,3.0,16.0,26.0,,,,9.0,2.0,8.0,30.0,11.0,33.0,,17.0,,,27.0,,43.0,34.0,39.0,40.0
2009-08-06,4.0,16.0,40.0,37.0,39.0,19.0,,26.0,23.0,28.0,2.0,35.0,3.0,6.0,,32.0,37.0,40.0,28.0,,,20.0,36.0,,35.0,44.0,31.0,17.0,,24.0,9.0,10.0,1.0,,17.0,13.0,30.0,8.0,12.0,26.0,31.0,,,,5.0,14.0,7.0,21.5,18.0,22.0,,20.0,,,11.0,,44.0,38.0,37.0,44.0
2009-08-07,3.0,27.0,19.0,44.5,37.0,18.0,,24.0,34.0,28.0,7.0,30.0,2.0,28.0,,31.0,34.0,43.0,38.0,,,30.0,27.5,,20.0,40.0,7.0,33.0,,20.5,7.0,12.0,1.0,,13.0,10.0,28.5,12.0,5.0,22.0,39.0,,,,15.0,4.0,9.0,15.0,17.0,30.5,,22.0,,,14.0,,43.0,35.5,40.0,44.0
2009-08-10,8.0,15.0,34.0,43.0,26.0,2.0,,6.0,30.0,23.0,11.0,26.0,9.0,25.0,,35.5,24.0,44.0,29.0,,,36.0,33.0,,32.0,42.0,29.0,22.5,,17.0,13.0,14.0,1.0,,4.0,12.0,27.0,19.0,3.0,21.0,40.0,,,,10.0,5.0,7.0,32.0,16.0,33.0,,17.0,,,19.0,,40.5,38.0,43.0,43.0
2009-08-11,3.0,7.5,21.5,34.0,27.0,1.0,,27.0,33.0,24.0,2.0,39.0,4.0,30.0,,30.0,44.0,45.0,24.0,,,19.0,42.0,,33.0,40.0,29.5,23.0,,36.5,17.0,14.0,6.0,,10.0,5.0,23.0,20.0,9.0,16.0,30.0,,,,7.5,11.0,12.0,13.0,18.5,42.0,,17.0,,,21.0,,38.5,33.0,35.0,44.0
2009-08-12,8.0,14.0,30.0,33.5,39.0,16.0,,22.0,39.0,24.0,7.0,30.0,12.0,1.0,,27.0,31.0,45.0,14.0,,,36.0,30.0,,38.0,23.0,18.0,35.0,,25.0,19.0,9.0,2.0,,4.0,11.0,10.0,36.0,6.0,3.0,38.0,,,,14.0,5.0,16.0,21.0,27.0,32.0,,22.0,,,19.0,,41.0,36.0,43.0,46.0
2009-08-13,5.0,15.0,38.0,27.0,35.5,17.0,,8.0,33.0,29.5,12.0,37.0,1.0,20.0,,34.0,20.0,31.5,23.0,,,34.0,34.0,,26.5,34.0,24.0,39.0,,21.0,25.5,7.0,6.0,,2.0,3.0,28.0,17.0,9.0,4.0,31.0,,,,15.0,11.0,10.0,12.0,23.0,44.0,,15.0,,,32.0,,41.0,42.0,45.0,45.0
2009-08-14,5.0,21.0,31.5,31.5,35.0,18.0,,14.0,10.0,31.0,2.0,45.0,1.0,9.0,,21.0,39.0,38.0,28.5,,,23.0,26.0,,34.0,41.0,18.0,31.0,,23.5,24.0,15.0,6.0,,3.0,7.0,18.0,28.5,4.0,13.0,43.0,,,,12.0,11.0,8.0,21.0,36.0,34.0,,22.5,,,20.0,,44.0,41.0,35.0,37.5
2009-08-17,2.0,16.5,36.0,39.0,31.5,27.0,,14.0,18.0,9.0,4.0,35.0,7.0,16.0,,24.0,37.5,44.0,25.5,,,39.0,35.0,,36.0,42.0,26.0,35.0,,33.0,22.0,13.0,6.0,,9.0,1.0,23.0,12.0,20.0,3.0,37.0,,,,11.0,9.0,17.0,22.0,5.0,32.0,,20.0,,,26.0,,45.0,29.5,31.5,43.0
2009-08-18,8.0,23.5,29.0,32.0,34.0,21.5,,13.0,4.0,17.0,5.0,27.5,1.0,15.0,,37.5,30.0,42.0,18.0,,,42.0,35.0,,35.5,40.0,21.5,31.5,,22.0,26.5,14.0,3.0,,4.0,9.0,29.0,7.0,19.0,11.0,39.0,,,,17.0,2.0,12.0,22.0,24.0,38.5,,10.0,,,33.5,,43.0,35.0,35.0,45.0
2009-08-19,12.0,22.0,39.0,21.0,34.0,8.5,,13.0,32.0,20.0,3.0,31.0,1.0,24.5,,27.5,25.0,45.0,17.0,,,45.0,30.5,,38.0,43.0,2.0,34.0,,11.0,28.0,10.0,7.0,,8.5,6.0,29.0,15.0,16.0,4.0,35.0,,,,18.0,19.0,14.0,5.0,24.5,37.0,,23.0,,,34.0,,42.0,31.0,36.0,40.5
2009-08-20,12.0,21.0,29.0,26.0,39.0,31.0,,15.0,25.0,13.0,7.0,33.0,6.0,17.5,,26.0,38.0,38.0,22.0,,,45.0,34.0,,26.5,42.0,20.0,40.5,,25.0,33.0,9.0,3.0,,1.0,5.0,8.0,2.0,13.0,4.0,40.0,,,,20.0,16.0,10.0,24.5,22.0,30.0,,25.0,,,11.0,,41.0,37.0,34.0,37.0
2009-08-21,13.0,16.0,33.0,36.0,35.0,30.5,,23.0,38.0,11.0,5.0,31.5,7.0,39.0,,45.0,31.0,44.0,18.0,,,42.0,23.0,,27.0,40.0,20.0,36.0,,26.0,21.5,2.0,3.0,,4.0,1.0,9.0,6.0,16.0,8.0,30.0,,,,23.5,11.0,18.0,15.0,29.0,39.0,,23.0,,,11.0,,42.0,28.0,15.0,38.0
2009-08-24,14.0,19.0,33.5,31.0,34.0,38.5,,25.0,29.0,16.0,10.0,33.0,6.0,36.0,,41.0,32.5,44.0,12.0,,,38.0,23.0,,29.0,41.0,21.0,38.0,,26.0,23.0,5.0,2.0,,7.0,4.0,8.0,3.0,12.0,1.0,29.0,,,,17.0,9.0,18.0,25.5,14.0,43.0,,26.0,,,12.0,,37.0,27.5,17.0,44.0
2009-08-25,4.0,20.0,30.0,30.5,41.0,38.0,,23.5,30.0,15.0,10.0,32.0,7.0,27.0,,33.0,38.0,40.0,31.5,,,45.0,36.0,,37.0,43.0,14.0,46.0,,17.0,21.0,1.0,6.0,,2.0,5.0,24.5,12.0,19.0,3.0,26.0,,,,21.0,8.0,9.0,24.0,11.0,41.5,,15.0,,,16.0,,34.5,28.0,14.0,31.0
2009-08-26,1.0,34.0,25.0,34.5,37.5,29.0,,22.0,26.5,21.0,9.0,31.5,6.0,29.0,,39.0,36.0,41.0,11.0,,,39.0,17.0,,44.0,41.5,18.0,38.5,,23.0,14.5,3.0,7.0,,10.0,2.0,15.5,5.0,4.0,8.0,27.0,,,,18.0,14.0,12.0,32.0,18.0,42.0,,29.0,,,25.0,,34.0,27.0,18.0,36.0
2009-08-27,13.0,34.0,41.0,22.5,43.0,26.5,,16.0,33.0,26.0,3.0,28.0,2.0,30.0,,39.0,38.5,41.0,8.0,,,33.0,31.0,,37.0,45.0,16.5,45.0,,20.0,22.0,7.0,6.0,,4.0,9.0,16.0,5.0,1.0,10.0,26.0,,,,19.0,14.0,11.0,21.0,12.0,38.0,,27.0,,,19.5,,30.0,35.0,23.0,34.0
2009-08-28,11.0,28.0,30.5,32.0,38.0,30.0,,25.0,33.0,26.0,5.0,32.0,3.0,18.0,,43.0,34.0,41.0,14.0,,,39.0,8.0,,40.0,41.5,19.0,45.0,,24.5,22.0,6.0,4.0,,10.0,2.0,17.0,13.0,1.0,16.0,28.0,,,,20.0,7.0,9.0,14.0,12.0,37.0,,22.0,,,19.0,,38.0,36.0,28.0,42.0
2009-08-31,5.0,33.0,30.0,30.0,40.0,29.0,,19.5,32.0,27.0,9.0,34.0,2.0,26.0,,38.0,25.0,45.0,22.0,,,42.0,33.0,,25.5,42.0,23.5,40.0,,14.0,19.0,8.0,17.5,,14.0,10.0,23.0,7.0,6.0,3.0,31.0,,,,14.0,11.0,1.0,18.0,16.0,44.0,,22.0,,,4.0,,44.0,36.0,14.0,36.0
2009-09-01,9.0,30.0,18.0,34.5,45.0,13.5,,26.0,39.0,37.0,6.0,26.0,4.0,28.0,,39.0,35.0,43.0,25.0,,,30.0,27.0,,14.0,25.0,25.0,39.5,,20.0,32.5,3.0,17.0,,11.0,8.0,14.0,2.0,14.0,7.0,37.0,,,,19.0,5.0,1.0,21.0,14.0,39.0,,10.0,,,20.5,,36.0,28.0,32.0,44.0
2009-09-02,16.0,34.0,23.0,36.0,39.0,23.0,,27.0,36.0,29.5,2.0,30.0,6.0,31.0,,32.0,37.0,43.0,26.0,,,44.0,14.0,,22.0,40.0,26.0,30.0,,20.0,11.0,1.0,14.0,,22.0,5.0,12.0,20.0,3.0,8.0,26.0,,,,15.0,10.0,7.0,20.0,4.0,43.0,,14.0,,,9.0,,37.0,35.0,30.5,46.0
2009-09-03,8.0,31.5,33.0,35.0,43.0,18.0,,27.0,36.0,24.0,1.0,20.0,2.0,31.0,,28.0,36.0,35.0,9.0,,,41.0,22.0,,39.0,30.0,29.0,40.0,,14.0,20.0,7.0,3.0,,25.0,4.0,22.5,16.0,11.0,5.0,27.0,,,,14.0,12.0,6.0,17.5,18.0,41.0,,17.0,,,10.0,,44.0,40.0,35.0,35.0
2009-09-04,15.0,38.0,32.0,38.0,42.0,8.0,,25.0,33.0,36.0,1.0,28.0,4.0,28.0,,21.0,33.0,32.0,21.0,,,43.0,14.0,,40.0,37.0,21.5,40.0,,21.0,20.0,2.0,8.0,,18.0,10.0,25.0,18.0,5.0,11.0,30.0,,,,8.0,3.0,6.0,18.0,13.0,39.0,,30.0,,,12.0,,42.0,36.0,28.5,33.5
2009-09-07,10.0,39.0,27.0,32.0,43.0,33.5,,16.0,36.5,29.0,3.0,18.0,6.0,34.5,,15.5,39.0,43.5,24.0,,,36.0,35.5,,31.0,40.0,22.0,41.0,,12.0,22.0,2.0,19.0,,11.0,8.0,7.0,12.0,16.0,9.0,25.0,,,,4.0,1.0,5.0,18.0,14.0,43.0,,27.0,,,22.0,,36.0,31.5,29.0,28.0
2009-09-08,3.0,29.5,13.0,32.0,45.0,9.0,,33.0,36.5,32.5,11.0,30.0,13.0,38.0,,43.0,38.0,36.0,22.0,,,36.0,22.0,,29.0,28.0,22.5,43.0,,6.0,20.0,10.0,16.0,,18.0,2.0,8.0,15.0,13.0,4.0,24.0,,,,1.0,5.0,7.0,17.0,25.0,45.0,,25.0,,,19.0,,39.0,30.0,24.0,41.0
2009-09-09,13.0,33.0,27.0,35.0,34.0,2.0,,24.0,39.0,33.0,4.0,30.0,5.0,32.0,,37.0,29.0,30.0,12.0,,,40.0,22.0,,38.0,20.0,39.0,45.0,,19.5,30.0,10.0,5.0,,7.0,16.0,8.0,27.0,12.0,9.0,17.0,,,,15.0,1.0,3.0,20.0,24.5,43.0,,11.5,,,19.0,,38.0,19.5,42.0,42.5
2009-09-10,13.0,29.5,31.0,34.0,40.0,38.0,,17.0,34.5,31.0,4.0,27.0,10.0,25.0,,42.0,35.0,32.0,20.5,,,41.0,22.0,,41.0,30.0,19.0,42.0,,9.0,22.0,6.0,12.5,,8.0,1.0,5.0,14.0,11.0,7.0,32.0,,,,16.0,2.0,3.0,19.0,18.0,43.0,,23.0,,,26.0,,35.0,28.0,17.0,46.0
2009-09-11,14.0,27.0,22.0,38.0,43.0,38.0,,33.0,34.0,22.0,7.0,26.5,1.0,30.0,,28.0,41.0,35.0,18.5,,,41.0,19.0,,43.0,24.0,18.0,44.0,,10.0,27.0,9.0,15.0,,2.0,8.0,6.0,5.0,13.0,11.0,33.0,,,,14.0,4.0,3.0,18.5,29.0,37.0,,30.0,,,24.0,,36.0,21.0,12.0,43.0
2009-09-14,13.5,25.0,13.0,37.0,33.0,36.0,,22.0,28.5,32.5,2.0,25.0,6.0,23.0,,37.0,27.0,30.0,23.0,,,44.0,20.0,,42.0,28.0,25.0,46.0,,11.0,16.0,9.0,15.0,,3.0,1.0,11.0,18.0,8.0,20.0,39.0,,,,7.0,4.0,5.0,19.0,23.0,42.0,,44.0,,,11.0,,35.0,30.0,41.0,39.0
2009-09-15,28.0,35.0,13.0,43.0,24.0,40.0,,30.0,40.0,25.0,8.0,10.0,1.0,35.0,,35.0,33.0,33.5,20.0,,,27.0,15.0,,39.0,32.0,34.0,45.0,,5.0,20.5,3.0,17.0,,2.0,7.0,13.0,20.0,6.0,11.0,40.0,,,,15.0,4.0,9.0,18.0,13.0,45.0,,18.0,,,26.0,,30.0,26.0,23.0,43.0
2009-09-16,8.0,30.0,14.0,41.0,29.0,39.0,,31.5,39.0,33.0,9.0,27.0,2.0,14.0,,42.0,36.0,27.0,18.0,,,44.0,20.0,,37.0,27.0,24.0,45.0,,3.0,18.0,4.0,11.5,,6.0,7.0,15.0,14.0,1.0,21.0,37.0,,,,17.0,11.0,5.0,11.0,24.0,42.0,,43.0,,,23.0,,34.0,30.5,27.5,23.0
2009-09-17,20.0,34.0,14.0,30.0,42.0,35.0,,30.0,39.0,24.0,3.0,14.0,9.0,23.0,,43.0,38.0,26.0,27.0,,,40.0,30.0,,39.5,24.0,29.0,46.0,,11.0,18.0,8.0,5.0,,10.0,2.0,18.0,6.0,1.0,21.0,28.0,,,,15.0,7.0,4.0,18.0,19.0,42.0,,44.0,,,13.0,,33.0,33.0,29.0,14.0
2009-09-18,3.0,26.0,16.0,42.0,39.0,36.0,,33.0,39.0,23.0,7.0,19.0,15.0,11.0,,36.0,33.5,31.0,20.0,,,40.0,23.0,,36.0,28.5,23.0,43.0,,4.0,27.0,5.0,13.0,,10.0,2.0,18.0,8.0,11.0,31.0,32.0,,,,14.0,6.0,1.0,9.0,17.0,44.0,,45.0,,,25.5,,32.0,38.0,31.0,18.0
2009-09-21,17.0,29.5,21.0,37.0,38.0,32.5,,28.0,37.5,25.0,3.0,19.0,2.0,12.5,,44.0,23.0,32.0,33.0,,,40.0,18.0,,35.0,12.0,36.0,45.0,,4.0,21.0,7.0,17.0,,14.0,1.0,19.0,12.0,8.0,34.0,24.0,,,,5.0,6.0,9.0,12.0,12.0,37.0,,40.0,,,23.0,,30.0,33.0,36.0,42.0
2009-09-22,13.0,38.0,19.0,42.5,41.0,8.0,,24.0,41.0,17.0,6.0,20.0,5.0,17.0,,44.0,37.0,27.0,32.0,,,37.0,28.0,,42.0,25.0,36.0,44.5,,1.0,26.0,2.0,12.0,,9.0,10.0,14.0,16.0,7.0,21.0,29.0,,,,11.0,4.0,3.0,14.0,23.0,37.0,,34.5,,,30.0,,25.0,28.0,33.0,30.0
2009-09-23,13.0,29.0,18.0,37.0,36.0,32.0,,23.0,32.0,35.0,7.0,15.0,5.0,24.0,,41.0,29.0,20.0,30.0,,,46.0,26.0,,37.0,25.0,35.0,43.0,,4.0,30.0,2.0,24.0,,1.0,6.0,19.0,16.0,8.0,20.0,27.0,,,,10.0,9.0,3.0,13.0,12.0,40.0,,39.0,,,18.0,,16.0,23.0,42.0,45.0
2009-09-24,12.0,32.5,13.0,35.0,26.5,17.0,,21.0,32.0,32.5,1.0,17.0,17.5,23.0,,42.0,38.0,18.0,39.0,,,44.0,32.0,,42.0,19.0,41.0,45.0,,9.0,26.0,6.0,16.0,,2.0,5.0,31.0,12.5,3.0,27.0,27.0,,,,16.0,7.0,4.0,8.0,13.0,44.0,,30.0,,,26.0,,20.5,31.0,34.0,31.5
2009-09-25,13.0,37.0,10.0,41.0,25.0,17.0,,14.0,39.0,19.0,6.0,32.0,16.0,25.0,,39.5,36.0,28.0,36.5,,,44.0,29.0,,18.0,5.0,40.0,42.0,,7.0,27.0,1.0,35.5,,10.0,8.0,22.0,4.0,9.0,22.0,28.0,,,,18.0,3.0,2.0,13.0,20.5,34.0,,29.5,,,27.0,,16.0,29.0,43.0,32.0
2009-09-28,3.0,32.0,12.0,37.0,24.0,20.0,,19.0,34.0,24.0,8.0,30.0,18.0,40.0,,42.0,36.0,28.0,32.0,,,40.0,20.0,,42.0,1.5,35.0,43.0,,7.0,28.0,10.0,27.0,,6.0,5.0,20.5,12.0,1.5,14.0,30.0,,,,9.0,4.0,15.0,12.0,23.0,44.0,,29.0,,,27.0,,37.0,25.0,44.0,18.0
2009-09-29,14.0,22.0,1.0,42.0,24.0,20.0,,17.0,32.0,37.0,9.0,40.5,4.0,21.0,,42.0,31.0,23.0,32.0,,,38.0,34.0,,36.0,25.0,36.0,38.5,,10.0,22.0,2.0,28.0,,3.0,5.0,29.0,14.0,6.0,20.0,39.0,,,,17.0,12.0,7.0,11.0,15.0,45.0,,8.0,,,27.5,,24.0,20.0,45.0,29.0
2009-09-30,11.0,26.0,12.0,25.0,29.5,21.0,,25.0,34.0,16.0,2.0,14.0,20.0,30.0,,45.0,36.0,25.5,14.0,,,36.0,43.0,,21.0,25.0,27.0,43.5,,4.0,32.5,8.0,29.0,,1.0,9.0,16.0,12.0,5.0,35.5,33.5,,,,11.5,3.0,6.0,17.0,37.0,45.0,,7.0,,,18.0,,40.0,33.0,38.0,38.0
2009-10-02,14.0,29.0,12.0,36.5,29.5,25.0,,22.0,40.0,25.5,1.0,21.5,13.0,18.0,,37.0,43.0,31.0,31.0,,,22.0,40.0,,22.0,34.0,37.5,42.0,,3.0,24.0,7.0,15.0,,8.0,5.0,26.5,13.0,10.0,32.5,34.0,,,,4.0,6.0,2.0,9.0,27.0,43.0,,18.0,,,33.0,,15.0,40.0,44.0,20.0
2009-10-05,15.5,18.0,11.5,40.0,40.0,36.0,,20.0,43.0,27.0,2.0,30.0,13.0,7.0,,35.0,41.0,25.0,27.5,,,17.0,43.0,,27.0,23.0,30.0,35.0,,3.0,29.0,1.0,22.0,,11.5,9.0,23.0,18.0,5.0,20.5,40.0,,,,12.0,4.0,6.0,8.0,24.0,39.5,,40.0,,,34.0,,14.0,28.0,44.0,19.0
2009-10-06,15.0,16.0,11.0,31.0,37.5,34.0,,21.5,38.0,22.0,8.0,27.0,12.0,14.0,,42.0,38.0,22.5,28.0,,,29.0,42.0,,44.0,21.0,25.0,22.0,,7.0,32.0,9.0,19.0,,5.0,4.0,20.5,14.0,3.0,18.0,37.0,,,,1.0,2.0,12.0,6.0,37.0,45.0,,41.0,,,32.0,,27.0,29.0,40.0,19.0
2009-10-07,18.0,23.0,30.0,25.0,38.0,9.0,,18.5,23.5,33.0,2.0,38.0,6.0,8.0,,42.0,38.0,15.5,29.0,,,38.0,38.0,,41.0,23.0,26.0,44.0,,4.0,21.0,12.0,30.0,,7.0,1.0,23.0,15.0,11.0,15.5,18.0,,,,15.0,5.0,3.0,10.0,28.5,42.5,,34.0,,,22.0,,37.0,32.0,45.0,22.0
2009-10-08,15.0,21.0,33.0,39.5,30.0,27.0,,17.0,30.0,26.5,9.0,42.0,12.0,12.0,,45.0,41.0,12.0,32.5,,,29.0,39.0,,34.0,37.0,26.0,42.0,,10.0,29.0,7.0,17.0,,5.0,3.0,24.0,8.0,6.0,22.5,35.0,,,,17.5,4.0,1.0,2.0,20.0,40.0,,29.0,,,18.0,,17.0,28.0,46.0,24.0
2009-10-09,4.0,27.0,10.0,37.0,34.0,28.0,,19.0,35.0,19.0,5.0,42.5,2.0,14.0,,41.0,38.0,19.5,27.0,,,31.0,35.0,,40.0,31.0,17.0,42.0,,11.0,37.5,7.0,23.0,,12.0,13.0,17.0,16.0,3.0,23.0,24.0,,,,9.0,1.0,6.0,8.0,19.5,44.0,,38.0,,,30.0,,23.0,30.0,45.0,27.0
2009-10-12,21.0,25.0,16.0,35.0,37.0,19.0,,15.0,38.0,15.0,2.0,41.0,3.0,10.0,,45.0,38.0,30.5,36.0,,,32.0,40.5,,35.0,31.0,21.0,43.0,,6.0,34.5,7.0,26.0,,12.0,1.0,22.0,13.0,8.0,9.0,25.0,,,,18.0,5.0,4.0,11.0,27.0,43.0,,34.0,,,27.0,,18.0,28.0,39.0,19.0
2009-10-13,10.0,24.0,23.0,41.0,34.5,21.0,,20.0,36.0,18.0,8.0,38.0,4.0,3.0,,43.0,38.0,24.0,32.0,,,31.0,42.0,,40.0,35.0,27.0,40.0,,11.0,35.0,7.0,16.0,,5.0,12.0,19.0,13.0,6.0,17.0,27.0,,,,16.5,9.0,1.0,2.0,25.0,45.0,,31.5,,,18.0,,15.0,31.0,43.0,27.0
2009-10-14,3.0,21.0,6.0,36.0,42.0,28.0,,23.0,34.0,14.0,1.0,30.0,9.0,8.0,,42.0,38.5,22.0,29.0,,,33.0,42.0,,37.0,28.0,34.0,38.0,,15.0,26.0,2.0,19.0,,10.0,7.0,23.5,12.0,4.0,11.0,24.0,,,,18.0,14.0,17.5,5.0,30.0,44.0,,33.5,,,34.0,,14.0,24.0,44.0,25.0
2009-10-15,11.0,15.5,16.0,42.0,21.0,14.0,,23.0,31.0,12.0,1.0,34.0,2.0,11.0,,44.5,28.0,21.0,34.0,,,38.0,46.0,,33.0,40.0,38.0,38.5,,18.0,31.0,4.0,26.0,,9.0,6.0,24.0,5.0,7.0,20.0,31.0,,,,14.0,8.0,23.0,3.0,22.0,42.0,,36.0,,,38.0,,14.0,24.0,35.0,27.0
2009-10-16,6.0,24.0,9.0,38.0,43.0,27.0,,12.0,30.0,29.0,4.0,35.0,5.0,17.0,,33.0,31.0,22.0,37.0,,,33.0,39.0,,42.0,17.0,34.0,44.0,,18.0,23.0,2.0,14.0,,3.0,8.0,20.0,12.5,1.0,9.0,25.0,,,,20.0,16.0,7.0,14.0,30.0,41.0,,32.0,,,40.0,,36.0,11.0,37.0,28.0
2009-10-19,5.0,20.0,12.5,45.0,43.0,30.0,,15.0,33.0,28.0,3.0,26.0,2.0,19.0,,34.0,22.0,35.0,25.0,,,16.0,43.0,,24.0,28.0,28.0,40.0,,33.0,35.0,8.0,12.0,,6.0,15.0,9.0,10.0,1.0,7.0,28.0,,,,23.0,17.0,28.5,4.0,15.0,42.0,,38.0,,,36.0,,22.5,13.0,42.0,40.0
2009-10-20,4.0,25.0,8.0,32.5,39.0,21.0,,11.0,40.0,20.5,6.0,27.0,5.0,15.0,,31.5,23.5,28.0,39.0,,,32.0,42.0,,18.5,28.0,44.0,42.0,,24.0,45.0,1.0,30.0,,3.0,2.0,28.0,17.0,7.0,9.0,36.0,,,,31.0,13.5,14.0,10.0,22.0,37.0,,36.0,,,13.5,,20.0,14.0,31.0,38.0
2009-10-21,14.0,25.5,8.0,45.0,36.0,19.0,,13.0,38.0,19.0,5.0,31.0,2.0,11.0,,32.5,25.5,28.0,37.0,,,28.0,41.0,,22.0,40.0,25.0,43.0,,24.0,44.5,4.0,16.0,,9.0,7.0,28.5,3.0,1.0,10.0,33.0,,,,19.5,16.0,17.0,6.0,12.0,42.0,,29.5,,,20.5,,34.0,31.0,40.0,31.5
2009-10-22,2.0,6.0,9.0,38.5,15.0,19.0,,18.0,32.0,26.0,14.0,30.0,3.0,7.0,,42.0,25.0,25.0,31.0,,,40.0,35.0,,34.0,32.5,38.0,41.0,,22.0,43.0,9.0,32.0,,5.0,4.0,31.0,11.0,12.0,14.5,25.0,,,,26.0,1.0,16.5,8.0,21.0,36.5,,45.0,,,14.0,,29.0,19.5,30.0,41.0
2009-10-23,5.0,23.0,9.0,14.0,21.0,16.0,,12.0,28.5,21.0,4.0,35.0,2.0,7.0,,44.0,31.5,27.0,35.0,,,32.0,43.5,,35.0,37.5,44.0,41.0,,19.0,24.0,14.0,30.0,,3.0,1.0,27.0,6.0,8.0,10.0,25.0,,,,26.0,11.0,19.0,19.0,41.0,37.0,,36.0,,,14.0,,42.0,17.0,34.5,30.5
2009-10-27,2.0,18.0,8.0,40.0,21.0,4.0,,10.0,30.0,35.0,1.0,38.0,5.0,25.0,,44.5,27.0,29.0,20.0,,,26.0,42.0,,18.0,33.0,43.0,26.5,,27.0,36.0,9.0,16.0,,7.0,11.0,17.0,21.0,3.0,13.0,12.0,,,,33.0,6.0,23.0,27.0,16.0,41.0,,33.0,,,29.0,,41.0,16.0,34.0,40.0
2009-10-28,2.0,8.0,3.0,34.0,30.0,17.0,,7.0,36.0,29.0,9.0,43.0,5.0,16.0,,43.5,24.5,39.0,29.0,,,33.5,43.5,,28.0,36.0,35.0,43.0,,24.5,32.0,4.0,18.0,,1.0,6.0,15.0,23.0,10.0,15.0,12.0,,,,31.0,11.0,21.0,27.0,19.0,40.0,,32.0,,,24.0,,29.0,13.0,36.0,21.0
2009-10-29,1.0,21.0,4.0,29.0,24.0,11.0,,7.0,28.5,23.0,5.0,35.0,11.0,25.0,,40.0,40.0,33.0,38.0,,,40.0,45.0,,17.0,37.0,34.0,36.0,,31.0,21.0,2.0,20.0,,3.0,8.0,16.0,27.0,9.0,13.0,13.0,,,,27.0,10.0,15.0,17.0,30.5,43.0,,34.0,,,19.0,,41.0,6.0,36.0,37.5
2009-10-30,6.0,23.0,11.0,36.0,30.0,13.0,,10.0,19.0,2.0,9.0,44.0,1.0,22.0,,43.0,27.5,28.0,33.0,,,38.0,39.0,,40.0,23.0,31.0,45.0,,19.0,31.0,8.0,20.0,,7.0,3.0,29.5,15.0,5.0,16.0,13.5,,,,28.0,13.0,19.0,25.0,4.0,42.0,,34.5,,,31.0,,39.5,18.0,37.0,35.0
2009-11-02,10.0,9.0,3.0,38.5,36.0,15.0,,5.0,24.0,20.0,6.0,43.0,4.0,25.0,,44.0,19.0,32.5,34.5,,,28.0,37.0,,20.0,35.5,32.0,34.0,,25.0,37.0,8.0,18.0,,12.0,7.0,15.0,28.5,1.0,11.0,28.0,,,,28.0,22.0,18.0,16.0,2.0,40.0,,30.0,,,18.5,,40.5,15.0,42.0,37.0
2009-11-03,6.0,20.0,8.0,44.0,31.0,9.0,,16.0,26.0,27.0,14.0,42.0,4.0,23.5,,42.0,27.0,30.0,32.0,,,35.0,40.0,,41.0,37.0,39.5,34.0,,24.0,36.0,3.0,10.0,,7.0,5.0,21.0,28.0,1.0,2.0,12.0,,,,27.0,11.0,19.0,13.0,17.0,39.0,,23.5,,,15.0,,28.0,19.0,42.0,35.0
2009-11-04,1.0,13.0,10.0,39.5,37.0,12.0,,2.0,24.0,22.5,6.0,38.0,9.0,21.0,,44.0,21.0,37.0,28.0,,,40.0,43.0,,29.5,35.0,34.5,36.0,,18.0,37.0,7.0,3.0,,5.0,11.0,16.0,25.0,4.0,8.0,14.0,,,,23.0,32.0,18.0,29.0,16.0,25.0,,38.0,,,33.0,,40.0,16.0,28.0,32.0
2009-11-05,5.0,2.5,11.0,42.0,24.0,19.0,,7.0,31.0,13.0,14.0,33.5,2.5,10.0,,44.0,23.0,40.0,37.0,,,29.0,39.0,,44.0,46.0,34.5,39.0,,23.5,35.0,9.0,1.0,,6.0,18.5,8.0,22.0,24.0,12.0,30.0,,,,34.0,15.5,22.0,20.0,4.0,27.0,,30.5,,,24.0,,19.5,22.0,39.0,28.0
2009-11-06,11.0,25.0,13.0,32.0,31.5,2.0,,4.0,23.0,12.0,10.0,34.0,7.0,3.0,,41.0,37.0,32.5,21.0,,,36.0,43.0,,19.0,45.0,32.0,38.0,,31.5,38.5,9.0,5.0,,1.0,19.0,16.0,28.0,20.0,8.0,14.0,,,,16.0,27.0,22.5,21.0,6.0,34.0,,34.0,,,24.0,,38.0,14.0,42.0,34.0
2009-11-09,3.0,13.0,11.0,43.0,38.0,13.0,,4.0,38.0,15.0,1.0,23.0,9.0,17.0,,43.0,21.0,40.5,25.0,,,34.0,35.0,,45.0,40.0,34.0,38.5,,27.0,16.0,10.0,2.0,,17.0,19.0,6.0,28.0,25.0,8.0,7.0,,,,21.0,23.0,29.5,27.0,5.0,21.0,,39.0,,,33.0,,32.5,13.0,31.0,39.0
2009-11-10,7.0,8.0,13.0,39.0,39.0,15.0,,10.0,38.0,9.0,12.0,29.5,6.0,17.0,,42.5,20.0,33.5,30.0,,,33.0,35.0,,42.0,35.0,32.0,43.0,,21.0,29.0,4.0,2.0,,3.0,11.0,15.0,23.0,25.0,5.0,15.0,,,,26.0,18.0,24.0,29.0,1.0,24.0,,32.0,,,26.0,,38.0,17.0,41.0,44.0
2009-11-11,9.0,23.0,3.0,44.0,38.0,20.0,,8.0,31.5,16.0,5.0,23.0,6.0,18.0,,40.0,29.0,20.0,33.0,,,22.0,35.0,,23.0,42.0,34.0,34.5,,28.0,28.0,7.0,12.0,,2.0,10.0,13.0,14.0,34.0,4.0,11.0,,,,26.0,21.0,41.0,28.0,16.0,1.0,,37.0,,,31.0,,36.0,16.0,40.0,45.0
2009-11-12,18.0,6.0,17.0,34.0,26.0,15.5,,1.0,36.0,12.0,9.0,19.5,2.0,13.0,,41.0,26.5,31.0,36.5,,,23.0,41.5,,44.0,44.0,44.0,40.0,,23.0,25.0,7.0,3.0,,4.0,15.0,23.0,14.0,30.0,10.0,8.0,,,,32.0,20.0,35.0,29.0,5.0,11.0,,38.0,,,34.0,,35.0,20.0,34.0,26.0
2009-11-13,6.0,7.0,5.0,36.0,10.0,18.0,,24.0,39.0,20.0,11.0,34.0,3.0,4.0,,38.0,31.0,33.0,41.0,,,22.0,35.0,,28.0,43.0,40.0,41.5,,27.0,28.0,10.0,2.0,,1.0,8.0,25.0,17.0,36.5,13.0,17.5,,,,24.0,10.0,29.0,20.0,15.0,13.0,,38.0,,,22.0,,32.0,22.0,34.0,44.0
2009-11-16,2.0,2.0,9.0,42.0,41.0,15.0,,16.0,41.0,21.0,5.0,30.0,6.0,18.0,,45.5,25.0,34.0,29.0,,,33.0,28.0,,18.0,35.0,35.0,43.0,,26.0,8.0,7.0,2.0,,11.0,10.0,13.0,20.0,31.5,4.0,18.0,,,,41.0,23.0,13.0,40.0,12.0,27.0,,34.0,,,27.0,,29.0,20.0,37.0,37.0
2009-11-17,13.0,2.0,9.0,45.0,11.0,24.0,,2.0,45.0,19.0,3.0,36.0,7.0,25.0,,42.0,30.0,36.0,30.0,,,35.0,29.0,,31.0,39.0,36.0,44.0,,30.0,40.0,5.0,6.0,,8.0,18.0,16.0,15.5,27.0,10.0,13.0,,,,30.0,21.5,13.0,33.0,2.0,19.0,,24.0,,,24.0,,18.0,19.0,38.0,42.0
2009-11-18,14.5,5.0,7.0,44.0,21.0,22.0,,2.0,35.0,27.0,14.5,38.0,1.0,33.0,,45.0,34.0,40.0,30.0,,,18.0,35.5,,33.0,42.0,37.0,42.0,,20.0,24.5,4.0,5.0,,13.0,8.5,8.5,19.0,25.0,12.0,10.0,,,,39.5,11.0,31.0,30.5,3.0,17.0,,18.0,,,27.0,,25.5,17.0,28.0,43.5
2009-11-19,21.0,1.0,15.0,44.0,31.0,26.0,,18.0,35.5,24.0,5.0,29.0,8.0,14.5,,20.0,33.0,37.5,40.0,,,27.0,25.0,,30.0,42.0,23.0,38.0,,15.0,32.0,6.0,9.0,,4.0,11.0,28.5,17.0,37.0,3.0,7.0,,,,30.0,25.0,45.0,17.0,2.0,10.0,,16.0,,,14.0,,43.5,29.0,35.0,44.0
2009-11-20,7.5,1.0,11.0,33.0,40.0,19.0,,21.0,41.0,3.0,23.5,30.0,15.0,9.0,,31.0,19.0,43.0,39.0,,,33.0,22.5,,38.0,42.0,36.0,37.0,,7.0,34.0,12.0,6.0,,17.0,10.0,31.0,19.0,22.0,4.0,3.0,,,,30.0,3.0,45.0,27.0,16.0,13.0,,27.0,,,24.0,,33.0,31.0,14.0,44.0
2009-11-23,16.0,12.5,6.0,43.5,43.0,1.0,,10.0,40.0,3.0,12.5,25.0,9.0,23.0,,41.5,30.0,40.0,44.0,,,25.0,42.5,,19.0,28.0,33.0,28.0,,18.0,33.0,2.0,8.0,,11.0,4.0,19.5,17.0,27.5,3.0,7.0,,,,20.0,34.0,38.0,33.0,14.0,21.0,,36.0,,,39.0,,22.0,20.0,29.0,37.5
2009-11-24,9.0,13.0,7.0,38.0,44.0,36.0,,9.0,38.0,1.5,13.0,26.0,9.0,20.0,,43.5,29.0,40.0,28.5,,,3.0,42.0,,11.0,35.0,42.0,26.0,,15.0,21.0,5.0,6.0,,11.0,3.0,30.0,17.0,31.0,1.5,21.0,,,,16.0,20.0,29.0,35.0,24.0,17.0,,25.0,,,33.0,,44.0,22.0,31.0,39.0
2009-11-25,10.0,18.0,3.0,42.0,33.5,37.0,,21.0,41.0,10.0,18.0,40.0,11.0,30.0,,33.5,25.5,37.0,30.0,,,25.5,38.0,,36.0,24.0,43.0,44.0,,13.0,35.5,2.0,6.0,,14.0,4.0,29.0,5.0,37.0,16.0,9.0,,,,33.0,22.0,38.0,8.0,1.0,26.0,,20.0,,,30.0,,16.0,13.0,7.0,29.5
2009-11-26,4.0,17.0,11.0,42.0,32.0,35.0,,32.0,33.0,28.5,13.0,40.0,12.0,15.0,,41.0,33.0,38.0,23.0,,,21.0,37.0,,37.0,42.0,10.0,44.0,,8.0,24.5,7.0,2.0,,18.0,1.0,21.5,3.0,25.0,6.0,15.0,,,,29.0,19.5,29.5,24.0,5.0,30.0,,9.0,,,37.0,,26.5,28.0,14.0,44.0
2009-11-27,12.0,3.0,8.0,39.0,37.5,15.0,,27.0,32.0,20.0,17.0,34.0,2.0,34.0,,46.0,34.5,44.0,29.5,,,38.0,40.0,,27.0,44.0,41.0,38.0,,11.0,17.0,5.0,4.0,,29.0,1.0,14.5,10.0,30.0,9.0,14.0,,,,18.0,6.0,22.0,20.0,7.0,28.0,,19.0,,,26.5,,31.0,30.0,26.0,29.0
2009-11-30,10.0,6.0,1.0,44.0,36.5,38.0,,24.0,35.0,9.0,17.0,40.0,2.0,32.0,,33.0,24.0,38.0,30.0,,,17.0,45.0,,44.5,41.0,22.0,40.0,,3.0,16.5,7.0,5.0,,15.0,4.0,27.0,18.5,35.0,8.0,11.0,,,,30.0,16.0,22.0,26.0,12.0,21.5,,22.0,,,31.0,,16.0,41.0,27.0,27.0
2009-12-01,13.0,12.0,5.0,44.0,27.5,21.0,,16.5,33.5,20.0,23.0,36.0,8.0,29.0,,30.0,21.0,38.0,27.0,,,32.0,41.0,,40.0,41.0,36.0,38.0,,1.0,4.0,3.0,2.0,,25.0,9.0,27.0,10.0,43.0,6.0,7.0,,,,25.0,11.0,21.0,34.0,16.0,14.0,,41.5,,,38.0,,18.0,32.0,21.0,24.0
2009-12-02,8.0,18.0,11.0,40.0,26.0,23.0,,18.0,41.0,14.0,7.0,42.0,10.0,30.0,,37.0,24.0,43.0,39.0,,,23.0,25.0,,45.0,35.0,29.0,34.0,,4.0,9.0,6.0,1.0,,16.0,3.0,21.0,5.0,41.0,2.0,13.0,,,,33.0,12.0,22.0,36.0,15.0,26.0,,24.0,,,39.0,,26.0,34.0,30.0,23.0
2009-12-03,6.0,12.0,10.0,45.0,25.0,36.0,,7.0,42.5,32.5,2.0,33.0,18.0,22.0,,46.0,38.0,38.0,33.0,,,34.0,14.0,,28.0,40.5,25.0,20.0,,3.0,13.0,1.0,4.0,,22.0,25.0,15.0,8.0,36.0,9.0,5.0,,,,18.0,12.0,18.5,30.0,15.0,29.0,,22.0,,,33.0,,28.0,39.0,18.0,43.0
2009-12-04,18.0,17.0,1.0,44.0,31.0,32.0,,9.0,39.0,21.0,11.0,36.0,6.0,15.0,,42.0,25.0,39.0,44.0,,,34.0,42.0,,36.5,20.0,23.0,34.0,,2.0,7.0,8.0,5.0,,14.0,3.0,19.0,12.0,33.0,10.0,4.0,,,,22.0,20.0,23.5,24.0,13.0,26.0,,25.0,,,29.0,,42.0,37.0,30.0,34.5
2009-12-07,19.0,17.0,3.0,43.0,37.0,29.0,,13.0,37.0,25.0,16.0,34.0,4.0,23.0,,44.0,31.0,43.0,31.0,,,34.0,38.5,,43.0,40.0,20.0,32.0,,1.0,7.0,5.0,6.0,,11.0,11.0,15.0,15.0,29.0,9.0,2.0,,,,9.0,21.0,15.0,29.0,9.0,40.5,,22.0,,,26.0,,25.0,33.0,26.0,42.0
2009-12-08,5.0,9.0,22.0,36.0,27.0,37.0,,18.5,41.0,27.5,10.0,41.0,15.0,20.0,,45.0,27.0,34.0,45.0,,,34.0,19.0,,35.0,41.0,23.0,27.0,,4.0,12.0,1.0,3.0,,6.0,2.0,18.0,8.0,25.0,7.0,13.0,,,,11.0,16.0,26.5,23.5,14.0,38.0,,22.5,,,34.0,,31.0,32.0,31.0,43.0
2009-12-09,7.0,26.0,17.0,44.0,31.0,16.0,,15.0,45.0,29.0,6.0,41.0,2.0,16.0,,40.0,24.5,35.0,41.0,,,29.0,37.0,,42.0,33.0,39.0,41.0,,1.0,10.0,4.0,3.0,,21.5,28.0,18.5,5.0,31.0,9.0,11.0,,,,8.0,13.0,21.5,19.0,12.0,34.0,,17.0,,,28.0,,24.0,26.0,24.0,36.0
2009-12-10,3.0,30.0,17.0,34.0,32.0,23.0,,20.0,37.0,24.0,14.0,35.0,7.0,17.0,,46.0,32.0,40.5,34.5,,,43.0,41.0,,42.0,11.0,35.0,32.0,,6.0,2.0,5.0,1.0,,8.0,12.0,19.0,11.0,33.0,9.0,23.0,,,,11.0,14.0,19.0,20.5,4.0,37.0,,20.0,,,29.0,,31.0,44.0,22.0,27.5
2009-12-11,7.0,30.0,1.0,37.0,23.0,11.0,,9.0,45.0,24.0,4.0,42.0,2.0,24.0,,39.0,36.5,42.0,41.0,,,37.5,38.5,,19.0,33.5,41.0,33.0,,6.0,14.0,12.0,8.0,,16.0,19.0,21.0,20.0,39.0,5.0,19.0,,,,15.0,10.0,14.0,33.5,3.0,33.0,,16.0,,,27.5,,31.0,28.0,24.0,26.5
2009-12-14,12.0,41.0,14.0,43.0,24.0,20.0,,17.0,45.0,39.0,13.0,33.0,8.0,28.0,,36.5,16.0,34.0,39.0,,,43.0,36.0,,32.0,7.0,28.0,30.0,,4.0,24.5,6.0,1.0,,19.0,11.0,27.0,22.0,38.0,3.0,10.0,,,,2.0,8.0,20.0,32.5,5.0,44.0,,24.5,,,33.0,,16.0,29.0,17.0,24.5
2009-12-15,5.0,30.0,3.0,30.0,23.0,28.0,,13.0,37.5,26.0,12.0,36.0,6.0,26.0,,44.0,22.0,40.5,38.0,,,32.0,41.0,,43.0,43.0,33.0,30.0,,1.0,22.0,7.0,9.0,,8.0,19.0,4.0,10.0,37.0,13.0,18.0,,,,11.0,15.0,20.0,21.0,2.0,40.0,,20.0,,,34.0,,24.5,37.0,25.0,18.0
2009-12-16,1.0,30.0,20.0,33.0,25.0,12.0,,13.0,32.0,23.0,7.0,31.0,16.0,29.0,,45.0,40.0,6.0,37.0,,,36.5,42.0,,36.0,42.0,44.0,20.0,,8.0,17.0,10.0,4.0,,9.0,20.0,2.0,14.0,33.0,18.0,10.0,,,,21.0,5.0,36.0,27.0,3.0,41.0,,15.0,,,27.0,,28.0,39.0,29.0,27.5
2009-12-17,4.0,33.0,20.0,43.0,30.0,26.0,,2.0,39.0,29.5,1.0,36.0,12.5,33.0,,44.0,35.0,20.0,44.0,,,5.0,26.0,,39.0,39.0,29.0,21.0,,10.0,25.0,7.0,8.0,,19.0,17.0,15.0,9.0,18.0,3.0,23.0,,,,12.0,12.5,15.0,34.5,6.0,35.0,,13.0,,,36.0,,29.0,32.0,24.0,41.0
2009-12-18,10.0,31.0,9.0,40.5,26.5,22.0,,18.0,43.0,33.5,13.5,45.0,16.0,29.0,,39.0,39.0,40.0,43.0,,,36.0,28.0,,42.0,22.0,32.0,26.0,,6.0,19.0,4.0,2.0,,18.5,20.0,11.0,3.0,29.0,7.0,12.0,,,,5.0,8.0,16.0,31.0,1.0,36.0,,17.0,,,26.0,,29.0,24.0,16.0,36.0
2009-12-21,13.0,20.0,28.0,34.0,18.0,10.5,,17.0,42.0,31.0,1.0,43.5,7.0,24.0,,42.0,33.0,33.0,42.0,,,26.0,39.0,,44.0,35.0,42.0,20.5,,2.0,10.5,6.0,9.0,,8.0,20.5,16.0,4.0,22.0,25.0,13.0,,,,5.0,12.0,16.5,27.0,3.0,35.0,,17.0,,,23.0,,30.0,37.0,31.0,39.0
2009-12-22,10.0,25.0,12.0,39.0,31.5,17.0,,14.0,38.0,34.0,3.0,22.0,27.5,21.0,,43.0,43.0,40.5,43.0,,,22.0,28.0,,45.0,34.0,36.0,16.0,,5.0,22.0,6.0,9.0,,2.0,20.5,12.0,7.0,22.0,12.0,19.0,,,,4.0,8.0,30.0,34.0,1.0,41.0,,16.0,,,33.0,,28.5,27.0,33.5,22.0
2009-12-23,2.0,31.0,12.0,39.0,29.0,20.0,,10.0,26.0,38.0,6.0,26.0,5.0,32.0,,35.0,41.0,35.0,45.0,,,22.0,43.0,,40.0,43.0,42.0,28.5,,1.0,19.0,3.0,7.0,,10.0,17.0,16.0,13.0,23.0,13.0,18.0,,,,8.0,4.0,18.5,27.0,11.0,36.0,,28.0,,,23.5,,37.0,30.0,25.0,21.0
2009-12-28,4.0,42.0,8.0,27.0,29.0,20.0,,11.0,45.0,40.0,2.0,31.0,11.0,30.0,,36.0,26.0,37.0,35.0,,,18.0,27.0,,41.0,41.0,31.0,28.0,,3.0,24.0,1.0,6.0,,13.0,31.0,5.0,19.0,15.0,7.0,14.0,,,,9.0,10.0,23.0,34.5,17.0,44.5,,32.0,,,38.0,,25.0,27.0,20.0,24.0
2009-12-29,5.0,43.0,25.0,41.0,32.0,20.0,,10.0,45.0,41.0,6.0,19.0,14.0,29.0,,39.5,28.0,37.0,34.5,,,38.0,26.0,,46.0,29.0,30.0,25.0,,4.0,7.0,2.0,1.0,,3.0,14.0,8.0,9.0,11.0,25.0,21.5,,,,16.0,14.0,16.5,19.0,12.0,37.0,,19.5,,,26.0,,33.0,42.0,31.0,30.0
2009-12-30,2.0,42.0,11.0,40.5,36.0,32.0,,9.0,36.0,40.5,12.0,31.0,17.0,30.0,,38.0,39.0,40.0,33.5,,,19.0,28.0,,29.0,25.0,32.0,28.0,,10.0,18.0,1.0,6.0,,5.0,13.0,3.0,14.0,16.5,8.0,20.0,,,,4.0,7.0,20.5,26.0,13.0,44.0,,23.0,,,29.0,,37.0,35.0,23.0,22.0
2010-01-04,3.0,40.0,13.0,26.5,34.0,13.0,,8.0,41.5,42.0,9.0,33.0,21.5,34.0,,45.0,31.0,39.0,31.5,,,20.0,28.5,,35.0,35.0,37.0,30.0,,6.0,16.0,7.0,4.0,,13.0,33.0,19.0,13.0,16.0,22.5,5.0,,,,1.5,10.0,19.0,30.0,1.5,43.0,,27.0,,,25.0,,23.0,41.0,21.0,14.0
2010-01-05,10.0,39.0,16.0,15.0,44.0,15.0,,6.0,38.0,29.0,3.0,35.0,21.0,31.0,,44.0,39.0,39.5,38.0,,,16.0,32.0,,40.0,32.0,42.0,18.0,,5.0,12.0,7.0,8.0,,4.0,18.0,24.0,2.0,25.0,19.0,1.0,,,,9.0,11.0,15.0,35.0,20.0,42.0,,27.0,,,25.0,,33.5,24.0,29.0,24.0
2010-01-06,2.0,36.5,20.0,40.0,42.0,25.0,,16.0,36.0,18.0,10.0,36.0,14.0,31.0,,43.0,23.0,36.0,33.0,,,19.0,23.5,,44.0,32.5,46.0,22.0,,1.0,23.0,5.0,7.0,,6.0,8.0,27.0,4.0,30.0,19.0,13.0,,,,3.0,9.0,12.0,28.0,13.0,43.0,43.0,25.5,,,31.0,,32.0,16.0,36.0,25.0
2010-01-07,9.0,41.0,12.0,26.0,21.0,12.0,,6.0,41.0,30.0,8.0,29.0,12.0,20.0,,43.0,35.5,33.5,27.0,,,13.0,19.0,,40.0,37.5,45.5,35.0,,1.0,19.5,2.0,5.0,,3.0,33.0,24.0,7.0,20.0,22.0,14.0,,,,4.0,17.0,12.5,35.5,24.0,47.0,42.0,32.0,,,36.0,,35.0,23.0,32.0,19.0
2010-01-08,6.0,31.5,38.5,40.0,19.0,26.0,,7.0,23.0,14.0,9.0,34.0,4.0,19.0,,42.0,34.0,37.0,23.0,,,8.0,30.5,,45.0,43.0,39.0,12.0,,5.0,19.0,2.5,1.0,,11.0,37.0,33.0,2.5,23.0,19.0,14.0,,,,16.0,13.0,30.0,25.0,29.5,40.0,39.0,10.0,,,23.5,,21.0,24.0,42.0,42.0
2010-01-11,17.0,39.0,16.0,21.5,21.0,17.0,,7.0,44.0,25.0,2.0,32.0,1.0,23.0,,34.0,41.5,38.0,30.0,,,28.0,26.5,,44.0,35.0,45.0,14.5,,5.0,23.0,3.0,4.0,,8.5,33.0,26.0,11.0,6.0,22.0,9.0,,,,14.0,10.0,14.0,38.0,9.0,47.0,38.0,23.0,,,32.0,,42.0,40.0,29.0,23.5
2010-01-12,14.0,24.0,30.5,23.0,22.5,30.0,,10.0,34.0,32.0,1.0,41.0,5.0,13.0,,37.0,31.0,45.0,43.0,,,24.5,27.0,,41.0,38.0,43.0,34.5,,7.0,22.0,4.0,8.0,,6.0,10.0,35.0,15.0,3.0,21.0,11.0,,,,2.0,10.0,18.0,30.5,18.0,45.5,41.0,25.0,,,30.0,,15.0,28.0,21.5,36.0
2010-01-13,7.0,35.0,15.5,39.0,20.0,32.0,,1.0,40.0,17.0,2.0,32.0,9.0,22.0,,39.0,43.0,29.0,38.0,,,21.0,29.0,,38.0,38.5,44.0,30.0,,10.0,28.0,8.0,3.0,,4.5,14.0,4.5,13.0,24.0,24.0,22.0,,,,15.5,12.0,6.0,29.0,16.0,46.0,46.0,19.5,,,41.0,,36.0,26.0,13.0,28.0
2010-01-14,6.0,28.0,16.5,46.0,32.0,26.5,,11.0,43.0,34.0,1.0,18.0,7.0,15.0,,42.0,34.0,37.0,36.0,,,30.0,21.0,,39.0,39.0,23.0,19.0,,8.0,27.0,4.0,3.0,,5.0,15.0,13.0,11.0,30.0,24.0,11.0,,,,2.0,11.0,21.5,18.0,22.0,33.0,37.0,25.0,,,44.0,,26.0,38.5,38.0,40.0
2010-01-15,6.0,39.0,29.5,34.0,29.0,24.0,,7.0,38.0,44.0,1.0,5.0,4.0,26.0,,30.0,39.5,39.0,15.0,,8.0,19.0,41.0,,35.0,30.5,41.0,35.0,,2.0,34.0,15.0,8.0,,3.0,24.0,22.0,12.0,20.0,18.0,21.0,,,,12.0,16.0,13.5,27.0,13.0,43.0,46.0,10.0,,,38.0,,46.0,33.0,22.0,34.5
2010-01-18,11.0,43.5,11.0,38.0,31.0,26.0,,15.0,36.0,41.0,2.0,11.0,4.0,22.0,,30.0,32.0,37.0,31.0,,14.5,24.0,37.0,,42.0,44.0,46.0,26.0,,8.0,17.0,5.0,7.0,,3.0,26.5,26.0,24.0,16.0,20.0,11.0,,,,1.0,14.0,14.0,32.0,21.0,34.5,42.0,6.0,,,44.0,,25.0,34.0,22.0,46.0
2010-01-19,14.0,36.0,18.0,23.0,38.0,29.0,,13.0,43.0,43.0,8.0,20.0,6.0,32.0,,31.0,39.0,42.0,37.5,,27.0,29.0,13.5,,40.0,37.0,45.0,22.0,,2.0,26.5,1.0,9.0,,5.0,10.0,33.0,19.0,7.0,19.5,16.0,,,,3.0,12.0,4.0,13.0,25.0,28.0,40.0,16.0,,,44.0,,34.0,40.0,23.0,45.0
2010-01-20,16.0,34.5,47.0,25.0,21.0,31.0,,18.0,37.5,29.0,3.0,28.0,9.0,38.0,,19.5,45.0,43.5,32.0,,18.0,17.0,4.0,,33.0,42.0,34.0,27.0,,1.0,38.0,6.0,7.0,,2.0,10.0,24.5,8.0,5.0,26.0,23.0,,,,12.0,11.0,28.0,24.0,13.0,38.5,42.0,16.5,,,34.0,,34.0,42.0,15.0,45.0
2010-01-21,15.0,31.5,38.0,27.0,38.0,23.0,,9.0,43.0,39.5,5.0,17.0,3.0,34.0,,34.0,48.0,37.0,20.0,,27.5,34.0,8.0,,44.0,42.0,40.0,24.0,,1.0,39.0,4.0,6.0,,2.0,13.0,32.0,16.0,10.0,21.0,13.0,,,,10.0,12.0,19.5,22.5,29.0,20.0,46.0,26.0,,,26.0,,27.0,44.0,20.0,7.0
2010-01-22,25.0,44.0,43.0,23.0,45.0,27.0,,17.0,39.5,35.0,2.0,32.0,4.0,9.0,,25.0,19.0,33.0,33.0,,20.5,28.0,13.0,,39.0,40.0,36.0,27.0,,7.0,43.0,5.0,9.0,,3.0,10.0,36.0,12.0,13.0,19.0,24.0,,,,6.0,18.0,15.0,31.0,16.0,43.0,46.5,1.0,,,21.0,,9.0,39.0,32.0,40.0
2010-01-25,23.0,30.0,45.0,5.0,45.0,26.0,,20.0,43.0,34.5,17.0,31.0,1.0,35.0,,18.0,39.0,38.0,32.5,,30.0,20.0,8.0,,41.0,30.0,37.0,25.0,,4.0,47.0,6.0,16.0,,9.0,14.0,27.0,3.0,2.0,11.0,22.0,,,,10.0,7.0,13.0,24.0,12.0,38.5,40.0,15.0,,,21.0,,41.0,33.0,24.0,39.0
2010-01-26,30.0,23.0,39.0,11.0,45.0,10.0,,5.0,37.0,15.0,12.0,29.0,19.0,30.0,,23.0,34.0,44.0,25.0,,37.0,1.0,6.0,,35.0,24.0,28.0,42.0,,9.0,38.0,7.0,16.0,,15.0,4.0,32.0,2.0,8.0,39.0,21.0,,,,14.0,23.0,3.0,23.0,15.0,33.0,42.5,17.0,,,27.0,,46.0,42.0,42.0,32.0
2010-01-27,28.0,32.5,36.0,19.0,45.0,5.0,,16.0,43.0,19.0,6.0,21.0,7.0,29.0,,32.0,37.0,45.0,26.0,,35.0,26.0,11.0,,14.0,32.0,23.5,40.0,,1.0,41.0,3.5,3.5,,16.0,2.0,33.5,14.0,9.0,41.0,13.0,,,,15.0,8.0,10.0,32.0,19.5,23.0,40.5,19.0,,,23.0,,42.0,40.0,44.0,31.0
2010-01-28,18.0,21.5,25.0,17.0,45.0,28.0,,14.0,44.0,24.0,11.0,36.0,3.0,40.0,,41.0,33.0,46.0,35.0,,25.0,14.0,6.0,,32.5,32.0,36.0,36.0,,9.0,41.5,4.0,5.0,,15.0,1.0,20.0,7.0,8.0,18.0,18.0,,,,27.0,2.0,10.0,20.0,14.0,30.0,41.0,24.0,,,23.0,,37.5,42.5,41.0,38.0
2010-01-29,39.0,26.0,4.0,16.0,43.0,4.0,,12.0,8.0,21.0,7.0,40.0,4.0,31.5,,35.0,26.0,47.0,21.0,,24.0,15.0,19.0,,39.5,29.0,29.0,31.0,,2.0,36.5,1.0,12.0,,19.0,8.0,34.0,11.0,10.0,36.0,18.0,,,,5.5,23.0,14.0,26.0,31.0,32.0,42.0,19.0,,,37.0,,42.0,45.0,45.0,34.0
2010-02-01,12.0,31.0,41.0,11.0,46.0,20.5,,22.0,40.0,35.0,17.0,37.0,7.0,32.0,,16.0,42.0,29.0,24.0,,20.0,28.0,3.0,,4.0,45.0,28.0,18.0,,1.0,32.0,6.0,13.0,,5.0,2.0,43.0,12.0,9.0,23.0,10.0,,,,21.5,24.0,8.0,32.0,16.0,38.0,46.0,25.0,,,20.5,,37.0,34.0,47.0,35.0
2010-02-02,20.0,24.0,12.0,2.0,44.0,28.0,,10.0,41.0,20.0,14.0,31.0,1.0,35.0,,26.0,38.0,38.0,22.0,,27.0,10.0,17.0,,21.0,40.0,40.0,43.0,,8.0,18.0,5.0,14.0,,25.0,10.0,33.5,13.0,3.0,25.0,36.0,,,,7.0,6.0,4.0,23.5,20.0,39.5,41.0,29.0,,,33.0,,36.5,34.0,47.0,41.5
2010-02-03,23.5,10.0,39.5,4.0,42.0,26.0,,20.0,38.0,33.0,7.0,31.0,2.0,39.0,,22.0,27.0,45.0,15.0,,20.0,33.0,3.0,,41.0,43.0,32.5,43.0,,5.0,12.0,6.0,15.0,,21.0,1.0,27.0,11.0,10.0,19.0,28.0,,,,19.0,11.0,8.0,27.0,15.0,36.5,39.5,23.0,,,18.5,,36.0,47.0,46.0,30.0
2010-02-04,28.0,14.0,25.0,3.0,24.0,22.0,,7.0,43.0,26.0,8.0,31.0,1.0,30.0,,21.0,41.0,46.0,12.0,,44.0,17.0,17.0,,24.0,37.0,41.0,37.0,,4.0,21.0,9.0,12.0,,18.0,2.0,32.5,9.0,5.0,25.0,33.5,,,,6.0,12.0,21.0,41.0,20.0,39.5,40.0,37.0,,,18.0,,36.0,40.0,47.0,28.0
2010-02-05,20.0,11.0,33.0,13.0,46.0,25.5,,10.0,25.5,38.5,24.0,34.0,8.0,28.0,,40.0,30.0,27.0,28.0,,41.0,5.0,7.0,,17.0,40.0,37.0,33.0,,4.0,16.0,1.0,10.0,,16.0,3.0,43.0,6.0,2.0,22.0,30.0,,,,18.0,15.0,12.0,38.0,18.0,41.0,42.0,34.0,,,15.5,,36.0,22.0,45.0,48.0
2010-02-08,31.0,12.0,22.0,5.0,36.0,15.0,,4.0,31.0,23.0,11.5,34.0,1.0,33.0,,28.0,23.0,46.0,29.0,,42.0,14.0,11.0,,38.5,38.5,34.0,22.0,,2.0,21.0,7.0,9.0,,14.0,3.0,43.0,8.0,6.0,28.0,17.0,,,,24.0,17.0,20.0,35.0,19.0,39.0,41.0,32.5,,,16.0,,36.5,44.0,46.0,39.0
2010-02-09,45.0,10.0,35.0,1.0,44.0,19.0,,15.0,24.0,30.0,7.0,37.0,5.0,34.0,,19.0,24.0,46.0,22.0,,38.0,26.0,10.0,,14.0,40.0,33.0,34.0,,2.0,28.0,6.0,8.0,,14.0,3.0,30.0,17.0,4.0,20.0,31.5,,,,17.0,9.0,12.0,39.0,23.0,41.0,39.0,15.0,,,25.0,,42.0,42.0,48.0,21.5
2010-02-10,44.0,17.0,36.0,8.0,34.0,14.0,,6.0,30.0,33.0,5.0,33.0,4.0,25.0,,21.0,17.0,44.0,23.5,,33.0,28.0,18.0,,36.0,40.0,25.0,39.0,,1.0,45.0,11.5,11.5,,18.0,7.0,44.0,10.0,3.0,14.0,30.0,,,,14.0,9.0,20.0,41.0,20.0,24.0,39.0,2.0,,,23.0,,27.0,40.0,45.0,42.0
2010-02-11,33.5,17.0,38.5,14.0,48.0,12.0,,11.0,31.5,33.0,8.0,39.0,7.0,37.0,,26.0,23.0,41.0,21.0,,41.0,10.0,28.0,,24.5,34.0,36.0,40.5,,5.0,39.0,6.0,23.0,,18.0,4.0,46.5,2.0,3.0,14.5,26.0,,,,12.5,1.0,20.0,41.0,22.5,31.5,45.0,9.0,,,17.0,,24.5,31.0,44.0,17.0
2010-02-12,24.0,30.0,33.0,12.0,46.0,14.0,,5.0,40.0,18.0,3.0,16.0,2.0,27.0,,22.0,27.0,43.0,22.0,,44.0,14.0,9.0,,33.0,30.5,34.5,40.0,,8.0,29.0,4.0,27.5,,15.0,1.0,43.0,19.0,6.0,18.0,16.0,,,,7.0,10.0,24.0,28.0,11.0,37.0,46.5,21.0,,,37.5,,42.0,36.0,38.0,30.0
2010-02-17,7.0,37.0,40.0,19.0,41.0,16.0,,7.0,38.0,20.0,5.0,26.5,2.0,27.0,,37.0,31.0,32.0,22.0,,45.5,6.0,15.0,,32.0,24.0,28.0,44.0,,9.0,13.0,3.5,29.0,,24.5,1.0,35.0,9.0,3.5,19.0,11.0,,,,13.0,11.0,27.0,33.0,22.0,45.0,46.0,16.0,,,22.0,,42.5,31.0,44.5,42.0
2010-02-18,30.0,8.0,38.5,21.0,38.0,14.0,,12.0,41.5,25.0,16.0,20.0,3.5,35.0,,29.5,25.0,33.0,29.0,,46.0,29.0,6.0,,33.0,36.0,3.5,39.0,,11.0,14.0,6.0,21.0,,25.0,1.0,42.0,5.0,9.0,8.0,24.0,,,,14.0,27.0,16.0,27.0,2.0,42.0,44.0,19.0,,,26.5,,44.0,44.5,47.0,30.0
2010-02-19,27.5,20.0,40.0,25.0,47.0,22.0,,2.0,36.0,25.0,13.0,18.0,6.0,44.0,,19.0,29.0,38.0,27.0,,45.0,36.0,12.0,,38.0,29.5,31.0,41.0,,18.0,32.0,16.0,10.0,,8.0,3.0,42.0,13.0,9.0,4.0,24.0,,,,7.0,1.0,15.0,14.0,5.0,33.5,31.0,18.0,,,22.0,,42.0,33.0,45.0,39.0
2010-02-22,20.0,19.0,31.5,30.0,46.0,24.5,,1.0,45.0,38.0,8.0,28.0,5.0,42.0,,31.0,33.0,37.0,23.0,,38.0,25.0,27.0,,32.0,20.0,33.0,43.0,,6.0,34.0,14.0,17.0,,13.0,11.0,40.0,9.0,4.0,7.0,10.0,,,,2.0,17.0,12.0,18.5,3.0,42.0,41.0,20.0,,,17.0,,22.0,30.0,45.5,44.0
2010-02-23,26.0,19.5,27.0,20.0,47.0,27.0,,1.0,40.0,36.0,3.0,23.0,4.0,41.0,,27.0,26.0,41.0,17.0,,40.0,12.0,20.0,,39.0,32.0,27.0,45.0,,2.0,32.0,6.0,15.0,,12.0,12.0,37.0,5.0,8.0,10.0,9.0,,,,14.0,16.0,17.0,23.0,7.0,46.0,37.0,22.0,,,31.0,,35.0,38.0,45.0,40.0
2010-02-24,21.0,22.0,29.0,18.0,45.5,18.0,,4.0,43.5,38.0,21.0,34.0,10.0,26.0,,24.5,28.0,41.5,26.0,,39.0,43.0,28.5,,42.0,36.0,15.0,47.0,,3.0,36.0,7.0,17.0,,12.0,15.0,30.0,5.0,2.0,6.0,30.5,,,,9.0,12.0,16.0,24.0,1.0,38.0,33.0,8.0,,,24.0,,35.0,39.0,43.0,13.0
2010-02-25,27.0,21.5,32.0,11.0,47.0,18.0,,7.0,44.0,36.0,12.0,25.0,9.0,39.0,,30.0,30.0,38.0,15.0,,35.0,28.0,24.5,,44.0,41.0,4.0,42.0,,5.0,34.0,3.0,14.0,,18.0,10.0,39.0,1.0,8.0,6.0,19.0,,,,2.0,19.0,25.0,27.0,22.0,43.0,38.0,16.0,,,17.0,,31.0,35.0,46.0,15.0
2010-02-26,22.0,30.0,41.0,15.0,44.0,22.5,,5.0,38.0,46.0,2.0,29.5,4.0,15.0,,29.0,38.0,33.0,18.0,,33.0,29.5,32.0,,27.0,26.0,9.0,42.0,,10.0,43.5,3.0,17.0,,11.0,14.0,41.0,7.0,8.0,6.0,16.0,,,,12.0,27.0,24.0,27.0,1.0,43.0,29.0,20.0,,,23.0,,29.5,33.5,47.0,37.0
2010-03-01,27.0,26.0,40.0,15.0,41.0,19.0,,2.0,38.0,45.0,5.0,27.0,3.0,14.5,,20.0,31.0,35.0,17.0,,25.0,44.0,34.0,,29.0,41.0,13.0,41.0,,6.0,36.0,4.0,14.0,,11.0,8.0,27.5,21.5,7.0,9.0,10.0,,,,17.0,33.0,27.0,28.0,1.0,45.0,43.0,22.5,,,13.0,,33.0,22.0,38.0,48.0
2010-03-02,19.0,18.0,39.0,16.0,39.0,10.0,,4.0,36.0,43.0,1.0,26.0,6.0,21.0,,23.0,32.0,33.0,24.0,,27.5,35.0,36.0,,26.0,40.0,27.0,48.0,,7.0,32.5,2.0,16.0,,11.0,14.0,37.0,18.0,3.0,12.0,13.0,,,,5.0,30.0,9.0,45.0,8.0,46.0,42.0,18.0,,,21.0,,23.0,31.0,44.0,37.0
2010-03-03,18.0,36.0,24.0,14.0,43.0,22.0,,8.0,41.0,36.5,1.0,26.0,9.0,11.0,,14.0,35.5,36.0,15.0,,32.0,34.0,38.0,,39.0,31.0,23.0,45.0,,4.0,28.0,3.0,2.0,,6.0,13.0,38.0,17.0,10.0,7.0,5.0,,,,20.0,32.0,26.0,41.0,23.5,43.0,34.0,22.0,,,13.0,,29.0,17.0,47.0,47.0
2010-03-04,7.0,31.0,42.0,29.0,37.5,11.0,,9.0,34.0,17.0,11.0,26.0,6.0,20.0,,41.0,37.0,36.0,24.0,,27.0,31.0,42.0,,30.5,23.0,30.0,42.0,,5.0,22.5,4.0,8.0,,15.0,20.5,47.0,18.0,2.5,12.0,1.0,,,,2.5,34.0,18.0,45.0,11.0,39.0,27.5,37.5,,,15.0,,16.0,26.0,46.0,45.0
2010-03-05,10.0,38.0,33.0,19.0,35.0,25.0,,3.0,45.0,43.0,7.0,15.0,2.0,18.0,,29.0,30.5,28.0,24.0,,40.0,26.0,40.0,,41.0,23.0,25.0,35.0,,1.0,33.0,5.0,4.0,,13.0,15.0,38.0,17.0,9.0,12.0,8.0,,,,11.0,39.0,17.0,35.0,24.0,40.0,20.0,38.0,,,6.0,,29.0,21.0,44.0,47.0
2010-03-08,17.0,23.0,30.0,27.0,46.0,20.0,,5.0,44.0,33.0,2.0,26.0,3.0,13.0,,21.0,37.0,38.0,23.0,,46.0,18.0,37.0,,31.0,32.0,31.0,43.0,,18.0,29.0,4.0,8.0,,1.0,16.0,35.0,18.0,10.0,13.0,6.0,,,,11.0,35.0,19.0,31.5,7.0,44.5,9.0,32.0,,,12.0,,42.0,23.0,44.0,41.0
2010-03-09,21.0,22.0,42.5,28.0,42.0,12.0,,8.0,40.0,22.0,14.0,18.0,11.0,18.0,,29.5,32.0,38.0,23.0,,23.0,21.0,43.0,,47.0,37.0,24.0,32.0,,31.0,1.5,1.5,4.0,,10.0,12.0,27.0,17.0,7.0,6.0,3.0,,,,5.0,36.0,21.0,37.0,16.0,47.0,33.0,34.0,,,9.0,,31.5,27.0,44.5,46.0
2010-03-10,19.0,21.0,32.0,24.0,45.0,10.0,,7.0,42.0,27.5,13.0,14.0,6.0,16.0,,21.0,35.0,38.0,29.0,,38.0,41.0,37.0,,47.0,27.0,18.0,36.0,,5.0,12.0,2.0,4.0,,9.0,32.0,43.0,24.5,11.0,8.0,1.0,,,,3.0,30.5,22.0,28.0,30.5,44.0,22.0,34.0,,,18.0,,23.0,25.0,46.0,41.5
2010-03-11,13.0,15.5,30.0,24.0,41.0,17.0,,8.0,45.0,34.0,17.0,19.0,2.0,11.0,,31.5,28.5,37.0,19.0,,41.0,43.0,37.5,,45.0,27.0,22.0,38.0,,12.0,26.0,7.0,3.0,,4.0,14.0,40.0,25.0,1.0,5.0,6.0,,,,9.0,10.0,17.0,27.0,33.0,41.0,38.0,37.0,,,23.0,,26.0,26.0,33.5,47.0
2010-03-12,20.0,17.0,29.0,20.0,42.0,23.0,,11.0,36.0,36.0,4.0,8.0,1.0,14.5,,18.0,43.5,34.0,27.0,,43.0,44.0,41.0,,38.5,26.0,13.0,39.5,,15.0,2.0,5.0,3.0,,7.0,26.0,44.0,17.0,6.0,9.0,10.0,,,,14.0,28.0,18.0,24.0,29.0,46.0,30.0,32.0,,,23.0,,32.0,25.0,40.0,44.0
2010-03-15,24.5,17.0,20.5,24.0,42.0,13.0,,7.0,44.0,34.5,4.0,14.0,3.0,19.0,,34.0,44.0,32.0,26.0,,46.0,27.0,2.0,,38.0,32.5,27.0,41.0,,11.0,16.0,19.0,11.0,,1.0,5.0,46.0,31.0,8.0,10.0,9.0,,,,4.0,37.0,39.0,41.0,21.0,37.0,16.0,28.0,,,27.0,,31.0,29.0,18.0,47.0
2010-03-16,1.0,28.0,9.0,29.0,22.0,10.0,,2.0,38.0,29.0,6.0,15.0,4.0,12.0,,16.0,41.0,36.0,24.0,,45.0,43.0,31.0,,44.0,36.0,19.0,43.0,,21.0,35.0,15.0,3.0,,7.0,18.5,40.0,26.0,5.0,8.0,13.0,,,,11.0,39.5,26.0,24.0,33.0,47.0,18.0,30.0,,,22.0,,40.0,23.0,26.0,46.0
2010-03-17,18.5,21.0,8.0,22.0,38.0,26.0,,7.0,36.0,44.0,2.0,9.0,3.0,15.0,,26.0,40.0,40.0,31.0,,40.0,15.0,1.0,,46.0,6.0,27.5,45.5,,17.0,33.0,3.0,11.0,,13.0,23.0,38.0,32.0,12.0,5.0,15.0,,,,10.0,31.0,22.0,27.0,36.0,46.0,20.0,26.0,,,18.0,,42.0,30.0,32.0,44.0
2010-03-18,2.0,27.0,27.0,34.0,45.0,13.0,,7.0,32.5,32.0,1.0,12.0,4.0,16.0,,25.0,47.0,43.0,31.0,,44.0,28.0,39.0,,43.0,26.5,26.0,34.5,,18.0,22.0,22.0,6.0,,3.0,18.0,35.0,15.0,9.0,5.0,11.0,,,,9.0,40.0,21.0,24.0,18.0,46.0,15.0,30.0,,,9.0,,37.0,34.0,29.5,44.0
2010-03-19,11.0,24.0,16.0,32.0,43.0,19.0,,2.0,47.0,32.0,9.0,5.0,6.0,16.0,,34.5,38.0,41.0,32.5,,44.5,13.0,35.0,,46.0,32.0,27.0,43.0,,16.5,37.5,1.0,8.0,,4.0,18.0,40.5,15.0,10.0,7.0,3.0,,,,13.0,31.0,34.0,26.0,16.0,42.0,20.0,22.0,,,26.0,,39.0,30.0,30.5,24.0
2010-03-22,11.0,30.5,9.0,27.0,37.0,3.0,,8.0,23.0,40.0,5.0,16.0,6.0,12.0,,36.0,44.0,36.5,35.0,,44.0,42.0,44.0,,45.0,10.0,39.0,45.0,,20.0,29.0,4.0,13.0,,14.0,16.0,34.5,17.0,2.0,1.0,16.0,,,,7.0,34.0,23.0,21.5,20.5,42.0,18.0,26.0,,,25.0,,35.0,31.0,25.0,33.0
2010-03-23,2.0,24.0,14.0,27.5,29.0,8.0,,7.0,32.0,34.0,3.0,16.0,5.0,13.0,,39.0,44.0,46.0,28.5,,32.0,45.0,16.5,,42.0,25.0,21.0,47.0,,18.5,36.0,17.0,10.0,,6.0,32.0,30.0,21.0,12.0,4.0,14.5,,,,9.0,40.0,18.0,30.0,23.0,42.0,27.5,38.0,,,1.0,,37.5,20.5,26.0,45.0
2010-03-24,2.0,30.0,16.5,46.0,25.0,13.0,,6.0,22.0,32.0,3.0,25.0,8.0,11.0,,26.0,41.0,48.0,35.0,,35.0,44.0,33.0,,42.0,30.0,19.0,42.0,,21.0,30.0,25.0,7.0,,1.0,9.5,16.0,31.0,5.0,4.0,22.0,,,,9.5,46.0,16.0,18.0,11.0,39.0,19.0,32.5,,,14.0,,39.0,35.0,37.0,43.0
2010-03-25,1.0,45.5,28.0,15.0,36.0,6.0,,9.0,16.0,33.0,3.0,32.0,8.0,12.0,,39.0,23.0,48.0,37.0,,46.0,31.0,37.0,,42.0,30.0,23.0,34.0,,16.0,24.0,22.5,13.0,,4.0,16.0,28.0,18.0,11.0,5.0,2.0,,,,10.0,44.0,22.5,27.5,7.0,44.0,19.5,34.0,,,25.0,,25.0,31.0,37.5,40.0
2010-03-26,3.0,43.0,28.0,30.0,35.0,13.0,,4.0,17.0,38.5,14.0,10.0,1.0,2.0,,40.0,27.5,44.0,23.5,,42.0,37.0,38.0,,42.0,29.0,15.5,44.0,,26.0,21.0,9.0,20.0,,8.0,22.0,30.0,21.0,5.0,11.0,6.0,,,,17.0,44.0,31.0,30.0,25.0,44.0,15.0,35.5,,,24.0,,7.0,14.0,36.0,40.0
2010-03-29,9.0,42.0,3.0,18.0,32.5,14.0,,23.0,30.0,36.0,11.0,16.0,7.0,18.0,,41.0,25.0,46.0,22.0,,37.0,40.0,35.0,,45.5,27.0,26.0,47.0,,13.0,31.5,22.0,4.0,,6.0,14.0,38.0,8.0,1.0,5.0,10.0,,,,12.0,44.0,29.0,40.0,16.0,33.0,2.0,28.0,,,20.0,,21.0,25.0,35.0,42.0
2010-03-30,1.0,42.0,12.0,45.0,40.0,4.0,,11.0,28.5,21.0,13.0,30.0,5.0,9.0,,16.0,33.0,47.0,27.0,,39.0,35.0,35.0,,38.0,38.5,45.0,32.0,,39.0,27.0,22.0,8.0,,6.0,18.0,43.0,20.0,2.0,16.0,13.0,,,,19.0,45.0,22.0,25.0,3.0,32.0,7.0,32.0,,,23.0,,15.0,24.5,36.5,10.0
2010-03-31,2.0,42.0,5.0,11.0,43.0,7.0,,13.0,27.0,30.0,16.0,9.0,4.0,14.0,,32.0,29.0,46.0,27.0,,34.0,41.0,46.0,,47.0,40.0,38.5,38.0,,29.0,26.0,23.0,8.0,,6.0,17.0,39.0,19.0,10.0,12.0,1.0,,,,16.0,37.0,26.0,29.0,19.0,30.5,3.0,32.0,,,21.5,,25.0,43.5,16.0,33.0
2010-04-01,4.0,43.0,1.0,14.0,35.0,7.0,,13.0,7.0,35.0,16.0,13.0,5.0,12.0,,44.0,32.0,41.0,32.5,,47.0,33.0,40.0,,45.0,43.0,44.0,38.0,,18.0,21.0,19.0,18.0,,9.0,15.0,29.0,30.0,2.0,7.0,12.5,,,,10.0,26.5,37.0,39.0,22.0,27.0,3.0,24.0,,,24.0,,30.0,27.0,34.0,24.0
2010-04-07,6.0,34.0,4.0,17.0,45.0,2.0,,25.0,44.0,35.5,10.0,13.0,7.0,13.0,,13.0,31.0,47.0,28.0,,42.0,23.5,37.5,,45.0,42.0,38.0,47.0,,24.0,17.0,21.0,15.0,,8.0,19.0,17.0,32.0,3.0,1.0,18.0,,,,10.0,26.0,28.0,35.0,21.0,32.0,5.0,25.0,,,31.0,,9.0,39.0,33.0,39.0
2010-04-08,1.0,39.0,9.0,17.0,37.0,4.0,,23.0,45.0,38.0,10.0,8.0,3.0,11.5,,22.0,31.0,48.0,29.0,,44.0,35.0,43.0,,37.5,15.5,46.0,43.0,,20.0,14.0,22.0,17.0,,14.0,20.0,27.5,25.0,5.0,7.0,24.0,,,,17.0,37.5,32.0,36.0,2.0,35.0,6.0,28.0,,,11.5,,25.0,18.0,30.0,39.0
2010-04-09,3.0,28.0,18.0,23.5,28.0,9.0,,22.0,46.0,38.0,13.0,7.0,6.0,18.0,,25.0,22.0,38.0,36.0,,40.0,40.5,44.0,,38.5,46.0,46.0,44.0,,13.5,35.0,28.0,2.0,,15.0,10.0,20.0,1.0,5.0,4.0,20.0,,,,11.0,34.0,30.0,23.0,14.0,33.0,21.0,31.0,,,38.0,,16.0,8.0,22.0,39.0
2010-04-12,2.0,40.0,8.0,24.0,31.0,5.0,,27.0,46.0,32.0,16.0,23.5,4.0,3.0,,20.0,40.0,38.0,35.0,,35.0,30.0,44.0,,47.0,24.5,42.0,44.0,,21.0,15.0,13.0,13.5,,20.5,6.0,33.0,10.0,1.0,18.0,37.0,,,,8.0,31.0,29.0,46.0,13.0,8.0,11.0,15.0,,,37.0,,28.0,35.0,23.0,27.0
2010-04-13,2.0,23.0,12.0,18.5,33.0,5.0,,30.0,43.0,27.0,6.0,34.0,13.0,9.0,,36.0,46.0,42.0,30.0,,41.5,19.0,40.0,,43.0,44.5,44.0,45.0,,24.0,22.0,31.0,10.0,,15.0,7.0,32.0,26.0,2.0,7.0,26.5,,,,21.0,24.0,11.0,16.0,2.0,15.0,17.0,29.0,,,30.5,,19.0,39.0,4.0,32.0
2010-04-14,1.0,41.0,29.0,15.0,35.0,6.0,,38.0,44.0,27.0,12.0,38.0,7.0,3.0,,27.0,29.0,31.0,40.0,,46.5,45.0,21.0,,30.0,37.0,47.0,43.0,,30.0,8.0,21.0,21.0,,13.0,10.0,40.0,18.0,2.0,8.0,29.0,,,,28.0,24.0,4.0,35.0,16.0,22.5,4.0,11.0,,,33.0,,17.0,25.0,22.5,13.0
2010-04-15,3.0,42.0,26.0,23.0,35.0,4.5,,25.0,40.0,15.0,14.0,32.0,8.5,11.0,,43.5,11.0,44.0,31.5,,45.0,25.0,20.0,,42.0,25.0,47.0,8.5,,35.0,36.0,40.0,10.5,,20.0,8.0,33.0,18.0,1.5,6.0,39.0,,,,24.0,14.0,4.5,1.5,28.0,32.0,18.0,15.0,,,33.0,,13.0,25.0,36.0,40.0
2010-04-16,2.0,15.0,23.0,4.0,45.5,11.0,,31.0,42.0,33.0,29.0,31.0,7.0,22.0,,27.0,29.0,48.0,31.0,,43.0,38.0,36.0,,42.0,25.0,40.0,8.0,,38.0,35.0,17.0,21.5,,7.0,3.0,22.5,20.0,1.0,27.0,45.0,,,,17.0,15.0,7.0,12.5,12.0,21.0,5.0,10.0,,,25.0,,37.0,44.0,38.0,15.0
2010-04-19,2.0,34.0,8.0,20.0,37.5,6.0,,32.0,41.0,33.0,18.0,34.0,4.0,26.0,,38.0,19.0,47.0,29.0,,47.0,29.0,15.0,,43.0,37.0,45.0,42.0,,45.0,24.0,15.0,15.0,,17.0,1.0,21.0,12.0,5.0,10.0,29.0,,,,23.0,10.0,3.0,12.0,25.0,34.0,7.0,17.5,,,33.0,,8.0,32.0,40.0,28.0
2010-04-20,4.5,44.0,24.5,9.0,35.0,4.0,,29.0,44.0,17.0,14.0,37.0,12.0,2.0,,32.0,33.0,44.0,34.0,,43.0,36.0,32.0,,45.0,46.0,39.0,42.0,,45.0,10.0,15.0,27.0,,15.0,7.0,11.0,24.5,2.0,6.0,39.0,,,,30.0,25.0,17.0,27.0,17.5,17.0,8.0,22.0,,,25.0,,2.0,29.0,21.0,16.0
2010-04-21,2.0,47.0,5.5,7.0,43.0,3.0,,29.5,47.0,33.0,29.0,34.0,10.0,31.0,,33.0,8.0,43.0,22.5,,35.0,38.0,44.5,,29.0,27.0,36.0,40.0,,22.0,7.0,19.0,13.5,,10.0,4.0,20.5,12.0,5.5,16.0,23.5,,,,44.0,24.0,23.0,26.0,1.0,16.0,13.0,15.0,,,41.5,,19.0,41.0,38.0,23.0
2010-04-22,2.0,36.0,7.0,8.0,15.0,12.0,,25.0,45.0,30.0,13.0,44.0,17.0,25.0,,29.0,36.0,32.0,39.0,,41.0,23.0,39.0,,38.0,41.0,11.0,44.0,,47.0,15.5,17.0,32.0,,28.0,5.0,19.0,4.0,2.0,45.0,32.0,,,,22.0,9.0,5.0,28.0,2.0,20.0,13.0,23.0,,,32.0,,9.0,41.0,35.0,22.0
2010-04-23,1.5,46.0,11.0,21.0,35.0,5.0,,31.0,39.0,24.0,13.0,31.0,17.0,12.0,,26.0,28.0,43.0,38.5,,29.0,25.0,42.0,,43.0,44.0,25.5,37.0,,40.0,7.0,18.0,15.0,,6.0,3.0,14.0,9.0,8.0,18.0,44.0,,,,33.0,26.0,19.0,36.5,1.5,26.0,10.0,22.0,,,34.0,,4.0,30.5,46.5,18.0
2010-04-26,3.0,39.5,19.0,22.0,36.5,10.0,,31.0,43.0,31.0,21.0,47.0,18.0,13.0,,32.5,27.5,39.0,21.5,,2.0,26.5,41.5,,46.0,44.0,38.0,35.0,,35.0,7.0,15.0,25.0,,11.0,1.0,26.5,12.0,3.0,14.0,45.0,,,,6.0,28.0,25.0,9.0,19.0,16.0,5.0,7.0,,,37.0,,25.5,29.0,43.5,29.0
2010-04-27,11.0,38.0,12.0,26.0,27.5,7.0,,34.0,42.0,21.0,19.0,40.5,14.0,4.0,,30.0,31.0,48.0,38.0,,43.0,35.0,38.0,,36.0,41.0,47.0,44.0,,16.0,9.0,2.0,21.0,,16.0,1.0,18.0,13.0,6.0,9.0,44.0,,,,20.0,17.0,23.0,9.0,3.0,32.0,5.0,25.0,,,25.0,,30.0,32.0,37.5,22.0
2010-04-28,1.0,38.0,8.5,23.0,33.0,7.0,,26.0,23.0,42.5,16.0,26.0,3.0,8.5,,20.5,45.0,43.0,33.0,,46.0,25.0,36.0,,45.0,39.0,37.0,41.0,,23.0,10.0,4.0,20.0,,6.0,5.0,21.0,11.0,2.0,12.5,42.0,,,,27.0,25.0,27.0,22.0,29.0,14.0,12.5,18.0,,,33.0,,28.0,44.5,42.0,19.0
2010-04-29,1.0,17.0,3.0,15.0,36.0,7.0,,32.0,42.5,37.5,30.0,38.0,8.0,11.0,,35.0,26.0,37.0,4.0,,37.0,23.0,22.0,,46.0,44.0,42.0,41.5,,37.0,12.0,10.0,20.0,,13.0,5.0,14.0,6.0,2.0,24.0,45.0,,,,9.0,25.0,15.0,17.0,25.0,19.0,21.0,34.0,,,40.5,,27.0,33.0,40.0,28.0
2010-04-30,2.0,4.0,1.0,18.5,34.5,6.0,,23.0,44.0,40.0,20.0,10.0,12.0,16.0,,43.5,18.0,44.0,31.0,,34.0,36.0,27.0,,43.0,43.0,41.0,44.5,,30.0,20.0,9.0,23.5,,14.0,7.0,24.0,11.0,7.0,28.0,22.0,,,,5.0,13.0,27.0,36.5,15.0,35.0,3.0,17.5,,,40.5,,31.5,27.0,43.0,37.0
2010-05-03,4.0,41.0,8.0,28.0,28.0,6.0,,19.0,41.0,44.0,19.0,33.0,13.0,14.0,,32.5,36.0,46.0,38.0,,42.0,27.0,22.5,,38.0,32.0,45.0,40.0,,26.0,7.0,5.0,16.0,,9.0,2.0,16.0,16.0,3.0,23.0,31.5,,,,1.0,12.0,10.0,31.5,28.0,25.0,10.0,18.0,,,43.0,,29.0,21.0,47.5,33.0
2010-05-04,4.0,40.0,22.0,6.0,33.0,2.0,,14.0,42.0,45.0,13.0,32.5,9.0,1.0,,25.0,35.0,21.0,27.0,,40.0,42.0,45.0,,37.0,47.0,37.0,40.0,,31.0,24.0,15.0,5.0,,10.0,3.0,18.0,11.0,22.0,26.0,28.5,,,,7.0,13.0,21.0,16.0,24.0,44.0,8.0,18.0,,,30.0,,31.0,15.0,43.0,32.0
2010-05-05,3.0,42.0,24.0,14.0,28.0,5.0,,29.0,42.0,45.0,19.0,32.0,11.0,12.0,,27.0,33.0,32.0,36.0,,38.0,38.5,22.0,,36.0,24.0,45.0,39.0,,30.0,9.0,16.0,14.0,,6.0,7.0,23.0,2.0,1.0,23.5,19.0,,,,4.0,10.0,26.0,21.0,10.0,40.0,11.0,19.0,,,44.0,,43.0,27.0,46.0,31.0
2010-05-06,8.0,7.0,22.0,29.0,30.0,5.0,,13.0,47.0,38.0,19.0,14.0,16.5,12.0,,24.0,19.0,41.0,30.0,,34.5,34.0,44.0,,41.0,41.0,38.0,39.0,,36.0,3.0,10.0,11.0,,21.5,9.0,17.0,6.0,2.0,24.0,46.0,,,,4.0,1.0,33.0,18.0,25.0,34.0,14.0,27.0,,,30.0,,23.5,26.0,43.0,42.0
2010-05-07,7.0,18.0,21.0,12.0,38.5,10.0,,2.0,47.0,39.0,33.0,25.0,6.0,20.0,,28.0,16.0,42.0,16.0,,37.0,31.0,44.0,,44.5,38.0,31.0,41.0,,39.0,12.0,4.0,22.5,,29.0,3.0,32.0,1.0,8.0,26.5,18.0,,,,5.0,16.0,28.5,19.0,12.0,30.0,9.0,14.0,,,24.0,,28.0,37.0,46.5,35.0
2010-05-10,10.0,29.5,28.0,16.0,32.0,1.0,,15.5,46.0,38.0,18.0,24.0,4.0,6.0,,28.0,13.0,46.0,24.0,,45.0,39.0,43.5,,41.0,23.0,39.0,36.0,,23.5,13.0,3.0,22.0,,16.0,7.0,37.0,2.0,5.0,13.0,26.0,,,,9.0,8.0,14.0,19.0,31.0,35.5,19.0,26.0,,,33.0,,38.0,26.0,46.0,41.5
2010-05-11,8.0,37.0,33.0,14.5,39.0,11.0,,4.0,48.0,38.0,22.0,19.0,14.0,6.0,,34.0,17.5,39.0,29.0,,33.0,34.0,43.5,,43.0,31.0,38.0,31.0,,27.0,17.5,2.0,14.5,,25.0,1.0,39.0,3.0,5.0,19.0,30.0,,,,7.0,10.0,25.0,16.5,22.0,42.5,9.0,13.5,,,29.5,,46.0,27.0,45.0,17.5
2010-05-12,4.0,23.0,31.0,20.0,27.0,5.0,,16.0,45.0,31.0,19.0,31.0,15.0,22.0,,25.0,18.0,39.0,30.0,,28.0,34.5,41.0,,35.0,42.0,46.0,38.0,,27.0,13.5,6.0,10.0,,25.0,9.0,37.0,1.5,7.0,18.0,45.0,,,,1.5,8.0,11.0,14.0,28.0,39.0,3.0,14.0,,,16.0,,29.0,36.0,43.0,47.0
2010-05-13,7.0,25.0,38.0,21.0,32.0,11.0,,8.0,47.0,26.0,16.0,16.0,22.0,3.0,,36.0,19.0,36.0,26.0,,31.0,30.0,44.0,,41.0,41.0,32.0,27.0,,23.0,25.0,6.0,13.0,,31.0,2.0,35.0,9.0,13.0,28.0,38.0,,,,5.0,10.0,13.0,1.0,20.0,41.0,4.0,16.0,,,18.0,,45.0,35.0,45.0,42.0
2010-05-14,2.0,29.5,37.5,16.0,21.0,10.0,,3.0,43.0,30.0,7.0,18.0,10.0,10.0,,36.5,23.0,37.0,11.0,,32.0,34.0,38.0,,45.0,13.0,28.0,42.0,,31.0,28.5,4.0,13.0,,32.0,5.0,33.0,6.0,1.0,39.0,42.0,,,,19.0,16.0,29.5,8.0,23.0,42.0,17.0,24.0,,,21.0,,16.0,35.0,47.0,45.0
2010-05-17,9.0,19.0,38.0,15.0,35.0,12.0,,21.0,41.0,27.5,10.0,24.0,6.0,11.0,,41.0,31.0,41.0,32.0,,27.0,35.0,41.0,,44.0,16.0,36.0,34.0,,26.0,24.0,2.0,5.0,,13.0,8.0,40.5,7.0,4.0,16.0,47.0,,,,22.0,3.0,19.0,1.0,22.0,45.0,14.0,17.0,,,38.5,,22.0,31.0,45.0,31.0
2010-05-18,2.0,24.0,10.0,15.0,33.0,8.0,,7.0,40.0,21.0,3.0,41.5,16.0,1.0,,35.0,27.0,42.0,30.0,,22.0,39.0,36.0,,46.0,24.0,33.0,31.0,,39.0,25.0,17.0,20.0,,29.0,4.0,23.0,6.0,13.0,25.0,35.0,,,,20.0,11.0,27.0,5.0,9.0,45.0,12.0,15.0,,,18.0,,43.0,46.0,37.0,45.5
2010-05-19,7.0,34.5,18.0,11.0,31.0,14.0,,3.0,40.0,22.0,4.0,11.0,24.0,1.0,,41.0,19.0,35.0,28.0,,25.5,40.0,37.0,,38.0,28.0,32.0,30.0,,32.5,28.0,13.0,9.0,,16.0,8.0,37.0,6.0,2.0,11.0,38.0,,,,16.0,16.0,25.5,5.0,18.0,45.0,27.5,22.0,,,22.0,,47.0,39.5,45.0,48.0
2010-05-20,4.0,43.0,19.0,18.0,31.0,12.0,,16.0,37.5,16.0,2.0,24.0,21.0,7.0,,42.0,23.0,26.0,25.5,,30.0,41.0,34.0,,46.5,14.0,19.0,28.0,,28.0,38.0,3.0,10.0,,11.0,8.0,32.0,6.0,5.0,1.0,34.0,,,,29.0,13.0,16.0,9.0,24.0,44.0,32.0,28.0,,,35.0,,46.0,44.0,44.0,40.0
2010-05-24,6.0,42.5,30.0,24.0,28.0,18.0,,14.0,29.0,25.0,1.0,33.0,27.0,9.0,,43.0,35.0,24.0,5.0,,31.0,40.0,28.0,,46.0,13.0,17.0,36.0,,33.0,38.0,8.0,2.0,,13.0,3.0,35.0,7.0,11.0,31.0,20.0,,,,38.0,13.0,44.0,4.0,16.0,46.0,23.0,21.0,,,27.0,,27.0,47.0,41.0,10.0
2010-05-25,6.0,34.0,40.0,33.0,33.0,3.0,,2.0,38.0,23.0,1.0,23.0,27.0,17.0,,44.0,14.0,16.0,17.0,,25.0,39.0,29.0,,42.0,14.0,12.0,32.0,,29.0,42.5,4.0,19.0,,19.0,7.0,32.0,8.0,5.0,24.0,34.0,,,,34.0,9.0,36.0,11.0,21.0,47.0,10.0,14.0,,,23.0,,44.0,45.0,45.0,39.0
2010-05-26,12.0,36.5,34.0,31.0,31.5,14.0,,3.0,47.0,20.0,4.0,10.0,29.0,19.0,,45.0,14.0,21.0,23.0,,20.0,34.0,37.0,,43.0,23.0,6.0,30.0,,26.0,43.0,7.0,5.0,,11.0,1.0,26.0,8.0,2.0,14.0,31.0,,,,29.0,9.0,40.0,19.0,43.0,44.5,20.0,16.0,,,22.0,,30.0,45.0,38.0,40.0
2010-05-27,6.0,38.0,31.0,20.0,38.0,16.0,,2.0,44.0,20.0,1.0,12.0,32.5,32.0,,38.0,27.0,15.0,11.0,,25.0,40.0,16.0,,42.0,10.5,12.0,26.0,,39.5,45.0,5.0,18.0,,3.0,8.5,32.0,7.0,4.0,35.0,29.0,,,,33.0,8.5,30.0,20.0,18.0,46.0,23.0,14.0,,,25.5,,25.0,46.0,40.0,41.0
2010-05-28,9.0,44.0,33.0,32.0,42.5,11.0,,2.0,39.5,23.0,10.0,19.5,22.0,18.0,,42.0,28.0,22.0,8.0,,26.0,14.0,23.0,,37.5,14.0,18.0,29.0,,22.0,39.0,1.0,13.5,,5.0,3.0,27.0,4.0,7.0,16.0,31.0,,,,34.0,6.0,30.5,16.0,34.0,42.0,42.0,35.0,,,14.0,,43.0,42.0,45.5,45.0
2010-05-31,1.0,31.5,28.0,25.0,28.0,15.0,,10.0,41.0,21.0,9.0,19.0,15.0,13.0,,44.0,36.0,38.0,3.0,,28.0,37.0,22.0,,40.0,13.0,8.0,24.5,,20.0,42.0,2.0,17.0,,6.0,4.0,29.0,7.0,5.0,12.0,40.0,,,,31.0,12.0,37.0,18.0,25.0,47.0,26.0,33.0,,,28.0,,47.0,29.0,46.0,44.0
2010-06-01,6.0,44.0,37.0,40.0,28.0,19.5,,4.0,40.0,13.0,5.0,15.0,15.5,20.5,,44.5,28.0,31.5,11.0,,32.0,26.0,39.0,,41.0,12.0,10.0,25.0,,23.5,42.0,3.0,9.0,,1.0,2.0,36.0,7.0,8.0,18.0,36.0,,,,23.0,16.0,29.0,22.0,15.0,43.0,29.0,25.0,,,18.0,,31.5,47.0,47.0,38.0
2010-06-02,4.0,40.0,26.0,35.0,36.5,9.0,,3.0,45.0,5.0,10.0,22.0,24.0,14.0,,41.0,16.0,27.0,7.0,,34.0,14.0,32.0,,31.0,27.0,14.0,42.0,,21.0,31.5,6.0,20.0,,18.0,1.0,29.5,2.0,14.0,24.0,39.0,,,,34.0,11.0,43.0,24.0,8.0,40.0,24.0,19.0,,,17.0,,43.0,38.0,48.0,46.0
2010-06-03,1.0,35.0,20.0,44.0,42.0,9.0,,5.0,44.0,13.0,7.0,18.0,28.0,15.0,,38.0,40.0,36.0,4.0,,33.0,21.0,29.0,,44.0,16.0,8.0,32.0,,24.0,33.0,10.0,12.0,,6.0,3.0,24.0,2.0,21.0,16.0,26.0,,,,27.0,11.0,29.0,17.5,32.0,39.0,22.0,36.0,,,18.0,,48.0,40.5,47.0,36.5
2010-06-04,4.0,41.0,24.0,37.0,35.0,9.0,,13.0,44.5,16.0,2.0,11.0,25.0,27.0,,40.0,33.0,24.0,12.0,,25.0,31.0,10.0,,41.0,20.0,15.0,23.0,,31.0,37.0,7.0,8.0,,3.0,6.0,27.5,1.0,15.0,19.0,29.0,,,,33.0,5.0,36.0,21.0,19.0,40.0,22.0,26.5,,,19.0,,46.0,46.0,47.0,43.0
2010-06-07,2.0,40.5,35.0,32.0,37.0,12.0,,1.0,39.0,19.0,9.0,16.0,22.0,30.5,,41.0,30.0,28.0,19.0,,22.0,24.5,7.0,,40.0,17.0,16.0,35.0,,33.0,38.0,6.0,13.0,,8.0,3.0,26.0,5.0,4.0,16.0,32.0,,,,29.0,11.0,31.0,16.0,19.0,46.0,28.5,22.0,,,10.0,,43.0,47.0,45.0,47.0
2010-06-08,11.0,44.0,28.0,40.0,33.0,17.0,,9.0,46.0,14.0,1.0,16.0,26.5,27.5,,42.0,39.0,23.0,7.0,,29.0,21.0,25.0,,40.0,5.0,19.0,19.0,,31.0,39.0,13.0,4.0,,8.0,6.0,19.0,3.0,10.0,15.0,32.5,,,,28.0,2.0,24.0,31.0,28.0,38.0,33.0,31.0,,,12.0,,47.0,37.5,42.0,44.0
2010-06-09,8.0,31.0,29.0,37.0,42.0,14.0,,5.0,43.0,14.0,11.0,17.0,16.0,27.0,,38.0,29.0,32.0,14.0,,22.0,30.0,25.5,,38.0,7.0,1.0,39.0,,24.5,43.0,10.0,2.0,,9.0,4.0,21.0,6.0,16.0,24.0,36.0,,,,26.0,3.0,33.0,14.0,30.5,44.0,26.0,21.0,,,20.0,,45.0,44.0,40.0,46.0
2010-06-10,9.0,43.0,14.0,38.0,37.0,16.0,,7.0,37.0,4.0,11.0,22.0,33.0,15.0,,38.0,30.0,33.0,17.0,,30.0,29.5,27.0,,40.0,23.0,2.0,14.0,,31.0,40.0,10.0,6.0,,8.0,2.0,17.0,4.0,20.0,19.0,41.0,,,,26.0,14.0,3.0,18.0,23.5,47.5,33.0,26.0,,,29.0,,43.0,45.5,45.0,39.0
2010-06-11,11.0,46.0,27.5,34.0,29.0,7.0,,8.0,42.0,16.0,3.0,14.0,34.0,31.0,,40.0,34.0,38.0,31.0,,24.0,28.0,20.0,,40.0,18.0,1.0,24.0,,27.0,37.0,5.0,2.0,,4.0,12.5,19.0,15.0,10.0,21.0,37.0,,,,26.0,9.0,22.0,24.0,6.0,46.0,24.0,12.5,,,19.0,,43.0,48.0,44.0,43.0
2010-06-14,5.0,46.0,27.0,32.5,37.0,11.0,,6.0,37.0,14.0,4.0,7.0,31.0,28.0,,41.0,35.0,33.0,28.0,,39.0,24.0,2.0,,40.0,17.0,20.0,20.0,,25.0,38.0,1.0,3.0,,8.0,9.0,26.0,14.0,12.0,17.0,39.5,,,,36.0,10.0,31.0,21.0,19.0,41.0,27.5,14.0,,,17.0,,46.0,48.0,44.0,25.0
2010-06-15,3.0,46.0,25.0,29.0,41.5,17.0,,9.0,36.0,8.0,10.0,15.0,20.5,36.0,,42.0,33.0,30.0,20.0,,12.0,17.0,5.0,,37.0,14.0,25.0,25.0,,38.0,45.0,7.0,12.0,,2.0,12.0,23.0,17.0,4.0,25.5,36.0,,,,35.0,1.0,30.0,22.5,6.0,42.0,32.0,25.0,,,19.0,,44.0,45.5,31.0,45.0
2010-06-17,3.0,43.5,28.0,27.0,40.0,16.0,,9.0,23.0,23.0,7.0,12.0,13.0,35.5,,39.0,34.0,37.0,4.0,,37.0,24.0,6.0,,40.0,19.0,22.0,19.0,,30.0,34.0,1.0,2.0,,8.0,13.0,28.0,10.0,5.0,23.0,45.0,,,,25.0,11.0,34.5,16.5,40.0,41.0,30.0,21.0,,,17.5,,46.0,44.0,27.5,45.0
2010-06-18,9.5,42.5,24.0,32.0,24.0,13.0,,7.0,35.0,15.0,3.0,9.5,11.0,31.0,,39.5,41.5,40.0,35.0,,20.0,27.0,5.0,,32.5,16.0,18.0,29.5,,18.0,35.0,15.0,2.0,,1.0,17.0,24.0,8.0,12.0,27.0,39.0,,,,45.0,4.0,33.0,21.0,6.0,44.0,29.0,23.5,,,20.0,,37.0,46.0,40.0,47.0
2010-06-21,10.0,46.0,12.0,31.0,45.0,12.0,,7.0,42.0,24.0,2.0,17.0,14.0,35.0,,35.0,38.0,39.0,27.0,,21.0,21.0,18.0,,28.0,22.0,21.0,17.0,,41.0,40.0,3.0,1.0,,4.0,9.0,25.5,12.0,15.0,8.0,42.0,,,,35.0,6.0,30.0,28.0,5.0,45.0,27.0,15.0,,,23.0,,32.0,35.0,47.5,39.0
2010-06-22,6.0,40.5,25.0,29.0,45.0,12.0,,4.0,31.0,22.0,3.0,10.0,10.0,30.0,,38.5,41.0,43.0,17.0,,22.0,23.0,8.0,,34.0,16.0,10.0,16.0,,33.0,33.0,5.0,2.0,,7.0,14.0,30.0,12.0,1.0,27.0,43.0,,,,30.0,19.0,34.0,21.0,16.0,45.0,38.0,23.0,,,26.0,,34.0,47.0,38.0,46.0
2010-06-23,1.0,45.0,35.0,27.0,42.0,5.0,,4.0,40.5,17.0,3.0,14.0,12.0,31.0,,40.5,45.0,39.5,16.0,,16.0,22.0,2.0,,42.0,7.0,17.0,13.0,,25.0,38.0,9.0,8.0,,10.0,18.0,29.0,23.0,6.0,31.0,46.0,,,,34.0,11.0,23.0,20.0,21.0,37.0,31.0,29.0,,,26.0,,37.0,34.0,30.0,48.0
2010-06-24,3.0,14.0,35.0,36.0,45.0,20.0,,5.0,36.0,15.0,1.0,18.5,8.0,44.0,,18.0,31.0,42.0,26.0,,24.0,24.0,7.0,,41.0,11.0,23.5,14.0,,37.5,37.5,14.0,4.0,,9.0,27.0,33.0,15.0,2.0,6.0,35.0,,,,26.0,16.0,29.0,19.5,10.0,45.0,44.0,26.0,,,31.0,,41.0,47.0,29.0,37.0
2010-06-25,5.5,24.0,35.0,26.0,40.0,11.0,,3.0,44.0,5.5,4.0,34.0,9.0,27.0,,38.0,33.0,42.0,13.0,,14.0,29.0,2.0,,38.0,1.0,16.0,19.0,,21.0,41.0,18.0,8.0,,7.0,19.0,29.0,22.0,10.0,26.0,36.0,,,,28.5,12.0,43.0,15.0,17.0,32.0,33.0,22.0,,,29.0,,46.0,46.0,37.0,44.0
2010-06-28,12.0,44.0,27.0,32.0,42.0,2.0,,11.0,46.0,15.5,8.0,16.5,3.0,30.0,,33.0,42.0,39.0,28.5,,6.0,21.0,10.0,,35.0,5.0,15.0,16.0,,22.0,39.0,19.0,1.0,,7.0,9.0,30.0,18.0,4.0,24.0,39.0,,,,30.0,16.0,24.0,26.0,16.0,43.0,35.0,29.0,,,31.0,,27.0,46.0,35.0,47.0
2010-06-29,9.0,11.0,28.0,39.5,43.0,4.0,,13.0,45.0,39.0,7.0,23.5,3.0,32.0,,36.5,21.0,28.5,33.0,,19.0,30.0,8.0,,23.0,1.0,23.0,5.0,,23.0,34.5,22.0,11.0,,6.0,11.0,25.0,16.0,2.0,18.0,37.0,,,,14.0,17.0,31.0,38.0,14.5,39.5,40.0,26.0,,,36.0,,47.0,45.0,40.0,46.0
2010-06-30,2.5,41.0,32.0,41.0,37.0,4.5,,9.0,47.0,20.0,8.0,26.0,6.0,30.5,,36.5,4.5,31.0,32.0,,19.0,33.0,1.0,,38.0,2.5,13.0,13.0,,25.0,40.0,6.0,13.0,,10.0,22.0,24.0,20.0,11.0,18.5,36.0,,,,16.0,14.0,18.0,38.0,24.0,44.0,28.0,16.0,,,27.0,,44.0,45.0,35.0,45.0
2010-07-02,16.0,45.0,37.0,25.0,41.0,5.0,,15.0,35.0,27.0,8.0,18.0,12.0,37.0,,31.0,12.0,40.0,21.0,,14.0,35.0,2.0,,16.0,3.0,15.0,19.0,,39.5,39.0,4.0,1.0,,9.0,31.0,23.0,25.0,7.0,27.0,23.0,,,,6.0,12.0,30.0,37.0,28.0,47.0,20.5,34.0,,,33.0,,10.0,45.0,41.0,44.0
2010-07-05,13.0,40.5,36.0,24.0,47.0,2.0,,27.0,44.0,29.0,6.0,30.0,7.0,34.0,,38.0,22.5,42.0,37.0,,19.0,27.0,1.0,,26.5,8.0,18.0,18.5,,31.5,40.0,13.0,9.0,,12.0,25.0,19.0,22.0,5.0,16.0,33.5,,,,4.0,21.0,10.0,32.0,3.0,47.0,38.0,16.0,,,41.0,,41.0,42.0,11.0,27.0
2010-07-06,23.0,25.0,31.0,32.0,40.0,2.0,,14.0,46.0,39.0,9.0,11.0,7.0,34.0,,36.0,9.0,31.0,28.5,,33.0,24.0,13.0,,19.0,11.5,42.0,24.0,,17.0,33.0,4.0,3.0,,6.0,21.0,39.0,16.0,1.0,19.0,33.0,,,,21.0,8.0,17.0,34.0,5.0,47.0,36.0,15.0,,,27.0,,45.0,40.0,41.0,48.0
2010-07-07,20.0,24.0,23.0,37.0,26.0,2.0,,10.0,45.0,28.0,13.0,15.0,9.0,33.0,,39.0,15.0,33.0,35.0,,35.0,33.0,1.0,,7.0,32.0,42.0,20.0,,25.0,23.0,5.0,6.0,,8.0,25.0,38.0,11.0,3.0,12.0,47.0,,,,4.0,18.0,19.0,29.0,15.0,36.5,48.0,16.0,,,30.0,,30.5,42.0,42.0,45.0
2010-07-08,12.0,29.0,29.0,38.0,24.0,6.5,,16.0,48.0,38.0,6.5,19.0,3.0,35.0,,34.0,27.0,34.0,36.0,,14.0,26.5,2.0,,1.0,42.0,40.5,27.0,,12.0,15.0,27.0,5.0,,4.0,18.0,37.5,19.0,8.0,23.0,39.5,,,,18.0,23.0,9.0,23.0,10.0,45.0,44.5,12.0,,,31.0,,21.0,40.0,37.0,47.0
2010-07-09,16.0,44.0,9.0,33.0,28.0,6.0,,22.0,45.0,39.0,6.0,25.0,1.0,25.0,,36.0,25.0,22.0,33.0,,34.0,27.0,10.0,,8.0,38.0,43.5,17.0,,14.0,18.0,28.0,11.0,,4.0,28.0,39.5,13.0,2.0,6.0,33.0,,,,19.0,14.0,12.0,21.5,3.0,47.0,32.0,28.5,,,22.0,,41.0,42.0,34.0,48.0
2010-07-12,16.0,43.0,21.0,33.0,46.0,12.0,,34.0,39.0,40.0,12.0,30.5,2.0,25.0,,35.0,25.0,29.0,37.5,,22.0,13.0,6.0,,9.0,44.0,37.0,28.0,,4.0,8.0,16.0,3.0,,1.0,27.0,40.0,19.0,10.0,23.0,36.0,,,,13.0,19.0,5.0,24.0,7.0,44.0,19.0,14.5,,,29.0,,29.0,41.0,38.0,47.0
2010-07-13,26.0,38.0,6.0,32.0,39.0,21.0,,34.0,47.0,36.5,3.0,28.5,8.0,20.5,,15.0,28.0,33.0,40.5,,33.0,18.0,9.0,,11.0,18.0,35.0,16.5,,12.0,17.0,31.5,1.0,,7.0,36.5,33.0,15.0,4.0,11.5,44.0,,,,22.5,19.0,2.0,32.0,5.0,44.0,23.0,14.0,,,28.0,,41.5,45.0,29.5,46.0
2010-07-14,25.0,44.0,22.0,19.0,30.5,18.0,,41.0,44.0,38.0,4.0,31.0,3.0,39.0,,34.0,25.0,28.0,37.0,,40.0,19.0,1.0,,14.0,38.0,13.0,23.0,,5.0,8.0,27.0,12.0,,7.0,32.0,25.0,27.0,9.0,10.0,47.0,,,,19.5,15.0,12.0,29.0,6.0,45.0,19.0,2.0,,,14.0,,33.0,42.0,35.0,42.0
2010-07-15,15.0,47.0,3.0,38.0,42.0,14.0,,19.0,27.0,34.5,11.0,28.5,4.0,39.0,,13.0,29.0,28.0,35.0,,22.0,20.0,1.0,,18.0,37.5,29.0,7.0,,10.0,12.0,31.0,8.0,,9.0,31.0,37.0,24.0,6.0,24.0,45.0,,,,20.0,18.0,5.0,27.0,2.0,44.0,25.0,15.0,,,36.0,,44.0,41.0,43.0,40.0
2010-07-16,22.0,48.0,5.0,41.0,34.0,11.0,,26.0,34.5,43.0,12.0,19.0,6.0,34.0,,47.0,22.0,31.0,31.0,,45.0,23.0,4.0,,9.0,31.0,43.0,3.0,,8.0,12.0,21.0,1.0,,7.0,36.5,34.0,19.0,2.0,15.0,28.0,,,,28.0,26.5,17.0,19.0,10.0,45.0,16.0,14.0,,,31.0,,41.0,39.0,38.0,27.0
2010-07-19,26.5,32.5,13.0,30.0,33.5,6.0,,36.0,41.0,46.0,17.0,27.0,3.0,47.0,,35.0,23.0,25.0,38.0,,17.0,18.5,1.0,,11.5,25.0,36.0,9.0,,2.0,4.0,30.0,10.0,,7.0,39.0,34.0,27.0,8.0,11.5,41.0,,,,17.0,23.0,19.0,32.0,5.0,46.0,18.5,14.0,,,24.0,,30.0,43.0,46.0,31.0
2010-07-20,26.0,37.0,23.0,21.0,26.0,4.5,,30.0,41.0,44.0,15.0,22.0,3.0,18.0,,46.5,26.0,28.0,35.0,,28.0,32.0,14.0,,8.0,35.0,21.0,18.0,,6.0,34.0,25.0,12.0,,9.0,43.0,39.0,18.0,1.0,10.0,46.0,,,,4.0,15.0,37.0,12.0,6.0,40.0,25.0,11.0,,,31.0,,2.0,37.5,39.5,44.0
2010-07-21,20.0,37.0,24.0,44.0,19.0,3.0,,23.0,47.0,45.0,13.0,33.0,6.0,22.0,,47.0,33.0,35.0,38.0,,40.0,31.0,9.0,,5.0,37.0,25.0,15.0,,11.0,15.0,22.5,1.0,,4.0,41.0,34.0,27.0,7.0,19.0,30.0,,,,9.0,14.0,18.0,29.0,2.0,38.0,12.0,9.5,,,22.0,,35.0,28.0,43.0,40.0
2010-07-22,12.0,42.0,3.0,40.0,33.0,21.0,,32.5,41.0,48.0,1.0,24.0,5.0,28.0,,45.0,17.5,25.0,30.0,,17.0,14.0,9.0,,11.0,42.0,30.0,14.0,,10.0,25.0,28.0,6.0,,8.0,34.0,38.0,15.0,4.0,24.0,45.0,,,,7.0,19.0,23.5,18.0,2.0,37.0,38.0,16.0,,,20.0,,44.0,39.0,38.0,36.0
2010-07-23,18.0,35.0,9.0,41.0,19.0,2.0,,27.0,34.0,44.0,7.0,30.0,4.0,14.0,,47.0,28.0,30.0,33.0,,37.0,13.0,1.0,,8.0,41.5,22.0,25.0,,6.0,30.0,34.0,5.0,,3.0,22.0,29.0,10.0,10.0,16.5,47.0,,,,22.0,38.0,25.0,15.0,17.0,40.0,25.0,17.0,,,12.0,,37.0,38.0,37.0,41.0
2010-07-26,16.0,36.0,13.0,35.5,43.0,2.0,,32.0,41.0,47.0,9.0,14.5,6.0,18.0,,41.0,15.0,37.5,27.0,,31.5,21.0,7.0,,3.0,37.0,25.0,11.0,,4.0,27.0,11.0,8.0,,1.0,34.0,44.0,18.0,5.0,29.0,45.0,,,,23.0,18.0,24.5,25.5,16.0,29.0,22.0,10.0,,,36.5,,42.0,40.0,36.0,35.0
2010-07-27,33.0,38.0,3.0,19.0,37.5,17.0,,23.0,46.0,37.0,9.0,29.0,1.0,13.0,,35.5,26.5,30.0,42.0,,17.0,13.0,2.0,,11.0,33.0,30.0,35.0,,5.0,27.0,24.0,8.0,,4.0,24.0,45.0,19.0,6.0,20.0,38.0,,,,22.0,14.0,10.0,18.0,13.0,33.0,32.0,7.0,,,29.0,,43.0,45.0,47.0,41.0
2010-07-28,37.0,33.0,14.0,29.0,13.0,3.0,,17.0,19.0,45.0,10.0,15.0,7.0,19.0,,46.0,25.5,23.0,28.0,,25.0,20.0,4.0,,13.0,48.0,35.0,28.0,,8.0,40.0,36.0,2.0,,6.0,16.0,43.0,5.0,9.0,33.0,42.0,,,,1.0,18.0,29.5,29.0,11.0,25.0,41.0,22.0,,,25.0,,38.5,37.0,43.0,42.0
2010-07-29,18.0,33.0,24.0,36.5,30.0,7.0,,30.0,45.0,44.0,3.0,21.0,15.0,1.0,,41.0,25.0,27.0,36.0,,28.0,2.0,4.0,,12.0,47.0,35.0,21.0,,9.0,16.0,19.0,6.0,,5.0,23.0,47.0,32.0,10.0,15.0,34.5,,,,28.0,8.0,11.0,26.0,16.0,43.0,28.0,13.0,,,20.0,,40.0,36.0,38.0,44.0
2010-07-30,24.0,46.0,11.0,42.0,34.0,3.0,,16.0,20.0,42.0,6.0,15.0,1.0,9.0,,40.0,41.0,38.0,28.0,,45.0,19.0,8.0,,13.0,48.0,31.5,7.0,,2.0,35.0,17.5,14.0,,4.0,24.0,28.0,21.0,12.0,23.0,38.0,,,,29.0,32.0,9.0,27.0,16.0,30.0,29.0,5.0,,,21.0,,41.0,39.0,32.0,43.0
2010-08-02,25.5,44.0,13.0,44.0,24.0,15.0,,24.5,42.0,38.0,20.0,9.0,3.0,1.0,,26.0,34.0,5.0,17.0,,47.0,27.0,2.0,,18.0,47.0,19.5,20.0,,6.0,31.0,12.0,7.0,,8.0,29.5,37.0,15.0,9.0,30.0,41.0,,,,16.5,21.0,27.0,23.0,37.0,42.0,34.0,4.0,,,11.0,,35.5,36.0,38.0,39.0
2010-08-03,8.0,38.0,17.0,38.0,35.0,28.0,,32.5,20.0,24.0,1.0,12.0,9.0,19.5,,38.0,35.0,14.0,21.0,,41.0,33.0,5.0,,18.0,48.0,46.0,32.0,,3.0,25.0,15.0,4.0,,6.0,28.0,40.0,11.0,12.0,15.0,43.0,,,,22.0,20.0,2.0,11.0,29.0,32.0,25.0,7.0,,,25.0,,41.0,45.0,39.5,42.0
2010-08-04,19.0,40.5,24.0,39.5,30.0,17.0,,40.0,34.0,45.0,2.0,11.0,9.0,17.0,,15.0,33.0,8.0,27.0,,45.0,37.0,10.0,,19.0,47.0,29.5,29.0,,15.0,24.0,13.0,5.0,,4.0,29.5,42.0,19.0,7.0,12.0,36.0,,,,27.0,22.0,6.0,35.0,38.0,30.5,22.0,2.0,,,2.0,,16.0,43.0,34.0,40.0
2010-08-05,19.0,38.0,24.5,46.5,12.0,26.0,,32.0,31.0,40.0,5.0,12.0,10.0,22.0,,36.0,33.5,8.0,34.0,,47.0,15.0,21.0,,26.0,44.0,32.0,27.0,,2.0,29.5,30.0,8.0,,1.0,28.0,33.0,16.0,4.5,19.5,45.0,,,,16.0,14.0,17.0,4.0,5.0,37.0,35.0,12.0,,,8.0,,45.0,39.0,41.0,31.0
2010-08-06,30.0,29.0,11.0,37.0,25.0,24.0,,41.0,33.0,47.0,5.0,1.0,6.0,8.0,,38.0,21.0,18.0,34.0,,44.0,19.5,17.0,,12.0,34.0,41.0,9.0,,3.0,26.0,12.0,7.0,,2.0,17.0,43.0,27.0,10.0,21.0,47.0,,,,19.0,14.0,26.0,15.0,26.0,30.0,43.0,4.0,,,30.0,,41.0,43.0,37.0,33.0
2010-08-09,6.0,35.0,23.0,39.0,37.5,1.0,,10.0,33.0,48.0,3.0,15.0,7.0,12.0,,42.0,16.0,21.0,20.0,,44.0,31.0,25.0,,23.0,38.0,40.0,30.0,,2.0,28.5,19.5,4.0,,5.0,22.0,27.0,8.0,8.0,31.0,46.0,,,,15.0,11.0,17.0,28.0,25.0,35.0,34.0,13.0,,,18.0,,44.0,46.0,33.0,42.0
2010-08-10,11.0,37.0,28.0,31.0,14.0,17.0,,37.0,38.0,42.5,12.0,2.0,11.0,15.0,,25.0,31.0,25.5,35.0,,35.0,11.0,21.0,,19.0,45.0,19.0,19.0,,3.0,27.0,8.0,5.0,,7.0,37.5,38.0,27.0,4.0,14.0,45.0,,,,25.0,1.0,31.0,34.0,27.0,43.0,31.5,9.0,,,19.0,,46.5,39.5,6.0,44.0
2010-08-11,26.0,29.5,23.0,42.0,22.0,7.0,,34.0,44.0,38.0,12.0,21.0,15.0,1.0,,31.0,21.5,25.0,28.0,,34.0,8.0,16.0,,20.0,40.0,24.5,30.0,,4.0,20.0,3.0,10.5,,5.0,35.0,47.0,32.0,9.0,10.0,45.0,,,,15.5,6.0,12.0,29.0,37.5,40.0,17.0,2.0,,,18.0,,41.0,38.0,41.0,45.0
2010-08-12,12.0,42.0,26.0,35.0,28.0,15.0,,32.0,28.0,43.0,18.0,4.0,13.0,3.0,,35.0,35.0,20.0,23.5,,31.0,7.0,16.5,,23.0,44.0,46.0,24.0,,1.0,20.0,5.0,11.0,,2.0,33.0,30.0,29.0,10.0,7.0,45.0,,,,14.0,6.0,36.0,22.0,37.0,41.0,20.0,9.0,,,17.0,,43.0,37.0,39.0,43.0
2010-08-13,6.0,40.0,16.0,43.0,31.0,10.0,,31.0,22.0,45.0,21.0,5.0,25.0,4.5,,41.0,29.0,15.0,24.0,,39.0,22.0,33.0,,6.0,41.0,35.0,22.0,,1.0,42.0,19.5,2.5,,10.0,30.0,26.0,29.0,8.0,12.0,47.0,,,,12.0,2.5,21.0,15.0,35.0,37.0,38.0,19.0,,,15.0,,42.0,34.0,10.0,44.0
2010-08-16,15.5,29.0,8.0,34.0,21.5,2.0,,22.5,33.0,47.0,13.5,25.0,4.0,17.0,,45.0,31.5,20.0,33.0,,36.5,29.0,7.0,,14.0,43.0,45.0,22.0,,8.0,30.0,17.0,11.0,,10.0,31.0,42.0,23.0,5.0,4.0,42.0,,,,19.0,1.0,38.0,4.0,25.0,47.0,41.0,14.0,,,26.0,,37.0,31.0,14.0,37.0
2010-08-17,23.0,41.0,18.0,47.0,31.0,10.0,,25.0,39.5,44.0,11.0,6.0,19.0,27.0,,40.0,20.5,31.0,27.0,,43.5,9.0,16.0,,14.0,44.0,40.0,23.0,,8.0,35.0,26.0,2.0,,6.0,30.0,28.0,35.0,3.0,6.0,44.5,,,,21.0,4.0,16.0,12.0,36.0,39.0,31.0,14.0,,,16.0,,38.0,34.0,1.0,26.0
2010-08-18,14.0,39.0,20.0,42.0,36.0,4.0,,31.0,10.0,46.0,17.0,3.0,15.0,9.0,,43.0,31.0,32.0,25.0,,45.0,12.0,27.0,,24.0,44.0,11.0,14.0,,16.0,30.0,10.0,2.0,,6.0,20.0,28.0,37.0,12.0,7.5,47.0,,,,1.0,5.0,25.5,25.0,45.0,40.0,30.0,27.0,,,18.0,,37.0,27.5,39.0,34.0
2010-08-19,8.0,35.0,14.0,44.0,43.0,6.0,,5.0,17.0,44.0,22.0,10.0,25.0,40.0,,47.0,43.0,22.0,24.0,,31.0,12.0,30.0,,28.0,32.0,27.0,36.0,,9.0,34.0,6.0,1.0,,17.0,6.0,34.0,27.0,21.0,12.0,47.0,,,,2.0,15.0,12.0,3.0,31.0,40.5,27.0,17.5,,,19.0,,19.0,36.0,41.0,41.0
2010-08-20,16.0,41.0,19.0,44.0,44.0,11.0,,2.0,43.0,43.0,17.0,6.0,21.0,37.5,,36.0,41.0,13.0,22.0,,30.0,25.0,28.0,,29.0,33.0,25.0,32.5,,1.0,29.0,5.0,4.0,,14.0,27.5,42.0,33.0,9.0,14.0,44.5,,,,11.0,3.0,22.0,22.0,39.0,26.5,7.0,8.0,,,23.5,,46.0,14.0,15.5,39.0
2010-08-23,6.0,36.0,3.0,39.0,26.0,6.5,,4.0,46.0,37.0,30.0,2.0,24.0,41.0,,43.0,16.0,28.0,14.0,,34.5,18.0,43.0,,38.0,31.5,47.0,11.0,,6.0,45.0,12.5,1.0,,17.0,18.0,41.0,21.0,8.0,25.0,33.0,,,,23.0,20.0,23.0,14.0,33.0,39.0,29.0,10.0,,,11.0,,39.0,34.0,25.0,9.0
2010-08-24,5.5,20.0,12.0,38.0,20.5,5.0,,11.0,29.0,33.0,24.0,2.0,26.0,28.0,,37.0,41.0,33.0,31.0,,34.0,22.0,13.0,,3.0,46.0,43.0,39.0,,9.0,37.0,15.0,7.0,,17.0,31.0,29.0,20.0,7.0,22.0,46.0,,,,20.0,9.0,14.0,17.0,26.0,47.0,36.0,3.0,,,18.0,,41.0,39.0,2.0,44.5
2010-08-25,10.0,15.0,28.0,46.5,32.0,7.0,,21.0,31.0,40.0,16.0,5.0,18.0,43.0,,46.0,22.0,16.0,4.0,,36.0,33.5,37.0,,26.0,41.0,30.0,10.0,,27.0,45.0,8.0,2.0,,13.0,8.0,34.5,21.0,18.0,23.0,42.0,,,,1.0,13.0,25.0,3.0,39.0,34.0,30.0,11.0,,,27.5,,39.0,8.5,44.0,22.0
2010-08-26,4.0,17.0,15.0,36.0,27.0,17.0,,13.0,35.5,45.0,34.0,1.0,6.0,24.0,,46.0,40.0,25.0,10.0,,42.0,18.0,21.0,,28.0,41.0,35.5,28.0,,11.0,48.0,13.0,3.0,,9.0,25.5,21.0,29.0,2.0,32.0,34.0,,,,27.0,10.0,9.0,19.0,39.0,40.0,36.0,6.0,,,21.0,,43.0,22.0,4.0,46.0
2010-08-27,10.0,23.0,25.0,41.0,40.5,3.0,,27.0,39.0,46.0,20.0,13.0,25.5,34.0,,37.5,17.0,1.0,8.0,,45.5,9.0,29.0,,33.0,12.0,14.0,5.0,,18.0,38.0,17.0,7.0,,32.0,11.0,36.0,34.0,20.0,23.0,22.5,,,,40.0,15.0,6.0,27.0,28.0,47.0,42.0,2.0,,,4.0,,33.0,30.0,17.0,45.0
2010-08-30,33.0,37.0,19.0,16.0,36.0,8.0,,13.0,40.0,27.0,24.5,10.5,2.0,16.0,,22.0,29.0,34.0,2.0,,47.0,5.0,16.0,,19.0,35.0,12.0,41.0,,16.0,42.0,2.0,22.0,,21.0,27.0,26.0,41.0,4.0,6.0,44.0,,,,8.0,28.0,10.0,24.5,38.0,48.0,45.0,13.0,,,8.0,,38.0,32.0,30.0,44.0
2010-08-31,31.5,31.0,21.0,41.5,25.0,10.0,,14.0,39.0,39.0,13.0,27.0,23.0,19.0,,37.0,40.0,2.0,30.0,,21.0,14.0,6.0,,11.0,23.0,33.0,21.0,,18.0,41.0,8.0,11.0,,45.0,29.0,23.0,43.0,5.5,2.0,17.0,,,,35.5,6.0,18.0,2.0,39.0,33.0,5.0,9.0,,,41.0,,38.0,25.0,45.0,45.0
2010-09-01,30.0,29.0,23.5,2.0,40.0,17.0,,9.0,41.0,31.0,25.0,26.0,33.0,34.0,,20.0,35.0,37.0,1.0,,35.0,30.0,12.0,,7.0,3.0,40.0,43.0,,15.0,42.0,6.0,13.0,,19.0,23.0,40.0,38.0,4.0,26.0,11.0,,,,9.0,7.0,20.0,18.0,38.0,45.0,47.0,14.0,,,17.0,,36.5,21.0,6.0,46.0
2010-09-02,25.0,37.0,11.0,29.0,35.5,6.0,,2.0,4.5,24.0,24.0,21.0,41.0,28.0,,41.0,45.0,3.0,8.0,,28.0,35.0,17.5,,32.0,10.0,16.0,33.0,,21.0,33.0,6.0,3.0,,9.0,16.0,35.0,38.0,11.0,24.0,14.0,,,,16.0,13.0,30.0,18.0,45.0,44.0,20.0,2.0,,,43.0,,45.0,31.0,47.0,40.0
2010-09-03,5.0,47.0,19.0,40.5,29.0,7.0,,19.0,19.0,38.0,31.0,3.0,14.5,44.0,,44.0,31.0,14.0,35.0,,32.5,41.0,39.0,,3.0,9.5,12.0,34.0,,26.0,37.0,22.0,7.0,,24.5,11.0,47.0,12.0,17.0,29.0,37.0,,,,9.0,3.0,30.0,17.0,27.0,36.5,21.5,11.0,,,26.0,,44.0,4.0,38.5,11.0
2010-09-06,10.0,34.0,28.0,29.0,36.0,8.0,,1.0,39.0,23.0,27.0,14.0,42.5,19.0,,42.0,25.0,10.0,5.0,,45.0,35.0,2.0,,20.0,5.5,17.0,23.0,,17.0,46.0,23.0,17.5,,35.5,12.0,38.0,40.0,3.0,7.0,38.5,,,,26.5,25.0,15.0,5.0,45.0,41.0,12.0,17.0,,,39.0,,39.5,8.0,33.0,30.0
2010-09-07,13.0,44.0,28.0,31.0,45.0,30.0,,5.0,24.0,24.0,39.0,46.0,34.5,18.0,,44.0,38.0,25.0,6.0,,35.0,27.0,17.0,,35.0,3.0,38.0,2.0,,24.0,43.0,15.5,9.0,,12.0,17.0,3.0,21.0,20.0,12.0,26.0,,,,18.0,3.0,23.0,31.0,37.0,48.0,8.0,5.0,,,30.0,,39.0,12.0,10.0,37.0
2010-09-08,20.0,14.0,7.0,27.0,28.0,25.0,,15.0,32.0,18.0,19.0,31.0,25.5,33.0,,42.0,40.0,21.0,1.0,,44.0,39.0,2.0,,27.0,17.5,34.0,8.0,,13.0,40.0,3.0,5.0,,11.0,38.0,39.0,40.0,5.0,17.0,31.5,,,,9.0,11.0,31.0,25.0,35.0,38.0,16.0,10.0,,,48.0,,3.0,29.0,44.0,47.0
2010-09-09,28.5,17.0,8.0,32.0,19.0,24.5,,6.0,29.0,17.5,12.0,42.0,36.0,33.0,,46.5,25.0,3.0,2.0,,15.0,37.0,21.0,,29.0,11.0,45.0,34.0,,1.0,36.0,5.0,4.0,,14.0,32.0,23.5,40.0,19.0,14.0,35.5,,,,11.0,9.0,32.0,25.0,48.0,45.0,23.0,7.0,,,14.0,,42.0,23.0,40.0,40.0
2010-09-10,6.0,14.0,12.0,30.0,32.0,9.0,,3.0,36.0,8.0,24.0,26.0,20.0,28.0,,42.0,27.0,6.0,12.0,,32.0,38.5,23.0,,28.0,12.0,46.0,34.0,,9.0,41.0,2.0,4.0,,17.0,14.5,40.0,39.0,16.0,7.0,32.0,,,,22.0,1.0,30.0,17.0,48.0,26.0,31.5,18.0,,,27.5,,43.0,39.0,45.0,44.0
2010-09-13,17.0,42.0,12.0,29.0,28.5,4.0,,1.0,5.0,6.0,36.0,39.0,34.0,21.0,,24.5,9.0,19.0,16.0,,45.0,38.0,33.0,,41.0,40.0,45.0,39.0,,9.0,8.0,11.0,4.0,,2.0,14.0,24.0,31.0,22.0,6.0,36.0,,,,30.0,18.0,21.0,24.0,47.0,38.5,13.0,14.0,,,28.0,,33.0,27.0,47.0,27.0
2010-09-14,39.0,1.0,3.0,28.0,28.0,22.0,,4.0,17.0,2.0,18.0,35.0,48.0,40.0,,26.5,35.5,9.0,27.0,,24.0,28.0,8.0,,25.5,43.0,35.0,30.5,,12.0,42.0,10.0,7.0,,12.0,29.0,17.0,44.0,17.0,6.0,31.0,,,,4.0,13.0,41.0,17.0,23.5,36.0,20.0,22.5,,,12.0,,46.0,38.0,47.0,31.0
2010-09-15,21.0,23.0,4.0,29.0,29.0,17.0,,4.5,14.0,2.0,2.0,26.0,46.0,30.0,,28.0,30.5,12.0,22.5,,41.0,48.0,33.0,,18.0,27.0,41.0,36.0,,2.0,36.5,10.0,7.0,,34.0,12.0,39.0,40.0,6.0,12.0,24.0,,,,14.0,8.0,26.0,19.0,45.0,44.0,9.0,20.0,,,17.0,,46.5,33.0,36.5,40.0
2010-09-16,30.5,46.0,15.0,32.0,31.5,17.0,,5.0,15.0,23.0,32.0,30.0,43.0,9.0,,37.0,21.0,12.0,19.0,,21.0,28.0,18.0,,15.0,34.0,39.5,35.0,,4.0,42.0,2.0,9.5,,27.0,25.5,42.0,35.0,7.0,1.0,26.0,,,,13.0,3.0,35.5,6.0,33.5,46.5,10.0,21.0,,,33.0,,45.0,11.0,44.0,23.0
2010-09-17,31.0,39.0,9.0,25.0,30.0,28.0,,6.0,22.5,2.0,41.0,19.0,37.0,9.0,,46.0,18.0,11.0,15.0,,26.0,43.0,25.0,,20.0,32.0,43.0,32.0,,21.0,25.0,4.0,14.0,,13.0,18.0,30.0,38.0,5.0,3.0,23.0,,,,17.0,7.0,32.5,44.0,48.0,34.0,10.0,1.0,,,21.0,,41.0,11.0,36.0,47.0
2010-09-20,13.0,32.5,4.5,27.5,28.0,21.0,,1.0,29.0,6.0,23.0,32.0,33.5,29.0,,46.0,17.0,2.0,11.0,,29.0,44.0,24.0,,13.5,37.0,39.0,43.0,,8.0,33.0,17.0,15.0,,4.0,28.0,36.0,34.0,11.0,19.0,21.0,,,,15.0,11.0,31.0,19.0,46.0,42.0,7.0,9.0,,,35.5,,42.0,37.0,3.0,47.0
2010-09-21,31.0,41.0,7.0,22.0,22.0,13.0,,1.0,39.5,7.5,18.0,29.5,35.0,24.5,,43.0,6.0,10.0,13.0,,15.0,43.0,19.0,,9.0,35.0,46.0,48.0,,9.0,17.0,3.0,17.0,,30.0,27.0,35.0,30.0,19.0,4.0,5.0,,,,22.0,2.0,35.0,15.0,39.0,43.0,24.0,22.0,,,32.0,,28.0,35.0,40.0,45.0
2010-09-22,1.0,34.0,2.0,33.0,30.0,23.0,,4.0,31.0,5.5,28.0,25.0,36.0,22.0,,29.0,17.0,12.0,18.0,,38.0,46.0,14.0,,18.0,21.0,45.0,39.0,,18.0,14.0,7.0,8.0,,29.0,3.0,36.0,17.0,13.0,9.0,26.5,,,,31.0,5.5,12.0,41.0,45.0,46.0,9.0,23.0,,,38.5,,39.0,29.0,44.0,38.0
2010-09-24,22.0,47.0,10.0,17.5,37.0,27.0,,6.5,35.0,7.0,27.0,20.0,26.5,12.0,,32.0,37.0,3.0,22.0,,37.0,45.0,30.0,,3.0,25.0,33.0,39.5,,36.0,18.0,7.0,11.0,,16.0,1.0,38.5,14.0,26.0,2.0,10.0,,,,12.5,5.0,25.0,14.0,33.0,43.0,18.0,30.0,,,22.0,,43.0,45.0,46.0,38.0
2010-09-27,19.5,24.0,5.0,9.0,35.0,40.0,,3.0,37.5,2.0,1.0,17.0,32.0,5.0,,30.0,21.0,18.0,23.0,,18.0,17.5,31.0,,33.0,25.0,43.0,33.0,,27.0,42.0,10.0,11.0,,28.0,7.0,30.0,34.0,18.0,14.0,19.5,,,,9.0,4.0,23.0,31.0,46.0,42.0,10.0,15.5,,,40.0,,43.0,48.0,36.5,42.0
2010-09-28,1.0,23.0,11.0,13.0,25.0,26.0,,2.0,23.0,7.0,10.0,35.0,35.0,8.0,,40.0,47.0,28.0,16.0,,18.0,30.5,4.0,,3.0,16.0,42.5,40.0,,19.0,45.5,20.0,30.0,,26.0,32.0,15.0,33.0,26.0,8.0,16.0,,,,12.0,6.0,18.0,37.5,46.0,36.0,23.0,5.0,,,38.0,,31.0,42.0,42.0,40.5
2010-09-29,13.0,22.0,9.0,20.5,25.0,13.5,,2.0,43.5,4.0,11.0,25.5,17.0,2.0,,34.0,37.0,7.0,8.0,,35.0,33.0,21.0,,17.0,31.0,36.0,43.0,,11.0,27.5,4.0,2.0,,10.0,15.0,18.0,27.0,44.0,25.0,24.0,,,,5.0,18.0,28.0,38.0,48.0,25.0,39.0,42.0,,,44.0,,36.5,31.0,38.5,42.0
2010-09-30,23.0,41.0,7.0,32.5,19.0,24.0,,8.0,27.0,3.5,11.5,37.0,29.0,5.0,,38.5,23.0,11.5,14.0,,39.0,43.0,17.0,,26.0,2.0,41.0,9.0,,14.0,34.5,10.0,17.0,,13.0,26.0,28.0,26.0,38.5,3.5,45.0,,,,6.0,19.5,30.5,16.0,44.0,41.0,1.0,26.0,,,31.0,,43.0,41.0,46.0,29.0
2010-10-04,7.0,41.5,3.0,15.0,40.0,38.5,,5.0,46.0,22.0,26.0,46.0,30.5,9.0,,21.0,21.0,6.0,1.0,,33.0,45.0,22.0,,12.0,36.5,35.0,28.0,,17.0,15.0,14.0,9.0,,4.0,27.0,25.0,33.0,36.0,2.0,27.0,,,,9.0,13.0,18.0,23.0,41.0,40.0,11.0,21.0,,,30.5,,44.0,31.5,38.0,40.0
2010-10-05,5.0,37.0,1.0,27.5,46.0,26.0,,3.0,24.0,14.0,4.0,41.0,24.5,15.0,,20.0,38.0,2.0,9.0,,16.0,27.0,21.0,,15.0,12.0,40.5,36.0,,18.0,33.0,7.0,23.0,,16.0,34.0,23.0,28.0,30.0,8.0,26.0,,,,10.0,6.0,13.0,39.0,46.0,44.0,21.0,41.0,,,43.0,,44.0,39.5,31.0,32.0
2010-10-06,6.0,29.0,11.0,22.0,46.0,15.0,,8.0,10.0,19.0,5.0,44.0,29.0,33.0,,21.5,14.0,3.0,10.0,,43.0,42.0,19.0,,10.0,37.0,32.0,46.5,,13.0,26.0,4.0,27.0,,1.0,31.0,14.0,30.0,35.5,7.0,23.0,,,,17.0,2.0,19.0,41.0,38.0,47.0,23.0,36.0,,,39.0,,26.0,33.0,41.5,25.0
2010-10-07,8.0,33.0,2.0,15.0,1.0,38.0,,13.0,15.0,7.0,6.0,30.5,31.0,18.0,,25.0,21.0,29.5,10.0,,31.0,27.0,11.0,,16.0,24.0,47.0,45.0,,18.0,33.0,15.0,25.0,,9.0,37.0,25.0,19.0,21.0,4.0,36.0,,,,5.0,3.0,28.0,40.5,31.5,43.0,42.0,34.0,,,44.0,,40.0,44.0,12.0,45.0
2010-10-08,11.0,38.0,8.0,10.0,39.0,11.0,,3.0,25.5,5.0,7.0,42.0,4.0,22.0,,30.0,36.5,11.0,16.0,,41.0,39.0,1.0,,36.0,29.0,45.0,33.0,,2.0,27.0,18.0,25.5,,14.0,36.0,25.0,40.0,29.0,18.0,33.0,,,,6.0,16.0,13.0,22.0,35.0,43.5,25.0,32.0,,,35.0,,46.0,38.0,16.0,21.5
2010-10-11,9.0,18.0,7.0,27.0,29.0,15.0,,8.0,16.0,6.0,12.0,42.0,18.0,38.0,,42.0,27.0,25.0,14.5,,33.0,35.0,5.0,,23.0,37.5,44.0,39.0,,10.0,31.0,2.0,20.0,,2.0,24.0,30.0,40.0,24.0,2.0,15.0,,,,4.0,11.0,15.0,31.0,24.0,46.0,38.0,18.0,,,35.0,,38.5,42.5,45.0,41.0
2010-10-12,5.0,16.0,2.0,8.0,27.5,25.0,,19.0,37.0,1.0,10.0,41.0,7.0,39.0,,34.0,29.0,13.0,21.0,,34.0,34.5,11.0,,25.0,19.0,46.0,39.0,,19.0,29.0,9.0,16.0,,3.0,21.5,25.0,36.0,13.0,11.0,34.0,,,,6.0,3.0,42.0,15.0,30.0,44.0,30.0,22.0,,,43.0,,30.0,41.0,44.0,45.0
2010-10-13,1.0,31.0,10.0,13.0,31.0,25.5,,2.0,26.0,4.0,19.0,43.0,30.0,13.0,,18.5,31.0,26.0,21.0,,39.0,45.0,3.0,,33.0,47.0,41.0,40.0,,16.0,9.0,5.0,13.0,,11.0,21.0,34.5,22.0,28.0,19.0,13.0,,,,8.0,16.0,7.0,33.0,36.0,35.0,26.0,6.0,,,29.0,,41.0,38.0,44.0,47.0
2010-10-14,8.0,33.0,11.0,31.0,37.0,37.0,,8.0,47.0,3.0,2.0,9.5,27.0,16.0,,16.0,21.5,14.0,25.0,,40.0,3.0,30.0,,27.5,33.5,45.0,31.0,,20.0,22.0,4.0,2.5,,7.0,13.0,20.0,14.0,24.0,32.0,34.0,,,,17.0,13.0,6.0,22.0,47.0,45.0,41.0,29.0,,,24.0,,40.0,43.5,41.0,37.0
2010-10-15,8.0,34.0,10.0,22.0,25.0,26.0,,1.0,44.0,5.0,2.0,37.0,20.0,11.0,,23.0,45.0,31.5,32.0,,47.0,41.0,29.0,,32.0,39.0,34.0,36.0,,16.0,35.0,5.0,7.0,,14.0,14.0,24.0,16.0,20.0,5.0,11.0,,,,3.0,9.0,14.0,18.0,40.0,44.0,26.0,23.0,,,27.0,,44.0,35.0,28.0,44.0
2010-10-18,5.0,17.0,15.0,37.0,31.0,21.0,,12.0,46.0,15.5,8.0,42.5,12.0,7.0,,26.0,43.0,33.0,23.0,,40.0,45.0,19.0,,10.0,37.0,32.0,36.0,,1.0,22.0,3.0,14.0,,9.0,19.0,39.0,28.0,33.0,2.0,22.0,,,,11.0,6.0,4.0,28.5,29.0,25.0,30.0,21.0,,,26.0,,44.0,41.0,36.0,47.0
2010-10-19,4.0,9.0,13.0,39.5,30.0,25.5,,1.0,41.0,3.0,5.0,24.0,19.0,7.0,,23.0,34.0,27.0,16.0,,12.0,44.0,15.0,,21.0,40.5,23.0,42.0,,23.0,31.0,11.0,19.0,,10.0,15.0,30.0,33.0,35.0,14.0,41.0,,,,2.0,6.0,8.0,38.0,35.5,47.0,29.5,27.0,,,18.0,,36.0,45.0,39.0,42.0
2010-10-20,12.0,8.0,14.0,33.0,28.0,6.0,,7.0,35.0,14.0,18.0,48.0,4.0,1.0,,18.0,41.0,21.0,36.0,,22.0,42.0,24.0,,34.0,11.0,22.0,44.0,,18.0,27.0,9.0,31.5,,2.0,20.0,37.0,18.0,38.0,5.0,30.0,,,,13.0,3.0,10.0,43.0,30.0,38.0,40.0,20.5,,,26.0,,46.0,33.0,27.0,39.0
2010-10-21,10.0,14.0,17.0,34.5,30.0,19.0,,15.0,47.0,4.0,6.0,45.0,13.0,4.0,,32.0,34.0,27.5,24.0,,18.0,21.0,8.0,,35.0,30.0,45.0,41.0,,7.0,23.0,1.0,25.0,,11.0,18.0,43.0,27.5,32.0,10.0,9.0,,,,19.0,3.0,23.0,35.0,35.0,43.0,28.0,37.0,,,24.0,,2.0,37.0,41.0,42.0
2010-10-22,19.0,21.0,2.0,26.0,32.0,23.0,,9.0,47.0,30.0,11.0,45.0,9.5,5.0,,2.0,28.0,17.0,38.0,,18.0,45.0,23.0,,43.0,36.0,13.0,34.0,,2.0,35.0,4.0,23.0,,13.0,29.0,5.0,16.0,31.0,8.0,42.0,,,,16.0,22.0,10.0,41.0,31.5,29.0,31.0,37.0,,,19.0,,7.0,36.0,39.5,47.0
2010-10-25,14.0,16.5,10.0,30.0,3.0,21.0,,1.5,31.0,26.0,9.0,40.0,18.0,5.0,,46.0,44.0,32.0,34.5,,24.0,47.0,26.0,,43.0,29.0,36.0,15.5,,3.0,37.0,1.5,25.0,,10.0,21.0,12.0,13.0,38.0,6.0,47.0,,,,8.0,21.0,16.0,31.0,35.0,25.0,32.0,7.0,,,19.0,,27.0,37.5,40.0,44.0
2010-10-26,26.5,11.0,17.0,24.0,15.0,15.0,,2.5,42.0,22.0,6.0,21.5,25.0,4.0,,42.0,35.0,2.5,31.0,,26.0,44.0,31.0,,32.5,36.0,41.0,18.0,,17.0,39.0,5.0,18.0,,9.0,41.5,27.0,13.0,38.0,1.0,46.0,,,,10.0,14.0,7.0,20.0,41.0,19.0,29.0,27.0,,,8.0,,46.0,34.0,30.5,46.0
2010-10-27,27.5,41.0,4.0,7.0,21.5,10.0,,14.0,13.0,18.0,11.0,24.0,21.0,6.0,,41.5,40.0,29.0,38.0,,15.0,42.0,22.0,,35.0,34.0,25.0,37.0,,24.0,4.0,8.0,26.0,,2.0,34.5,35.5,34.0,39.5,4.0,22.0,,,,17.0,15.0,1.0,48.0,45.0,11.0,32.5,24.0,,,28.0,,9.0,41.0,31.0,46.0
2010-10-28,41.0,16.0,12.0,5.0,19.0,25.0,,1.0,45.0,16.0,3.0,36.0,4.0,5.0,,42.0,42.0,31.0,27.5,,23.0,47.0,19.0,,38.0,23.0,19.0,22.0,,18.0,32.0,11.0,27.5,,8.0,34.0,32.0,16.0,38.0,2.0,29.0,,,,10.0,7.0,9.0,34.0,46.0,45.0,30.0,12.0,,,21.0,,23.0,32.0,38.0,42.0
2010-10-29,15.0,41.0,15.0,3.0,7.0,26.0,,7.0,45.0,2.0,12.0,34.0,24.0,8.0,,35.0,41.0,46.0,33.0,,11.0,37.0,17.0,,35.5,30.0,26.0,15.0,,29.0,21.0,5.0,22.0,,39.5,19.0,36.0,20.0,31.0,1.0,46.0,,,,13.0,3.0,10.0,42.0,33.0,44.5,34.5,7.0,,,19.0,,36.0,20.0,24.0,39.0
2010-11-01,20.0,30.0,14.0,2.0,14.0,22.0,,5.0,47.0,17.0,11.0,21.0,10.0,3.0,,33.0,36.0,45.0,40.0,,18.0,46.0,29.0,,25.5,38.0,18.0,15.0,,33.0,37.0,7.0,29.0,,8.0,24.0,27.0,6.0,18.0,2.0,41.0,,,,9.0,2.0,12.0,45.0,33.0,34.0,27.0,26.0,,,20.5,,42.5,40.0,38.0,33.0
2010-11-02,28.0,31.0,11.0,16.0,2.0,18.0,,4.0,44.0,2.0,9.0,39.0,20.0,8.0,,47.0,44.0,40.0,35.0,,27.0,40.0,14.0,,36.0,32.0,41.0,23.0,,12.0,23.0,5.0,23.0,,19.0,35.0,31.5,10.0,20.0,2.0,44.0,,,,15.0,6.0,7.0,37.5,38.5,34.0,32.0,15.0,,,30.0,,25.5,30.0,14.5,34.0
2010-11-03,34.5,3.0,20.0,20.0,10.0,12.0,,16.0,45.0,18.0,4.0,33.0,3.0,22.0,,37.0,36.0,28.5,44.5,,27.0,43.0,33.0,,21.0,39.5,28.0,27.0,,15.0,12.0,2.0,15.0,,8.0,30.0,23.0,3.0,11.0,8.0,45.0,,,,26.0,15.0,6.0,45.0,39.0,27.0,33.0,6.0,,,30.0,,21.5,43.5,40.0,40.0
2010-11-04,23.5,2.0,14.0,9.0,23.5,28.0,,4.0,20.0,23.0,8.0,26.5,7.0,10.0,,29.0,41.0,45.0,35.0,,23.0,41.0,25.0,,44.0,40.0,32.0,31.5,,4.0,19.0,11.0,3.0,,5.0,37.0,37.0,20.0,29.0,16.0,45.5,,,,2.0,15.0,12.0,36.0,38.0,35.5,22.0,12.5,,,30.5,,32.0,37.0,24.0,43.0
2010-11-05,22.0,27.0,13.0,32.0,24.0,7.0,,9.5,38.0,19.0,12.0,21.0,3.0,8.0,,17.0,37.5,38.0,42.0,,30.0,34.0,34.0,,46.0,34.0,19.0,14.0,,6.0,25.0,10.0,10.0,,4.0,27.0,31.0,16.5,24.0,2.0,38.0,,,,20.0,16.0,1.0,42.0,19.5,44.0,42.0,5.0,,,26.0,,33.0,43.0,37.0,45.0
2010-11-08,24.0,30.0,10.0,16.0,24.0,11.0,,8.0,45.0,16.0,6.0,18.0,2.0,9.0,,39.0,37.0,25.0,35.0,,24.5,43.0,30.0,,40.0,37.0,39.5,17.0,,7.0,19.0,1.0,23.0,,12.0,33.0,25.0,15.0,34.0,4.0,45.0,,,,17.5,5.0,3.0,35.0,43.0,33.0,25.0,15.0,,,21.0,,29.0,47.0,44.0,31.5
2010-11-09,17.0,26.0,18.0,40.0,25.0,29.0,,13.0,41.0,17.0,1.0,39.0,6.0,9.0,,42.0,23.5,35.0,22.0,,36.0,32.0,14.0,,46.0,26.5,33.0,3.0,,13.0,28.0,7.0,16.0,,10.0,33.0,34.0,11.0,25.0,5.0,44.0,,,,8.0,4.0,2.0,33.0,23.5,47.0,43.0,20.0,,,16.0,,20.5,40.0,28.0,43.5
2010-11-10,16.0,21.0,28.0,39.0,24.0,2.0,,19.0,41.0,14.0,11.0,43.0,8.0,13.0,,37.0,28.0,47.0,21.0,,2.0,36.0,26.0,,35.0,26.0,27.0,7.0,,18.0,32.0,12.0,29.0,,6.0,33.0,28.0,15.0,23.0,4.0,45.0,,,,9.0,4.0,2.0,10.0,24.5,43.0,43.5,16.0,,,27.5,,45.0,34.0,39.0,42.0
2010-11-11,34.0,12.0,22.0,43.0,26.0,14.0,,17.0,31.0,24.0,19.0,29.0,9.0,6.0,,17.0,26.5,37.0,37.0,,39.0,39.0,37.0,,45.0,40.0,18.0,11.0,,2.0,15.0,2.0,15.0,,2.0,24.5,27.0,10.0,22.0,7.0,33.0,,,,21.0,25.0,8.0,37.5,12.0,37.0,41.5,5.0,,,4.0,,32.0,47.0,44.0,46.0
2010-11-12,39.0,10.0,18.0,31.0,26.0,22.0,,4.0,46.0,22.0,6.0,31.5,9.0,8.0,,26.0,28.0,48.0,42.0,,26.0,29.0,21.0,,44.0,37.0,30.0,3.0,,11.0,17.0,5.0,16.0,,2.0,34.0,36.0,7.0,19.0,1.0,34.0,,,,14.0,26.0,18.0,32.0,19.0,46.0,40.5,12.0,,,12.0,,43.0,40.0,38.0,27.0
2010-11-15,34.0,3.0,11.0,45.0,32.0,18.0,,8.0,43.0,28.0,4.0,16.0,24.0,5.0,,29.0,6.0,33.0,31.5,,32.0,33.0,34.0,,40.0,24.5,36.0,9.0,,22.0,13.0,7.0,13.0,,11.0,24.0,23.0,18.0,16.0,1.0,44.0,,,,23.0,29.0,20.0,40.0,42.0,42.0,11.0,2.0,,,15.0,,31.0,41.0,45.0,42.0
2010-11-16,33.0,10.0,3.0,35.0,31.0,25.0,,19.0,29.5,26.5,4.0,37.0,14.0,5.0,,46.0,28.0,33.5,36.0,,23.5,33.0,42.0,,46.0,26.0,31.0,2.0,,15.0,17.5,9.0,21.0,,11.0,17.0,44.0,12.0,7.0,6.0,39.0,,,,15.0,21.0,8.0,36.0,28.0,44.0,39.0,1.0,,,17.0,,25.0,34.0,40.0,16.0
2010-11-17,24.0,12.0,18.0,46.0,23.5,14.0,,1.0,23.0,20.0,10.0,32.0,5.0,2.0,,37.0,21.0,30.0,44.0,,34.0,32.0,30.0,,41.0,22.0,45.0,8.0,,26.0,32.0,9.0,12.0,,7.0,43.0,40.0,4.0,20.0,3.0,44.0,,,,24.0,21.0,17.0,35.0,11.0,47.0,26.0,6.0,,,14.0,,28.0,42.0,38.0,31.0
2010-11-18,22.0,12.0,19.0,47.0,23.0,21.0,,4.0,43.0,12.0,3.0,35.0,2.0,13.0,,8.0,18.0,41.0,36.0,,33.0,45.0,14.0,,41.0,27.0,41.0,15.0,,25.5,10.5,10.0,10.0,,7.0,38.0,27.0,5.0,29.0,6.0,41.0,,,,29.0,24.0,19.0,34.0,29.0,41.0,30.0,1.0,,,17.0,,24.0,37.0,39.5,31.0
2010-11-19,9.0,17.5,18.0,34.0,25.0,21.0,,11.0,39.0,14.0,2.0,34.0,8.0,22.0,,43.0,26.0,44.0,37.0,,38.0,29.0,14.0,,45.0,30.0,43.0,13.0,,12.0,23.0,1.0,4.0,,5.0,32.0,47.0,10.0,27.0,6.0,39.0,,,,26.0,19.0,7.0,44.0,30.0,37.0,21.0,3.0,,,15.0,,41.0,34.5,28.5,23.5
2010-11-22,24.0,13.0,19.0,24.0,29.0,15.0,,2.0,27.0,6.0,11.0,34.5,13.0,30.0,,32.5,25.5,40.5,45.0,,20.0,34.0,21.0,,43.0,39.0,26.5,1.0,,10.0,16.0,3.0,7.0,,4.0,19.0,30.0,9.0,13.0,5.0,39.0,,,,25.0,34.0,21.0,43.5,39.0,45.0,42.0,8.0,,,16.0,,35.0,44.0,33.0,39.0
2010-11-23,22.0,4.0,17.0,36.0,20.0,17.0,,7.0,33.0,9.0,2.0,38.0,13.0,30.0,,19.0,10.0,39.5,42.0,,33.5,44.0,16.5,,47.0,33.0,30.0,23.0,,10.0,28.0,3.0,11.0,,5.0,15.0,44.0,8.0,29.0,1.0,41.0,,,,26.0,28.0,15.0,41.0,21.0,44.5,23.0,6.0,,,20.0,,36.0,39.0,42.0,28.0
2010-11-24,24.0,13.0,13.0,37.0,18.0,20.0,,4.0,31.0,2.0,11.0,36.5,1.0,36.0,,14.0,26.0,38.0,43.5,,39.5,39.0,22.0,,47.0,34.0,31.0,21.0,,21.0,10.0,3.0,13.0,,9.0,35.0,29.0,6.0,17.0,8.0,44.0,,,,25.5,32.0,5.0,38.0,27.0,48.0,39.0,7.0,,,18.0,,33.0,41.0,17.0,25.0
2010-11-25,30.0,7.0,12.0,41.0,46.0,12.5,,9.0,37.0,6.0,3.0,39.0,14.0,32.0,,44.0,17.0,26.0,28.5,,26.0,43.0,20.0,,44.0,26.0,17.0,26.0,,31.5,18.0,4.0,11.5,,2.0,24.0,22.0,1.0,22.0,5.0,39.0,,,,28.0,38.0,15.0,40.0,11.0,47.0,29.0,8.0,,,18.0,,40.0,31.0,34.0,38.0
2010-11-26,30.0,15.0,14.0,23.5,22.0,21.0,,12.0,37.0,14.0,9.0,31.0,1.0,41.0,,38.0,27.0,37.0,31.0,,7.0,43.0,43.0,,43.0,42.0,28.0,4.0,,11.0,19.0,8.0,17.5,,5.0,22.0,33.0,2.0,31.0,6.0,46.0,,,,17.0,22.0,3.0,39.0,32.5,47.0,24.0,9.0,,,30.0,,36.0,26.0,16.5,35.0
2010-11-29,38.0,16.0,13.0,37.0,48.0,6.0,,9.0,34.0,12.0,7.0,26.0,3.0,29.0,,39.0,20.0,30.5,23.0,,21.0,41.0,42.0,,42.0,43.0,20.0,19.5,,30.0,33.0,8.0,14.0,,5.0,43.0,1.0,2.0,27.0,4.0,39.0,,,,25.0,23.5,15.0,31.0,33.0,46.0,21.0,10.0,,,21.0,,36.0,24.0,11.0,32.0
2010-11-30,20.0,15.0,13.0,31.0,41.0,6.0,,8.0,44.0,4.0,9.0,24.0,1.0,38.0,,31.0,15.0,28.0,40.0,,19.0,43.0,33.0,,34.0,25.0,16.0,25.0,,13.0,34.0,7.0,12.0,,2.0,21.0,18.0,3.0,15.0,5.0,43.0,,,,35.0,27.0,21.0,35.0,24.0,47.0,48.0,10.0,,,40.0,,39.0,30.0,26.0,36.0
2010-12-01,34.0,12.0,1.0,35.0,44.0,16.5,,8.0,30.0,3.0,6.0,17.0,10.0,41.0,,34.5,23.0,36.0,44.0,,31.0,47.0,31.0,,38.0,14.0,36.0,19.0,,22.0,26.0,5.0,2.0,,14.0,26.0,20.0,9.0,14.0,4.0,45.0,,,,31.0,25.5,23.0,41.5,17.5,39.0,28.5,7.0,,,11.0,,40.0,34.0,21.0,38.0
2010-12-02,16.5,9.0,15.0,39.0,43.0,4.0,,6.0,36.5,2.0,12.0,23.5,11.0,18.0,,45.5,27.0,30.0,30.0,,34.5,45.5,34.0,,47.0,26.0,26.0,20.0,,12.0,36.0,5.0,1.0,,18.0,28.0,20.0,10.0,15.0,7.0,41.0,,,,31.0,25.0,3.0,41.5,15.0,43.0,21.5,8.0,,,34.0,,40.0,39.0,27.0,31.0
2010-12-03,18.0,23.0,10.0,22.5,43.0,9.0,,4.0,33.0,2.0,6.0,16.0,15.0,34.0,,45.0,23.0,35.5,41.0,,16.0,47.0,27.0,,45.0,27.0,37.0,30.0,,12.0,30.0,3.0,7.0,,14.0,19.0,14.0,8.0,11.0,5.0,44.0,,,,26.0,23.0,20.0,36.0,26.0,42.0,26.0,1.0,,,33.0,,41.0,37.0,31.0,36.5
2010-12-06,5.0,21.0,32.0,41.0,37.0,1.0,,2.0,45.0,9.0,14.5,25.0,5.0,33.0,,45.0,19.0,36.0,41.5,,21.0,47.0,27.0,,24.0,11.0,36.0,27.0,,23.0,5.0,13.0,12.0,,14.0,30.0,19.0,3.0,17.0,10.0,43.0,,,,22.5,18.0,7.0,44.0,25.0,40.0,32.0,8.0,,,17.0,,40.0,32.0,30.0,38.0
2010-12-07,11.0,19.0,23.0,35.0,47.0,12.0,,4.0,42.0,6.0,5.0,29.0,14.0,19.0,,46.0,27.5,23.5,45.0,,31.0,43.0,37.0,,44.0,24.0,40.0,22.0,,26.0,28.0,1.0,12.0,,9.0,33.5,28.0,2.0,9.0,7.0,39.0,,,,31.0,25.0,15.0,39.0,17.0,38.0,27.0,3.0,,,9.0,,14.0,37.0,21.0,37.5
2010-12-08,21.0,24.0,17.0,43.5,40.0,24.0,,7.0,36.0,13.0,5.0,29.0,10.0,13.0,,45.0,30.0,37.0,42.0,,30.0,45.0,32.0,,40.0,8.5,35.0,28.0,,21.0,20.0,1.0,8.5,,10.0,19.0,15.0,4.0,15.0,2.0,39.0,,,,27.0,24.0,3.0,15.0,13.0,48.0,36.0,6.0,,,27.0,,24.5,35.0,32.0,47.0
2010-12-09,18.0,14.0,19.0,41.0,45.0,22.0,,1.0,40.0,6.0,4.0,39.0,15.0,29.0,,24.0,34.0,44.0,36.0,,33.0,41.5,35.0,,15.0,12.0,32.0,23.0,,18.0,29.0,10.0,2.0,,12.0,29.0,26.0,3.0,9.0,7.0,41.5,,,,36.0,33.0,8.0,42.0,12.0,41.0,21.0,5.0,,,22.0,,43.0,39.0,17.0,29.0
2010-12-10,22.0,15.0,23.0,39.0,47.0,34.5,,2.0,37.0,10.0,9.0,28.0,7.0,8.0,,41.0,31.5,39.0,43.0,,30.0,47.0,34.0,,13.0,46.0,39.0,35.0,,20.0,26.0,16.0,6.0,43.0,12.0,13.0,21.0,1.0,5.0,3.0,41.0,,,,26.0,15.0,18.0,36.0,12.0,34.5,24.0,4.0,,,19.0,,47.0,29.5,21.0,32.0
2010-12-13,14.0,18.0,40.0,40.0,35.0,10.0,,7.0,45.0,5.0,6.0,27.0,14.0,19.0,,34.0,27.0,45.0,44.0,,25.0,38.0,47.0,,26.0,10.0,24.0,20.0,,23.0,23.0,10.0,3.0,32.0,10.5,35.5,17.0,1.0,13.0,4.0,32.0,,,,32.0,29.0,20.0,35.0,10.0,43.0,19.0,2.0,,,24.0,,47.0,30.0,44.5,43.0
2010-12-14,16.0,23.0,36.0,39.0,48.0,6.0,,9.0,42.0,8.0,7.0,29.0,19.0,32.0,,40.0,36.0,46.0,43.0,,27.0,35.0,33.0,,29.0,46.0,40.0,26.0,,26.0,24.0,11.0,4.0,21.0,2.0,12.0,14.0,1.0,12.0,5.0,41.0,,,,16.0,19.0,24.0,34.0,18.0,44.0,14.0,3.0,,,28.0,,15.0,34.0,28.0,45.0
2010-12-15,13.0,17.0,22.0,48.0,35.0,20.0,,2.0,41.0,8.0,3.0,24.0,18.0,30.5,,42.5,24.0,39.0,40.0,,30.0,44.0,34.5,,30.5,45.5,31.0,28.0,,26.0,26.0,4.0,7.0,36.0,10.0,10.0,27.0,6.0,10.0,1.0,41.0,,,,29.0,18.0,16.0,15.0,21.0,45.0,13.0,5.0,,,25.0,,16.0,36.0,39.5,46.0
2010-12-16,15.0,21.0,29.0,46.0,20.5,10.0,,9.0,48.0,3.0,6.0,33.0,15.0,31.5,,45.0,5.0,42.5,27.0,,13.0,46.0,41.0,,36.0,32.5,32.0,26.0,,24.0,8.0,13.0,2.0,34.0,7.0,31.0,24.0,1.0,13.0,4.0,42.0,,,,24.0,21.5,17.0,24.0,38.0,46.5,29.0,11.0,,,27.5,,19.0,35.0,37.5,37.0
2010-12-17,21.0,23.0,20.0,43.0,22.0,16.0,,10.0,47.0,1.0,8.0,38.5,12.0,34.0,,15.5,22.0,39.0,29.0,,31.0,47.0,41.0,,8.0,32.5,33.0,23.0,,16.0,34.0,8.0,3.0,35.0,6.0,20.0,10.0,2.0,4.0,5.0,45.0,,,,34.0,31.0,12.0,16.0,27.0,44.0,45.0,27.0,,,32.5,,15.0,35.0,33.0,41.0
2010-12-20,17.0,23.0,12.0,41.0,34.0,10.0,,14.0,45.0,6.0,17.0,24.5,15.0,28.0,,47.0,28.0,33.0,45.0,,10.0,41.0,35.0,,20.0,33.0,16.0,35.0,,13.0,30.5,10.0,2.0,38.0,7.0,30.5,33.0,3.0,1.0,4.0,38.0,,,,24.0,20.0,22.0,26.0,5.0,46.0,47.0,8.0,,,46.0,,31.0,20.0,27.0,39.0
2010-12-21,23.0,16.0,19.0,47.0,34.0,15.0,,4.0,32.0,8.0,10.0,30.0,18.0,30.0,,45.0,37.0,43.0,45.0,,12.0,31.0,37.0,,12.0,35.0,23.0,34.0,,7.0,22.0,9.0,5.0,45.0,2.0,24.0,12.0,3.0,1.0,6.0,41.5,,,,34.0,26.0,29.0,16.0,26.0,41.0,44.0,19.0,,,36.5,,15.0,36.0,39.0,24.0
2010-12-22,17.0,26.0,12.0,41.0,39.0,8.0,,5.0,31.0,3.0,4.0,36.0,13.0,33.0,,46.0,24.0,42.0,46.0,,23.0,31.0,40.0,,24.0,47.0,34.0,15.0,,7.0,37.5,9.0,10.0,36.5,16.0,16.0,12.0,6.0,1.0,2.0,45.0,,,,14.0,26.0,31.5,31.0,21.0,42.5,28.0,20.0,,,42.0,,20.0,20.0,24.0,33.5
2010-12-23,25.0,35.0,7.0,36.0,29.0,1.0,,11.0,47.0,6.0,20.0,31.0,14.0,31.0,,45.0,25.0,38.0,43.0,,14.5,38.0,41.0,,22.0,45.0,40.0,19.5,,16.0,32.5,4.0,2.0,44.0,9.0,21.0,10.0,5.0,3.0,8.0,27.0,,,,13.0,16.0,18.0,24.0,26.5,39.0,44.5,16.0,,,43.0,,35.0,29.0,27.0,26.0
2010-12-28,20.5,31.0,10.0,25.5,34.0,6.0,,8.0,46.0,3.0,22.5,39.0,1.0,32.0,,41.0,20.0,42.0,34.5,,33.0,45.0,41.0,,32.0,48.0,25.0,30.0,,15.0,29.0,13.0,4.0,43.5,10.0,24.0,17.0,7.0,5.0,2.0,36.0,,,,21.0,18.0,12.0,15.0,18.0,39.0,44.0,10.0,,,48.0,,18.0,25.0,30.0,32.0
2010-12-29,17.0,22.0,10.0,37.0,43.0,22.0,,11.0,42.0,7.0,24.0,34.0,1.0,29.0,,44.0,28.0,47.0,39.0,,9.0,35.0,38.5,,39.0,42.0,44.0,36.0,,15.0,28.5,3.0,13.0,21.0,12.0,26.0,20.0,4.0,8.0,5.0,42.0,,,,20.0,14.0,2.0,18.0,17.0,45.0,22.0,6.0,,,47.0,,27.0,30.0,32.0,28.0
2010-12-30,16.0,28.0,11.0,26.0,41.0,9.0,,3.0,46.5,25.0,19.0,30.0,17.0,25.0,,37.0,32.0,41.0,35.0,,11.0,41.5,44.0,,43.0,37.0,44.0,23.5,,4.0,22.0,6.0,8.0,44.0,7.0,33.0,16.0,2.0,5.0,1.0,35.0,,,,17.0,30.5,10.0,15.0,30.0,44.0,38.0,13.0,,,46.0,,31.0,19.0,22.0,22.0
2011-01-03,22.0,34.0,12.0,15.0,33.0,14.0,,7.0,44.0,14.0,17.0,39.0,19.0,22.0,,46.0,36.0,28.0,37.5,,13.0,40.0,44.0,,17.0,46.0,23.5,35.0,,22.0,30.0,4.0,8.0,36.0,1.0,25.0,6.0,3.0,9.0,5.0,35.0,,,,22.5,11.0,2.0,27.0,40.0,49.0,44.0,12.0,,,34.0,,24.0,37.0,28.0,28.5
2011-01-04,13.0,29.0,13.0,31.0,40.0,15.0,,4.0,49.0,3.0,23.0,26.0,20.0,28.0,,40.0,34.0,42.0,35.0,,18.0,44.0,42.0,,20.0,34.0,23.0,39.0,,9.0,30.0,11.0,15.0,44.0,10.0,34.0,1.0,6.0,2.0,7.0,37.0,,,,19.0,14.0,8.0,23.5,26.0,46.0,47.0,5.0,,,32.0,,25.5,41.0,31.0,20.0
2011-01-05,16.0,34.0,17.0,12.0,39.0,18.0,,8.0,45.0,15.0,20.0,38.0,26.5,32.5,,46.0,32.0,38.0,37.0,,10.0,39.0,47.0,,32.0,40.0,42.0,26.5,,8.0,27.5,13.0,14.0,37.0,23.0,32.0,5.0,1.0,3.0,2.0,39.5,,,,20.0,6.0,4.0,11.0,21.0,46.0,26.5,8.0,,,42.0,,29.0,25.0,30.0,21.0
2011-01-06,23.0,28.0,7.0,20.0,40.0,14.0,,6.0,43.0,27.0,30.0,37.0,14.0,33.0,,39.0,32.0,40.0,38.0,,14.0,32.0,47.0,,31.0,32.0,43.0,34.0,,5.0,34.5,10.0,8.0,43.0,3.0,19.5,2.0,4.0,1.0,9.0,24.0,,,,17.0,20.0,11.0,21.0,16.0,48.0,34.0,17.0,,,45.0,,12.0,32.5,36.0,26.0
2011-01-07,16.0,26.5,25.5,33.0,35.0,19.0,,1.0,10.0,15.0,24.5,2.0,18.0,28.0,,35.0,30.0,47.0,41.0,,40.0,40.0,48.0,,39.0,34.0,35.0,31.0,,8.0,32.0,11.0,13.0,44.0,16.0,34.0,6.0,3.0,4.0,6.0,25.0,,,,29.0,10.0,5.0,23.5,21.0,47.0,19.0,10.0,,,44.0,,16.0,38.0,39.5,27.0
2011-01-10,30.5,38.0,25.0,18.0,40.0,4.0,,1.0,42.0,27.0,24.0,12.0,20.0,30.5,,43.0,18.0,39.0,47.0,,26.0,45.0,48.0,,34.0,33.0,31.5,22.0,,15.0,29.0,12.0,5.0,41.0,14.0,17.0,7.0,9.0,2.0,3.0,26.0,,,,29.0,10.0,6.0,17.0,12.0,48.0,23.0,8.0,,,40.0,,22.0,33.0,39.0,35.0
2011-01-11,20.0,40.0,11.0,32.0,23.0,22.5,,7.0,37.0,13.0,24.0,18.5,16.5,36.0,,36.0,25.0,48.0,40.0,,35.0,45.0,23.0,,41.0,43.0,43.0,40.5,,2.0,30.0,6.0,8.0,38.0,16.0,28.0,4.0,3.0,1.0,5.0,27.0,,,,9.0,14.0,12.0,17.0,19.0,45.0,27.0,10.0,,,43.0,,30.0,13.0,29.0,37.0
2011-01-12,11.0,27.0,26.0,29.0,22.0,23.0,,5.0,39.0,29.5,18.0,19.0,11.0,14.0,,36.0,40.5,48.0,36.0,,37.0,39.5,41.5,,42.0,45.0,15.0,45.0,,7.0,36.5,3.0,6.0,43.0,14.0,40.5,18.0,1.0,2.0,4.0,14.0,,,,9.0,8.0,12.0,31.0,22.0,20.0,27.5,25.0,,,41.0,,20.5,30.0,27.0,37.0
2011-01-13,24.0,35.0,25.5,35.0,28.0,1.0,,2.0,31.0,31.0,17.0,19.0,14.0,17.0,,26.0,26.0,47.0,22.0,,39.0,39.0,38.0,,41.0,38.0,17.0,44.0,,4.0,36.0,14.0,6.0,46.0,24.0,37.0,12.0,9.0,8.0,10.0,11.0,,,,21.0,7.0,5.0,14.0,17.0,48.0,34.0,28.0,,,42.0,,3.0,40.0,22.0,37.0
2011-01-14,30.0,36.0,25.0,20.0,33.0,1.0,,11.0,35.0,40.0,22.0,28.0,17.0,26.0,,26.0,37.0,48.0,31.0,,27.0,40.0,40.0,,43.0,37.0,15.0,46.0,,17.0,42.5,13.0,3.5,47.0,15.0,29.0,6.0,5.0,8.0,9.0,15.0,,,,7.0,12.0,2.0,21.0,10.0,43.0,33.0,3.5,,,25.0,,20.5,43.0,20.0,31.0
2011-01-17,26.0,38.0,36.0,41.5,20.0,8.0,,14.0,35.0,31.0,18.0,29.0,24.0,24.0,,33.0,10.0,45.0,23.0,,27.0,40.0,41.5,,35.0,46.0,41.0,46.0,,5.0,26.0,12.0,6.0,48.0,9.0,32.0,23.0,1.0,7.0,3.0,16.0,,,,4.0,18.0,2.0,12.0,12.0,39.0,32.0,13.0,,,29.0,,30.0,43.0,20.5,33.0
2011-01-18,24.0,42.0,34.0,22.0,17.0,30.0,,8.0,38.0,29.0,21.0,42.0,24.5,26.0,,25.0,13.0,47.0,33.5,,34.0,37.0,22.0,,36.0,45.0,44.0,44.0,,10.0,29.0,13.0,15.0,41.0,7.0,11.0,12.0,5.0,2.0,1.0,17.0,,,,3.0,19.5,4.0,18.0,9.0,40.0,31.0,26.0,,,37.5,,6.0,46.0,20.0,42.0
2011-01-19,18.0,28.0,25.0,36.0,22.0,7.0,,2.0,25.0,32.0,32.5,13.0,5.0,10.0,,29.5,38.0,46.0,44.0,,37.0,34.0,40.0,,38.5,47.0,41.5,41.0,,15.0,38.0,5.0,14.0,44.0,12.0,39.0,16.0,11.0,1.0,7.0,24.0,,,,9.0,22.0,3.0,19.0,4.0,43.0,23.0,28.0,,,24.5,,17.5,35.5,21.0,35.0
2011-01-20,14.0,36.0,28.0,36.0,16.5,30.5,,3.0,28.0,41.5,18.0,3.0,11.0,23.0,,29.0,28.0,43.0,41.0,,38.0,32.0,41.0,,45.0,34.0,45.0,42.5,,10.0,34.0,11.5,8.0,48.0,13.0,34.0,6.0,1.0,4.0,9.0,22.0,,,,7.0,17.0,3.0,25.0,20.0,41.0,21.0,22.0,,,41.0,,15.0,27.0,18.0,32.0
2011-01-21,28.0,39.0,24.0,32.0,45.0,12.0,,6.0,20.0,30.0,23.0,31.0,8.0,26.0,,12.0,35.0,43.0,41.0,,39.0,44.0,44.0,,34.5,36.0,38.0,33.0,,20.0,38.0,10.0,9.0,46.0,16.5,15.0,7.0,4.0,1.0,2.0,24.5,,,,3.0,15.0,5.0,15.0,23.0,34.5,41.0,19.0,,,44.0,,23.5,28.5,13.0,17.0
2011-01-24,36.0,26.0,22.0,34.0,41.0,15.0,,12.0,6.0,24.0,33.0,32.0,30.0,35.0,,27.5,18.0,47.0,41.0,,20.5,46.0,37.0,,39.0,49.0,33.0,26.5,,7.0,33.0,6.0,3.0,46.0,11.0,11.5,1.0,2.0,9.0,15.0,15.0,,,,25.0,6.0,4.0,16.0,17.0,43.0,39.5,26.0,,,36.0,,32.0,30.5,20.0,12.0
2011-01-25,26.0,29.0,19.0,22.0,28.0,32.0,,4.0,3.0,38.0,34.0,13.0,29.0,4.0,,8.0,37.0,48.0,26.0,,39.5,37.0,38.0,,39.0,34.0,46.0,22.0,,14.0,38.0,6.0,9.0,46.0,12.0,10.0,3.0,7.0,17.0,15.0,20.0,,,,1.0,23.0,10.0,15.0,19.0,43.0,41.0,24.0,,,43.0,,39.0,36.0,31.0,20.0
2011-01-26,24.0,21.0,17.0,33.0,28.0,8.0,,1.0,2.0,41.0,27.0,10.0,32.0,35.0,,29.5,19.0,41.0,42.0,,24.0,33.5,33.0,,43.0,34.0,28.0,32.5,,12.0,46.0,10.0,6.0,44.0,3.0,23.0,14.0,5.0,13.0,19.0,16.0,,,,7.0,14.0,4.0,9.0,21.0,34.5,44.5,39.0,,,45.0,,38.5,40.0,24.0,23.0
2011-01-27,31.0,36.0,5.0,32.0,28.0,20.0,,5.0,25.0,43.0,23.0,15.0,34.0,40.0,,19.0,15.0,35.0,44.0,,29.0,46.0,37.0,,46.0,26.5,24.0,31.0,,2.0,33.5,7.0,3.0,43.0,11.5,15.0,5.0,1.0,8.0,16.0,12.5,,,,26.0,23.0,9.5,14.0,15.0,41.0,20.5,9.0,,,45.0,,37.0,33.0,35.0,44.0
2011-01-28,19.0,25.0,33.0,29.0,42.0,18.0,,16.0,10.0,46.0,25.0,13.0,34.0,1.0,,15.0,20.0,41.0,24.0,,35.0,45.0,36.0,,48.0,37.5,42.0,40.0,,14.0,42.0,4.0,2.0,46.0,3.0,28.5,7.0,9.0,10.0,23.0,12.0,,,,27.0,20.0,5.0,6.0,8.0,35.0,23.5,26.0,,,32.0,,37.5,36.0,18.0,36.0
2011-01-31,32.0,19.0,24.0,36.0,32.0,10.0,,1.5,12.0,34.0,26.0,17.0,16.0,13.0,,38.0,43.0,40.0,34.0,,22.0,44.0,37.0,,40.0,44.0,18.0,45.0,,11.0,45.0,7.0,8.0,36.5,22.0,29.5,1.5,4.0,6.0,20.0,22.0,,,,5.0,28.0,3.0,14.0,15.0,46.0,45.0,9.0,,,48.0,,25.0,28.0,19.0,27.0
2011-02-01,27.0,35.0,15.0,34.0,37.0,23.0,,2.0,15.5,39.0,21.0,11.0,34.0,36.0,,26.0,20.0,43.0,37.5,,29.0,44.0,9.0,,47.0,48.0,26.5,44.0,,23.0,27.0,10.0,6.0,45.0,28.5,11.0,13.0,4.0,17.0,25.5,3.0,,,,6.0,19.0,1.0,31.0,15.0,40.0,28.0,6.0,,,42.0,,33.0,39.0,10.0,16.0
2011-02-07,18.0,31.0,12.0,28.0,19.5,15.0,,17.0,20.0,39.5,26.0,21.5,40.0,33.0,,25.0,25.0,47.0,25.0,,12.0,41.0,26.0,,44.0,41.0,19.0,44.0,,15.0,46.0,2.0,13.0,35.5,39.0,29.0,7.0,1.0,8.0,37.0,5.5,,,,3.0,12.0,9.0,4.0,5.0,41.5,28.0,35.0,,,47.0,,29.0,36.0,11.0,36.0
2011-02-08,23.0,45.0,31.5,35.5,30.0,20.5,,6.0,17.0,36.0,24.0,14.0,15.0,19.0,,8.0,16.0,48.0,31.5,,46.0,37.0,33.0,,37.5,41.5,24.0,46.0,,10.0,39.0,7.0,2.0,45.0,4.0,28.0,15.0,10.0,9.0,21.0,29.0,,,,1.0,3.0,5.0,13.5,13.0,39.0,35.5,27.0,,,42.0,,25.0,34.0,24.0,41.0
2011-02-09,9.0,30.0,31.0,34.0,22.0,7.0,,2.0,32.5,33.5,37.0,12.0,11.0,25.0,,18.0,25.0,47.0,24.0,,10.0,27.0,30.0,,47.0,33.0,29.0,45.0,,15.0,39.0,4.0,3.0,43.0,13.0,39.0,1.0,5.0,10.5,17.0,31.0,,,,14.0,20.0,6.0,19.5,13.0,44.0,36.0,21.5,,,43.0,,30.0,39.0,30.0,48.5
2011-02-10,11.0,46.0,31.0,27.0,48.0,4.0,,12.0,20.0,41.0,14.0,23.0,17.0,23.0,,20.0,27.0,34.0,23.5,,44.0,38.0,25.5,,42.0,43.0,28.0,42.0,,38.0,33.0,3.0,5.0,31.0,17.0,30.0,7.0,13.0,10.0,1.0,9.0,,,,19.0,7.0,2.0,16.5,14.5,43.0,27.0,7.0,,,40.0,,26.0,48.0,36.0,34.0
2011-02-11,26.0,7.0,30.0,31.0,39.0,5.0,,18.0,12.0,43.0,22.0,1.0,25.0,12.0,,17.0,32.0,38.0,24.0,,22.0,45.0,33.5,,42.0,42.0,24.0,42.0,,18.5,17.0,2.0,7.0,35.0,19.0,38.5,3.0,4.0,14.0,9.0,11.5,,,,28.0,7.0,9.0,21.5,25.0,43.0,14.0,34.0,,,46.0,,30.0,47.0,38.0,48.0
2011-02-14,23.0,12.0,33.0,39.0,33.0,4.0,,19.0,30.0,29.0,13.0,5.0,27.0,16.0,,19.0,20.0,23.5,42.0,,44.0,34.0,12.0,,24.0,33.5,47.0,17.0,,34.0,43.0,1.0,2.0,40.0,16.0,16.0,9.0,8.0,7.0,4.0,4.0,,,,29.0,21.0,10.0,45.0,25.0,45.0,37.0,29.0,,,41.0,,12.0,43.0,36.5,44.0
2011-02-15,7.0,33.0,25.0,34.5,28.0,6.0,,8.0,29.0,42.0,16.0,2.0,22.0,30.5,,24.0,24.0,35.0,39.0,,26.5,34.0,20.0,,44.0,16.0,45.0,46.0,,34.0,43.0,1.0,3.0,39.0,17.0,22.0,13.0,5.0,4.0,13.0,12.0,,,,9.0,15.0,10.0,41.0,18.0,45.0,21.0,27.0,,,41.0,,36.0,48.0,14.0,35.0
2011-02-16,9.0,13.0,36.0,45.0,47.0,22.0,,2.0,38.5,39.0,17.0,7.0,29.0,23.0,,36.0,30.5,29.0,40.0,,35.0,22.0,26.0,,32.0,31.0,29.5,26.5,,26.5,48.0,9.0,6.0,46.0,18.5,21.0,15.0,4.0,12.0,21.0,2.0,,,,2.0,14.0,11.0,40.0,35.0,42.0,36.0,5.0,,,7.0,,15.0,17.0,38.0,45.0
2011-02-17,2.0,8.0,21.0,45.0,32.0,12.0,,10.0,20.0,40.0,11.0,17.0,15.5,20.5,,33.0,27.0,35.0,32.0,,15.0,43.0,25.0,,45.0,29.0,41.0,25.0,,34.0,45.0,6.0,4.0,46.5,36.0,30.5,19.0,8.0,1.0,18.0,19.5,,,,3.0,8.0,5.0,38.0,18.0,45.0,17.0,40.0,,,40.0,,30.0,26.0,22.0,38.0
2011-02-18,26.0,42.0,22.0,47.0,27.0,16.0,,5.0,33.0,37.0,1.0,13.0,19.0,16.0,,26.0,25.0,32.0,25.0,,44.5,46.5,35.0,,44.5,7.0,14.0,30.0,,35.0,48.0,2.0,11.0,47.0,8.0,17.0,29.0,9.0,6.0,3.0,21.0,,,,10.0,16.0,13.0,28.5,21.0,20.0,39.5,35.0,,,40.0,,4.0,32.0,36.0,41.0
2011-02-21,17.5,29.0,24.0,18.0,44.0,15.0,,13.0,21.0,34.0,10.0,1.0,14.0,22.0,,40.5,39.0,47.0,28.0,,36.0,31.0,30.0,,49.0,45.0,5.0,36.0,,30.0,7.0,11.0,7.0,38.0,2.0,17.0,27.0,4.0,12.0,9.0,36.0,,,,6.0,24.0,19.0,41.0,29.0,30.0,27.0,3.0,,,42.0,,17.0,40.0,25.0,47.0
2011-02-22,2.0,38.0,29.0,29.0,42.0,7.0,,23.0,27.0,34.0,15.0,13.0,28.0,13.0,,30.0,19.5,46.0,38.0,,33.0,47.0,21.0,,47.0,43.0,6.0,29.5,,29.0,37.0,8.0,5.0,36.0,17.0,1.0,27.0,3.0,4.0,11.0,18.0,,,,14.0,10.0,16.0,38.0,40.0,32.0,11.0,17.0,,,45.0,,21.0,34.0,21.0,43.5
2011-02-23,8.0,36.0,44.0,45.0,28.0,4.0,,16.0,23.5,24.0,13.0,10.0,20.0,22.0,,38.0,26.5,46.0,20.0,,35.0,44.0,44.0,,30.0,40.0,1.5,12.0,,25.0,40.0,14.0,7.0,48.0,5.0,6.0,26.0,3.0,9.0,1.5,25.0,,,,11.0,14.0,17.0,44.0,23.0,40.0,36.0,17.0,,,34.0,,27.0,29.0,32.0,42.0
2011-02-24,16.5,25.0,43.5,37.0,46.0,11.0,,15.0,20.0,19.5,9.0,5.0,27.0,8.0,,15.5,19.0,45.0,24.5,,37.0,27.5,29.5,,31.0,21.0,6.0,31.0,,30.0,39.0,10.0,4.0,35.0,1.0,17.0,43.5,3.0,2.0,13.0,45.0,,,,23.0,6.0,18.0,41.0,38.0,43.0,28.0,40.0,,,12.0,,40.0,26.0,33.0,44.0
2011-02-25,23.0,32.0,36.0,44.0,46.0,12.0,,6.0,16.0,19.0,9.0,7.0,26.0,18.0,,34.0,29.0,31.0,23.5,,46.0,48.0,35.0,,39.0,27.0,4.0,20.0,,23.0,39.0,1.0,3.0,2.0,16.0,13.0,27.0,5.0,7.0,11.0,44.0,,,,28.0,13.0,16.0,38.0,21.0,42.0,9.0,35.5,,,22.0,,32.0,34.5,44.0,40.0
2011-02-28,1.0,33.0,7.0,41.0,48.0,3.0,,5.0,35.0,19.0,7.0,12.0,27.0,30.0,,9.0,19.0,41.0,38.0,,27.0,45.0,32.0,,36.0,37.0,5.0,27.0,,35.0,38.5,20.0,2.0,46.5,11.0,16.0,27.0,10.0,13.0,14.0,45.0,,,,25.0,14.0,22.5,19.0,43.0,40.0,23.0,18.0,,,22.0,,37.0,6.0,43.0,30.0
2011-03-01,5.0,18.0,27.0,41.0,46.0,14.0,,9.0,24.0,34.0,2.0,12.0,24.0,16.0,,22.0,17.5,38.0,37.0,,23.0,42.0,28.0,,22.0,45.0,12.0,34.0,,33.0,39.0,3.0,6.0,43.5,10.0,4.0,18.0,1.0,7.0,15.0,9.0,,,,20.0,25.0,9.0,31.0,48.0,46.0,39.0,29.5,,,27.5,,36.0,44.0,37.0,33.0
2011-03-02,3.0,23.0,18.0,37.0,23.0,9.0,,2.0,29.0,30.0,13.0,15.0,15.0,28.0,,24.0,14.0,48.0,41.0,,25.5,45.0,18.0,,38.0,45.0,32.0,22.5,,41.0,48.0,10.0,1.0,34.0,5.0,6.0,20.0,8.0,11.0,7.0,31.0,,,,30.0,12.0,24.0,24.0,37.0,41.0,42.5,18.0,,,4.0,,32.0,46.0,35.0,41.0
2011-03-03,11.0,20.0,27.0,41.0,22.5,7.0,,2.0,25.0,32.0,1.0,17.0,13.0,30.0,,14.0,26.0,41.0,38.0,,34.0,41.5,17.0,,46.0,46.0,11.0,14.0,,48.0,35.0,21.0,9.0,48.0,3.0,4.0,21.0,5.5,8.0,11.0,31.0,,,,15.5,23.0,19.0,32.0,29.0,44.0,40.0,26.0,,,33.0,,5.5,43.0,36.0,38.0
2011-03-04,13.0,20.0,32.0,44.5,42.0,1.0,,10.0,27.0,24.0,13.0,9.0,16.0,27.0,,7.0,22.0,38.0,25.0,,33.0,42.0,26.0,,39.0,43.0,22.0,12.0,,40.0,44.0,17.0,5.0,48.0,8.0,2.0,22.0,3.0,15.0,4.0,26.0,,,,19.0,6.0,12.0,30.0,37.0,45.0,39.0,34.0,,,31.0,,25.0,29.0,46.0,35.0
2011-03-07,9.0,21.0,24.0,28.0,45.0,3.0,,10.0,38.0,21.0,6.0,14.0,29.0,37.0,,7.0,32.5,40.0,43.0,,39.5,43.0,40.0,,31.0,37.0,19.0,16.0,,42.0,35.0,17.0,2.0,49.0,4.0,8.0,32.0,11.0,5.0,1.0,19.0,,,,15.0,16.0,11.0,32.0,29.0,34.5,42.0,24.0,,,35.5,,13.0,24.0,47.0,24.0
2011-03-08,12.0,18.0,29.0,24.0,20.0,8.0,,4.0,34.5,16.5,17.5,10.0,23.0,24.0,,6.0,36.0,40.0,35.0,,28.0,45.0,36.0,,44.0,38.0,21.0,31.0,,40.0,38.0,7.0,2.0,44.0,1.0,13.0,30.0,15.0,3.0,10.0,23.0,,,,18.0,10.0,5.0,31.0,16.0,49.0,41.0,26.0,,,37.0,,28.0,21.0,47.0,44.0
2011-03-09,8.0,19.0,14.0,36.0,18.0,5.0,,8.0,32.0,16.0,14.0,23.5,28.0,22.0,,18.0,34.0,30.5,33.0,,36.5,41.0,34.0,,32.5,25.0,29.0,14.0,,40.0,8.0,22.0,6.0,49.0,10.0,11.0,26.0,1.0,4.0,3.0,26.0,,,,2.0,13.0,16.0,28.5,42.0,32.0,42.0,38.0,,,44.0,,33.0,47.0,45.5,47.0
2011-03-10,20.0,14.0,29.0,30.0,17.0,9.0,,8.0,42.0,5.0,13.0,23.0,26.0,22.0,,25.0,42.0,45.0,42.0,,43.0,40.0,30.0,,38.0,34.0,16.0,38.0,,35.0,35.0,22.0,1.0,47.5,4.0,3.0,18.0,2.0,11.0,12.0,6.0,,,,10.0,16.0,7.0,38.0,32.0,36.0,35.0,18.0,,,22.0,,29.0,28.0,48.0,42.0
2011-03-11,26.0,29.0,17.0,26.0,15.0,9.0,,15.0,37.0,19.0,18.5,30.0,26.0,21.0,,14.0,40.0,48.0,39.0,,34.0,41.0,32.0,,46.0,36.5,23.0,37.0,,39.0,32.5,21.0,1.0,49.0,2.0,3.0,31.0,12.0,9.0,7.0,23.0,,,,4.0,11.0,5.0,28.0,17.0,42.0,43.0,9.0,,,34.0,,15.0,6.0,43.0,46.0
2011-03-14,24.5,32.0,31.0,44.0,18.0,7.0,,6.0,39.0,12.0,12.0,16.0,28.0,16.0,,21.5,42.0,33.5,41.0,,32.0,40.0,26.0,,45.0,42.0,25.0,40.0,,10.0,31.0,19.5,4.0,41.0,9.0,1.0,29.0,8.0,15.0,3.0,15.0,,,,5.0,2.0,12.0,20.0,25.0,48.0,42.0,29.5,,,36.5,,18.0,21.0,37.0,45.0
2011-03-15,12.0,23.0,11.5,37.0,28.0,2.0,,15.5,44.0,13.5,26.0,30.0,20.5,15.5,,30.0,43.0,44.0,39.5,,19.0,31.0,22.0,,42.5,47.0,7.0,40.0,,18.5,33.0,25.0,8.0,41.0,1.0,6.0,23.0,4.0,12.0,3.0,9.0,,,,5.0,19.0,10.0,19.0,41.0,47.0,29.0,35.0,,,38.0,,24.5,31.0,36.5,43.0
2011-03-16,14.0,31.0,22.0,32.0,11.0,1.0,,4.0,39.0,19.0,2.0,36.0,25.0,17.0,,22.5,40.0,40.0,44.0,,23.0,41.0,17.0,,44.0,43.0,25.0,29.5,,22.0,28.0,15.0,5.0,37.0,3.0,9.0,34.5,8.0,6.0,7.0,12.0,,,,15.0,10.0,12.5,31.0,30.0,48.0,42.5,27.0,,,33.0,,31.0,22.0,49.0,38.0
2011-03-17,23.0,14.0,17.0,44.0,36.0,13.5,,7.0,29.0,14.0,4.0,11.0,25.5,21.0,,29.0,30.0,43.0,31.0,,16.0,48.0,25.0,,45.0,46.0,16.0,33.0,,25.0,41.0,20.0,2.0,42.5,6.0,9.0,23.0,8.0,11.0,5.0,1.0,,,,3.0,10.0,19.0,38.0,40.0,22.0,32.0,31.0,,,35.0,,34.0,37.0,45.0,44.0
2011-03-18,14.0,25.0,22.0,23.5,42.0,12.0,,1.0,28.0,25.0,13.0,29.0,18.0,10.0,,27.0,37.5,46.0,40.0,,29.0,40.0,24.0,,44.0,20.0,36.0,39.5,,34.0,21.5,15.0,3.0,31.0,7.0,9.0,27.5,4.0,2.0,8.0,6.0,,,,5.0,16.0,11.0,34.0,35.0,43.0,45.0,21.0,,,27.5,,32.0,39.0,47.0,38.0
2011-03-21,14.0,20.0,17.0,22.0,26.0,12.0,,10.0,29.0,20.0,8.0,30.0,28.0,6.0,,22.0,41.0,44.5,41.0,,28.0,44.0,39.0,,30.0,33.0,31.0,35.0,,25.0,20.5,18.0,3.0,33.0,4.0,22.5,29.5,1.0,7.0,5.0,2.0,,,,13.0,11.0,9.0,25.0,43.5,48.0,46.0,17.0,,,40.5,,37.0,38.0,43.0,30.5
2011-03-22,2.0,17.0,23.0,17.0,15.0,14.5,,3.0,38.0,19.0,8.0,42.0,12.0,22.0,,14.0,46.0,44.0,44.5,,22.0,40.0,32.0,,35.0,44.0,40.0,35.0,,38.0,32.0,7.0,5.0,20.0,9.0,15.0,25.0,4.0,1.0,6.0,12.0,,,,12.0,29.0,25.0,29.0,28.0,46.0,38.0,29.0,,,16.0,,39.0,26.0,43.5,37.5
2011-03-23,15.0,26.0,26.0,23.0,12.0,15.0,,4.0,35.0,3.0,9.0,13.0,19.0,8.0,,20.0,41.0,38.0,40.5,,23.5,35.5,34.0,,40.0,19.0,35.0,38.0,,31.0,27.0,17.0,5.0,27.0,10.0,11.0,34.5,2.0,7.0,1.0,13.0,,,,6.0,23.0,29.0,41.0,46.0,48.0,48.0,35.0,,,25.0,,40.5,22.0,44.0,34.0
2011-03-24,17.0,29.0,27.0,27.0,17.0,18.0,,8.0,45.0,3.0,13.0,10.0,22.0,13.0,,28.0,27.5,46.0,47.0,,13.0,29.0,34.0,,40.0,37.0,37.5,49.0,,20.0,26.0,20.0,1.0,33.0,2.0,5.0,29.5,7.0,9.0,4.0,6.0,,,,11.0,23.0,15.0,32.0,43.0,45.0,41.0,17.0,,,26.0,,37.0,38.0,41.0,37.0
2011-03-25,15.0,30.5,11.0,30.0,29.0,14.0,,8.0,43.5,7.0,20.5,26.5,13.5,9.0,,15.0,35.5,38.0,44.0,,26.0,39.0,40.0,,29.0,19.0,32.0,40.0,,17.0,34.0,21.0,6.0,44.0,4.0,3.0,37.0,16.0,10.0,5.0,19.0,,,,1.0,25.0,2.0,34.0,44.0,48.0,35.0,11.0,,,39.0,,34.0,31.0,25.0,47.0
2011-03-28,14.0,17.0,30.0,30.0,22.0,25.0,,4.0,43.0,7.5,11.0,19.0,18.0,7.5,,32.0,28.0,47.0,48.0,,12.0,29.0,33.0,,41.0,37.0,37.0,49.0,,28.0,24.0,5.0,9.0,41.0,3.0,13.0,36.0,16.0,10.0,6.0,1.0,,,,2.0,19.0,22.0,33.5,22.0,45.0,38.0,26.0,,,26.0,,41.0,18.0,37.5,43.0
2011-03-29,5.0,34.0,27.0,37.0,21.0,19.0,,1.0,41.0,14.0,15.0,33.5,18.0,21.0,,28.0,29.5,47.0,49.0,,32.5,35.0,38.0,,41.0,10.0,33.0,44.5,,26.0,45.0,8.0,8.0,37.0,4.0,12.0,24.0,10.0,6.0,3.0,16.0,,,,2.0,24.0,14.0,8.0,34.0,44.0,20.0,23.0,,,14.0,,42.0,28.0,38.0,35.0
2011-03-30,6.0,18.5,24.0,32.0,24.0,25.0,,1.0,47.0,13.0,11.0,25.5,17.0,18.0,,33.0,42.5,46.0,42.0,,11.0,35.0,27.0,,42.0,46.0,32.0,38.0,,28.0,18.0,8.0,3.0,20.0,4.0,5.0,28.0,15.0,15.0,9.0,7.0,,,,2.0,27.0,11.0,45.5,40.0,45.0,22.0,36.5,,,26.0,,40.5,43.0,35.0,21.0
2011-03-31,10.0,12.0,32.0,17.5,20.0,24.0,,5.0,44.5,18.0,8.0,17.0,11.0,1.0,,28.0,43.5,47.5,46.0,,31.0,40.0,19.5,,38.0,35.0,36.5,46.0,,30.0,32.0,14.0,2.0,40.0,3.0,5.0,35.0,15.0,7.0,4.0,21.0,,,,8.0,19.0,13.0,24.0,34.0,48.0,39.5,24.0,,,37.0,,27.0,29.0,40.0,24.0
2011-04-01,2.0,14.0,25.5,38.0,20.0,29.0,,3.0,44.0,19.0,4.0,38.0,16.0,1.0,,27.0,40.0,48.0,45.0,,17.0,34.0,36.0,,40.0,36.0,42.0,47.0,,28.0,26.0,11.0,8.0,23.5,5.0,7.0,31.0,9.0,17.0,12.0,10.0,,,,6.0,18.0,22.0,28.0,32.0,48.0,29.0,21.0,,,14.0,,44.0,34.0,42.0,21.0
2011-04-04,8.5,26.0,29.5,23.0,20.0,13.0,,5.0,43.0,24.0,14.0,16.0,20.0,1.5,,36.5,38.0,45.5,47.0,,33.5,45.0,24.0,,31.0,35.5,35.0,42.0,,26.0,31.0,16.0,10.0,33.0,1.5,3.0,37.0,7.0,13.0,4.0,11.0,,,,8.5,19.0,23.0,28.5,45.0,49.0,29.0,6.0,,,23.5,,32.0,12.5,41.0,30.5
2011-04-06,6.0,24.0,19.0,39.0,35.0,31.0,,1.0,43.0,14.0,18.0,10.0,8.0,3.0,,27.0,31.0,47.0,45.0,,29.0,48.0,22.0,,39.0,41.0,41.0,46.0,,36.0,31.0,15.0,13.0,29.0,4.0,10.0,33.0,2.0,21.0,5.0,12.0,,,,7.0,8.0,28.0,16.0,36.0,42.0,36.5,27.0,,,24.0,,24.0,18.0,40.0,21.0
2011-04-07,8.0,34.0,4.0,30.0,42.5,27.0,,3.0,36.5,16.0,6.0,41.0,12.0,5.0,,11.0,34.0,49.0,47.0,,26.0,47.0,30.0,,33.0,38.0,44.0,41.0,,15.0,36.0,14.0,7.0,23.0,2.0,1.0,29.0,10.0,29.5,9.0,30.0,,,,22.0,16.0,24.0,17.0,34.0,45.0,26.0,12.0,,,20.0,,18.5,19.0,42.0,35.5
2011-04-08,6.0,1.0,19.5,17.0,38.0,24.0,,2.0,41.0,23.5,15.0,35.0,24.0,4.0,,31.5,44.0,39.0,48.0,,39.0,43.5,26.0,,46.0,20.5,35.5,39.0,,26.0,29.0,11.0,9.0,34.0,8.0,11.0,30.5,7.0,30.0,4.0,11.0,,,,14.0,3.0,16.0,14.0,36.0,49.0,38.0,32.0,,,25.0,,26.0,17.0,41.0,29.0
2011-04-11,8.0,1.0,10.0,25.5,47.0,18.0,,11.0,45.0,19.0,36.0,28.0,23.0,7.0,,17.0,48.5,47.0,40.0,,23.0,43.0,28.0,,34.5,25.5,41.0,40.0,,23.0,40.0,5.0,6.0,40.0,13.0,34.0,19.0,13.0,28.0,2.0,9.0,,,,4.0,3.0,15.0,15.0,35.0,37.0,39.0,19.0,,,43.0,,31.0,18.5,30.0,20.0
2011-04-12,7.0,17.0,14.0,35.0,33.0,27.0,,2.0,39.0,9.0,20.0,44.0,38.0,2.0,,26.0,47.0,43.0,39.5,,32.0,14.0,20.0,,39.0,41.0,38.0,43.0,,34.0,25.0,12.5,8.0,41.5,5.0,18.5,27.0,11.0,28.0,6.0,10.0,,,,2.0,3.0,20.0,18.0,25.0,48.0,34.0,16.0,,,29.0,,22.0,14.0,45.0,36.0
2011-04-13,8.0,10.0,9.0,27.0,45.0,27.0,,1.0,42.5,20.5,6.0,34.0,31.0,11.0,,22.0,42.0,40.0,48.0,,24.5,42.0,32.0,,47.0,30.0,36.0,34.0,,18.0,27.0,28.5,4.0,21.5,3.0,14.0,31.0,17.5,37.5,2.0,12.0,,,,6.0,6.0,14.0,24.0,28.0,48.0,38.0,22.5,,,18.0,,29.0,13.0,37.0,43.0
2011-04-14,14.5,13.0,21.0,34.0,41.0,22.0,,6.0,44.0,23.0,9.0,40.0,25.0,3.5,,21.0,33.0,48.0,47.0,,36.5,49.0,17.0,,44.0,29.5,37.5,39.0,,26.0,29.0,19.0,3.5,8.0,10.0,33.0,36.0,17.0,12.0,5.0,11.0,,,,1.0,7.0,14.5,24.0,25.5,43.5,31.0,30.0,,,16.0,,30.0,2.0,38.0,37.0
2011-04-15,13.0,11.0,28.0,41.0,27.0,18.5,,9.0,37.0,33.0,15.0,32.0,19.0,6.0,,43.0,38.0,47.0,48.0,,23.0,45.0,16.0,,39.0,19.0,42.0,36.5,,25.0,29.0,11.0,7.0,19.0,5.0,19.0,32.0,26.0,3.0,4.0,1.0,,,,9.0,9.0,17.0,20.0,32.0,43.0,35.0,40.0,,,26.0,,34.0,2.0,47.0,24.5
2011-04-18,1.0,28.0,7.0,15.0,45.0,38.0,,4.0,49.0,18.0,9.0,35.0,28.0,19.0,,35.0,40.0,47.0,46.0,,26.0,42.5,13.0,,43.0,31.0,29.0,35.5,,17.0,24.0,20.5,8.0,37.0,2.0,24.0,32.0,22.5,13.0,3.0,12.0,,,,6.0,5.0,11.0,17.0,26.0,40.0,35.0,28.0,,,20.0,,33.5,9.0,46.0,28.0
2011-04-19,11.0,30.0,22.0,44.0,30.0,45.0,,1.0,33.0,19.0,9.0,43.0,21.0,5.0,,34.0,27.0,47.0,41.0,,39.0,49.0,13.0,,22.0,24.0,37.5,36.0,,14.0,32.0,17.0,3.0,39.0,14.0,4.0,35.5,8.0,10.0,2.0,21.0,,,,7.0,14.0,24.0,21.0,29.0,46.0,38.0,35.0,,,6.0,,25.0,16.0,37.0,34.5
2011-04-20,3.0,33.0,36.0,26.0,47.0,9.0,,12.0,28.0,28.0,11.0,19.0,7.0,4.0,,37.0,37.0,48.0,45.0,,29.0,42.0,19.0,,31.0,23.0,46.0,42.0,,13.0,9.0,16.0,9.0,39.5,20.0,5.0,39.0,18.0,18.0,1.0,14.0,,,,21.0,15.0,24.0,6.0,25.0,43.0,33.0,40.0,,,2.0,,39.0,24.0,32.0,37.0
2011-04-21,6.0,36.0,11.0,33.0,23.0,23.0,,12.0,29.0,17.0,3.0,11.0,1.0,25.0,,38.0,46.0,39.5,47.0,,24.0,10.0,16.0,,44.0,20.0,39.0,44.0,,20.5,37.0,2.0,11.0,37.5,7.0,14.0,29.0,8.0,14.0,5.0,18.0,,,,17.0,26.5,33.0,31.0,26.0,43.0,40.0,34.0,,,4.0,,41.0,33.0,44.0,28.0
2011-04-26,11.0,22.0,32.5,26.0,24.0,16.0,,3.0,41.0,15.0,2.0,38.0,4.0,26.0,,38.0,42.0,44.0,47.0,,31.0,32.0,18.0,,33.0,33.0,28.0,48.0,,6.0,39.0,7.0,5.0,25.0,12.0,8.0,36.0,10.0,18.5,1.0,36.0,,,,13.0,21.0,26.0,22.5,22.0,47.0,40.0,28.0,,,9.0,,22.0,15.0,39.0,44.0
2011-04-27,1.0,22.0,24.0,34.0,36.0,19.0,,5.0,34.0,19.0,3.0,30.0,11.0,7.0,,37.0,45.0,45.5,44.0,,17.0,3.0,16.0,,36.5,27.0,34.0,45.0,,3.0,41.0,22.0,8.0,28.5,13.0,5.0,39.0,15.0,22.0,9.0,9.0,,,,31.0,26.0,29.0,11.0,20.0,46.0,44.0,37.5,,,13.0,,31.0,33.0,45.0,24.5
2011-04-28,11.0,23.0,40.0,28.0,27.0,18.5,,3.0,26.0,8.0,2.0,23.0,8.0,36.0,,39.0,30.0,47.0,48.0,,29.0,14.0,22.5,,45.0,16.0,45.0,42.0,,6.0,38.0,10.0,4.0,29.0,6.0,15.0,43.0,6.0,14.0,1.0,15.0,,,,23.0,30.0,33.0,35.0,20.0,47.0,33.0,39.0,,,14.0,,18.0,31.0,27.0,35.0
2011-04-29,6.0,10.0,26.0,34.0,21.0,17.0,,2.0,42.0,27.0,3.0,39.0,11.0,28.0,,32.0,41.0,47.0,49.0,,20.0,16.0,23.0,,42.0,24.0,17.0,45.0,,4.0,40.5,1.0,9.0,20.0,17.5,7.0,44.0,12.0,12.0,8.0,20.0,,,,24.0,37.0,31.0,22.0,5.0,45.0,33.0,32.0,,,15.0,,31.0,33.0,45.0,36.0
2011-05-03,8.0,44.0,19.0,19.0,31.5,15.0,,5.0,32.0,41.0,12.0,47.0,15.0,30.0,,11.0,46.0,37.0,42.0,,34.0,26.0,19.0,,27.0,21.0,26.0,48.0,,2.0,45.0,7.0,9.0,42.0,15.0,1.0,32.5,23.0,6.0,10.0,31.0,,,,4.0,36.0,29.0,23.0,3.0,40.0,34.0,26.0,,,15.0,,14.0,23.5,31.5,38.0
2011-05-04,9.0,31.0,42.0,31.0,32.0,22.0,,11.0,23.5,44.5,8.0,38.0,21.0,27.0,,21.0,47.0,6.0,46.0,,33.5,30.0,23.5,,37.0,28.0,42.0,38.0,,3.0,43.0,12.0,1.0,48.0,25.0,4.0,20.0,14.0,16.0,7.0,25.0,,,,13.0,18.5,24.0,5.0,9.0,40.0,39.0,33.0,,,2.0,,16.0,19.0,45.0,35.0
2011-05-05,13.0,20.0,25.0,47.0,31.5,23.0,,7.0,43.0,46.0,11.0,40.0,6.0,20.0,,48.0,42.0,42.0,38.0,,5.0,28.0,34.0,,41.0,28.0,35.0,45.0,,12.0,35.0,14.0,1.0,37.0,4.0,17.0,29.5,9.0,15.0,9.0,9.0,,,,16.0,22.0,34.0,17.5,2.0,45.0,21.0,25.0,,,3.0,,29.0,30.5,22.0,37.0
2011-05-06,16.0,25.0,23.0,45.0,20.0,33.0,,6.0,36.0,28.0,13.0,39.0,9.0,35.0,,30.0,45.0,44.0,47.0,,19.0,2.0,42.0,,35.0,34.0,23.0,30.0,,7.0,43.0,22.5,5.0,32.0,3.0,9.0,45.0,8.0,12.0,1.0,30.0,,,,4.0,21.0,28.0,16.0,16.0,45.0,16.0,33.0,,,11.0,,37.0,21.0,39.0,22.0
2011-05-09,11.0,12.0,12.0,44.0,25.0,3.0,,1.0,26.0,24.0,9.0,37.0,6.0,26.0,,42.0,43.0,44.0,35.0,,39.0,15.0,47.0,,42.5,35.0,40.0,27.0,,19.5,39.0,4.0,2.0,48.0,20.0,8.0,32.0,14.0,31.0,7.0,17.5,,,,23.0,15.0,24.0,10.0,17.0,44.5,27.0,20.0,,,5.0,,30.5,36.0,29.0,33.0
2011-05-11,5.0,8.0,15.0,38.5,35.0,15.0,,6.0,27.0,15.0,10.0,35.0,19.0,27.0,,33.0,43.0,46.0,41.0,,35.0,25.0,18.0,,47.0,39.0,42.0,41.0,,21.0,37.5,11.0,3.0,47.0,18.0,13.0,22.0,2.0,31.0,1.0,28.0,,,,4.0,24.0,26.0,8.0,11.0,42.0,28.0,22.0,,,8.0,,19.0,31.0,45.0,42.0
2011-05-12,1.0,26.0,28.0,37.5,31.0,12.0,,3.0,37.0,14.5,4.0,40.0,21.0,27.0,,31.0,43.0,45.0,44.0,,39.0,25.0,16.0,,48.0,13.0,35.0,47.0,,19.0,41.0,18.0,2.0,8.0,31.0,5.0,38.0,15.0,27.0,10.0,20.5,,,,22.0,16.0,26.0,8.0,13.0,47.0,32.5,6.0,,,8.0,,21.0,29.0,32.0,40.0
2011-05-13,1.0,32.0,28.0,39.0,24.0,16.0,,9.0,25.0,12.0,4.0,26.0,7.0,36.5,,36.0,30.5,40.0,42.0,,30.0,38.5,39.0,,35.0,40.0,15.0,45.0,,10.0,35.0,3.0,6.0,47.0,15.0,5.0,32.0,2.0,19.0,11.0,36.0,,,,18.0,22.0,24.0,8.0,25.5,46.0,20.0,19.0,,,13.0,,24.0,20.0,48.0,42.0
2011-05-16,3.0,34.0,30.0,29.0,28.5,15.0,,5.0,13.0,34.0,12.0,15.0,21.0,23.0,,42.0,47.0,41.0,40.0,,38.5,35.0,44.0,,38.0,45.0,28.0,27.0,,17.0,36.0,1.0,11.0,47.0,15.0,2.0,39.0,7.0,22.0,6.0,31.0,,,,10.0,17.0,23.0,9.0,25.0,36.5,18.0,4.0,,,20.0,,25.0,29.0,8.0,46.0
2011-05-17,9.0,33.0,12.0,45.0,17.0,7.0,,4.0,5.0,17.0,8.0,26.0,25.0,19.5,,24.0,39.0,48.0,37.5,,36.0,29.0,35.0,,28.5,27.0,33.0,43.0,,20.0,40.5,12.0,1.0,45.0,19.5,2.0,23.5,6.0,26.5,3.0,40.0,,,,13.0,17.0,39.0,14.5,16.0,43.5,38.5,29.0,,,10.0,,23.5,29.0,36.0,49.0
2011-05-18,6.0,40.0,13.0,29.5,17.0,9.0,,5.0,19.0,3.0,1.0,22.5,21.0,33.0,,39.0,45.0,42.5,29.0,,43.0,33.0,43.0,,25.5,46.0,27.0,47.0,,23.0,37.0,8.0,7.0,36.0,10.0,2.0,39.0,4.0,15.0,12.0,27.0,,,,30.0,15.0,36.0,10.0,24.0,32.0,42.5,26.0,,,15.5,,20.0,23.0,26.0,45.0
2011-05-19,1.0,18.0,7.0,36.0,16.0,19.0,,2.0,14.0,21.5,5.0,47.0,21.0,24.0,,28.0,43.0,48.0,41.0,,15.0,31.0,33.5,,40.0,39.0,43.5,33.0,,27.0,36.5,19.0,6.0,35.0,4.0,10.0,42.0,12.0,34.0,3.0,30.5,,,,20.0,11.0,35.0,9.0,20.0,46.0,30.0,18.0,,,8.0,,21.0,27.5,39.5,38.0
2011-05-20,7.0,41.0,23.0,44.0,24.0,11.0,,12.0,22.0,2.0,4.0,26.0,15.0,26.0,,35.0,44.0,43.0,37.0,,40.0,47.0,29.0,,33.0,40.0,26.0,39.0,,20.0,37.0,13.0,6.0,31.5,15.0,9.0,33.5,2.0,26.5,10.0,37.0,,,,14.0,2.0,20.0,8.0,24.0,47.0,19.0,20.0,,,5.0,,29.0,25.0,32.0,45.0
2011-05-23,9.0,26.0,19.0,30.0,25.0,10.0,,13.0,6.0,16.0,7.0,35.0,16.0,24.0,,30.0,40.0,46.0,28.0,,30.0,36.0,34.5,,36.5,45.0,38.0,45.0,,29.0,12.0,16.0,3.0,46.0,5.0,4.0,42.0,8.0,19.5,2.0,44.0,,,,25.0,10.0,30.0,22.0,16.0,44.0,23.0,18.0,,,1.0,,30.0,24.0,40.0,39.0
2011-05-24,5.0,35.0,15.0,38.5,14.0,4.0,,14.0,24.0,3.0,7.0,46.0,9.0,30.0,,29.0,27.5,44.0,30.0,,27.5,40.0,33.5,,42.0,42.0,40.0,36.5,,23.5,20.0,20.0,1.0,41.0,15.0,10.0,37.0,6.0,13.0,2.0,41.5,,,,16.0,14.0,47.0,28.0,21.0,49.0,35.0,24.0,,,8.0,,21.0,18.0,25.0,33.0
2011-05-25,9.0,32.0,20.0,46.0,25.0,4.0,,1.0,15.0,29.5,7.0,40.0,3.0,19.0,,33.0,48.0,42.0,27.0,,45.0,44.0,41.0,,38.0,35.5,33.5,25.0,,23.0,19.0,21.0,8.0,49.0,12.0,2.0,36.0,5.0,16.0,6.0,40.5,,,,21.0,11.0,28.0,12.0,12.0,38.0,35.0,14.5,,,15.0,,22.0,24.0,36.0,34.0
2011-05-26,1.0,33.0,20.0,40.0,20.0,2.0,,18.0,33.0,13.0,9.0,47.0,8.0,37.0,,27.0,42.0,44.0,30.0,,31.0,16.0,34.0,,37.0,46.0,31.0,32.0,,34.0,17.0,23.0,5.0,46.0,11.0,3.0,38.0,6.0,4.0,7.0,28.0,,,,23.0,14.0,45.0,19.0,12.0,40.0,45.0,24.5,,,11.0,,14.0,25.0,25.5,35.0
2011-05-27,1.0,35.0,19.0,42.5,20.0,2.0,,12.0,28.0,12.0,4.0,42.0,6.0,38.0,,15.0,38.0,38.0,34.5,,47.0,32.5,26.5,,44.0,20.0,36.0,27.0,,15.0,25.5,22.0,10.0,42.0,8.0,7.0,43.5,5.0,3.0,9.0,46.0,,,,21.0,18.0,39.5,24.0,11.0,47.0,35.0,28.0,,,15.0,,22.0,20.0,33.5,32.0
2011-05-30,2.5,27.5,19.0,41.0,17.0,9.0,,9.0,29.0,17.0,1.0,40.0,4.0,38.0,,30.0,46.0,46.5,31.0,,45.0,41.0,38.0,,34.5,32.5,33.0,31.0,,17.0,34.0,22.0,8.0,24.0,13.0,5.0,42.0,7.0,2.5,11.0,39.0,,,,22.0,22.0,6.0,18.0,14.0,41.0,48.0,18.0,,,14.0,,25.0,21.5,29.5,43.0
2011-05-31,2.0,20.0,5.0,43.0,28.0,1.0,,23.0,30.0,15.0,4.0,33.0,3.0,32.0,,23.0,43.0,48.0,34.5,,48.0,27.0,29.0,,40.0,44.0,37.0,31.0,,27.0,19.0,29.0,9.0,31.0,8.0,12.0,39.0,7.0,6.0,10.0,46.0,,,,16.0,13.0,35.0,15.0,15.5,39.0,44.0,21.0,,,31.0,,17.0,19.0,12.0,41.0
2011-06-01,1.0,41.0,11.0,23.0,28.0,2.0,,13.0,20.0,29.0,3.0,38.5,4.5,39.0,,41.0,45.0,35.0,19.0,,45.0,24.0,49.0,,37.0,31.0,29.0,20.0,,18.0,40.0,4.5,6.0,42.0,8.0,11.0,30.0,7.0,25.0,9.0,39.5,,,,18.0,12.0,40.0,22.0,13.0,45.0,25.0,16.0,,,14.0,,30.0,35.5,26.0,39.0
2011-06-02,8.0,31.0,21.0,43.0,31.0,1.0,,3.0,17.0,30.0,6.0,40.5,5.0,19.0,,32.0,45.0,41.0,28.0,,41.0,20.0,43.0,,41.0,36.0,31.0,29.5,,18.5,32.0,15.5,7.0,47.0,23.0,4.0,16.0,2.0,12.0,9.0,38.5,,,,25.5,11.0,38.5,13.0,11.0,48.0,27.0,14.0,,,34.0,,18.0,23.0,29.0,44.0
2011-06-03,13.0,44.0,1.0,29.0,28.0,9.0,,19.0,42.0,27.0,10.0,41.0,4.0,36.0,,36.0,32.0,38.0,22.0,,42.0,30.0,39.0,,42.0,33.0,33.5,25.5,,36.0,14.0,22.0,3.0,42.0,2.0,8.0,25.0,6.0,7.0,11.5,48.0,,,,5.0,27.0,33.5,16.0,15.0,46.0,26.0,17.0,,,19.0,,11.0,17.0,22.0,47.0
2011-06-07,10.0,35.0,7.0,38.0,20.0,16.5,,16.5,45.0,21.0,2.0,36.5,4.0,25.0,,38.5,43.0,40.0,23.0,,24.0,11.0,44.0,,37.0,37.0,39.0,31.0,,33.0,28.0,28.0,6.0,47.0,12.0,3.0,34.0,1.0,9.0,5.0,47.0,,,,14.0,15.0,30.0,27.0,15.0,49.0,26.0,8.0,,,19.0,,15.0,22.0,25.0,42.0
2011-06-08,6.0,21.0,7.0,47.0,15.5,4.0,,22.5,42.5,24.0,8.0,32.0,9.0,23.0,,42.0,38.0,44.0,23.0,,31.0,26.0,42.5,,34.0,40.0,46.5,24.0,,33.0,36.5,27.0,2.0,47.5,11.0,1.0,40.0,10.0,25.0,12.0,42.0,,,,17.0,15.0,29.0,17.0,14.0,39.0,35.0,3.0,,,24.0,,5.0,19.5,14.0,34.0
2011-06-09,13.0,28.5,5.0,39.0,27.0,8.0,,15.0,47.0,19.5,2.0,38.5,4.0,34.0,,22.0,42.0,35.0,19.0,,32.0,26.5,34.0,,41.0,30.0,39.0,26.0,,41.5,18.0,26.0,7.0,46.0,15.5,3.0,32.0,9.0,11.0,1.0,48.0,,,,20.0,12.0,34.5,28.0,19.0,44.0,45.0,10.0,,,26.0,,6.0,22.0,15.0,42.0
2011-06-10,11.0,31.0,1.0,45.0,42.0,6.0,,19.0,26.0,3.0,23.0,41.0,8.0,33.0,,16.0,44.0,42.0,17.0,,28.0,10.0,46.0,,42.0,36.0,45.0,37.0,,33.0,21.0,26.0,7.0,48.0,12.0,5.0,33.0,14.0,29.0,9.0,40.5,,,,21.0,4.0,36.0,20.0,17.0,32.5,30.0,12.0,,,25.5,,2.0,25.0,16.0,40.0
2011-06-13,15.0,14.0,8.0,39.0,29.0,17.0,,17.0,45.0,40.5,3.0,39.0,7.0,31.0,,33.0,41.0,40.0,26.0,,22.0,22.0,36.0,,45.0,36.0,48.0,34.0,,31.5,30.0,20.0,6.0,45.0,23.0,9.0,14.0,4.0,27.0,2.0,34.5,,,,21.0,10.0,26.0,5.0,29.0,40.0,23.0,13.0,,,12.0,,1.0,21.5,12.0,44.0
2011-06-14,17.0,44.0,11.0,34.0,27.0,5.0,,19.0,47.0,12.0,1.0,44.0,4.0,24.0,,32.0,27.0,42.0,36.5,,41.0,37.0,38.0,,48.0,28.5,42.0,24.0,,40.0,26.0,23.0,6.0,35.0,20.0,3.0,45.0,7.0,13.0,9.0,42.0,,,,16.0,8.0,23.0,19.0,30.5,22.0,30.0,33.0,,,15.0,,2.0,10.0,14.0,25.5
2011-06-15,10.0,43.0,14.0,47.0,27.0,9.0,,2.0,47.0,11.0,2.0,40.0,13.0,28.0,,41.0,34.0,43.0,26.5,,41.0,19.0,31.0,,46.0,37.0,46.0,23.5,,26.5,15.0,21.0,6.0,37.0,18.0,2.0,30.0,21.0,21.0,5.0,42.0,,,,24.0,18.0,32.0,7.0,29.0,21.0,37.0,19.0,,,31.0,,4.0,12.0,8.0,34.0
2011-06-16,20.0,19.0,3.5,43.5,38.0,1.0,,23.0,39.0,12.0,23.0,43.0,5.0,25.0,,30.0,46.0,24.0,28.0,,42.0,34.0,32.0,,39.5,33.0,42.0,46.5,,39.0,9.0,29.0,6.0,48.0,10.0,3.5,19.0,15.0,18.0,8.0,40.0,,,,17.0,10.0,22.5,13.0,27.0,44.0,27.0,25.0,,,24.0,,2.0,15.5,7.0,31.0
2011-06-17,9.0,43.0,14.0,42.5,20.5,8.0,,25.0,48.0,4.0,26.0,43.0,3.0,23.5,,21.0,47.0,34.0,25.5,,40.0,31.0,30.0,,35.5,27.5,45.0,28.0,,36.0,20.0,27.5,6.0,33.0,11.0,5.0,31.0,10.0,19.0,2.0,49.0,,,,16.0,12.0,17.0,18.0,38.5,37.0,36.0,14.0,,,32.5,,7.0,16.0,1.0,39.0
2011-06-20,8.0,24.0,4.0,35.0,29.0,6.0,,19.0,38.0,22.0,23.0,41.0,10.0,24.0,,27.5,47.0,34.5,24.0,,40.0,31.0,28.0,,36.5,43.0,46.0,27.0,,38.0,15.0,13.0,2.0,36.0,16.0,1.0,28.0,13.0,23.0,5.0,48.0,,,,20.0,9.0,30.0,11.0,46.0,37.0,16.0,24.5,,,36.0,,7.0,14.0,3.0,44.0
2011-06-21,6.0,18.0,1.0,42.0,31.5,8.0,,3.0,30.0,23.0,22.0,40.0,9.0,30.0,,14.0,35.5,33.0,26.0,,39.0,16.0,29.0,,45.0,36.0,43.5,36.0,,31.0,21.0,19.0,10.0,46.0,12.0,2.0,30.0,4.0,27.0,13.0,39.0,,,,23.0,12.0,14.0,16.0,46.0,44.0,42.5,28.5,,,30.0,,5.0,18.0,7.0,46.5
2011-06-22,10.0,26.0,2.0,42.0,17.0,5.0,,13.0,46.0,27.0,25.0,47.0,5.0,30.0,,42.0,35.0,36.0,22.0,,43.0,30.0,23.0,,44.0,39.0,37.0,29.0,,34.0,4.0,19.0,3.0,41.0,9.0,7.0,17.0,14.0,20.0,23.0,36.0,,,,18.0,8.0,26.5,18.0,45.0,43.0,29.0,12.0,,,37.0,,1.0,16.0,11.0,39.0
2011-06-23,7.0,18.0,6.0,34.0,29.0,1.0,,18.0,49.0,27.0,25.0,34.0,3.0,22.5,,45.0,41.0,32.0,23.5,,29.0,27.0,13.0,,42.0,43.0,39.0,25.5,,45.0,20.0,32.0,5.0,42.0,13.0,10.0,39.0,19.5,4.0,15.0,35.5,,,,15.0,13.5,25.0,8.0,37.0,33.0,24.0,27.0,,,43.0,,2.0,11.0,9.0,47.0
2011-06-24,8.0,20.0,4.0,31.0,31.0,7.0,,12.0,36.0,28.0,17.0,36.0,11.0,24.0,,28.0,40.0,32.0,18.0,,46.5,27.0,35.0,,32.5,43.0,43.0,28.0,,35.0,1.0,18.0,17.0,45.0,6.0,14.0,39.0,3.0,10.0,5.0,36.0,,,,22.0,2.0,17.0,25.0,46.0,46.0,44.0,20.0,,,22.0,,9.0,29.0,13.0,43.0
2011-06-27,7.0,17.0,4.0,29.0,34.0,14.0,,38.0,42.5,13.0,16.5,31.5,3.0,6.0,,19.0,42.0,27.0,28.0,,46.0,22.0,37.0,,35.0,46.0,40.0,26.5,,30.0,32.0,5.0,11.0,44.0,10.0,2.0,29.0,17.0,19.0,12.0,24.5,,,,9.0,22.0,20.0,14.0,36.0,45.0,47.5,25.0,,,38.0,,1.0,39.0,8.0,39.5
2011-06-28,2.0,27.5,7.0,13.0,30.0,2.0,,31.0,41.0,21.0,40.0,38.0,10.0,18.0,,25.0,46.0,10.0,32.0,,46.0,2.0,43.0,,41.0,47.0,34.5,44.0,,16.0,19.0,17.0,5.0,39.0,6.0,8.0,35.0,14.0,26.0,12.0,28.0,,,,14.0,9.0,25.0,29.0,17.0,35.0,22.0,40.0,,,44.5,,4.0,36.0,23.0,28.0
2011-06-29,2.0,8.0,1.0,12.0,24.0,3.0,,32.0,44.0,14.0,20.0,16.0,20.0,32.0,,38.0,47.0,27.0,31.0,,48.0,39.0,35.0,,43.0,41.0,44.0,29.0,,22.0,22.0,13.0,4.0,32.0,9.0,10.0,31.0,24.5,20.0,29.0,43.0,,,,10.0,7.0,6.0,18.0,37.0,47.0,16.0,28.0,,,33.0,,5.0,33.0,16.0,42.0
2011-06-30,3.0,17.0,5.0,28.0,37.0,7.0,,20.0,46.0,29.0,31.0,33.0,10.0,2.0,,20.0,44.0,31.0,32.0,,48.0,12.0,33.0,,40.5,39.0,44.0,15.0,,26.5,16.0,22.0,20.5,27.0,12.0,9.0,31.0,22.0,4.0,6.0,25.0,,,,1.0,14.0,19.0,25.0,41.0,43.0,32.0,39.0,,,42.0,,8.0,37.0,12.0,43.0
2011-07-04,7.0,28.0,11.0,32.5,36.5,17.0,,8.0,45.0,35.5,23.0,29.0,19.0,15.0,,22.0,46.0,14.0,21.0,,45.0,3.0,33.0,,26.0,44.0,40.5,23.0,,10.0,37.0,12.0,20.0,29.0,4.5,6.0,41.0,26.0,2.0,13.0,39.0,,,,1.0,3.0,20.0,16.0,36.0,39.0,41.0,33.0,,,37.0,,8.0,41.0,23.0,47.0
2011-07-05,11.0,24.0,14.0,12.0,34.0,3.0,,10.0,43.0,36.0,30.0,31.0,15.0,3.0,,26.5,42.0,16.0,26.0,,45.0,6.0,33.0,,43.0,40.5,44.0,37.0,,17.0,23.0,19.0,20.0,34.0,13.0,6.0,30.0,24.0,9.0,1.0,38.5,,,,2.0,8.0,21.0,17.5,28.0,47.0,42.0,32.0,,,44.0,,5.5,38.0,22.0,39.0
2011-07-06,10.0,19.0,12.0,27.0,26.0,14.0,,33.5,39.5,27.0,39.0,33.0,25.0,20.0,,32.0,41.0,6.0,27.0,,45.0,16.0,38.0,,34.0,40.0,47.0,8.0,,3.0,40.5,16.0,5.0,36.0,1.0,11.0,37.0,23.0,9.0,3.0,32.0,,,,14.0,2.5,20.0,14.0,18.0,44.0,37.0,42.5,,,40.0,,7.0,28.0,22.0,48.0
2011-07-07,16.0,23.0,4.0,33.0,32.0,12.0,,15.0,31.0,40.5,26.0,14.0,27.0,9.0,,33.0,46.0,6.0,20.0,,43.0,23.0,28.0,,17.0,35.0,47.0,7.0,,9.5,49.0,3.0,15.0,35.0,11.0,2.0,24.5,31.0,5.0,8.0,27.0,,,,20.0,1.0,20.0,15.0,26.0,44.0,35.5,38.0,,,42.0,,35.0,40.5,33.0,44.5
2011-07-08,3.0,24.0,19.0,13.0,24.0,1.0,,12.0,35.0,28.0,30.0,35.0,19.0,9.0,,31.0,44.0,15.0,25.0,,42.5,20.0,33.0,,10.0,45.0,38.0,8.0,,2.0,27.0,6.0,4.0,40.5,7.0,5.0,40.0,37.0,11.0,21.0,31.0,,,,13.0,16.0,29.0,34.0,18.0,46.0,32.5,40.0,,,45.0,,24.0,19.0,43.0,45.0
2011-07-11,1.0,17.0,20.0,24.0,35.5,6.0,,13.0,43.0,48.0,22.0,26.0,28.0,13.0,,32.0,40.5,10.0,22.5,,40.5,23.0,43.0,,21.0,44.0,38.0,3.0,,4.0,46.0,8.0,9.0,32.0,12.0,5.0,18.5,33.0,2.0,15.0,34.0,,,,19.0,7.0,25.0,31.0,15.0,28.0,31.0,39.0,,,11.0,,37.0,43.0,35.5,48.0
2011-07-12,3.0,20.0,17.0,8.0,20.0,10.0,,26.0,43.0,31.0,40.5,17.0,21.0,2.0,,44.0,39.0,14.5,11.0,,45.0,38.0,42.0,,49.0,31.0,41.0,13.0,,6.0,31.0,12.0,18.0,30.0,1.0,9.0,4.0,29.0,5.0,13.0,31.0,,,,23.0,7.0,19.5,25.0,25.0,45.0,42.0,34.0,,,28.0,,27.0,38.0,37.0,39.0
2011-07-13,1.0,28.0,30.0,8.0,22.5,5.0,,11.0,34.0,41.0,29.0,29.5,33.5,11.0,,46.0,48.0,20.0,15.0,,32.0,24.0,38.0,,44.0,48.0,43.0,17.0,,4.0,15.0,11.0,23.0,15.0,13.0,3.0,8.0,21.0,21.0,17.0,30.0,,,,8.0,6.0,38.5,40.5,2.0,27.0,33.5,28.0,,,22.0,,36.0,41.0,40.0,37.0
2011-07-14,9.0,24.5,21.5,11.0,26.5,6.0,,18.0,34.0,32.0,41.0,18.0,26.0,1.0,,45.0,46.0,12.0,8.0,,33.0,27.0,37.5,,36.0,40.0,42.5,3.0,,10.0,38.5,15.0,12.0,36.0,2.0,4.0,7.0,34.0,19.0,17.5,31.0,,,,14.0,5.0,30.0,37.0,18.0,44.0,43.0,28.0,,,21.0,,25.0,32.0,36.0,48.0
2011-07-15,2.0,14.0,21.0,18.0,35.0,5.0,,24.0,35.5,25.0,45.0,23.0,9.0,12.0,,36.0,45.0,16.0,14.0,,28.5,21.0,44.0,,9.0,47.0,43.0,25.0,,11.0,41.0,7.0,9.0,34.0,6.0,1.0,20.0,37.5,16.0,18.0,30.0,,,,3.0,3.0,32.5,36.5,11.0,36.5,34.0,34.0,,,30.5,,28.0,41.0,44.0,42.0
2011-07-18,8.0,24.0,29.0,16.0,29.0,7.0,,1.0,36.0,33.0,45.0,27.0,21.0,5.0,,33.0,48.0,14.0,4.0,,29.0,22.0,41.5,,46.0,41.5,41.0,20.0,,18.5,37.0,9.0,22.0,28.0,16.5,2.0,11.0,16.0,24.0,31.0,37.5,,,,11.0,3.0,36.5,45.0,6.0,32.0,32.0,15.0,,,11.0,,14.0,43.0,41.5,40.0
2011-07-19,2.0,27.0,12.0,5.0,22.0,1.0,,20.0,40.0,36.0,43.0,12.0,31.0,7.0,,40.0,42.0,18.5,4.0,,31.0,16.0,25.5,,44.0,45.0,33.0,9.0,,4.0,28.0,4.0,32.0,14.0,24.0,11.0,23.0,14.0,16.0,36.0,23.0,,,,23.0,8.0,36.0,39.0,29.0,39.0,39.0,41.0,,,12.0,,19.0,37.0,41.0,47.0
2011-07-20,1.0,30.0,6.0,5.0,17.5,9.0,,2.5,40.0,43.0,39.0,33.5,33.0,7.5,,42.0,47.0,9.0,4.0,,29.5,15.0,26.0,,47.0,45.0,44.0,25.0,,19.0,26.0,2.5,32.0,11.0,17.0,23.5,23.0,19.0,14.0,28.0,35.0,,,,15.0,7.5,41.0,36.0,34.0,35.5,40.5,25.0,,,13.0,,11.0,23.0,30.0,40.0
2011-07-21,5.0,17.5,26.0,10.0,47.0,7.0,,8.0,34.0,44.0,33.5,34.0,29.5,11.0,,36.0,47.0,4.0,2.0,,29.0,14.0,38.0,,45.0,39.0,32.0,24.5,,19.0,9.0,11.0,15.0,16.0,21.0,23.0,1.0,24.0,17.0,13.0,27.0,,,,33.0,3.0,30.0,42.0,26.0,27.5,37.0,39.0,,,6.0,,21.0,36.0,46.0,43.0
2011-07-22,2.0,7.0,21.0,16.0,37.0,1.0,,7.0,34.0,45.0,31.0,20.5,13.0,7.0,,40.0,39.0,11.0,5.0,,21.0,14.0,45.0,,43.0,33.5,38.0,31.0,,27.0,42.0,11.0,13.0,25.0,3.0,38.0,4.0,24.0,17.0,20.0,35.0,,,,23.0,9.0,30.0,28.0,17.0,26.0,39.0,30.5,,,28.0,,11.0,45.0,46.0,48.0
2011-07-25,5.0,23.0,14.0,6.0,34.5,25.0,,11.0,37.0,38.0,34.0,22.0,24.5,4.0,,39.0,41.0,7.0,2.0,,30.0,16.0,46.0,,44.0,33.5,31.0,29.0,,28.5,46.0,3.0,16.0,12.0,18.0,32.0,14.0,14.0,8.0,22.0,34.0,,,,20.0,1.0,25.0,42.0,10.0,26.5,39.0,9.0,,,20.0,,42.0,32.0,40.0,48.0
2011-07-26,6.0,32.0,27.0,18.0,30.0,12.0,,2.0,38.0,39.0,39.0,22.0,27.0,16.0,,42.0,38.0,8.0,1.0,,25.0,10.0,38.0,,45.0,47.0,38.0,27.0,,15.0,8.0,5.0,12.0,20.0,14.0,29.0,10.0,3.0,19.0,25.5,33.0,,,,18.5,4.0,29.0,41.0,9.0,32.0,44.0,28.0,,,24.0,,22.0,42.0,39.5,48.0
2011-07-27,1.0,28.5,30.0,10.0,37.5,6.0,,8.5,25.0,44.0,36.0,27.0,40.0,8.5,,44.0,40.0,12.0,5.0,,31.0,17.5,43.0,,35.0,47.0,41.0,22.0,,14.0,37.5,4.0,7.0,18.0,11.0,23.0,17.5,2.0,19.0,12.0,20.0,,,,25.0,3.0,25.5,35.0,16.0,47.0,37.0,27.0,,,21.0,,31.0,31.0,38.0,45.0
2011-07-28,4.0,30.0,33.0,6.0,42.5,6.0,,8.0,30.0,35.0,46.0,12.0,19.0,10.0,,31.0,39.0,2.5,4.0,,32.0,18.0,43.0,,40.0,46.0,39.0,21.0,,16.0,18.0,23.0,25.5,13.0,13.0,24.0,2.0,2.0,28.0,18.5,26.0,,,,35.5,10.0,20.0,37.0,9.0,47.0,42.0,31.0,,,16.0,,23.0,43.0,38.0,46.0
2011-07-29,10.0,43.0,30.0,6.0,32.0,1.0,,13.0,38.0,41.0,28.5,10.0,15.0,2.0,,44.0,40.0,18.0,23.0,,22.0,8.0,45.0,,47.0,46.0,41.0,35.0,,12.0,5.0,30.0,13.0,27.0,16.0,24.0,5.0,5.0,17.0,20.0,21.0,,,,21.0,3.0,31.5,35.5,8.0,30.0,39.0,21.0,,,25.0,,31.0,35.0,38.0,44.0
2011-08-01,9.0,19.0,41.0,13.0,26.5,22.0,,2.0,42.0,37.0,20.0,29.0,34.0,6.0,,43.0,37.0,21.5,8.0,,24.0,10.0,41.0,,47.0,45.0,29.0,35.5,,27.5,31.5,24.0,12.0,30.0,10.0,40.5,16.0,16.0,4.0,14.0,31.0,,,,1.0,6.0,19.0,35.0,3.0,36.0,39.0,22.0,,,5.0,,16.0,35.0,47.0,43.0
2011-08-02,13.0,23.0,34.0,12.0,35.0,20.0,,1.0,40.0,22.0,34.0,31.0,20.5,3.0,,41.0,34.0,22.0,3.0,,39.0,6.0,41.0,,44.0,37.0,44.0,29.0,,8.0,25.0,10.5,17.0,19.5,14.5,33.0,3.0,10.5,8.0,24.0,28.0,,,,14.5,8.0,29.0,47.0,5.0,46.0,42.5,20.0,,,17.0,,28.0,32.0,42.0,49.0
2011-08-03,1.0,13.0,39.0,8.0,38.5,21.5,,5.0,41.5,38.0,26.0,43.0,30.0,15.0,,41.0,30.0,23.0,15.0,,29.5,33.5,44.0,,41.5,41.5,39.5,32.0,,18.0,24.0,6.0,7.0,12.0,9.0,33.0,3.0,18.0,2.0,14.0,20.0,,,,27.0,4.0,28.0,26.0,11.0,43.0,43.0,21.0,,,10.0,,18.0,31.0,46.0,48.0
2011-08-04,10.0,12.0,37.0,2.0,37.0,21.0,,13.0,46.0,31.0,36.0,41.0,15.0,4.0,,37.0,46.0,26.0,28.5,,27.0,33.0,44.0,,42.0,24.0,41.0,33.0,,7.0,41.0,4.0,16.0,11.0,20.0,4.0,8.0,9.0,18.0,1.0,24.0,,,,27.0,6.0,33.0,44.0,18.0,24.0,45.0,24.0,,,14.0,,18.0,31.0,30.0,48.0
2011-08-05,8.0,27.0,29.0,16.0,24.0,28.0,,6.0,12.0,28.5,17.0,45.5,32.0,32.0,,36.0,34.0,23.0,18.0,,40.0,2.5,41.0,,41.0,38.0,43.0,35.0,,28.0,42.0,7.0,2.5,21.0,4.0,20.0,1.0,11.0,14.5,10.0,14.5,,,,25.0,9.0,21.0,45.0,4.0,46.0,43.0,13.0,,,24.0,,29.0,31.0,42.0,45.0
2011-08-08,3.0,29.0,41.0,15.0,44.0,22.0,,10.0,46.0,26.0,13.5,46.0,13.0,10.0,,29.0,28.0,37.0,26.0,,30.5,33.0,45.0,,40.5,35.0,38.0,40.0,,25.0,34.0,2.0,15.0,22.0,18.0,23.0,1.0,8.0,6.0,5.0,10.0,,,,17.0,4.0,23.0,41.0,13.0,41.0,35.0,7.0,,,19.0,,22.0,25.0,40.0,48.0
2011-08-09,5.0,29.0,44.0,12.0,35.0,28.0,,6.0,30.0,24.0,14.0,43.5,11.0,32.0,,24.0,36.0,38.0,23.0,,34.0,35.0,46.0,,40.0,38.0,40.0,35.0,,22.0,42.0,7.0,16.0,22.5,14.0,26.0,9.0,8.0,12.0,3.0,4.0,,,,16.5,1.0,20.0,45.0,20.0,19.0,43.0,2.0,,,10.0,,22.0,32.0,36.0,48.0
2011-08-10,7.0,33.0,41.0,26.0,35.0,12.0,,3.0,21.0,21.0,1.0,45.0,8.0,24.0,,30.0,31.0,35.0,30.0,,38.0,16.0,41.0,,41.0,30.0,41.0,38.0,,17.5,34.0,4.0,16.5,29.5,21.0,16.0,5.0,6.0,9.0,2.0,12.0,,,,19.0,10.0,24.0,43.0,14.0,40.0,46.0,12.0,,,24.0,,36.0,28.0,42.0,46.0
2011-08-11,1.0,33.0,45.0,21.0,32.0,2.0,,10.0,30.0,30.0,8.0,37.0,4.0,29.0,,28.0,32.0,40.0,31.0,,39.0,26.0,48.0,,25.5,37.0,36.0,43.0,,12.0,20.0,12.0,24.0,35.5,6.0,14.0,7.0,3.0,5.0,12.0,15.0,,,,16.0,9.0,20.0,25.0,17.0,42.0,44.0,21.0,,,29.0,,25.0,39.0,42.0,46.0
2011-08-12,3.0,19.0,34.0,23.0,31.5,21.0,,4.0,23.0,13.0,17.0,32.0,6.0,24.0,,32.0,32.0,42.0,28.0,,35.0,37.0,45.5,,45.0,45.0,42.0,29.0,,11.0,25.0,8.0,5.0,35.0,10.0,15.0,2.0,1.0,9.0,11.0,17.0,,,,14.0,7.0,22.0,29.5,17.0,42.0,44.5,29.5,,,31.5,,29.0,39.0,41.0,48.0
2011-08-15,4.0,35.0,28.0,27.0,19.0,11.0,,6.0,30.0,23.0,8.0,33.5,21.0,16.0,,33.0,34.0,40.0,16.0,,47.0,32.0,43.0,,44.0,43.0,37.5,23.0,,3.0,29.0,18.0,9.5,40.0,14.0,12.0,1.0,5.0,8.0,13.0,26.0,,,,19.0,2.0,30.0,41.0,8.0,45.0,43.0,24.0,,,16.0,,24.0,40.0,29.0,47.0
2011-08-16,3.0,29.0,41.5,28.0,43.0,14.0,,6.0,29.0,10.0,8.0,29.5,3.0,22.0,,36.5,25.0,25.0,31.0,,43.0,38.0,34.0,,39.0,38.5,39.0,36.5,,23.0,16.0,23.0,12.0,21.0,17.0,13.0,9.0,5.0,7.0,3.0,11.0,,,,20.0,1.0,26.0,43.0,18.0,41.0,43.0,28.0,,,14.0,,31.5,39.5,44.0,48.0
2011-08-17,8.0,15.0,48.0,24.0,31.0,27.0,,5.0,37.5,27.5,3.0,31.0,6.0,13.5,,33.0,43.0,21.0,29.0,,43.5,40.0,45.0,,38.5,37.5,43.0,40.0,,13.0,25.0,20.0,19.0,35.0,15.0,20.0,4.0,2.0,12.0,1.0,9.0,,,,36.0,7.0,33.0,40.0,32.0,22.0,38.5,10.0,,,17.0,,12.0,25.0,19.0,47.0
2011-08-18,16.0,34.0,48.0,27.0,16.0,24.0,,1.0,24.0,20.0,18.0,37.0,16.0,28.0,,38.0,41.0,34.0,24.0,,28.0,42.0,37.0,,29.0,23.5,41.0,40.0,,20.0,30.0,3.0,12.0,39.0,9.0,7.0,5.0,6.0,11.0,8.0,31.0,,,,34.0,4.0,13.0,38.0,2.0,45.5,43.0,10.0,,,13.0,,29.0,38.5,18.0,46.0
2011-08-19,2.0,17.0,46.0,14.0,40.0,34.0,,4.0,35.0,22.0,11.0,38.0,19.0,37.0,,35.0,31.0,24.0,20.0,,43.5,31.0,44.0,,28.0,29.0,39.5,38.0,,22.0,32.0,9.0,7.0,30.0,10.0,13.0,1.0,8.0,17.0,12.0,26.0,,,,30.0,5.0,6.0,34.0,17.0,47.0,41.0,3.0,,,15.0,,23.0,42.0,21.0,47.0
2011-08-22,12.0,19.0,48.0,15.0,28.0,27.0,,6.0,36.0,8.0,3.0,42.5,7.0,33.0,,32.0,34.5,39.0,23.0,,45.0,28.0,44.0,,31.0,42.0,39.5,40.0,,19.0,27.0,18.0,21.0,36.0,18.0,21.0,11.0,9.0,4.0,1.0,30.5,,,,24.0,5.0,2.0,25.0,13.0,45.0,36.0,16.0,,,14.0,,10.0,41.0,34.0,47.0
2011-08-23,10.0,25.0,47.0,14.0,5.0,42.0,,8.0,33.5,9.0,3.5,45.0,23.0,38.0,,34.0,30.0,28.0,38.0,,34.0,41.0,45.0,,26.0,30.0,37.5,46.0,,26.0,6.0,3.5,22.0,27.0,11.0,17.0,6.0,2.0,13.0,15.0,36.0,,,,40.0,1.0,17.0,21.0,20.0,39.0,47.0,12.0,,,16.0,,26.0,35.0,18.5,42.0
2011-08-24,8.0,20.0,44.0,21.0,22.0,30.5,,12.0,16.0,28.0,19.0,39.0,16.0,37.0,,41.0,32.0,37.0,30.0,,37.0,48.0,33.0,,36.0,32.0,30.0,46.0,,23.0,13.0,8.0,24.0,28.0,16.0,4.0,6.0,2.0,11.0,10.0,27.0,,,,31.0,13.0,3.0,18.0,6.0,34.0,39.0,4.0,,,1.0,,35.5,46.0,40.0,45.0
2011-08-25,5.0,28.0,42.5,14.0,29.0,20.0,,3.0,34.0,23.0,13.0,37.0,15.0,27.0,,36.0,32.0,41.0,23.0,,45.0,47.0,30.5,,35.0,43.0,33.0,37.0,,24.0,16.0,8.0,20.0,36.0,23.0,12.0,2.0,18.0,5.0,6.0,5.0,,,,22.0,1.0,10.0,25.0,17.0,34.0,47.0,11.0,,,9.0,,36.0,44.0,37.0,46.0
2011-08-26,18.0,28.0,41.0,23.0,24.0,12.5,,5.0,33.5,16.0,1.0,40.0,9.0,31.0,,30.5,31.0,46.0,39.0,,37.0,38.0,29.0,,38.0,30.0,31.5,45.0,,10.0,14.0,12.5,20.0,39.0,25.0,2.0,6.0,4.0,7.0,8.0,21.0,,,,20.0,3.0,18.0,20.0,34.0,32.0,47.0,11.0,,,14.0,,29.0,43.0,42.0,47.0
2011-08-29,25.0,20.5,46.0,17.0,9.0,28.0,,4.0,18.0,22.0,14.0,40.0,3.0,22.0,,26.0,24.5,35.5,36.0,,39.0,39.0,26.0,,37.0,28.0,24.5,44.0,,12.0,7.0,9.0,32.0,28.0,35.0,14.0,13.0,18.0,8.0,6.0,40.0,,,,37.0,2.0,5.0,11.0,21.0,30.0,45.0,1.0,,,29.0,,42.5,45.0,40.0,48.0
2011-08-30,23.0,20.5,42.0,19.0,11.0,5.0,,4.0,17.0,10.0,14.0,39.0,2.0,37.0,,18.0,41.5,40.0,46.0,,37.0,44.0,31.5,,35.0,31.0,34.5,34.0,,21.0,12.0,18.0,28.0,23.0,31.5,9.0,14.0,7.0,1.0,8.0,29.5,,,,30.0,6.0,3.0,18.0,26.0,36.0,45.5,13.0,,,24.0,,26.0,46.0,43.0,48.0
2011-08-31,35.0,20.0,41.0,27.0,10.0,12.0,,7.0,18.0,18.0,11.0,32.5,1.0,28.5,,36.0,42.0,40.0,47.0,,35.5,25.0,34.0,,29.0,25.5,38.0,38.0,,6.0,4.0,18.0,21.0,32.0,17.0,3.0,9.0,14.0,5.0,8.0,23.5,,,,32.0,15.0,2.0,13.5,25.0,38.0,45.0,16.0,,,29.5,,38.0,46.0,44.0,46.0
2011-09-01,22.0,14.0,43.5,32.0,20.0,19.0,,7.0,23.0,25.0,10.0,42.0,2.0,30.5,,20.0,46.0,36.0,38.0,,33.0,31.0,39.0,,38.0,15.5,42.0,37.0,,15.5,8.0,4.0,28.0,34.0,23.0,5.0,9.0,13.0,12.0,2.0,33.0,,,,17.0,6.0,2.0,18.0,30.0,23.0,47.0,11.0,,,35.0,,25.0,44.0,44.0,48.0
2011-09-02,20.0,11.0,45.0,4.0,26.0,17.0,,8.0,27.0,17.0,17.0,36.0,6.0,31.0,,37.0,25.5,44.0,40.0,,32.5,41.0,42.0,,35.0,24.0,38.0,38.5,,10.0,6.0,4.0,28.0,23.0,23.0,9.0,2.0,15.0,12.0,1.0,37.0,,,,34.0,12.0,3.0,20.0,18.0,42.0,47.0,15.0,,,30.0,,23.0,40.0,36.0,46.0
2011-09-05,8.0,7.0,38.0,11.0,17.0,16.0,,4.0,32.0,24.0,29.0,38.0,12.0,33.0,,48.0,40.0,42.0,42.0,,33.0,38.0,36.0,,32.0,23.0,34.0,37.0,,15.5,1.0,28.0,29.0,14.0,20.0,3.0,10.0,22.0,19.0,5.0,31.0,,,,24.0,6.0,9.0,24.0,14.0,39.0,44.0,2.0,,,16.0,,22.0,45.0,45.0,48.0
2011-09-06,16.0,10.0,37.0,30.5,28.0,13.0,,1.0,24.0,19.0,11.0,35.0,3.0,17.5,,30.0,47.0,42.0,40.0,,40.0,39.5,28.0,,30.0,17.5,36.0,40.0,,15.0,13.0,13.0,25.0,34.0,20.0,9.0,23.0,6.0,7.0,2.0,23.0,,,,30.0,6.0,4.0,21.0,25.0,40.0,44.0,6.0,,,37.0,,36.0,45.0,43.0,48.0
2011-09-07,15.0,7.0,36.0,20.0,27.0,27.0,,4.0,22.0,19.0,1.0,41.0,8.0,15.0,,47.0,46.0,43.0,35.0,,31.0,13.5,39.0,,39.0,9.5,42.0,36.0,,6.0,11.0,15.0,21.0,38.0,25.0,5.0,17.0,30.0,17.0,3.0,23.0,,,,26.0,13.0,9.5,20.0,35.0,32.0,45.0,2.0,,,32.0,,29.0,45.5,33.5,48.0
2011-09-08,15.0,3.0,35.0,20.0,32.0,9.0,,5.0,41.0,37.0,6.0,42.0,8.0,32.0,,47.0,45.0,44.0,30.0,,39.0,35.5,37.0,,31.0,11.0,36.0,35.0,,25.0,10.0,7.0,30.0,17.0,12.0,22.0,4.0,22.0,20.0,1.0,20.0,,,,18.0,16.0,2.0,13.0,14.0,39.0,44.0,29.0,,,25.0,,26.0,34.0,30.0,46.0
2011-09-09,10.0,1.0,28.0,26.0,33.0,18.5,,8.0,23.0,18.0,13.0,38.0,7.0,24.0,,39.5,38.0,44.0,46.0,,41.5,33.0,32.5,,33.0,16.0,42.0,41.0,,5.0,11.0,21.5,30.0,34.5,15.0,12.0,29.0,16.0,2.0,9.0,18.0,,,,19.0,3.0,4.0,25.0,5.0,37.0,46.0,21.0,,,23.0,,29.5,46.0,40.5,43.0
2011-09-12,16.0,6.0,29.0,19.0,40.0,7.0,,4.0,38.0,22.0,8.0,38.0,9.0,20.5,,46.0,38.0,43.5,34.0,,43.0,42.0,12.0,,34.0,18.0,43.0,29.0,,17.0,13.0,17.0,35.0,31.0,11.0,14.0,27.0,24.0,10.0,3.0,19.0,,,,20.5,1.0,5.0,24.0,2.0,49.0,44.0,29.5,,,32.0,,26.0,32.0,31.0,47.0
2011-09-14,8.0,11.0,35.0,14.0,32.0,3.0,,6.0,26.0,41.0,17.0,25.0,1.0,24.0,,39.0,38.0,46.0,46.0,,40.0,41.0,29.0,,34.0,4.0,29.0,31.0,,19.0,12.5,15.0,37.0,33.5,28.0,2.0,18.0,24.0,12.5,10.0,32.0,,,,16.0,7.0,9.0,4.0,23.0,43.0,45.0,21.0,,,30.5,,23.0,38.0,40.5,46.0
2011-09-15,3.0,4.0,35.5,9.0,21.0,13.0,,5.0,35.0,28.0,16.0,22.0,2.0,34.0,,24.0,43.0,46.0,46.0,,40.0,43.0,32.0,,39.0,32.0,37.5,30.0,,10.0,27.0,8.0,38.0,36.0,6.0,11.0,13.0,14.0,1.0,25.0,27.0,,,,13.0,7.0,18.0,17.0,22.0,45.0,42.5,18.0,,,19.0,,27.0,40.0,30.0,48.0
2011-09-16,1.0,3.0,20.0,13.0,30.0,12.0,,4.0,26.0,41.0,11.0,26.5,2.0,26.0,,32.0,42.0,45.0,42.0,,32.0,43.5,22.0,,41.0,17.5,29.0,45.0,,5.0,8.0,15.0,16.0,20.0,7.0,9.0,18.0,17.0,6.0,15.0,32.0,,,,29.0,10.0,23.0,34.0,27.0,46.0,38.0,23.0,,,37.0,,37.0,40.0,40.0,45.0
2011-09-19,9.0,1.5,23.0,7.0,25.0,8.0,,12.0,28.0,32.0,1.5,37.0,10.0,35.0,,37.0,43.0,47.0,45.0,,31.0,40.0,19.0,,12.0,14.0,34.0,45.0,,4.0,15.0,17.0,21.0,25.0,18.0,6.0,16.0,12.0,4.0,18.5,26.0,,,,35.0,4.0,26.0,32.0,23.0,41.0,34.0,26.5,,,39.0,,37.0,48.0,40.0,45.0
2011-09-20,6.0,3.0,25.0,17.0,30.0,13.0,,12.0,26.0,33.5,5.0,38.0,7.0,28.0,,33.0,41.0,45.0,47.0,,34.0,38.0,9.0,,38.0,8.0,30.5,43.0,,14.0,2.0,17.0,23.0,15.0,1.0,11.0,19.0,22.0,4.0,19.0,27.0,,,,32.0,10.0,17.0,28.0,23.0,42.0,42.0,24.0,,,36.0,,33.0,46.0,44.0,44.0
2011-09-21,10.0,5.0,27.0,2.0,34.0,36.0,,12.0,38.0,38.0,15.0,26.0,7.0,28.0,,35.0,45.0,38.5,42.5,,39.0,44.0,21.0,,32.0,3.0,42.0,20.0,,13.0,2.5,24.0,21.0,9.0,8.0,11.0,15.0,29.0,2.0,18.0,33.0,,,,18.0,5.0,21.0,27.0,30.0,45.0,32.0,16.0,,,24.0,,25.0,49.0,36.5,46.0
2011-09-22,4.0,1.0,29.0,2.0,33.0,36.0,,11.0,30.0,38.0,12.0,22.5,7.0,40.5,,37.0,46.0,44.0,32.0,,38.0,42.0,6.0,,27.0,19.0,35.0,41.0,,15.0,8.0,20.0,22.0,15.0,13.0,10.0,3.0,19.5,9.0,17.0,31.0,,,,18.0,5.0,23.0,31.0,25.0,44.0,35.0,27.0,,,17.0,,25.5,45.0,40.0,45.5
2011-09-23,7.0,9.0,41.0,2.0,27.0,33.0,,22.0,16.0,34.0,14.0,24.5,8.0,27.0,,37.0,43.0,46.0,39.0,,36.0,44.0,12.0,,23.0,16.0,33.5,41.5,,4.0,10.0,15.0,19.0,3.0,11.0,13.0,1.0,38.5,6.0,19.0,43.5,,,,31.5,5.0,22.0,34.0,19.0,47.0,33.0,30.0,,,21.0,,28.5,47.0,26.0,41.0
2011-09-26,10.5,18.0,30.0,5.0,26.0,20.0,,4.0,24.0,29.0,19.0,32.0,14.0,33.0,,35.0,40.0,43.0,44.0,,38.5,47.0,2.0,,28.0,10.5,39.0,35.0,,13.0,8.0,14.0,21.0,6.0,16.0,7.0,3.0,26.0,12.0,1.0,34.0,,,,36.0,9.0,16.0,40.0,20.0,39.5,32.0,30.0,,,25.0,,39.0,49.0,32.5,45.0
2011-09-27,12.0,4.5,28.0,4.5,31.0,15.0,,15.0,38.0,34.0,21.0,39.0,8.0,26.5,,18.0,44.0,39.0,47.0,,41.0,44.0,3.0,,11.0,10.0,31.0,41.0,,29.0,13.0,20.0,24.5,2.0,15.0,8.0,18.0,25.0,6.0,8.0,27.0,,,,32.0,1.0,22.5,40.0,20.0,35.0,22.0,35.0,,,35.0,,20.0,48.0,42.0,46.0
2011-09-28,13.0,14.0,29.5,6.0,22.0,18.0,,10.0,29.0,38.0,22.0,36.0,2.0,26.0,,44.0,47.0,45.0,39.0,,36.5,46.0,12.0,,25.0,4.0,28.5,40.0,,18.0,16.0,5.0,20.0,9.0,15.0,11.0,3.0,24.0,8.0,1.0,31.0,,,,40.5,7.0,18.0,35.0,22.0,42.0,33.0,27.0,,,31.0,,35.5,42.5,32.0,48.0
2011-09-30,11.0,4.0,28.5,1.0,28.0,24.0,,23.0,30.0,38.0,2.0,32.0,9.0,38.0,,15.0,47.0,43.0,25.0,,34.5,41.0,10.0,,33.0,5.0,27.0,42.0,,21.0,13.0,21.0,17.0,14.0,3.0,7.0,18.0,25.0,16.0,21.0,34.0,,,,41.0,6.5,35.0,30.0,31.0,35.5,21.0,7.0,,,12.0,,43.0,45.0,47.0,47.0
2011-10-03,13.0,11.0,20.0,6.0,27.0,17.5,,41.0,32.5,31.0,3.0,39.5,9.0,45.0,,24.0,48.0,46.0,44.0,,43.0,38.0,7.0,,30.0,5.0,41.0,37.0,,23.0,12.0,14.0,20.0,15.0,8.0,10.0,2.0,38.0,16.0,17.5,23.0,,,,23.0,1.0,25.0,33.0,26.0,42.0,20.0,4.0,,,35.0,,30.0,44.0,37.0,37.0
2011-10-04,11.0,27.5,20.0,1.0,19.0,13.0,,31.0,22.0,27.0,2.0,38.0,8.5,25.0,,15.0,49.0,45.0,43.0,,33.0,29.5,13.0,,36.0,5.0,44.0,30.0,,17.0,8.5,5.0,15.0,22.5,5.0,24.0,10.0,35.5,3.0,17.0,24.0,,,,37.0,7.0,13.0,33.0,30.0,39.0,36.0,22.0,,,39.0,,40.0,42.5,44.0,39.0
2011-10-06,9.0,22.0,16.0,1.0,24.0,8.0,,19.0,28.0,36.5,4.0,38.0,6.0,16.0,,31.0,48.0,36.0,46.0,,33.5,37.0,12.0,,37.0,16.0,34.0,27.5,,22.0,3.0,13.0,17.0,5.0,2.0,24.5,10.0,23.0,14.0,7.0,24.0,,,,22.5,11.0,40.0,33.5,40.0,45.0,38.5,33.0,,,42.0,,33.5,30.5,45.0,46.0
2011-10-07,3.0,5.0,38.0,2.0,25.0,11.0,,30.5,28.0,40.5,18.0,28.0,8.0,28.0,,20.0,48.0,45.0,41.5,,30.0,29.5,9.0,,17.0,14.0,40.0,21.0,,26.0,10.0,13.0,16.0,1.0,6.0,24.0,4.0,21.0,15.0,12.0,20.0,,,,34.0,7.0,39.0,25.0,35.0,42.0,35.0,32.0,,,37.0,,36.0,40.0,48.0,47.0
2011-10-10,4.0,16.0,32.0,2.0,31.5,10.0,,27.0,38.0,40.0,9.0,25.0,13.0,29.0,,18.0,46.0,41.0,35.0,,39.5,26.0,7.0,,29.5,18.0,39.0,12.0,,3.0,5.0,6.0,16.0,24.0,11.0,22.0,8.0,35.5,19.0,13.0,30.0,,,,36.5,1.0,17.0,22.0,37.0,43.0,42.0,27.0,,,39.0,,32.0,44.0,47.0,42.0
2011-10-11,2.0,22.0,24.0,3.0,29.0,5.0,,37.0,14.0,34.0,15.5,28.0,17.0,28.0,,35.0,47.0,41.0,47.0,,44.0,38.0,35.0,,21.5,14.0,40.0,12.0,,6.0,8.0,7.0,14.0,25.0,11.0,20.0,9.0,19.0,4.0,1.0,20.0,,,,31.0,10.0,19.0,36.0,31.5,42.0,32.0,25.0,,,36.5,,43.0,42.0,46.5,37.0
2011-10-12,6.0,16.0,23.5,2.0,12.0,8.0,,34.0,17.0,44.0,20.0,31.5,10.0,42.0,,28.5,45.0,41.0,46.5,,37.0,31.0,28.0,,24.0,14.0,38.0,15.0,,31.0,5.0,20.0,17.0,31.0,3.0,20.0,7.0,23.0,10.0,4.0,25.0,,,,36.0,1.0,10.0,29.0,40.0,18.0,16.0,38.0,,,25.0,,47.0,42.0,46.0,35.0
2011-10-13,3.0,11.0,14.0,2.0,26.5,4.0,,42.0,38.0,47.0,20.0,20.0,7.0,43.0,,40.0,43.0,38.0,35.0,,34.0,33.0,26.0,,34.0,9.0,37.0,12.0,,25.0,6.0,15.0,22.0,15.0,5.0,17.0,8.0,26.0,10.0,18.0,38.0,,,,33.0,1.0,29.0,26.0,19.0,29.0,21.0,33.0,,,14.0,,45.0,45.0,47.0,37.0
2011-10-14,5.0,18.0,21.5,3.0,21.0,13.0,,45.0,19.0,41.0,31.0,31.0,15.0,43.0,,24.0,40.0,33.5,9.0,,35.0,25.0,20.0,,38.0,12.0,43.0,15.0,,28.0,4.0,6.0,1.0,11.0,10.0,17.0,8.0,28.0,7.0,16.0,39.5,,,,21.0,2.0,31.0,27.0,34.0,37.0,28.0,32.0,,,39.0,,35.0,47.0,48.5,47.0
2011-10-17,7.0,19.0,23.0,11.0,18.0,1.0,,39.0,21.0,44.0,30.0,32.0,6.0,43.0,,23.0,39.0,24.0,34.0,,43.0,26.0,33.0,,24.0,13.0,41.0,9.0,,38.0,12.0,10.0,14.0,15.0,2.0,5.0,8.0,36.0,3.0,25.0,31.0,,,,18.0,4.0,21.0,15.0,25.0,35.0,45.0,32.5,,,30.0,,47.0,43.0,49.0,44.0
2011-10-18,4.0,7.0,17.0,1.0,32.0,11.0,,42.0,35.5,42.0,24.0,24.5,10.0,44.0,,42.0,35.0,27.5,34.0,,44.0,17.0,32.0,,34.0,13.0,37.0,15.0,,21.0,8.0,12.0,13.0,9.0,6.0,18.0,3.0,29.0,2.0,29.0,38.5,,,,21.5,5.0,25.0,18.0,28.0,40.0,24.0,25.0,,,34.0,,47.0,45.0,38.0,47.0
2011-10-19,10.0,11.0,15.0,2.5,20.0,13.0,,43.0,12.0,36.5,25.0,31.0,8.0,40.0,,19.0,38.0,28.0,40.0,,39.0,27.0,32.0,,39.0,17.0,43.0,16.0,,24.0,9.0,5.0,6.0,24.0,7.0,15.0,4.0,34.0,1.0,32.0,30.0,,,,27.0,2.5,16.0,35.0,23.0,39.0,19.0,27.0,,,37.0,,46.5,45.0,44.0,45.0
2011-10-20,7.0,12.0,23.5,5.0,14.0,9.0,,44.0,24.0,42.0,15.0,26.0,10.0,35.5,,39.5,27.0,30.0,29.0,,44.0,19.0,39.0,,41.0,35.5,39.0,16.0,,27.0,11.0,8.0,4.0,25.5,6.0,22.5,3.0,23.5,2.0,18.0,39.5,,,,22.0,1.0,28.0,19.0,36.0,29.0,13.0,39.0,,,33.0,,47.5,43.0,32.0,45.5
2011-10-21,6.0,19.0,15.0,7.0,4.0,16.0,,46.0,34.0,43.0,31.0,14.0,15.0,41.0,,34.0,30.0,34.0,16.0,,42.0,24.0,40.5,,40.0,30.0,45.0,11.0,,26.0,11.0,5.0,9.0,29.0,3.0,14.0,8.0,36.5,2.0,12.0,33.0,,,,25.5,1.0,33.0,22.0,30.0,22.0,18.0,32.5,,,25.0,,44.0,42.0,36.0,48.0
2011-10-24,11.0,24.0,21.0,9.0,8.0,15.0,,40.0,19.0,11.0,26.0,17.0,15.0,36.0,,44.5,32.0,34.0,20.0,,40.0,28.0,41.0,,37.0,31.0,40.0,4.5,,22.0,13.0,2.0,7.0,22.0,6.0,11.0,1.0,40.0,3.0,21.0,30.0,,,,19.0,4.5,25.0,29.0,39.0,42.5,17.0,35.0,,,28.0,,45.5,46.0,39.0,47.0
2011-10-25,11.0,8.0,16.0,3.0,16.0,12.0,,37.0,25.0,43.0,19.5,13.0,6.0,37.0,,28.0,25.0,39.0,21.0,,24.0,21.0,40.0,,36.5,37.5,29.5,9.0,,23.0,4.0,20.0,7.0,33.0,1.0,39.0,5.0,42.0,2.0,25.0,28.0,,,,18.0,10.0,39.0,22.5,26.0,31.0,14.0,42.0,,,36.0,,40.0,47.0,45.0,47.0
2011-10-26,4.0,25.0,10.0,1.0,11.0,12.0,,43.5,23.0,23.0,25.0,15.0,7.0,34.0,,36.0,34.5,35.0,18.5,,33.0,21.0,42.0,,43.0,38.0,41.0,13.0,,18.5,5.0,15.0,2.0,29.0,9.0,24.0,8.0,27.0,6.0,25.5,30.0,,,,18.0,3.0,33.0,19.0,36.0,35.0,15.0,32.5,,,39.0,,46.0,47.0,43.0,49.0
2011-10-27,8.0,31.0,10.0,4.0,17.0,9.0,,37.0,23.0,47.0,17.0,17.0,14.0,44.0,,33.0,40.0,33.0,20.0,,27.0,21.0,42.0,,43.0,37.0,31.0,1.0,,13.0,5.0,17.0,3.0,25.0,2.0,24.0,7.0,37.0,6.0,22.0,25.0,,,,22.0,12.0,29.0,20.0,39.0,32.0,11.0,37.0,,,32.0,,43.0,47.0,40.0,47.0
2011-10-28,6.0,25.0,12.0,2.0,16.0,13.0,,36.5,45.5,45.0,23.0,16.0,11.0,47.0,,43.0,32.0,37.0,31.0,,31.0,21.0,28.0,,40.0,39.0,33.0,5.0,,20.0,10.0,15.0,7.0,22.0,3.0,18.0,1.0,25.0,9.0,13.0,29.0,,,,20.0,8.0,26.0,22.5,36.0,36.0,4.0,34.0,,,33.0,,42.0,42.0,42.0,46.0
2011-10-31,10.0,28.0,8.0,2.0,13.0,3.0,,41.0,27.0,43.0,19.0,20.0,9.0,41.0,,34.0,14.0,38.0,27.0,,31.0,24.0,37.0,,44.0,38.5,31.0,12.0,,20.0,11.0,17.0,1.0,34.0,7.0,22.0,6.0,19.0,4.0,24.0,17.0,,,,24.5,5.0,38.0,24.0,35.5,28.0,15.0,31.0,,,39.0,,46.0,44.0,45.0,48.0
2011-11-01,8.0,35.0,14.0,2.0,17.0,1.0,,44.0,29.0,28.5,20.0,18.0,10.0,44.5,,38.0,38.0,32.0,38.0,,29.0,33.0,28.0,,42.0,39.5,41.0,15.0,,15.0,4.0,18.0,7.0,34.5,9.0,19.0,5.0,27.0,6.0,23.0,20.0,,,,20.0,3.0,18.0,14.0,31.0,32.0,11.0,28.0,,,25.5,,46.0,46.0,44.0,48.0
2011-11-02,1.0,32.0,11.0,3.0,15.0,20.0,,28.0,30.5,43.5,24.0,16.0,9.0,41.0,,44.0,39.0,43.0,39.0,,26.0,30.0,36.0,,44.0,42.0,34.0,26.0,,18.5,10.0,11.0,5.0,32.5,4.0,23.0,8.0,30.0,7.0,15.0,13.0,,,,22.0,2.0,25.0,18.0,19.0,33.0,6.0,35.0,,,13.5,,34.0,42.0,47.0,45.0
2011-11-03,6.0,20.0,9.0,2.0,15.0,1.0,,37.0,34.0,29.0,21.5,17.0,10.0,45.0,,43.0,40.5,34.0,28.0,,28.0,33.5,35.0,,44.0,39.0,46.0,21.0,,14.5,13.0,17.0,8.0,27.0,7.0,20.5,5.0,35.0,11.0,24.0,13.0,,,,24.0,3.0,30.0,19.0,32.0,32.0,4.0,30.0,,,15.5,,46.0,42.5,39.0,48.0
2011-11-04,2.0,22.0,9.0,15.0,25.0,8.0,,21.0,27.0,45.0,26.0,13.0,17.0,41.0,,44.5,31.0,39.0,34.0,,19.0,31.0,34.0,,44.0,42.0,47.0,24.0,,23.0,3.0,12.0,5.0,30.0,7.0,22.0,6.0,37.0,4.0,38.0,11.0,,,,27.0,10.0,15.0,16.0,36.5,40.0,1.0,30.0,,,15.0,,37.0,27.0,45.0,40.5
2011-11-07,12.0,23.0,9.5,16.0,26.0,8.0,,38.5,22.0,33.0,36.0,13.0,11.0,38.0,,39.0,41.5,35.0,30.0,,27.5,32.0,35.0,,45.0,43.0,28.5,18.0,,19.0,4.0,9.5,1.0,32.0,7.0,23.0,5.0,43.0,6.0,17.0,20.0,,,,22.0,2.0,23.0,14.0,31.5,31.0,3.0,30.0,,,19.0,,45.0,43.0,46.0,47.0
2011-11-08,10.0,15.0,20.0,3.0,22.5,9.0,,34.0,23.0,45.0,32.5,6.0,17.0,47.0,,38.5,38.0,41.0,29.0,,24.5,31.0,23.0,,43.0,35.0,43.0,23.0,,30.0,7.0,8.0,1.0,35.0,5.0,16.0,12.0,31.5,13.0,21.0,14.0,,,,25.5,2.0,32.5,11.0,31.5,29.0,4.0,34.0,,,19.0,,48.0,41.0,45.0,41.0
2011-11-09,2.0,19.5,15.0,16.0,22.0,14.0,,37.0,23.0,33.0,28.0,12.0,4.0,42.0,,37.0,39.0,42.0,37.5,,27.0,32.0,27.0,,42.0,36.0,46.0,26.0,,11.0,9.0,8.0,1.0,37.0,5.0,23.0,6.0,32.0,10.0,20.0,3.0,,,,29.0,7.0,35.0,17.0,13.0,23.0,23.0,32.0,,,20.0,,45.0,48.0,41.0,46.0
2011-11-10,4.0,18.0,25.0,1.0,21.5,11.0,,28.0,38.0,36.0,25.0,8.0,14.0,42.5,,37.0,34.5,39.0,35.0,,16.0,31.0,27.0,,40.0,35.0,46.0,29.0,,16.0,9.0,7.0,3.0,33.0,10.0,22.0,6.0,44.0,13.0,17.0,5.0,,,,33.0,2.0,18.0,12.0,29.0,32.0,18.0,26.0,,,24.0,,46.0,45.0,45.0,43.5
2011-11-11,23.0,26.0,14.0,18.0,29.0,11.0,,17.0,34.0,32.0,24.0,12.0,1.0,43.5,,37.0,31.0,41.0,35.0,,22.0,40.0,24.0,,43.0,41.0,46.0,28.0,,5.0,20.0,7.0,2.0,37.0,10.0,18.0,8.0,35.0,9.0,36.0,6.0,,,,25.0,3.0,28.0,14.0,17.0,34.0,4.0,24.5,,,14.0,,47.0,45.0,39.0,45.0
2011-11-14,14.0,25.0,14.0,18.0,30.0,12.0,,17.0,42.0,36.0,27.0,1.0,5.0,41.0,,44.0,26.0,40.0,36.5,,25.0,46.0,32.0,,46.0,37.0,45.0,18.0,,8.0,21.0,4.0,3.0,37.0,2.0,14.5,9.0,34.0,11.0,29.0,10.0,,,,26.0,6.0,29.0,17.0,22.0,37.0,7.0,32.0,,,20.0,,46.0,33.0,25.0,47.0
2011-11-15,19.0,27.5,19.0,9.0,30.5,15.0,,19.0,37.0,21.0,25.5,7.0,11.0,41.0,,47.0,33.5,42.0,39.0,,36.0,26.0,23.0,,41.0,45.0,33.0,29.5,,8.0,21.0,3.0,6.0,37.5,1.0,14.0,5.0,37.0,12.0,32.0,4.0,,,,33.0,2.0,39.0,13.0,20.0,46.0,10.0,23.0,,,17.0,,46.0,28.0,44.0,31.0
2011-11-16,19.0,36.0,14.0,16.0,27.5,6.0,,19.0,26.0,40.5,26.0,13.0,17.0,34.0,,44.0,33.5,44.0,38.0,,37.0,23.0,36.0,,38.0,38.0,26.5,23.0,,3.0,23.0,1.0,8.0,43.0,10.0,12.0,2.0,33.5,7.0,31.5,5.0,,,,27.5,4.0,33.0,19.0,11.0,46.0,15.0,22.0,,,9.0,,44.0,40.0,39.0,49.0
2011-11-17,23.5,30.0,23.0,15.0,33.0,13.0,,26.5,33.0,46.0,23.0,2.0,1.0,37.0,,45.0,36.0,42.0,38.0,,22.0,19.0,27.0,,46.0,38.0,23.0,20.0,,9.0,21.0,8.0,14.0,40.0,10.0,4.0,11.0,33.0,12.0,39.0,3.0,,,,27.0,6.0,42.0,15.0,5.0,43.0,17.0,29.5,,,7.0,,35.0,32.0,36.0,44.0
2011-11-18,27.0,29.0,14.0,10.0,32.0,3.0,,15.0,37.0,42.0,28.0,5.0,1.0,43.0,,45.0,38.0,43.0,33.5,,31.0,17.5,17.0,,45.0,43.0,31.0,24.0,,12.0,22.0,17.0,8.0,36.0,4.0,14.0,19.0,27.0,11.0,35.0,6.0,,,,18.0,9.0,39.0,21.0,2.0,44.0,28.0,30.0,,,7.0,,36.0,33.5,32.0,48.0
2011-11-21,24.0,28.0,14.0,19.0,32.0,1.0,,32.0,30.5,38.0,23.5,3.0,9.0,46.0,,38.0,38.0,38.5,33.0,,30.0,16.0,35.0,,47.0,44.0,32.5,27.5,,7.0,17.0,12.0,10.0,43.0,6.0,8.0,15.0,26.0,4.0,31.0,23.0,,,,16.0,11.0,28.0,15.0,2.0,43.0,23.0,19.5,,,5.0,,42.0,40.0,32.0,48.0
2011-11-22,22.0,26.0,10.0,17.0,30.0,2.0,,32.0,19.0,45.0,29.0,7.0,19.0,43.0,,42.0,34.0,41.0,28.0,,28.0,25.5,42.0,,48.0,38.0,41.0,38.0,,13.0,8.0,4.0,13.0,36.5,1.0,11.0,21.5,27.0,9.0,25.0,16.0,,,,22.0,5.0,29.0,16.0,6.0,42.0,16.0,13.0,,,3.0,,39.0,37.0,34.0,46.0
2011-11-23,16.0,24.0,20.0,15.0,30.0,18.0,,26.0,31.0,33.0,20.0,10.0,13.0,36.0,,42.0,31.0,48.0,29.0,,32.0,43.0,36.0,,47.5,39.0,25.0,44.0,,3.0,13.0,7.0,16.0,33.0,5.0,2.0,1.0,30.5,4.0,26.0,13.0,,,,24.0,8.0,29.0,9.0,11.0,40.0,23.0,20.0,,,6.0,,42.0,40.0,46.0,47.0
2011-11-24,13.0,27.0,14.0,18.5,31.0,15.0,,31.0,26.5,42.0,28.0,5.0,8.0,40.0,,24.0,36.5,45.0,28.0,,25.0,28.0,40.0,,48.0,46.0,32.0,38.0,,7.0,23.0,12.0,11.0,37.0,3.0,2.0,4.0,24.0,6.0,32.0,10.0,,,,17.0,1.0,40.0,16.0,9.0,45.0,23.0,18.0,,,20.0,,34.0,32.5,43.0,49.0
2011-11-25,18.0,32.0,12.0,26.0,35.0,16.0,,8.0,26.0,40.0,23.0,1.0,15.0,34.0,,39.5,39.0,47.0,31.0,,32.0,35.0,47.0,,45.0,46.5,36.0,33.0,,3.0,14.0,6.0,12.0,43.0,5.0,2.0,19.0,32.0,4.0,19.0,10.0,,,,26.0,9.0,34.0,18.0,12.0,25.0,25.5,23.0,,,7.0,,29.5,23.0,43.0,45.0
2011-11-28,13.0,36.0,26.0,31.0,40.5,3.0,,16.0,29.0,32.0,23.0,2.0,20.0,40.0,,42.0,27.0,40.0,33.5,,23.0,37.0,45.0,,22.0,48.0,36.0,30.0,,8.0,10.0,11.0,12.5,43.0,9.0,6.0,17.0,32.0,5.0,19.0,21.0,,,,27.0,7.0,39.0,13.0,4.0,32.0,18.0,16.0,,,1.0,,34.0,32.0,42.0,46.0
2011-11-29,19.0,34.0,12.0,29.0,37.0,16.0,,14.0,23.0,31.5,19.0,9.0,13.0,35.0,,39.0,32.0,47.0,24.0,,32.0,15.0,34.0,,48.0,44.0,34.5,44.0,,6.0,26.5,8.0,25.0,38.0,4.0,1.0,11.0,30.0,10.0,22.0,7.0,,,,26.0,2.0,43.0,21.0,3.0,47.0,19.0,32.5,,,5.0,,20.0,16.0,41.0,42.0
2011-11-30,13.5,29.0,24.0,26.0,40.0,21.0,,22.0,33.0,30.0,28.0,4.0,19.0,40.0,,34.0,36.0,41.0,37.0,,20.5,41.0,26.0,,48.0,49.0,32.0,36.0,,5.0,33.0,8.0,17.0,36.0,6.0,2.0,14.0,10.0,1.0,15.0,14.0,,,,21.0,7.0,41.0,30.0,11.0,45.0,13.0,9.0,,,3.0,,26.0,15.0,44.0,45.0
2011-12-01,12.5,32.0,21.0,26.5,37.0,19.0,,12.0,27.0,30.0,22.0,1.0,17.0,42.0,,34.5,38.0,42.5,31.0,,38.5,23.0,39.0,,45.0,15.0,34.0,39.0,,8.0,23.0,6.0,12.0,38.0,7.0,9.0,18.0,25.0,5.0,27.0,17.0,,,,22.0,4.0,31.0,13.0,3.0,45.0,16.0,12.0,,,2.0,,33.0,45.5,48.0,46.5
2011-12-02,15.0,35.0,27.0,30.5,34.5,19.0,,13.0,40.0,29.0,21.0,2.0,16.0,37.0,,39.0,37.0,42.0,24.0,,37.0,46.0,34.0,,37.5,44.0,20.0,43.0,,8.0,33.0,5.0,17.0,32.0,1.0,4.0,14.0,12.0,7.0,11.0,18.0,,,,25.0,6.0,33.0,22.0,9.0,47.0,20.0,11.0,,,3.0,,45.0,24.0,35.0,44.0
2011-12-05,27.5,33.0,7.0,25.0,38.0,16.0,,14.0,33.0,27.0,20.0,3.0,11.0,37.0,,40.5,35.0,36.0,18.0,,42.0,17.0,35.0,,49.0,48.0,30.0,43.0,,2.0,32.0,10.0,9.0,26.0,1.0,12.0,14.0,26.0,6.0,23.0,18.0,,,,22.0,4.0,29.0,22.0,8.0,47.0,18.0,14.5,,,5.0,,41.0,40.5,45.0,44.0
2011-12-06,16.0,28.5,12.0,22.5,32.0,28.5,,11.0,34.0,29.0,18.0,2.0,6.0,42.5,,37.0,28.5,37.0,38.0,,26.0,29.0,20.0,,39.0,45.0,25.0,33.0,,4.0,32.0,1.0,8.0,40.0,7.0,9.0,17.0,16.0,5.0,23.0,20.0,,,,32.0,17.0,35.0,26.0,10.0,48.0,16.0,13.0,,,3.0,,43.0,44.0,46.0,46.0
2011-12-07,14.0,35.5,18.0,31.5,33.0,21.5,,16.0,35.0,32.0,25.0,4.0,14.0,39.0,,39.0,39.0,41.0,34.0,,20.0,44.0,18.0,,47.0,44.0,31.0,39.5,,3.0,26.0,9.0,12.0,21.0,2.0,8.0,12.0,12.0,6.0,27.0,20.0,,,,25.0,17.0,34.0,23.0,1.0,43.0,12.0,7.0,,,5.0,,44.0,42.0,47.0,27.0
2011-12-08,1.0,38.0,25.0,23.0,22.0,7.0,,17.0,34.5,35.0,20.0,12.0,18.0,38.0,,46.0,38.0,34.0,35.0,,24.0,43.5,36.0,,46.0,38.0,17.0,41.5,,5.0,31.0,8.0,10.0,32.0,2.0,6.0,10.0,10.0,3.0,14.0,23.0,,,,26.0,20.0,30.0,26.0,4.0,37.0,17.0,14.0,,,13.0,,44.0,44.0,44.0,37.0
2011-12-09,6.0,34.0,19.0,29.0,43.5,9.0,,1.0,38.0,26.0,15.0,13.0,13.0,38.0,,40.0,21.0,46.0,32.0,,39.0,27.0,24.0,,46.0,47.0,31.0,34.0,,7.0,35.0,2.0,12.0,37.0,5.0,4.0,16.0,26.0,9.0,18.0,28.0,,,,22.0,25.0,36.0,19.0,3.0,40.0,16.0,21.0,,,9.0,,48.0,12.0,32.0,41.0
2011-12-12,5.0,21.5,15.0,16.5,35.0,24.5,,12.0,39.0,29.5,18.0,13.0,11.5,42.0,,46.0,33.5,44.0,30.5,,30.0,42.5,34.0,,32.0,46.0,25.0,40.0,,1.5,32.0,7.0,12.0,33.0,4.0,9.0,15.0,8.0,6.0,20.0,29.0,,,,20.0,26.0,25.5,27.0,3.0,38.0,29.5,12.0,,,1.5,,46.5,45.0,34.5,37.0
2011-12-13,9.0,28.5,18.0,23.0,31.0,27.0,,11.0,41.0,21.0,4.0,20.0,13.0,19.0,,44.0,37.0,40.0,6.0,,33.0,48.0,43.0,,35.0,38.0,28.0,42.5,,7.0,34.0,3.0,10.0,13.0,8.0,1.0,15.0,13.0,5.0,24.0,32.0,,,,16.0,30.0,36.0,27.0,2.0,39.0,16.0,21.0,,,24.5,,44.0,45.0,38.0,33.0
2011-12-14,10.0,36.0,29.0,31.5,20.0,35.0,,8.0,48.0,21.0,15.5,18.0,18.0,27.0,,42.0,24.0,40.0,3.0,,40.0,44.5,46.0,,24.0,38.5,4.0,26.5,,5.0,35.0,2.0,12.0,29.5,6.0,7.0,18.0,15.0,18.0,24.0,42.5,,,,26.0,36.0,28.0,9.0,1.0,40.0,17.0,13.0,,,11.0,,46.5,38.0,35.0,36.5
2011-12-15,20.0,30.0,5.0,20.0,26.0,28.0,,17.0,42.0,25.0,7.0,10.0,2.0,34.0,,43.0,32.0,28.0,8.0,,36.0,47.0,48.0,,29.0,43.5,13.0,31.0,,11.0,34.5,3.0,22.0,27.5,9.0,1.0,14.0,4.0,6.0,27.0,33.5,,,,23.5,38.0,37.0,12.0,15.0,41.0,17.0,17.0,,,20.0,,43.0,42.0,41.5,39.0
2011-12-16,10.0,27.0,2.0,17.0,25.0,21.0,,13.0,43.0,25.0,7.0,21.0,11.0,35.0,,44.0,36.0,35.5,19.0,,35.0,46.0,48.0,,30.0,26.0,18.0,32.0,,9.0,32.0,4.0,15.0,22.0,3.0,1.0,11.0,5.0,6.0,28.0,41.0,,,,15.0,36.5,34.0,8.0,15.0,43.0,22.5,28.0,,,31.5,,42.0,41.0,40.0,38.0
2011-12-19,14.0,33.0,2.0,26.0,30.0,29.0,,7.0,39.0,20.0,5.0,17.0,23.5,33.0,,43.0,40.0,43.0,15.0,,37.0,46.0,48.0,,37.5,42.0,36.5,37.0,,11.0,29.5,1.0,24.0,6.0,8.0,12.0,19.0,3.0,9.0,10.0,29.0,,,,20.0,25.0,30.0,16.0,4.0,44.0,20.0,13.0,,,21.0,,39.0,34.0,30.5,45.0
2011-12-20,12.0,24.0,4.0,19.0,31.0,33.0,,6.0,39.0,29.0,2.0,12.0,13.0,34.0,,43.0,35.0,28.0,27.0,,31.0,45.5,47.5,,39.0,45.0,19.0,39.0,,8.0,27.0,1.0,19.0,24.0,9.0,3.0,11.0,7.0,5.0,22.0,41.5,,,,16.0,21.0,29.0,17.0,15.0,45.0,12.0,23.5,,,34.0,,35.0,35.0,39.0,42.0
2011-12-21,10.0,34.5,14.0,24.5,14.0,33.0,,7.0,41.0,14.0,3.0,19.0,26.0,34.0,,41.0,45.0,40.0,17.0,,38.0,43.5,47.0,,36.0,46.0,25.0,27.5,,6.0,33.0,1.0,2.0,8.0,4.0,27.0,17.0,11.0,12.0,5.0,38.0,,,,29.0,35.0,22.5,19.0,9.0,42.0,16.0,22.0,,,26.0,,25.0,34.0,32.5,44.0
2011-12-22,5.0,33.0,6.0,18.0,33.0,25.0,,7.0,39.5,25.0,15.0,23.0,12.0,30.5,,41.0,46.5,43.0,3.0,,37.0,44.0,46.0,,35.5,41.0,22.0,38.0,,1.0,21.0,2.0,28.0,18.0,10.0,14.0,18.0,4.0,9.0,13.0,37.0,,,,11.0,29.0,33.5,8.0,19.0,45.0,18.0,22.0,,,34.0,,31.0,31.0,39.0,44.0
2011-12-23,12.0,24.5,14.0,19.0,23.0,29.0,,7.0,36.0,18.0,3.0,10.0,17.0,29.0,,38.0,44.0,40.0,5.0,,29.0,42.0,47.0,,39.5,44.5,38.0,32.0,,6.0,26.0,4.0,20.0,9.0,2.0,11.0,31.0,1.0,8.0,15.0,34.0,,,,22.0,25.0,39.0,15.0,12.0,42.0,25.0,26.0,,,32.0,,36.0,36.0,39.0,46.0
2011-12-28,25.0,18.0,14.0,10.5,44.0,37.0,,1.0,41.0,21.0,15.0,18.0,23.0,38.0,,42.0,30.0,41.0,12.0,,26.0,25.0,40.0,,46.0,34.5,21.5,38.0,,9.0,21.0,2.0,4.0,28.0,5.0,10.5,7.0,8.0,3.0,13.0,38.0,,,,32.0,35.0,32.5,27.0,6.0,48.0,19.0,16.0,,,21.0,,33.0,36.0,46.0,37.5
2011-12-29,13.0,2.0,3.0,22.5,22.0,30.0,,5.0,46.5,32.0,18.0,27.0,20.0,45.0,,38.0,35.0,38.0,6.0,,29.0,43.0,46.0,,39.5,44.0,16.0,34.0,,4.0,26.0,7.0,16.0,18.5,1.0,11.0,8.5,10.0,12.0,15.0,40.5,,,,24.0,21.0,32.0,15.0,8.5,43.0,27.0,24.0,,,30.0,,37.0,32.0,42.5,45.0
2011-12-30,30.0,3.0,4.0,21.5,23.5,36.5,,10.0,44.0,24.0,26.0,17.0,21.0,42.0,,40.5,26.0,38.5,12.0,,20.5,43.0,45.0,,47.0,39.0,34.0,36.0,,11.0,15.0,1.0,6.0,32.0,2.0,24.0,8.0,13.0,6.0,15.0,41.0,,,,28.5,33.0,24.0,17.0,17.0,48.0,9.0,6.0,,,21.0,,37.0,24.0,36.0,42.0
2012-01-03,15.0,3.0,5.0,25.0,18.0,42.0,,6.0,40.0,17.0,36.0,19.0,32.0,41.0,,40.0,22.0,40.5,13.0,,22.0,45.0,47.0,,46.0,34.0,27.0,45.0,,4.0,32.5,2.0,10.0,19.0,7.0,12.0,11.0,1.0,14.0,9.0,35.5,,,,28.0,31.0,26.0,17.0,24.0,41.0,21.5,8.0,,,26.5,,30.0,37.5,39.0,34.0
2012-01-04,16.0,4.0,2.0,25.0,19.5,38.0,,5.0,34.0,14.0,41.0,19.0,33.0,45.0,,39.0,26.0,38.5,12.0,,22.0,42.0,46.0,,48.0,26.0,31.5,44.0,,10.0,32.0,3.0,9.0,18.0,7.0,14.0,8.0,11.0,1.0,18.0,31.0,,,,28.0,32.0,26.0,36.0,17.5,36.0,14.0,6.0,,,26.5,,36.0,26.0,40.0,46.0
2012-01-05,9.0,20.0,3.0,30.5,15.0,42.0,,8.0,41.0,16.0,23.0,19.0,30.0,25.5,,42.0,23.5,43.5,7.0,,13.0,36.0,39.0,,48.0,37.0,29.0,41.0,,1.0,27.0,2.0,13.0,15.0,5.0,4.0,11.0,6.0,10.0,17.0,36.0,,,,39.0,29.0,23.0,32.0,33.0,46.5,14.0,26.0,,,23.0,,37.0,30.0,39.5,43.0
2012-01-06,24.5,17.0,5.0,29.0,29.0,45.5,,7.0,42.0,13.0,40.0,9.0,27.0,20.0,,37.0,29.0,47.0,1.0,,23.0,43.0,46.0,,40.0,30.0,31.0,45.0,,8.0,34.0,3.0,10.0,4.0,6.0,18.0,11.0,14.0,2.0,12.0,42.0,,,,19.0,31.5,27.0,36.0,26.0,28.0,17.0,19.0,,,17.0,,40.0,36.0,26.0,36.0
2012-01-09,19.0,10.0,12.0,21.0,23.0,33.5,,4.0,48.0,11.0,40.0,24.0,33.0,28.0,,40.0,46.0,27.5,2.0,,17.0,45.0,46.0,,32.0,34.0,22.5,33.0,,6.0,34.5,8.0,9.0,14.0,1.0,3.0,18.0,5.0,7.0,15.0,44.5,,,,29.0,35.0,23.0,37.0,16.0,36.5,22.0,13.0,,,24.0,,41.0,38.0,34.0,37.0
2012-01-10,28.0,1.0,14.0,15.0,39.0,36.0,,8.0,46.0,22.0,31.0,12.0,34.0,18.0,,37.0,24.0,44.0,4.0,,18.0,32.5,48.0,,40.0,43.0,27.5,33.0,,6.0,32.0,5.0,3.0,34.0,2.0,9.0,11.0,10.0,7.0,13.0,44.0,,,,23.0,25.0,23.0,23.0,24.0,39.0,16.0,17.0,,,28.0,,27.5,35.5,46.0,47.0
2012-01-11,20.0,3.0,19.0,24.5,23.0,38.5,,8.0,42.0,25.0,34.0,10.0,31.0,27.0,,40.5,43.0,48.0,2.0,,14.0,42.0,46.0,,46.0,40.0,28.0,25.0,,5.0,35.5,16.0,11.0,34.5,14.0,9.0,1.0,6.0,4.0,7.0,35.5,,,,12.0,31.5,19.0,19.0,32.0,44.0,14.0,16.0,,,24.0,,25.0,39.0,29.0,38.0
2012-01-12,21.0,2.0,13.0,18.0,26.0,32.0,,16.0,32.0,18.0,37.0,13.0,34.0,25.0,,39.0,23.0,38.0,7.0,,34.0,45.0,46.0,,45.0,36.0,29.5,25.0,,10.0,23.0,4.0,9.0,26.0,5.0,6.0,3.0,8.0,11.0,1.0,33.0,,,,17.0,41.0,25.0,16.0,13.0,46.0,27.0,22.0,,,28.0,,38.0,44.0,43.5,45.0
2012-01-13,19.0,8.0,5.0,15.0,28.0,32.5,,22.0,32.0,13.0,32.0,15.0,35.0,27.0,,44.0,26.0,43.0,7.0,,21.0,39.0,47.0,,45.0,36.0,27.5,45.0,,20.0,17.0,12.0,1.0,39.0,10.0,15.0,2.0,4.0,3.0,12.0,31.0,,,,23.0,26.0,35.0,9.0,20.0,48.0,18.0,6.0,,,28.0,,38.0,37.0,42.0,34.5
2012-01-16,14.0,5.0,8.0,17.0,25.0,32.0,,12.0,34.0,35.0,23.0,20.0,29.5,29.0,,43.0,24.5,47.0,10.0,,37.5,33.0,44.5,,45.5,43.0,42.0,24.0,,11.0,40.5,2.0,9.0,24.0,7.0,3.0,4.0,6.0,13.0,1.0,32.0,,,,20.0,30.0,25.0,16.0,14.0,41.0,27.0,21.0,,,25.0,,33.0,42.0,37.0,46.0
2012-01-17,8.0,2.0,1.0,12.0,24.0,29.5,,27.0,35.0,27.0,34.0,22.0,31.5,30.0,,37.0,33.0,36.0,6.0,,29.5,41.0,47.0,,42.5,44.0,23.0,43.0,,21.0,32.0,15.0,4.0,17.0,3.0,7.0,5.0,9.0,10.0,18.0,28.5,,,,14.0,23.0,36.0,11.0,17.0,42.0,22.0,14.0,,,17.0,,42.0,41.0,36.0,48.0
2012-01-18,11.0,4.0,1.0,12.0,28.0,35.0,,18.0,36.5,22.0,37.0,28.0,31.0,32.0,,41.0,27.0,46.0,8.0,,26.5,40.0,47.0,,36.5,41.0,22.0,42.0,,25.0,25.0,13.0,7.0,39.0,10.0,15.0,2.0,6.0,3.0,14.0,39.0,,,,19.0,24.0,18.0,9.0,18.0,48.0,22.0,4.0,,,21.0,,35.0,32.0,41.0,47.0
2012-01-19,6.0,10.0,3.0,17.0,27.0,8.0,,36.5,41.0,31.0,21.0,21.0,41.0,27.0,,41.0,26.5,45.0,17.0,,36.0,31.0,45.0,,32.0,34.0,18.0,21.0,,23.0,21.0,4.0,1.0,21.5,15.0,9.0,7.0,5.0,2.0,14.0,38.0,,,,12.0,30.0,25.0,12.0,12.0,47.0,23.0,27.0,,,33.0,,44.0,42.0,46.0,40.5
2012-01-20,6.0,11.0,26.0,7.0,23.0,30.5,,38.0,38.0,24.0,36.5,14.0,41.0,10.0,,41.0,35.0,48.0,9.0,,26.5,39.0,49.0,,27.0,34.0,22.0,44.0,,5.0,31.5,16.0,1.0,29.5,11.0,2.0,8.0,4.0,14.0,17.0,35.0,,,,19.0,28.0,19.5,3.0,13.0,38.0,23.0,19.0,,,25.0,,42.0,45.5,43.0,34.0
2012-01-26,13.0,1.0,23.0,21.0,36.0,11.0,,42.0,43.0,27.0,24.0,8.0,43.5,32.5,,42.5,40.0,43.0,15.0,,15.0,26.0,46.0,,15.0,39.0,19.0,32.0,,3.0,33.0,9.0,7.0,19.0,16.0,4.0,2.0,10.0,5.0,18.0,35.0,,,,30.0,22.0,29.5,26.0,6.0,25.0,33.0,12.0,,,28.0,,46.0,38.0,43.0,48.0
2012-01-27,10.0,10.0,27.0,14.0,27.0,32.0,,30.0,36.0,25.0,40.0,18.0,42.0,33.0,,45.0,10.0,47.5,23.0,,16.0,43.5,41.0,,45.0,37.0,22.0,31.0,,12.0,31.0,5.0,3.0,30.0,20.0,2.0,6.0,8.0,18.0,16.0,37.0,,,,7.0,23.0,25.0,13.0,4.0,38.0,22.0,1.0,,,15.0,,34.0,37.0,46.0,44.0
2012-01-30,8.0,3.0,29.0,15.0,29.0,24.5,,34.0,37.5,26.0,37.0,1.0,40.0,35.0,,46.0,32.0,35.5,24.0,,17.0,26.0,45.5,,33.0,44.5,22.0,33.0,,5.0,33.5,15.0,6.0,25.0,19.0,9.0,2.0,4.0,18.0,10.0,36.0,,,,14.0,21.5,24.5,14.0,13.0,47.0,22.0,7.0,,,11.0,,38.0,42.0,46.5,44.0
2012-01-31,19.0,10.0,6.0,22.0,37.0,25.0,,35.0,33.0,33.0,29.5,17.0,39.0,29.0,,46.0,14.0,9.0,12.0,,35.0,34.0,46.0,,27.0,42.0,19.0,28.0,,2.0,40.0,7.0,8.0,21.0,15.0,4.0,1.0,3.0,14.0,5.0,32.0,,,,24.0,17.0,33.0,21.0,28.0,48.0,12.0,12.0,,,30.0,,40.0,43.0,47.0,43.5
2012-02-01,12.0,12.0,17.0,25.0,39.0,16.0,,37.0,42.0,18.0,43.0,29.0,31.0,39.0,,25.0,33.0,39.0,16.0,,28.0,32.0,43.0,,35.0,48.0,36.0,25.5,,12.0,36.0,4.0,7.0,21.0,6.0,9.0,1.0,2.0,14.0,3.0,30.0,,,,22.0,10.0,25.0,17.0,23.0,25.0,27.0,8.0,,,5.0,,42.0,36.5,47.0,45.0
2012-02-02,11.0,11.0,18.0,24.0,21.0,15.0,,34.0,18.0,24.0,34.0,31.0,40.5,23.0,,28.0,31.0,42.0,20.0,,32.0,37.0,44.0,,46.5,47.0,16.0,32.0,,4.0,42.0,15.0,5.0,27.0,8.5,3.0,1.0,2.0,6.0,11.0,29.0,,,,19.0,8.5,37.0,28.0,19.0,45.0,24.0,7.0,,,13.0,,37.0,40.0,45.0,43.0
2012-02-03,11.0,10.0,33.0,8.0,17.0,9.0,,38.0,25.0,34.0,30.0,19.0,39.0,31.0,,41.0,36.0,28.0,14.0,,30.0,25.0,46.0,,42.0,44.0,24.0,29.0,,25.0,40.0,15.0,5.0,36.0,12.0,3.0,4.0,7.0,1.0,22.0,27.0,,,,26.0,12.0,19.0,17.0,15.0,43.0,24.0,2.0,,,6.0,,42.0,44.0,47.0,49.0
2012-02-06,8.0,27.0,17.0,22.0,32.0,22.0,,37.0,26.0,15.0,36.0,18.0,40.0,31.0,,44.0,26.0,42.0,12.0,,34.0,4.0,42.0,,44.0,47.0,29.5,36.5,,19.0,38.0,13.0,10.0,23.0,14.0,2.0,5.0,3.0,7.0,6.0,32.0,,,,20.0,11.0,39.5,23.5,9.0,32.0,27.5,1.0,,,16.0,,44.0,32.0,42.0,48.0
2012-02-07,11.0,28.0,16.0,21.0,32.0,20.0,,34.0,35.0,14.0,42.0,12.0,39.0,30.0,,47.0,32.0,41.0,18.5,,26.0,1.0,41.0,,43.0,39.0,35.0,45.0,,19.0,37.0,14.5,2.0,26.0,13.0,4.0,5.0,3.0,23.0,7.0,21.0,,,,17.0,7.0,31.5,31.0,22.0,46.0,9.0,6.0,,,10.0,,24.0,29.0,45.5,49.0
2012-02-08,19.5,35.0,8.0,13.5,21.0,14.5,,33.0,42.5,23.0,34.0,16.0,30.0,25.0,,37.0,26.0,38.0,26.0,,37.0,21.0,48.5,,34.0,45.0,28.0,47.0,,10.0,30.0,13.0,3.0,41.0,6.0,7.0,2.0,4.0,20.0,9.0,23.0,,,,16.0,13.0,40.0,24.0,17.0,46.0,5.0,1.0,,,11.0,,40.0,41.0,37.0,44.0
2012-02-09,9.0,34.0,1.0,30.0,23.0,8.0,,32.0,14.0,28.5,26.0,32.5,36.0,19.0,,41.5,25.0,28.0,19.0,,36.0,33.0,44.0,,42.0,39.0,21.0,47.0,,22.0,38.0,12.0,5.0,15.5,10.0,2.0,6.0,3.0,19.0,16.0,22.0,,,,21.0,3.0,28.0,39.0,16.0,39.0,13.0,11.0,,,7.0,,48.0,46.5,45.0,42.0
2012-02-10,15.0,29.5,18.0,10.0,28.0,17.0,,43.0,32.0,37.0,40.0,7.0,42.0,25.0,,46.0,27.0,46.0,18.0,,37.0,35.0,39.0,,32.0,10.0,32.0,27.0,,19.0,39.0,21.0,2.5,24.0,10.0,1.0,2.5,6.0,12.0,8.0,20.0,,,,20.0,14.0,28.0,25.0,23.0,36.0,5.0,4.0,,,12.0,,42.5,46.0,40.0,47.0
2012-02-13,6.0,21.0,9.0,13.0,34.0,7.0,,37.0,28.0,17.0,37.0,26.5,35.0,40.0,,40.5,24.0,40.0,13.0,,34.0,32.0,45.0,,43.5,42.0,25.0,47.0,,20.0,31.0,5.0,11.0,28.0,4.0,3.0,1.0,10.0,18.5,8.0,21.0,,,,22.0,13.0,27.5,37.0,15.0,31.0,2.0,24.0,,,17.0,,22.0,48.0,46.0,43.0
2012-02-14,4.0,17.0,10.0,30.0,16.5,10.0,,40.0,32.0,32.0,27.0,26.0,38.0,38.0,,42.0,41.0,34.0,26.0,,23.5,34.5,44.0,,44.0,43.5,21.5,34.0,,11.0,37.0,17.0,1.0,22.0,15.0,8.0,3.0,2.0,19.0,23.0,29.0,,,,7.0,13.0,19.0,36.0,6.0,46.0,5.0,10.0,,,15.0,,26.0,32.0,47.0,49.0
2012-02-15,9.0,15.0,19.0,5.0,25.0,7.0,,17.0,31.0,34.0,36.0,18.0,30.0,38.0,,44.0,35.0,45.0,23.0,,29.0,20.0,43.0,,38.0,47.0,28.0,48.0,,13.0,40.5,1.0,3.0,40.0,14.0,8.0,2.0,11.0,21.0,10.0,28.5,,,,4.0,6.0,26.0,32.0,23.0,43.0,26.0,16.0,,,12.0,,39.0,46.0,25.0,35.0
2012-02-16,8.0,20.5,18.0,30.0,27.0,11.0,,44.0,26.0,10.0,34.0,17.0,37.0,31.0,,46.0,41.0,14.0,22.0,,15.0,28.0,44.0,,43.0,45.5,16.0,32.0,,25.0,29.0,1.0,7.0,30.5,29.0,6.0,4.0,14.0,20.0,4.0,26.0,,,,9.0,4.0,38.0,32.5,2.5,48.0,13.0,19.0,,,16.5,,42.0,47.0,36.0,39.0
2012-02-17,11.0,17.0,16.0,21.0,31.0,6.0,,33.5,24.0,29.0,21.0,17.0,39.0,33.0,,49.0,38.0,34.5,37.5,,5.0,34.0,45.0,,41.0,45.5,36.0,26.5,,26.0,44.5,14.0,7.0,28.0,25.0,1.0,2.0,10.0,21.5,3.0,36.0,,,,14.0,8.0,31.0,23.0,3.0,44.0,17.0,13.0,,,9.0,,23.0,47.0,14.0,42.0
2012-02-20,7.0,13.5,11.0,14.0,34.0,3.0,,39.0,29.0,33.0,22.0,25.0,36.0,37.0,,42.0,39.0,41.0,24.0,,34.0,31.0,43.0,,47.0,43.5,27.0,17.0,,29.0,30.0,11.0,8.0,24.0,16.0,6.0,19.0,9.0,15.0,5.0,28.5,,,,2.0,1.0,22.0,15.0,4.0,48.0,21.0,21.0,,,11.0,,25.0,46.0,45.0,40.5
2012-02-21,3.0,11.0,15.0,18.0,23.0,19.0,,41.0,26.0,39.0,33.0,27.0,30.0,49.0,,41.5,46.0,24.0,35.5,,27.0,29.0,39.5,,37.0,43.0,27.0,30.0,,5.0,44.0,14.0,6.0,28.0,24.0,1.0,16.0,8.0,24.5,12.0,34.0,,,,4.0,9.5,14.0,15.0,2.0,46.0,9.5,21.0,,,7.0,,35.5,37.0,29.0,47.0
2012-02-22,17.0,14.0,31.0,16.0,26.0,5.0,,29.0,36.0,25.5,23.0,19.0,21.0,34.0,,33.0,45.0,47.0,13.0,,37.0,39.0,43.0,,44.0,31.0,23.0,27.0,,34.0,35.0,29.0,8.0,46.0,34.0,1.0,4.0,10.0,7.0,6.0,25.5,,,,3.0,19.0,11.0,20.0,2.0,44.5,13.0,21.0,,,14.0,,42.5,44.0,8.0,40.0
2012-02-23,18.0,29.5,22.0,4.0,23.0,10.0,,32.0,37.0,12.0,20.0,13.0,13.0,32.0,,47.0,33.0,36.0,23.0,,41.0,39.0,30.0,,43.0,34.5,47.0,41.0,,25.0,25.0,30.0,2.0,27.0,25.0,8.0,6.0,1.0,7.0,9.0,37.5,,,,5.0,19.0,13.0,19.0,3.0,40.0,16.0,14.0,,,16.0,,43.0,45.0,44.0,40.0
2012-02-24,4.0,35.0,35.0,1.0,21.0,6.0,,24.0,42.0,31.0,7.0,26.0,12.0,38.5,,42.0,17.0,40.0,27.0,,29.0,23.0,33.0,,37.0,16.0,37.5,48.0,,20.0,4.0,24.0,2.0,38.5,21.0,8.0,11.0,17.0,4.0,15.0,39.0,,,,10.0,23.0,9.0,29.0,15.0,48.0,13.0,32.0,,,24.0,,46.0,33.5,43.0,45.0
2012-02-27,11.0,37.0,26.0,21.0,27.0,11.0,,21.0,39.5,15.0,2.0,14.0,16.0,42.0,,46.0,36.0,25.0,31.5,,12.0,28.0,21.0,,42.0,24.0,17.5,47.0,,9.0,33.0,7.0,8.0,39.5,26.5,5.0,4.0,14.0,6.0,2.0,41.0,,,,24.0,29.0,14.0,35.0,2.0,46.0,32.0,34.0,,,21.0,,44.0,33.5,41.5,47.0
2012-02-28,2.0,34.0,26.0,25.0,38.0,5.0,,18.0,37.0,8.0,1.0,23.0,12.0,42.0,,48.0,14.0,26.0,22.0,,37.0,3.0,39.0,,34.0,22.0,24.5,43.0,,34.0,31.0,20.0,7.0,40.0,19.5,8.0,4.0,15.0,11.0,6.0,39.0,,,,18.0,13.0,32.0,29.0,10.0,44.0,30.0,20.0,,,27.5,,48.0,28.0,44.0,36.0
2012-02-29,10.0,42.0,22.0,11.0,34.0,9.0,,2.0,35.0,31.0,1.0,23.0,17.0,28.0,,42.0,40.0,26.0,35.0,,27.0,37.0,40.0,,44.5,20.0,17.0,44.0,,33.0,23.0,13.0,14.0,24.0,31.0,3.0,6.0,4.0,7.0,6.0,33.0,,,,17.0,20.0,12.0,27.5,5.0,46.0,18.0,28.0,,,17.0,,48.0,37.0,42.0,46.0
2012-03-01,3.0,38.0,19.0,33.0,16.0,8.0,,15.5,41.0,32.0,3.0,2.0,21.0,13.0,,47.0,44.0,22.0,7.0,,13.0,42.0,40.0,,43.0,9.0,36.0,46.0,,34.0,22.0,15.5,6.0,29.5,28.0,9.0,26.0,1.0,18.0,5.0,41.0,,,,25.0,25.0,24.0,28.5,11.0,47.0,30.0,19.0,,,15.0,,42.0,38.0,42.0,32.0
2012-03-02,16.0,34.0,33.0,23.5,25.0,8.0,,5.0,40.5,37.0,1.0,2.0,12.0,36.0,,23.0,30.0,22.0,29.0,,6.0,41.0,36.0,,42.0,23.0,46.0,38.0,,31.0,17.0,3.0,4.0,19.5,20.0,10.0,32.5,12.0,7.0,9.0,39.0,,,,14.0,20.0,15.0,26.5,12.0,48.0,23.0,29.0,,,27.0,,41.0,44.0,48.0,46.0
2012-03-05,2.0,27.0,44.0,6.0,22.0,2.0,,15.0,39.5,16.0,3.0,13.0,18.5,8.0,,37.0,31.0,18.0,8.0,,12.0,37.0,42.0,,47.0,36.0,37.0,42.0,,19.0,24.0,11.0,5.0,38.5,32.0,9.0,23.0,17.0,13.0,8.0,36.0,,,,34.0,23.5,24.5,43.0,2.0,42.0,27.5,31.0,,,29.0,,34.0,48.0,28.0,39.0
2012-03-06,3.0,23.0,30.0,1.0,41.0,18.0,,18.0,38.0,2.0,3.5,37.0,22.5,20.0,,44.0,16.0,27.0,33.5,,13.0,35.0,32.0,,45.0,17.0,40.0,27.5,,29.0,11.0,12.0,6.0,23.0,23.0,4.0,31.0,15.0,10.0,7.0,36.5,,,,9.0,41.5,26.0,30.0,7.0,44.5,14.0,38.5,,,32.0,,41.0,48.0,44.5,35.0
2012-03-07,3.0,34.0,39.0,1.0,47.0,8.0,,14.0,24.0,5.0,8.0,14.0,11.0,22.0,,39.0,23.0,34.0,37.5,,30.0,37.0,42.0,,42.0,21.0,43.0,25.0,,12.5,18.0,28.0,10.0,33.0,20.0,2.0,7.0,17.0,3.0,7.0,39.0,,,,16.0,36.0,27.0,34.0,21.0,48.0,19.0,14.0,,,30.0,,41.0,49.0,45.0,26.0
2012-03-08,5.0,23.0,40.0,27.0,35.0,16.0,,29.0,34.0,9.0,3.0,10.0,3.0,37.0,,43.5,22.5,31.0,24.0,,17.0,34.0,40.0,,40.0,13.5,45.0,27.0,,19.0,21.0,13.0,7.0,43.0,21.0,8.0,26.0,11.0,1.0,6.0,33.5,,,,13.0,27.0,31.0,29.0,3.0,37.0,19.0,15.0,,,21.0,,47.0,48.0,44.0,45.5
2012-03-09,5.0,21.5,28.0,43.0,31.0,11.0,,13.0,31.5,17.0,4.0,14.0,7.0,10.0,,40.0,21.5,28.0,32.0,,23.0,29.0,38.0,,46.0,16.0,42.0,42.0,,37.0,22.0,2.0,12.0,46.0,8.0,3.0,17.0,18.0,6.0,9.0,20.0,,,,17.0,25.0,29.0,35.0,1.0,39.5,27.0,34.0,,,33.0,,46.0,39.0,40.5,48.0
2012-03-12,12.0,3.0,31.5,48.0,44.0,18.0,,7.0,40.0,30.0,5.0,15.0,15.0,10.0,,43.0,3.0,34.5,27.0,,25.0,45.5,39.0,,43.0,20.0,46.0,18.0,,32.0,31.0,1.0,3.0,36.0,21.0,5.0,20.0,11.0,9.0,8.0,13.0,,,,22.0,28.0,25.5,41.0,18.5,41.0,36.0,24.0,,,26.0,,43.5,16.0,36.0,28.0
2012-03-13,11.0,14.0,34.0,34.0,33.0,22.0,,6.0,33.0,35.0,1.0,4.0,19.0,24.0,,38.0,27.5,30.0,37.5,,13.0,41.0,38.0,,32.0,21.0,38.0,46.0,,27.0,16.0,5.0,7.0,44.0,19.0,2.0,31.0,16.0,3.0,10.0,9.0,,,,12.0,24.5,24.0,27.0,8.0,46.0,22.0,21.0,,,16.5,,48.0,45.0,42.0,44.5
2012-03-14,19.5,19.0,34.0,39.0,5.0,31.0,,16.0,33.0,29.5,7.0,3.0,13.0,18.0,,36.5,41.0,13.0,26.0,,13.0,46.5,20.5,,37.0,36.0,39.0,46.5,,42.0,9.0,9.0,2.0,44.0,15.0,7.0,5.0,23.0,11.0,1.0,25.5,,,,28.5,29.0,35.0,32.0,5.0,40.0,18.0,25.0,,,23.0,,45.0,25.0,27.5,48.0
2012-03-15,18.0,16.0,36.5,8.0,28.0,32.0,,3.0,38.0,45.0,1.0,5.0,9.0,15.0,,41.0,21.0,19.0,24.0,,24.0,47.0,34.0,,45.0,28.0,41.0,29.0,,38.0,11.0,14.0,11.0,42.0,13.0,7.0,31.0,22.0,4.0,2.0,37.0,,,,28.0,11.0,32.0,37.5,6.0,47.0,17.0,23.0,,,29.0,,39.0,22.0,21.0,46.0
2012-03-16,17.5,18.0,6.5,23.0,42.5,17.0,,3.0,31.0,39.5,9.0,10.0,5.0,21.5,,41.0,36.0,33.0,27.0,,30.0,35.0,30.0,,45.0,12.0,46.0,33.0,,39.0,10.0,23.5,15.0,42.0,8.0,1.0,4.0,23.0,2.0,13.0,31.0,,,,16.5,28.0,40.0,34.0,6.5,46.0,18.0,26.0,,,37.0,,43.0,24.0,22.0,46.0
2012-03-20,17.0,23.5,24.0,31.0,43.0,17.0,,2.0,43.0,29.5,1.0,14.0,6.0,26.0,,45.0,28.0,38.0,6.0,,5.0,45.0,9.0,,39.0,15.0,47.0,33.0,,36.0,22.5,8.0,10.0,38.0,12.0,13.0,33.5,20.0,3.0,11.0,24.0,,,,18.0,30.5,21.0,36.0,5.0,47.0,17.0,39.0,,,26.0,,39.5,33.0,32.0,44.0
2012-03-21,23.0,21.0,39.5,18.0,44.0,27.0,,3.0,20.0,33.0,4.0,6.0,2.0,33.5,,36.0,21.0,29.5,13.0,,30.0,47.0,15.0,,44.5,16.0,42.0,28.0,,39.0,11.0,11.0,5.0,40.0,10.0,1.0,23.0,26.5,7.0,8.0,32.0,,,,27.0,35.0,36.5,39.0,11.0,39.0,15.0,39.0,,,18.0,,39.0,43.0,16.0,35.0
2012-03-22,13.0,20.5,26.0,23.0,28.0,8.0,,5.0,21.0,35.0,4.0,11.0,12.0,14.0,,49.0,27.0,31.0,2.0,,17.0,42.0,40.0,,40.0,20.0,33.0,37.0,,38.0,17.0,3.0,6.0,40.0,18.0,1.0,33.5,10.0,9.0,7.0,28.0,,,,41.0,34.0,31.0,27.0,37.5,45.0,14.0,42.0,,,19.0,,28.0,32.5,47.5,43.0
2012-03-23,5.0,17.0,35.0,31.0,38.0,30.0,,11.0,43.0,33.0,1.0,10.0,13.0,19.0,,41.0,26.0,14.0,3.0,,22.0,47.0,15.0,,41.0,25.0,25.0,42.0,,38.0,17.0,19.0,6.0,34.0,11.0,4.0,31.0,7.0,2.0,8.0,36.0,,,,11.0,23.0,22.0,31.0,24.0,44.0,32.0,35.0,,,17.0,,41.0,46.0,37.0,46.0
2012-03-26,8.0,40.5,35.5,23.0,41.0,26.5,,7.0,15.0,40.0,4.0,6.0,15.0,23.0,,38.0,18.0,30.5,2.0,,19.0,44.0,9.0,,44.0,10.0,29.0,33.0,,34.0,19.0,11.0,13.0,42.0,11.0,3.0,16.0,32.0,1.0,4.0,36.0,,,,29.0,22.5,37.0,45.0,19.0,35.0,26.0,30.0,,,25.0,,36.0,45.0,18.0,47.0
2012-03-27,4.0,40.0,38.0,35.0,32.0,24.0,,6.0,26.0,41.0,21.0,2.0,19.0,21.0,,41.5,29.0,35.0,7.0,,11.0,43.5,3.0,,41.0,16.0,17.0,42.0,,30.5,13.0,13.0,10.0,30.0,5.0,8.0,33.0,13.0,1.0,9.0,34.0,,,,31.0,25.0,26.0,36.5,24.0,45.0,36.0,38.5,,,16.0,,39.5,48.0,16.0,22.5
2012-03-28,15.0,44.0,40.0,36.0,34.0,14.0,,3.0,28.0,33.0,16.0,13.0,10.0,12.0,,41.0,33.0,23.0,1.5,,18.0,48.0,18.0,,48.0,28.0,25.0,36.5,,24.0,24.0,1.5,6.0,40.0,9.0,5.0,4.0,25.0,7.0,8.0,29.0,,,,31.5,40.0,29.5,39.5,18.0,40.5,11.0,19.0,,,20.0,,45.0,32.5,37.5,41.0
2012-03-29,23.0,46.0,21.0,41.0,12.0,18.0,,2.0,18.0,42.0,15.5,9.0,16.0,24.0,,33.0,40.0,43.0,17.0,,11.0,45.0,3.0,,32.0,36.0,19.0,36.0,,29.0,29.0,1.0,4.0,43.0,20.0,7.0,4.0,9.0,12.0,6.0,28.0,,,,30.0,37.0,35.0,28.0,14.0,48.0,24.0,30.0,,,10.0,,44.0,37.0,29.0,39.0
2012-03-30,3.0,38.0,42.0,19.0,28.0,22.0,,4.0,29.0,38.0,18.0,12.0,25.0,2.0,,26.0,22.0,27.0,45.0,,14.0,37.0,19.0,,43.0,43.0,13.5,33.0,,25.5,39.0,25.0,9.0,47.0,5.0,7.0,11.0,1.0,9.0,6.0,32.0,,,,35.0,31.0,31.0,36.0,15.0,42.5,29.0,13.0,,,9.0,,35.0,44.0,17.0,47.0
2012-04-02,13.0,40.0,41.0,26.0,23.0,15.0,,18.0,33.5,38.0,13.0,16.0,18.0,1.0,,30.0,11.0,21.0,29.0,,29.0,46.0,27.0,,45.0,37.0,19.5,41.0,,29.5,5.0,9.0,4.0,39.0,7.0,6.0,8.0,9.0,2.0,3.0,18.0,,,,40.5,33.0,21.0,38.0,25.0,44.0,32.0,32.5,,,11.0,,36.0,45.0,27.0,43.0
2012-04-03,10.0,47.0,33.0,33.5,12.0,11.0,,3.0,29.0,30.0,23.0,8.0,21.0,13.0,,33.0,6.0,39.0,40.0,,20.0,48.0,36.0,,48.0,33.0,24.0,31.0,,22.0,42.0,17.0,14.0,44.0,5.0,7.0,4.0,2.0,9.0,1.0,15.0,,,,38.0,27.0,27.0,32.0,19.0,42.0,26.5,16.0,,,22.0,,39.0,45.0,17.0,40.5
2012-04-05,4.0,49.0,41.0,36.0,30.0,10.0,,2.0,23.0,34.5,26.0,15.0,6.0,8.0,,19.5,14.0,31.0,15.0,,44.0,43.0,11.0,,43.0,26.0,34.0,38.0,,31.0,38.0,21.0,5.0,40.0,3.0,1.0,13.0,7.0,11.0,9.0,26.0,,,,30.0,24.0,19.0,21.0,32.0,46.0,29.0,17.0,,,16.0,,40.0,47.0,32.0,40.5
2012-04-10,10.0,47.0,45.0,34.0,39.0,19.0,,4.0,20.0,43.0,16.0,28.0,24.0,39.0,,18.0,28.0,35.0,19.0,,3.0,48.0,9.0,,45.0,34.0,31.0,44.0,,26.0,36.0,12.0,2.0,37.0,1.0,8.0,14.0,6.0,5.0,7.0,11.0,,,,32.5,27.0,23.5,27.0,21.0,41.0,19.0,17.0,,,13.0,,30.0,42.0,31.5,36.5
2012-04-11,12.0,41.0,41.0,32.0,16.0,15.0,,2.0,30.0,31.0,25.0,12.0,18.0,4.0,,34.0,37.0,45.0,40.0,,5.0,45.0,11.0,,23.0,37.0,27.0,44.0,,25.5,28.0,20.0,4.0,44.5,8.0,10.0,31.0,7.0,28.0,1.0,9.0,,,,18.0,4.0,35.0,14.0,30.5,46.0,33.0,22.0,,,23.0,,19.0,43.0,19.0,48.5
2012-04-12,13.0,46.0,41.5,23.0,13.0,10.0,,1.0,22.0,27.0,18.0,26.0,16.0,8.0,,36.0,37.0,39.0,40.0,,3.0,48.0,10.0,,33.0,35.0,28.0,38.0,,22.0,34.0,5.0,4.0,44.5,7.0,2.0,26.0,9.0,23.0,6.0,17.0,,,,22.0,17.0,29.0,15.0,34.0,42.5,28.0,22.0,,,32.0,,46.0,44.0,14.5,43.0
2012-04-13,10.0,48.0,40.0,41.0,32.0,13.5,,5.0,34.0,37.5,21.0,23.5,19.0,28.5,,42.5,30.5,41.0,17.0,,7.0,44.0,9.0,,41.0,28.0,34.0,41.0,,21.0,22.0,11.0,6.0,46.0,8.0,1.0,27.0,3.0,19.0,4.0,2.0,,,,19.0,25.0,15.0,11.0,15.0,30.0,28.0,13.0,,,38.0,,44.0,43.0,27.0,32.0
2012-04-16,20.0,42.0,44.0,35.0,6.0,18.0,,2.0,34.0,35.0,17.0,3.0,8.0,23.0,,43.0,17.0,42.0,30.0,,30.0,47.0,39.0,,35.0,44.0,13.0,23.0,,23.0,42.0,11.0,4.0,35.0,7.0,1.0,25.0,5.0,13.0,9.0,14.0,,,,10.0,15.0,23.0,28.0,25.0,36.5,27.0,15.0,,,25.0,,33.0,46.0,34.0,49.0
2012-04-17,9.0,42.5,40.0,33.0,33.0,18.0,,7.0,30.0,36.0,23.0,4.0,10.0,24.0,,41.5,19.0,42.0,30.0,,19.0,48.0,28.0,,37.0,32.0,18.0,39.0,,18.5,44.0,5.0,8.0,45.0,1.0,6.0,19.0,2.0,14.0,3.0,13.0,,,,15.0,11.0,23.0,27.0,12.0,44.0,35.0,26.0,,,22.0,,44.0,42.0,25.0,37.5
2012-04-18,13.0,44.0,25.0,28.0,20.0,16.0,,11.0,24.5,34.0,10.0,12.0,9.0,18.0,,41.0,24.0,39.0,33.0,,29.0,47.0,17.0,,39.0,46.0,21.0,36.5,,16.0,31.0,2.0,23.0,46.0,5.0,8.0,33.0,5.0,17.0,3.0,1.0,,,,7.0,5.0,26.0,31.0,36.0,41.0,32.0,30.0,,,15.0,,42.0,36.0,38.0,36.0
2012-04-19,14.0,39.0,34.5,30.5,8.0,15.0,,1.0,37.0,38.0,11.5,40.0,2.0,34.0,,40.0,20.0,45.0,28.0,,20.0,36.5,13.0,,28.0,45.0,8.0,41.0,,21.0,32.0,6.0,23.0,46.5,15.0,4.0,41.0,3.0,17.0,8.0,5.0,,,,11.0,10.0,22.0,24.0,20.5,45.0,19.0,37.0,,,25.0,,25.0,38.0,45.0,28.0
2012-04-20,10.0,48.0,27.0,30.0,5.0,9.0,,7.0,38.5,18.0,8.0,11.0,3.0,21.5,,41.0,26.0,40.0,42.0,,29.0,47.0,15.0,,22.0,35.5,33.0,36.5,,21.0,32.0,12.0,26.0,42.0,22.0,1.0,39.0,2.0,34.0,5.0,13.0,,,,16.0,19.0,14.0,27.0,28.0,47.0,44.0,37.0,,,26.5,,18.0,4.0,38.0,32.0
2012-04-23,10.0,45.0,36.0,27.0,4.0,17.0,,2.0,20.0,33.0,1.0,8.0,7.0,23.0,,40.0,30.5,43.0,33.0,,29.0,41.0,14.0,,28.0,45.0,35.0,48.0,,24.0,35.5,5.0,17.0,47.0,3.0,15.0,33.0,12.0,26.0,9.0,13.0,,,,11.0,20.0,20.0,25.0,27.0,47.0,38.5,31.0,,,18.5,,5.0,21.0,37.0,43.0
2012-04-24,4.0,42.0,32.5,29.0,18.0,14.0,,11.0,37.0,27.0,10.0,21.0,2.0,24.0,,38.0,46.0,49.0,31.0,,20.0,47.0,24.0,,37.0,32.0,14.0,44.0,,20.0,33.5,8.0,24.0,41.5,6.0,3.0,41.0,1.0,29.0,14.0,31.0,,,,6.0,17.0,6.0,9.0,28.0,45.0,43.0,14.0,,,28.0,,26.0,17.0,34.0,28.0
2012-04-25,13.0,45.0,33.0,24.0,28.0,7.0,,2.0,37.0,21.0,15.0,17.0,1.0,35.0,,25.0,24.0,45.0,34.0,,15.0,42.0,19.0,,37.0,38.0,22.0,49.0,,17.0,40.0,3.0,15.0,32.0,7.0,10.0,32.0,11.0,8.0,4.0,8.0,,,,5.0,37.0,47.0,36.0,22.0,34.0,27.0,12.0,,,28.5,,33.0,17.5,39.0,46.0
2012-04-26,7.0,45.0,12.5,28.5,6.0,1.5,,8.0,36.0,23.0,5.0,20.5,3.0,10.5,,39.0,48.0,45.0,41.0,,18.0,42.0,19.0,,23.0,42.0,25.5,47.0,,16.5,31.0,15.0,18.0,32.0,23.0,4.0,44.5,1.5,31.0,11.0,30.0,,,,14.0,10.0,23.0,29.0,33.0,38.0,38.5,36.0,,,30.0,,10.0,22.0,32.5,36.0
2012-04-27,4.0,41.0,39.0,24.0,7.0,5.0,,13.0,35.0,32.0,19.0,17.0,2.0,35.0,,43.0,20.0,44.0,38.0,,16.0,45.0,24.0,,35.0,36.5,21.0,49.0,,21.0,40.0,3.0,30.0,28.5,8.0,10.0,30.5,1.0,14.0,16.0,24.0,,,,11.0,22.5,11.0,9.0,35.5,40.0,35.0,26.0,,,27.0,,6.0,21.0,42.0,46.0
2012-04-30,14.0,29.0,21.0,25.0,5.0,1.0,,2.0,42.0,21.0,10.0,29.0,8.0,18.0,,34.0,42.0,41.0,26.0,,18.5,36.0,35.0,,39.5,47.0,31.0,49.0,,12.0,23.0,11.0,19.0,44.0,7.0,9.0,38.5,3.0,15.0,5.0,42.0,,,,5.0,33.0,13.0,23.0,30.0,38.5,40.0,26.0,,,16.0,,16.0,31.0,30.0,43.0
2012-05-02,9.0,47.0,34.0,34.5,16.0,5.0,,5.0,45.5,25.0,28.0,29.0,4.0,18.0,,36.5,36.0,43.0,7.0,,10.0,32.0,32.0,,40.0,43.0,24.0,46.0,,15.0,27.0,13.0,15.0,40.5,3.0,11.0,34.0,7.0,23.0,2.0,23.0,,,,12.0,15.0,18.0,26.0,29.0,42.0,31.0,20.0,,,30.0,,1.0,27.0,38.0,46.0
2012-05-03,6.0,45.0,17.0,26.0,5.0,8.0,,11.0,41.5,30.0,22.0,24.0,2.0,19.0,,40.0,49.0,26.0,36.0,,12.0,31.5,37.0,,31.0,45.0,17.0,48.0,,4.0,31.0,9.0,22.0,43.0,12.0,1.0,36.0,3.0,27.0,15.0,34.5,,,,21.0,24.0,7.0,10.0,19.5,44.0,34.0,35.0,,,27.0,,15.0,25.0,42.0,40.0
2012-05-04,19.0,46.0,21.0,27.0,9.0,2.0,,5.0,40.0,31.0,16.0,14.0,3.0,27.0,,43.0,36.0,29.5,23.0,,8.0,43.0,40.0,,37.0,43.0,35.0,46.0,,17.0,27.0,11.0,7.0,34.0,14.0,4.0,47.0,1.0,26.0,10.0,33.5,,,,6.0,15.0,20.0,11.0,21.0,40.0,32.0,15.0,,,43.0,,24.0,30.0,25.0,46.0
2012-05-07,20.0,45.0,32.0,14.0,10.0,9.0,,1.0,40.0,32.0,16.0,19.0,5.0,25.0,,40.0,48.0,18.0,30.0,,32.0,40.0,27.0,,40.0,18.0,6.0,46.5,,17.0,35.0,3.0,8.0,37.0,7.0,2.0,40.0,11.0,26.0,14.0,31.0,,,,22.0,28.0,22.0,4.0,23.0,46.0,33.5,14.0,,,43.5,,14.0,28.0,35.5,44.0
2012-05-08,15.0,44.0,24.0,15.0,3.0,13.0,,1.0,46.0,32.0,35.5,19.0,6.0,18.0,,42.0,33.0,37.0,29.0,,25.0,30.0,38.0,,40.0,43.0,35.5,47.0,,19.0,27.0,9.0,4.0,45.5,5.0,11.0,28.0,7.0,26.0,14.0,27.0,,,,2.0,26.0,19.0,12.0,19.0,36.0,30.0,8.0,,,41.0,,10.0,22.0,39.0,46.0
2012-05-09,13.0,42.0,24.0,35.0,5.0,11.0,,4.0,44.0,30.5,15.0,26.0,7.0,13.0,,31.5,46.0,45.0,30.0,,26.0,33.0,20.5,,36.0,47.0,31.0,44.0,,17.0,35.5,1.0,13.0,40.0,2.0,10.0,30.0,9.0,23.0,6.0,22.5,,,,8.0,27.0,26.0,3.0,17.0,41.0,39.0,20.0,,,17.0,,30.0,18.0,37.0,49.0
2012-05-10,17.0,37.0,32.0,16.0,21.0,14.0,,3.0,34.5,26.0,9.0,16.0,1.0,25.0,,30.0,45.0,47.0,31.0,,23.0,40.0,29.0,,44.0,39.0,26.0,47.0,,24.0,36.0,10.0,13.0,41.5,2.0,4.0,43.0,6.0,25.0,5.0,33.0,,,,7.0,16.0,8.0,11.0,21.0,43.5,35.0,12.0,,,30.0,,26.0,19.0,41.0,44.0
2012-05-11,11.0,45.0,24.5,19.0,20.0,15.0,,1.0,33.5,18.0,6.0,14.0,9.0,31.0,,33.0,42.0,47.0,27.0,,35.0,38.0,26.0,,39.0,39.0,39.0,46.0,,14.0,29.0,7.0,14.0,43.0,3.0,4.0,43.0,5.0,23.0,8.0,30.0,,,,2.0,33.5,19.5,11.0,32.5,48.0,35.0,12.0,,,22.0,,20.0,25.0,32.5,29.0
2012-05-14,16.0,41.0,22.0,28.0,28.0,14.0,,6.0,37.0,24.0,12.0,24.0,5.0,33.0,,30.0,46.5,49.0,34.0,,16.0,34.0,30.5,,38.0,45.0,27.5,44.0,,23.0,39.0,11.0,1.0,37.5,4.0,8.0,34.0,3.0,9.0,2.0,41.0,,,,10.0,16.0,21.5,13.0,24.0,48.0,20.0,7.0,,,20.0,,28.0,23.0,34.0,42.0
2012-05-15,14.0,44.0,28.0,32.0,18.0,3.5,,12.0,45.0,22.0,13.0,18.0,2.0,26.0,,27.0,46.0,44.0,21.0,,37.0,32.0,42.0,,34.0,39.0,40.0,48.0,,21.0,31.0,9.5,3.5,43.0,8.0,6.0,37.0,7.0,1.0,5.0,23.0,,,,24.0,28.0,16.5,11.0,15.0,42.5,36.5,9.5,,,20.0,,15.5,29.0,34.0,40.0
2012-05-16,16.0,37.0,33.0,24.0,23.0,19.0,,1.0,23.0,27.0,14.0,4.0,6.0,20.5,,26.5,46.0,46.0,30.0,,32.0,41.0,44.0,,39.0,44.0,40.0,48.0,,12.0,37.0,7.0,28.0,41.0,2.0,8.0,41.0,9.0,5.0,3.0,29.0,,,,27.5,19.0,10.0,16.0,24.0,44.0,14.0,14.0,,,20.0,,12.0,35.0,26.0,37.5
2012-05-17,11.0,25.0,32.0,24.0,14.0,8.0,,5.0,36.0,39.0,15.0,3.0,10.0,25.0,,30.0,42.0,33.0,31.0,,47.0,32.0,45.0,,44.0,32.0,41.0,45.0,,12.0,41.0,7.0,24.0,39.0,9.0,13.0,27.5,4.0,2.0,1.0,25.0,,,,18.0,30.0,6.0,15.0,19.0,47.5,16.0,36.0,,,20.0,,21.0,42.0,21.0,34.5
2012-05-18,9.0,27.5,37.0,28.0,28.0,1.0,,4.0,42.5,35.0,11.0,17.0,13.5,21.0,,43.0,41.0,47.0,27.0,,46.0,34.0,33.0,,17.0,11.0,31.0,47.0,,25.5,40.0,7.0,18.0,34.0,8.0,5.0,17.0,12.0,2.0,3.0,39.0,,,,25.0,25.0,6.0,18.5,14.0,45.0,20.0,17.0,,,31.0,,29.0,38.0,30.5,40.0
2012-05-21,5.0,42.0,20.0,23.0,29.0,9.0,,13.0,27.5,23.5,17.0,17.5,10.0,17.0,,25.0,43.0,48.0,40.0,,35.0,44.0,45.0,,32.0,46.0,40.0,31.5,,25.0,36.0,2.0,14.0,31.5,3.0,7.0,42.0,1.0,4.0,6.0,40.0,,,,37.0,19.0,8.0,20.0,11.0,28.0,19.0,16.0,,,28.0,,31.0,20.0,41.0,36.0
2012-05-22,9.0,38.5,33.0,27.0,28.0,2.0,,12.0,44.0,29.0,14.0,20.0,1.0,12.5,,19.0,45.0,47.0,23.0,,35.0,42.0,28.0,,34.0,18.0,39.0,46.0,,22.0,38.0,7.0,8.0,45.0,5.0,16.0,38.0,10.0,3.0,4.0,44.0,,,,22.0,14.0,27.0,18.0,27.0,32.0,25.0,12.0,,,6.0,,18.0,32.0,37.0,43.0
2012-05-23,6.0,29.0,30.0,31.5,27.0,3.0,,12.5,36.0,40.0,11.0,24.0,8.0,10.0,,20.0,39.0,46.0,20.0,,38.0,29.5,31.0,,44.0,48.0,28.0,39.0,,23.5,33.0,5.0,2.0,36.0,7.0,14.0,45.0,9.0,1.0,4.0,35.0,,,,24.0,12.5,24.5,17.0,20.5,48.0,14.0,15.0,,,27.0,,17.0,29.0,42.0,45.0
2012-05-24,3.0,40.5,24.0,23.0,34.5,2.0,,9.0,44.0,38.0,12.0,19.0,7.0,14.0,,27.5,42.0,32.0,29.0,,31.0,26.0,38.0,,43.0,41.0,9.0,47.0,,23.0,43.0,1.0,9.0,33.0,5.0,14.0,32.5,6.0,4.0,13.0,34.0,,,,29.0,18.0,18.0,18.0,34.0,43.0,11.0,25.0,,,17.0,,26.0,20.0,45.0,47.0
2012-05-25,11.0,8.0,33.0,35.0,31.0,1.0,,8.0,39.0,38.5,12.0,30.0,4.0,12.0,,29.0,37.5,48.0,23.0,,31.0,34.0,22.0,,46.0,28.0,42.0,44.0,,21.0,33.0,5.0,8.0,27.0,2.0,17.5,28.0,16.0,6.0,3.0,43.5,,,,23.0,17.0,10.0,14.0,35.0,47.0,15.0,24.0,,,20.0,,20.5,31.0,39.0,44.0
2012-05-28,11.0,5.0,34.0,6.0,28.0,2.0,,5.5,41.0,21.0,11.0,29.0,14.5,13.0,,20.0,35.0,45.5,24.0,,31.0,30.5,31.0,,42.0,46.0,22.0,49.0,,21.0,41.0,8.0,5.0,31.0,1.0,24.0,44.0,9.0,3.0,10.0,30.0,,,,27.0,14.5,19.0,17.0,32.0,45.0,17.0,16.0,,,33.0,,37.0,40.0,40.0,44.0
2012-05-29,1.0,27.0,34.0,32.0,23.0,2.0,,16.0,40.0,46.0,19.0,23.0,13.0,8.0,,26.5,38.0,45.0,25.0,,35.0,36.0,33.0,,47.0,43.0,18.0,48.0,,15.0,41.0,11.0,7.0,31.0,6.0,21.0,36.0,5.0,4.0,9.0,40.0,,,,16.0,13.5,3.0,27.0,12.0,42.0,28.0,11.0,,,21.0,,31.0,19.0,38.0,43.0
2012-05-30,7.0,28.0,34.0,37.0,16.0,2.0,,9.0,46.0,39.5,23.0,23.5,6.0,3.0,,25.0,33.0,48.0,31.0,,41.0,19.0,26.0,,19.0,43.0,29.0,47.0,,11.0,39.0,5.0,15.0,29.0,4.0,10.0,38.0,1.0,12.0,8.0,37.0,,,,17.0,16.0,17.0,19.0,21.0,44.5,41.0,23.0,,,19.0,,41.0,27.0,30.0,38.0
2012-05-31,4.0,37.5,16.0,30.0,32.0,6.0,,11.0,33.0,34.5,17.0,30.0,1.0,17.0,,22.0,38.0,40.5,22.0,,39.5,39.0,34.0,,48.0,43.0,14.0,46.0,,9.0,42.0,14.0,3.0,32.0,7.0,25.0,14.0,2.0,8.0,11.0,46.0,,,,23.0,20.0,5.0,25.0,10.5,31.5,23.0,21.0,,,23.0,,30.0,35.0,42.0,46.0
2012-06-01,1.0,19.0,24.0,36.0,21.0,10.0,,3.0,40.0,29.0,16.0,29.0,12.0,4.0,,20.0,42.0,39.0,16.0,,42.0,34.0,37.0,,42.0,36.5,47.0,46.0,,23.0,32.0,6.0,11.0,24.0,9.0,27.0,34.0,2.0,5.0,8.0,44.0,,,,26.0,13.0,13.0,7.0,20.0,45.0,32.0,17.0,,,31.0,,26.0,14.0,41.0,46.0
2012-06-04,1.0,10.5,29.0,36.0,41.0,6.0,,7.5,28.0,40.0,4.0,23.0,2.0,13.0,,34.0,25.0,49.0,23.5,,37.0,26.0,32.0,,46.0,42.0,42.0,41.5,,15.0,29.0,12.0,14.0,35.5,9.0,17.0,23.0,3.0,7.5,10.0,39.0,,,,21.0,17.0,20.0,19.0,20.0,45.0,32.0,5.0,,,20.0,,39.5,31.0,32.0,43.0
2012-06-05,3.0,11.5,24.0,34.0,46.0,2.0,,10.0,28.5,40.0,12.0,19.0,7.0,8.0,,32.0,27.0,44.0,34.0,,42.0,42.5,27.0,,46.0,33.0,46.0,44.5,,11.0,30.0,14.0,17.0,38.0,5.0,18.0,22.0,1.0,6.0,4.0,18.0,,,,37.0,20.0,20.0,22.0,39.0,38.0,31.0,10.0,,,14.0,,28.0,31.0,42.0,25.0
2012-06-06,4.0,18.0,43.0,18.0,35.5,8.0,,11.0,33.0,46.0,15.0,14.5,2.0,22.0,,30.5,31.0,46.0,20.0,,37.0,15.5,31.5,,48.0,37.0,23.5,39.0,,9.0,42.0,1.0,3.0,27.0,10.0,27.0,28.0,5.0,6.0,7.0,40.0,,,,24.0,12.0,19.0,21.0,42.0,37.0,36.5,13.0,,,22.0,,39.0,35.0,44.0,27.0
2012-06-07,6.0,30.0,33.0,23.0,46.0,12.0,,7.0,29.0,36.0,14.0,26.0,2.0,19.0,,22.0,39.5,44.0,17.0,,42.0,13.0,16.0,,46.0,47.0,36.0,34.0,,4.0,33.0,8.0,5.0,46.0,10.0,19.0,23.0,3.0,11.0,1.0,38.0,,,,27.0,22.0,20.0,24.0,20.0,38.0,32.0,16.0,,,9.0,,48.0,31.0,41.0,38.0
2012-06-08,14.0,28.0,37.0,30.0,42.0,7.0,,29.5,35.0,46.0,4.0,11.0,9.0,19.0,,29.0,31.0,40.0,20.0,,43.5,29.0,20.0,,47.0,45.0,39.0,38.5,,21.5,40.5,1.0,5.0,20.0,9.0,23.0,8.0,3.0,6.0,2.0,37.0,,,,34.0,12.0,12.0,30.0,20.0,44.0,18.0,15.0,,,25.0,,44.0,15.0,35.0,31.0
2012-06-11,10.0,30.0,37.5,28.0,41.0,9.0,,17.0,36.0,42.0,1.0,24.0,12.0,12.0,,48.0,35.0,44.0,17.0,,27.0,32.0,28.0,,47.0,40.0,36.0,40.0,,14.0,35.5,2.0,12.0,40.0,7.0,5.0,22.0,6.0,4.0,8.0,39.0,,,,20.0,21.0,14.0,30.0,21.0,22.5,26.0,3.0,,,19.5,,35.0,20.0,45.0,47.0
2012-06-12,2.0,23.0,33.0,16.0,42.5,6.0,,24.5,30.0,35.0,3.0,20.0,7.0,11.0,,36.0,44.0,49.0,29.0,,38.0,26.5,29.0,,47.0,39.0,40.0,39.0,,19.0,30.0,11.0,8.0,16.0,12.0,12.0,16.0,4.0,1.0,9.0,46.0,,,,24.0,5.0,27.0,34.0,28.5,40.0,23.0,17.0,,,14.0,,36.0,25.0,45.0,31.5
2012-06-13,7.0,28.0,25.0,22.0,43.0,2.0,,5.0,35.0,40.5,1.0,16.0,11.0,36.0,,30.0,39.0,47.0,20.0,,43.0,45.0,13.0,,49.0,30.0,36.0,37.0,,10.0,16.0,18.0,9.0,33.0,16.0,6.0,21.0,4.0,11.0,14.0,30.5,,,,33.0,3.0,31.0,31.0,24.0,38.0,18.0,8.0,,,25.5,,30.0,27.0,46.0,44.0
2012-06-14,8.0,16.5,34.0,10.0,40.5,5.0,,6.0,33.0,39.0,7.0,19.0,12.0,27.0,,29.0,36.5,46.0,26.0,,40.0,33.0,24.0,,48.0,38.0,47.0,40.0,,19.0,28.0,15.0,20.0,33.5,23.0,2.0,25.0,4.0,1.0,3.0,43.0,,,,40.0,18.0,14.0,30.5,25.0,42.0,11.0,9.0,,,13.0,,37.0,33.0,18.0,34.5
2012-06-15,4.0,32.0,35.0,24.5,39.0,10.0,,8.0,11.0,38.5,6.0,34.0,4.0,19.0,,30.0,31.0,48.0,19.0,,39.5,45.0,41.0,,46.0,9.0,43.5,25.0,,2.0,19.0,17.0,12.0,27.0,15.0,7.0,4.0,1.0,16.0,23.0,34.0,,,,24.0,14.0,37.0,39.5,31.0,44.0,13.0,27.0,,,29.0,,24.0,29.5,34.0,41.0
2012-06-18,1.0,28.0,38.0,6.0,44.0,10.0,,5.0,20.0,43.0,4.0,19.5,3.0,20.0,,45.0,32.5,35.0,33.0,,47.0,45.5,41.0,,41.0,29.0,40.0,37.0,,7.0,25.0,19.0,19.0,35.0,22.0,11.0,9.0,8.0,15.0,2.0,27.0,,,,21.0,12.0,35.0,36.5,23.0,38.5,16.0,14.0,,,13.0,,31.0,23.0,35.0,39.0
2012-06-19,3.0,14.0,32.0,10.0,47.0,1.0,,17.0,14.0,24.0,4.0,31.0,9.0,17.0,,47.5,27.5,12.5,27.0,,32.0,43.0,40.0,,43.0,21.0,43.0,24.0,,11.0,24.0,22.0,13.0,34.0,33.0,2.0,5.0,8.0,15.0,19.5,35.0,,,,28.0,7.0,31.0,42.5,36.5,36.0,20.0,6.0,,,33.0,,37.0,31.5,43.0,46.0
2012-06-20,1.0,29.0,40.5,4.0,42.0,6.0,,10.0,12.0,22.0,9.0,32.0,2.0,8.0,,35.0,26.0,47.0,19.0,,42.0,46.0,35.0,,49.0,39.0,39.0,35.5,,3.0,25.0,19.0,12.0,42.0,17.0,12.0,22.0,5.0,16.0,7.0,15.0,,,,30.0,24.0,32.0,32.0,44.0,35.0,27.0,17.5,,,14.0,,20.0,27.0,32.0,42.0
2012-06-21,6.0,19.0,24.5,12.0,42.5,4.0,,3.0,25.0,41.0,1.0,14.0,16.0,2.0,,37.5,38.0,39.0,17.0,,32.5,43.0,45.0,,46.0,35.0,24.0,28.0,,5.0,27.0,33.0,13.0,31.0,15.0,7.0,22.0,10.0,9.0,8.0,33.0,,,,35.0,29.0,23.0,40.0,28.0,38.0,21.5,11.0,,,19.0,,31.5,20.0,47.0,45.0
2012-06-22,6.0,26.0,31.5,5.0,43.0,8.0,,7.0,13.0,24.0,4.0,17.0,12.0,1.0,,15.0,25.0,22.5,26.0,,38.5,45.0,46.0,,45.0,39.5,32.0,26.5,,2.0,21.0,39.0,20.0,9.0,30.0,11.0,35.0,10.0,23.0,3.0,39.0,,,,36.0,27.0,33.0,41.0,32.0,46.0,19.0,15.0,,,13.0,,33.0,17.0,40.0,41.0
2012-06-25,9.0,28.5,44.0,5.0,34.0,1.0,,4.0,38.5,35.0,8.0,33.0,15.0,11.0,,24.5,24.0,45.0,20.0,,36.5,42.0,16.0,,41.0,42.0,25.0,42.5,,7.0,17.0,27.0,10.0,31.0,14.0,12.0,36.5,2.0,17.0,3.0,6.0,,,,30.5,25.0,24.0,34.5,18.0,46.0,28.0,15.0,,,21.5,,29.0,33.0,48.0,44.0
2012-06-26,3.0,34.0,24.0,12.0,48.0,6.0,,5.0,39.0,12.0,4.0,30.0,1.0,14.0,,40.0,18.0,25.5,18.5,,19.0,43.0,26.0,,43.0,39.0,30.0,46.0,,7.0,14.0,36.0,2.0,43.0,32.0,10.0,12.0,8.0,9.0,18.0,26.0,,,,20.0,24.0,30.0,40.5,33.5,45.0,36.0,22.0,,,23.0,,23.0,29.0,46.0,34.5
2012-06-27,6.0,42.0,29.0,23.0,47.0,7.0,,9.0,19.0,21.0,13.0,23.0,3.5,1.0,,35.0,26.0,37.0,14.0,,38.5,46.0,21.0,,44.0,30.0,32.0,39.5,,11.0,10.0,41.0,5.0,35.0,17.0,2.0,35.0,8.0,12.0,20.0,28.0,,,,17.0,24.5,31.5,38.0,16.0,46.5,30.0,3.5,,,33.0,,17.0,30.5,45.0,40.0
2012-06-28,4.0,39.0,28.5,6.0,43.0,11.0,,2.0,26.0,41.0,7.0,35.5,1.0,5.0,,29.0,32.0,30.0,9.0,,30.0,45.0,16.0,,44.0,42.0,35.0,32.0,,8.0,14.0,35.0,3.0,14.5,19.0,12.0,27.0,10.0,18.0,16.0,21.0,,,,35.0,32.0,26.0,41.0,15.0,47.0,22.0,17.5,,,27.0,,24.0,38.0,42.0,44.5
2012-06-29,5.0,29.0,32.0,14.0,47.5,8.0,,7.0,29.0,43.0,12.0,13.0,1.0,17.0,,17.0,24.0,39.0,10.0,,37.0,46.5,23.0,,43.0,33.0,45.0,33.0,,3.0,23.0,39.5,4.0,23.0,19.0,9.0,37.0,2.0,14.0,6.0,25.0,,,,19.0,23.0,32.0,32.5,26.5,39.0,33.0,11.0,,,15.0,,25.0,26.0,42.0,45.0
2012-07-03,9.0,27.5,36.0,12.0,37.0,17.0,,7.0,15.0,23.5,8.0,4.0,10.0,15.0,,32.0,39.0,43.0,14.0,,39.0,41.0,20.0,,47.0,45.0,25.0,33.0,,3.0,17.0,38.0,2.0,35.0,20.0,1.0,35.0,6.0,5.0,11.0,24.0,,,,20.5,29.0,32.5,37.0,24.0,48.0,26.0,37.0,,,13.0,,21.0,33.0,43.0,40.5
2012-07-04,10.5,21.0,40.0,5.0,44.0,8.0,,20.0,39.0,37.0,9.0,10.5,13.0,21.0,,27.0,41.0,32.0,18.0,,26.0,41.0,29.0,,46.0,29.0,20.0,43.0,,2.0,6.0,29.0,1.0,13.0,13.0,4.0,25.0,7.0,3.0,15.0,15.0,,,,23.0,34.5,16.0,38.0,36.0,40.0,31.0,28.5,,,25.0,,38.5,42.0,48.0,42.5
2012-07-05,9.0,33.0,26.0,8.0,41.0,12.0,,20.0,1.0,22.5,2.0,10.0,5.0,20.0,,28.0,40.0,28.0,18.0,,45.0,47.0,28.0,,47.0,25.0,31.0,18.0,,6.0,4.0,44.0,11.0,14.0,26.0,3.0,37.0,7.0,12.0,15.0,18.0,,,,34.0,32.0,16.0,41.0,24.0,40.0,27.5,37.0,,,35.5,,25.0,39.0,45.0,39.0
2012-07-06,10.0,34.0,30.0,4.0,38.0,14.5,,3.0,14.5,20.0,9.0,22.0,16.0,17.0,,41.0,33.0,31.0,13.0,,42.0,42.0,25.5,,48.0,35.0,30.0,24.5,,1.0,5.0,44.0,11.0,12.0,22.0,2.0,27.0,7.5,6.0,22.0,26.0,,,,7.0,43.0,31.0,46.0,24.0,40.0,40.0,37.0,,,25.0,,24.0,35.5,45.0,20.5
2012-07-09,2.0,38.5,45.0,5.0,48.0,11.0,,11.0,24.0,15.0,10.0,19.0,3.5,2.0,,35.5,32.5,29.5,31.0,,43.0,38.0,25.0,,42.0,2.0,28.0,17.0,,8.0,5.0,37.0,14.0,19.0,22.0,9.0,29.0,13.0,7.0,16.0,19.0,,,,22.5,38.0,25.0,44.0,26.0,41.0,34.0,32.0,,,30.0,,26.0,42.0,44.0,41.0
2012-07-10,1.0,33.0,46.0,19.5,48.0,8.0,,8.0,32.0,15.5,6.0,3.0,5.0,8.0,,31.0,39.5,26.0,26.0,,38.0,28.0,26.0,,45.0,40.0,33.0,21.0,,11.0,17.5,44.0,9.0,12.0,18.5,4.0,21.0,2.0,13.0,21.5,15.0,,,,30.0,41.0,24.0,36.0,16.0,39.5,36.0,24.0,,,20.0,,44.0,33.0,39.0,44.0
2012-07-11,11.0,44.0,40.5,5.0,40.0,3.5,,6.0,42.5,17.0,14.0,23.0,1.5,19.0,,35.0,39.0,39.0,26.0,,43.5,30.0,30.0,,43.0,32.5,43.0,9.0,,3.5,15.0,39.5,17.0,29.0,20.0,13.0,34.5,8.0,12.0,1.5,7.0,,,,10.0,34.0,32.0,31.0,21.0,47.0,25.0,31.0,,,20.0,,20.0,26.0,40.0,23.0
2012-07-12,10.0,27.0,35.0,9.0,40.0,7.0,,21.0,14.0,16.0,11.0,16.0,8.0,29.0,,41.5,37.5,27.0,22.0,,33.0,44.0,38.0,,45.0,36.5,21.0,1.0,,3.0,16.0,39.0,14.0,12.0,17.0,6.0,33.0,4.0,23.0,21.0,2.0,,,,32.0,36.0,24.0,47.0,5.0,40.0,21.0,24.0,,,29.0,,41.0,44.0,44.5,39.0
2012-07-13,2.0,29.0,35.0,23.5,43.0,8.0,,13.0,35.0,30.0,17.0,45.0,6.5,18.0,,21.0,47.0,32.0,19.0,,41.0,32.0,32.0,,46.0,40.0,27.0,1.0,,13.0,11.0,43.5,10.0,5.0,20.0,3.0,38.0,15.0,4.0,20.0,9.0,,,,24.0,17.0,21.5,44.0,6.5,46.0,35.0,25.0,,,28.0,,13.0,42.0,37.0,27.0
2012-07-16,1.0,33.0,46.0,23.5,44.5,2.0,,5.0,26.5,27.0,14.0,27.0,3.0,14.0,,31.0,45.0,43.0,20.0,,45.0,40.0,36.0,,43.0,18.0,28.0,13.0,,9.0,16.0,37.0,6.0,8.0,15.0,7.0,19.0,10.0,4.0,23.0,11.0,,,,21.0,32.0,26.5,33.0,22.0,44.0,40.0,33.0,,,47.0,,25.0,38.0,33.0,26.5
2012-07-17,4.0,38.0,40.0,21.5,36.0,18.0,,23.0,33.0,25.0,14.0,26.0,2.0,20.0,,29.0,47.0,42.0,31.5,,43.0,42.0,29.0,,46.0,47.0,32.0,11.0,,3.0,5.0,41.0,7.0,15.0,20.0,10.0,26.0,9.0,6.0,26.0,8.0,,,,27.0,12.0,20.0,15.0,18.0,46.0,37.0,23.5,,,35.0,,1.0,24.0,38.0,30.5
2012-07-18,6.0,26.0,20.0,19.0,39.0,13.0,,29.0,43.0,17.5,15.0,28.5,10.0,18.0,,32.0,44.0,40.0,21.0,,46.0,41.0,38.0,,42.0,47.0,30.0,12.0,,22.0,9.0,39.0,1.0,7.0,19.0,8.0,27.0,5.0,4.0,27.5,2.0,,,,15.0,33.0,36.0,18.0,11.0,44.0,34.0,30.0,,,26.0,,3.0,31.0,46.0,27.0
2012-07-19,7.0,27.0,28.0,29.0,47.0,6.0,,16.0,44.0,25.0,19.0,45.0,32.0,14.0,,21.0,46.0,42.0,16.5,,39.0,42.5,28.5,,43.0,34.0,43.0,12.0,,8.5,17.0,36.0,2.0,1.0,13.0,10.0,22.0,3.0,4.0,17.0,11.0,,,,8.5,26.0,37.0,21.0,38.0,47.0,33.0,36.0,,,30.0,,5.0,24.0,31.0,22.0
2012-07-20,4.0,35.0,25.0,22.0,46.0,18.0,,27.0,43.0,21.0,9.0,30.0,12.0,19.0,,37.0,45.5,39.0,31.0,,41.0,46.5,27.5,,43.0,40.0,44.0,1.0,,16.0,2.0,39.0,5.0,7.0,8.0,11.0,23.0,6.0,3.0,24.0,13.0,,,,14.0,15.0,27.0,16.0,30.0,47.0,37.0,32.0,,,34.0,,10.0,25.0,30.0,23.0
2012-07-23,6.0,38.0,30.0,17.0,46.0,14.0,,23.0,32.0,23.0,10.0,42.5,13.0,7.0,,36.0,35.0,42.0,32.5,,41.0,43.0,29.0,,44.0,37.0,32.5,4.0,,9.0,17.0,34.5,1.0,14.0,3.0,8.0,26.0,2.0,5.0,32.0,12.0,,,,11.0,19.0,28.0,29.0,46.0,47.0,34.5,38.0,,,24.5,,16.0,24.0,23.5,19.0
2012-07-24,12.0,34.0,27.0,27.5,48.0,15.0,,28.0,33.0,23.0,2.0,45.0,1.0,17.0,,32.5,33.5,34.0,34.0,,47.0,41.5,17.0,,43.0,39.0,45.0,3.0,,6.0,14.0,31.0,7.0,9.5,9.5,5.0,22.0,8.0,4.0,30.0,11.0,,,,13.0,20.0,25.0,20.0,37.0,43.0,39.0,20.0,,,39.0,,18.0,27.0,23.0,38.0
2012-07-25,3.0,29.0,26.0,17.0,47.5,22.0,,39.0,43.0,32.5,14.0,39.0,4.0,10.0,,28.0,43.0,46.0,23.0,,37.0,36.5,31.0,,46.0,32.0,42.0,1.0,,17.0,7.0,40.0,12.0,11.0,23.0,2.0,34.5,9.0,5.0,22.5,6.0,,,,8.0,21.0,31.0,17.0,42.5,35.0,40.5,14.0,,,31.5,,14.0,25.5,23.0,20.0
2012-07-26,3.0,39.0,26.0,27.0,43.0,24.0,,27.0,37.0,28.0,18.0,40.5,16.0,13.0,,34.0,34.0,42.5,41.0,,32.0,48.0,32.5,,41.0,47.0,43.0,5.0,,11.0,2.0,37.0,1.0,19.0,10.0,4.0,24.0,8.0,6.0,15.0,7.0,,,,12.0,14.0,30.0,25.5,36.0,47.0,34.0,22.0,,,30.0,,9.0,23.0,22.0,16.0
2012-07-27,8.0,36.0,20.0,26.0,48.0,18.0,,27.0,43.0,23.0,16.0,47.0,23.5,13.0,,28.0,41.0,46.0,41.0,,39.0,37.0,30.0,,44.0,46.0,30.0,20.0,,10.0,9.0,36.5,5.0,26.0,13.0,6.0,32.0,3.0,4.0,19.0,1.0,,,,2.0,12.5,23.0,7.0,40.0,15.0,38.0,36.0,,,34.0,,11.0,30.0,16.0,21.5
2012-07-30,3.0,29.0,38.5,31.0,34.0,21.0,,30.0,42.0,23.0,16.0,42.0,22.0,15.0,,29.0,48.0,41.0,26.0,,40.0,34.0,30.0,,47.5,38.0,46.0,14.0,,19.0,7.0,33.0,10.0,29.0,4.0,5.0,19.0,1.0,11.0,8.0,12.0,,,,2.0,15.5,24.0,14.0,17.0,9.0,44.0,46.0,,,37.0,,6.0,33.0,36.0,21.0
2012-07-31,3.0,40.0,21.0,36.0,41.0,28.5,,16.0,43.0,31.0,5.0,31.0,8.0,17.0,,34.0,40.0,36.0,29.0,,35.0,33.0,35.0,,45.5,24.0,48.0,20.0,,24.0,14.0,39.0,4.0,26.0,15.0,6.0,32.0,10.0,2.0,28.0,9.0,,,,7.0,17.5,11.0,12.0,20.0,43.0,46.0,48.0,,,22.0,,1.0,13.0,26.0,31.0
2012-08-01,3.0,23.0,19.0,28.0,36.0,20.5,,19.0,42.0,24.0,20.0,37.0,25.0,9.5,,33.0,46.0,47.0,25.5,,37.0,39.0,29.5,,49.0,29.0,42.0,5.0,,17.0,12.0,31.0,11.0,30.0,4.0,1.0,36.0,2.0,15.0,12.0,7.0,,,,8.0,14.0,9.5,18.5,23.0,30.0,43.0,45.0,,,39.0,,6.0,34.0,30.0,33.0
2012-08-02,8.0,31.0,30.0,19.0,47.0,4.0,,35.0,40.5,31.0,24.0,45.0,13.0,17.0,,37.0,43.0,11.0,22.0,,35.0,38.0,28.0,,47.0,21.0,43.0,15.0,,21.0,10.0,40.0,7.0,37.0,5.0,12.0,31.5,6.0,9.0,15.0,2.0,,,,1.0,3.0,18.0,13.0,39.5,42.5,32.0,28.0,,,39.0,,20.0,32.5,26.0,30.0
2012-08-03,4.0,40.5,27.0,37.0,36.0,29.0,,12.0,32.0,33.5,23.5,45.0,12.0,14.5,,34.0,47.0,40.5,24.0,,27.0,44.0,31.0,,45.0,24.0,42.0,14.0,,21.0,4.0,35.0,18.0,17.0,3.0,8.0,22.0,1.0,9.0,11.0,7.0,,,,6.0,10.0,21.0,21.5,44.0,47.0,24.0,36.0,,,31.0,,16.0,2.0,32.0,37.0
2012-08-06,12.0,40.0,23.0,43.0,41.0,20.0,,22.0,38.0,23.5,17.0,38.0,1.0,13.0,,31.5,46.0,48.0,37.0,,33.0,33.0,38.0,,43.0,30.0,39.0,5.0,,7.0,3.0,36.0,2.0,15.0,11.0,3.0,31.0,6.0,10.0,14.0,16.0,,,,19.0,8.0,9.0,21.0,23.0,45.0,27.0,32.0,,,30.0,,17.0,27.0,27.0,47.0
2012-08-07,5.0,45.0,14.0,38.0,48.0,19.0,,21.0,25.0,30.0,14.0,42.0,22.0,25.0,,28.0,26.0,46.0,32.0,,39.0,41.0,23.5,,48.0,34.0,46.0,10.0,,16.0,11.0,26.0,1.0,36.0,12.0,4.0,14.0,7.0,9.0,29.0,6.0,,,,3.0,2.0,19.0,15.0,18.0,39.0,38.0,36.0,,,31.0,,8.0,27.0,32.5,37.0
2012-08-08,10.0,36.0,30.0,20.0,44.5,28.0,,33.0,34.0,21.0,13.0,44.0,21.0,15.5,,38.0,44.0,48.0,36.0,,31.5,46.0,24.0,,41.5,28.0,48.0,6.0,,19.0,19.0,33.0,4.0,25.0,3.0,11.0,13.0,9.0,2.0,22.0,5.0,,,,15.5,7.0,19.0,14.0,25.0,39.0,38.0,31.0,,,34.0,,8.0,1.0,30.0,42.0
2012-08-09,5.0,24.0,13.0,17.0,48.0,24.0,,28.5,41.0,28.0,13.0,41.0,20.0,25.0,,37.5,33.0,47.0,33.0,,35.0,18.0,21.0,,45.0,46.5,37.0,2.0,,18.0,2.0,42.0,8.0,31.0,3.0,5.0,27.0,11.0,9.0,28.0,7.0,,,,10.0,15.0,33.0,13.0,31.0,41.0,38.0,42.0,,,27.0,,15.0,3.0,25.0,43.0
2012-08-10,13.0,42.5,14.5,27.0,43.5,23.0,,29.0,34.0,27.0,7.0,39.0,14.5,23.0,,29.0,28.0,36.0,35.0,,38.0,31.0,44.0,,48.0,45.0,36.5,11.0,,17.0,20.0,38.0,9.0,24.0,1.0,10.0,23.0,4.0,12.0,17.5,2.0,,,,3.0,6.0,20.0,8.0,42.0,46.0,37.0,33.0,,,30.0,,5.0,17.0,24.0,40.0
2012-08-13,25.0,16.5,16.0,37.5,32.0,21.0,,34.5,41.0,33.0,15.0,46.0,10.0,8.0,,26.0,35.0,46.0,36.0,,44.0,30.0,21.0,,48.0,40.0,19.0,15.0,,18.0,22.0,38.0,14.0,37.0,11.0,3.0,28.0,7.0,2.0,29.0,5.0,,,,9.0,6.0,4.0,12.0,39.0,43.0,36.5,33.0,,,20.0,,1.0,22.0,34.0,35.0
2012-08-14,13.0,31.5,4.0,28.0,42.0,22.0,,9.0,36.0,36.0,2.0,48.0,16.0,27.0,,25.0,32.0,48.0,15.0,,38.0,32.5,22.0,,46.0,42.0,42.0,30.0,,11.0,19.0,35.0,8.0,39.0,10.0,2.0,24.0,7.0,12.0,17.0,4.0,,,,17.0,6.0,21.0,19.0,34.0,44.0,34.0,29.0,,,37.0,,15.0,2.0,29.0,46.0
2012-08-15,14.0,30.0,27.0,43.0,42.5,2.0,,23.0,38.0,25.0,7.0,44.0,22.0,17.0,,27.0,41.0,46.0,10.0,,42.0,34.0,29.0,,18.0,41.0,15.0,20.0,,12.0,11.0,44.0,20.0,39.0,5.0,6.0,14.0,14.0,1.0,18.0,3.0,,,,8.0,4.0,31.0,34.0,39.0,41.0,47.0,26.0,,,30.0,,9.0,27.0,30.5,30.5
2012-08-16,1.0,33.0,12.0,34.5,42.0,16.0,,16.0,25.0,35.0,7.0,39.0,13.5,27.5,,28.0,43.0,27.0,13.0,,37.5,21.0,39.0,,48.0,42.0,30.0,26.5,,19.0,5.0,24.0,9.0,38.0,8.0,15.0,10.0,6.0,4.0,21.0,2.0,,,,25.0,3.0,13.0,32.0,44.0,42.0,35.0,22.0,,,30.0,,18.0,32.0,45.5,44.0
2012-08-17,3.0,29.0,15.0,32.0,36.0,25.0,,11.0,25.0,42.0,10.0,43.0,16.0,33.0,,24.0,38.0,32.0,18.0,,33.5,38.0,41.0,,44.0,44.0,39.0,10.0,,9.0,1.5,22.0,14.0,44.5,9.0,12.0,19.0,19.0,4.0,30.0,7.0,,,,6.0,1.5,5.0,27.0,43.0,46.0,33.0,35.0,,,21.0,,22.5,26.0,48.0,24.0
2012-08-20,4.0,41.0,15.0,44.0,39.0,20.0,,17.0,27.0,22.0,7.0,45.0,15.0,26.0,,26.0,45.0,11.0,23.0,,39.0,31.5,30.0,,40.0,32.0,47.5,35.5,,18.0,1.0,37.0,2.0,34.0,14.0,11.0,6.0,22.0,4.0,18.0,4.0,,,,9.0,8.0,9.0,38.0,41.0,33.5,41.0,32.5,,,36.5,,13.0,25.0,34.5,22.0
2012-08-21,3.0,38.5,11.0,23.0,25.0,23.0,,8.0,40.0,38.0,13.0,44.0,10.0,32.0,,26.0,32.5,47.0,18.0,,25.0,37.5,38.0,,39.0,45.0,47.0,33.0,,5.0,14.0,23.5,4.0,42.0,1.0,7.0,19.0,2.0,15.0,16.5,12.0,,,,26.0,9.0,6.0,30.0,44.0,36.0,36.0,26.0,,,31.0,,22.0,16.5,41.0,28.0
2012-08-22,1.0,30.0,10.0,27.0,28.0,27.0,,18.0,36.0,35.5,13.5,46.0,11.0,34.0,,34.5,38.0,39.0,18.0,,43.5,40.0,24.0,,42.0,48.0,41.5,24.0,,21.0,6.0,21.0,4.0,35.0,8.0,3.0,9.0,2.0,5.0,11.0,15.0,,,,13.5,7.0,20.0,19.5,33.0,44.0,44.5,30.0,,,33.0,,17.0,23.5,44.0,27.0
2012-08-23,18.0,31.0,18.5,26.0,27.0,23.0,,8.0,39.0,39.5,12.0,42.0,6.0,32.5,,33.0,39.0,44.0,30.0,,31.0,12.0,34.0,,42.0,47.0,46.0,28.0,,20.0,3.0,25.0,2.0,38.0,1.0,4.0,10.0,5.0,9.0,23.0,7.0,,,,16.0,12.0,25.0,16.0,36.0,44.0,34.0,23.5,,,27.0,,14.0,15.0,49.0,33.5
2012-08-24,8.0,34.0,20.0,29.0,41.5,27.0,,3.0,41.0,33.0,11.0,33.0,13.0,35.0,,27.0,41.0,43.5,14.0,,26.0,34.5,36.5,,42.5,41.0,45.0,37.0,,10.0,5.0,12.0,2.0,27.0,9.0,7.0,22.5,18.0,1.0,16.0,4.0,,,,24.0,6.0,18.0,33.0,44.0,44.0,30.5,22.0,,,14.0,,22.0,16.0,48.0,29.0
2012-08-27,12.0,29.0,33.0,23.0,45.0,7.0,,6.0,35.0,35.5,13.0,37.0,11.0,26.0,,33.0,36.0,44.0,20.0,,32.0,44.0,41.0,,39.0,42.0,47.0,29.0,,10.0,1.0,17.5,3.0,32.0,4.0,5.0,2.0,18.0,8.0,22.0,15.0,,,,17.0,9.0,14.0,25.0,40.0,44.5,28.0,30.0,,,25.0,,19.0,18.0,46.0,26.0
2012-08-28,11.5,18.0,21.0,27.0,45.0,13.0,,21.0,42.0,34.5,5.0,35.0,7.0,29.0,,29.5,39.0,46.0,19.0,,42.0,39.0,34.5,,44.0,39.5,47.0,23.0,,14.5,3.0,24.5,6.0,27.0,2.0,1.0,10.0,11.5,8.0,4.0,14.5,,,,26.0,9.0,28.0,16.0,43.0,41.0,42.0,24.0,,,38.0,,19.0,24.0,31.0,27.0
2012-08-29,22.0,32.0,23.0,25.0,46.0,27.0,,13.0,34.0,35.0,9.0,35.0,19.0,19.0,,21.0,23.5,43.0,7.0,,29.0,31.0,45.0,,48.0,34.0,43.0,30.0,,13.0,11.0,38.5,6.0,26.0,4.0,15.0,2.0,8.0,5.0,1.0,3.0,,,,19.0,10.0,27.5,19.0,43.0,36.0,36.5,41.5,,,39.0,,12.0,16.0,48.0,29.0
2012-08-30,20.0,13.0,24.0,15.5,48.0,20.0,,15.5,42.0,36.0,8.0,34.0,2.0,23.0,,34.0,40.0,44.0,4.0,,31.0,41.0,39.0,,21.0,45.0,36.0,33.0,,12.0,7.0,26.0,11.0,33.5,9.0,1.0,14.0,31.0,6.0,27.0,10.0,,,,17.0,4.0,23.0,27.5,43.0,46.0,37.0,32.0,,,4.0,,18.0,25.5,49.0,29.0
2012-08-31,15.0,27.0,34.0,21.0,45.0,5.0,,19.0,45.0,39.0,18.0,30.0,3.0,30.0,,33.0,38.0,47.0,20.0,,27.0,42.0,45.0,,44.0,42.0,36.0,34.0,,8.0,16.0,34.5,3.0,28.5,2.0,7.0,1.0,21.0,14.0,12.0,12.0,,,,30.5,10.0,6.0,29.0,26.5,40.0,32.0,12.0,,,17.0,,9.0,24.0,48.0,27.5
2012-09-03,17.0,19.0,26.0,40.0,28.5,24.0,,16.0,45.0,32.0,2.0,26.0,14.0,27.0,,36.0,31.0,46.0,5.5,,24.5,43.0,45.0,,39.0,25.5,40.0,28.0,,17.0,10.0,29.0,3.0,40.5,1.0,10.0,7.0,20.0,16.0,5.5,12.0,,,,40.0,8.0,36.0,23.5,35.5,33.0,38.0,41.0,,,4.0,,13.0,20.0,43.0,10.0
2012-09-04,15.0,10.0,29.0,32.0,49.0,29.0,,5.0,41.0,36.0,1.0,21.0,14.0,22.0,,43.0,34.5,46.0,20.0,,25.0,37.0,43.0,,44.0,35.5,42.0,36.5,,12.0,9.0,28.0,3.0,39.0,4.0,20.0,8.0,33.0,2.0,17.0,6.0,,,,35.0,11.0,26.0,24.0,27.5,32.0,45.0,12.0,,,7.0,,24.0,18.0,42.0,16.0
2012-09-05,19.0,31.5,28.5,21.0,47.0,33.0,,15.0,40.0,42.0,3.5,34.0,8.0,23.0,,20.0,37.5,36.0,5.0,,26.0,37.0,45.0,,32.0,23.0,41.5,40.0,,12.0,9.0,32.0,3.5,43.0,6.0,17.0,2.0,7.0,13.0,14.0,18.0,,,,20.5,10.0,1.0,41.0,33.0,39.0,39.0,27.0,,,24.0,,11.0,29.0,49.0,23.0
2012-09-06,3.0,34.0,38.0,7.0,44.0,24.0,,13.0,44.0,43.0,2.0,24.0,6.0,31.0,,28.0,32.0,37.0,17.0,,25.0,25.0,42.0,,41.0,40.0,27.5,36.0,,12.0,9.0,33.0,1.0,43.0,8.0,12.0,21.0,18.0,5.0,9.0,15.0,,,,29.0,16.0,24.0,41.0,20.0,45.0,38.0,34.5,,,11.0,,4.0,19.0,49.0,27.0
2012-09-07,1.5,38.0,42.0,19.5,39.0,34.5,,15.0,41.0,43.0,6.0,25.0,8.0,30.0,,29.0,38.0,43.0,16.0,,32.5,26.5,44.0,,11.0,26.0,46.0,33.0,,14.0,11.0,35.0,3.0,46.0,5.0,26.0,19.0,23.0,9.0,13.0,1.5,,,,28.0,4.0,7.0,35.0,28.0,36.0,28.0,19.0,,,11.0,,21.0,17.0,48.0,27.5
2012-09-10,17.0,33.0,39.0,16.0,36.0,28.0,,7.0,40.0,40.0,2.0,19.0,16.5,19.0,,24.0,37.0,40.0,25.5,,31.0,31.0,43.0,,47.0,17.0,43.0,37.0,,12.0,8.0,33.0,9.0,45.0,3.0,25.5,21.0,29.0,5.0,1.0,13.0,,,,20.0,14.0,23.0,28.0,33.0,45.0,29.0,4.0,,,11.0,,6.0,10.0,47.0,42.0
2012-09-11,6.0,8.0,20.0,12.0,27.0,27.0,,21.0,43.0,27.0,3.0,29.0,8.0,16.0,,39.0,30.0,33.0,15.0,,19.0,40.0,36.0,,45.0,48.0,36.0,40.5,,6.0,13.0,24.0,2.0,41.0,10.0,13.0,1.0,21.0,11.0,4.0,5.0,,,,36.0,16.0,32.0,36.0,43.0,45.0,32.0,28.0,,,24.0,,22.0,19.0,47.0,34.0
2012-09-12,16.0,36.0,20.0,21.0,32.0,23.0,,23.5,43.0,39.0,3.0,18.0,6.0,29.0,,46.0,33.0,47.0,14.0,,30.0,42.0,37.0,,45.0,43.5,40.0,28.5,,11.0,17.0,33.0,7.0,38.0,15.0,21.0,2.0,4.0,20.0,1.0,8.0,,,,26.0,9.0,29.5,36.0,26.0,41.0,26.0,12.0,,,13.0,,10.0,4.0,47.0,33.0
2012-09-13,13.0,27.5,20.0,19.0,47.0,44.0,,7.0,45.0,41.0,12.0,23.0,3.0,19.0,,29.0,29.0,36.0,5.0,,31.0,37.0,34.0,,43.0,42.0,45.0,41.0,,14.0,10.0,20.0,15.0,39.0,1.0,23.5,2.0,38.0,7.0,6.0,25.5,,,,23.0,16.0,3.0,35.0,32.0,37.0,22.0,19.0,,,9.0,,26.0,11.0,47.0,28.0
2012-09-14,6.0,30.0,25.0,21.5,47.0,28.0,,13.0,38.0,15.0,3.0,38.0,14.0,30.0,,27.5,31.0,39.0,2.0,,33.5,26.0,34.0,,45.0,22.0,44.5,35.0,,9.0,11.0,36.0,18.0,33.0,16.0,38.5,4.0,14.0,24.0,8.0,7.0,,,,10.0,14.5,18.0,42.0,27.0,44.0,37.0,22.0,,,34.0,,1.0,5.0,42.0,42.0
2012-09-17,1.0,18.0,24.0,22.0,44.0,30.0,,6.0,47.0,36.0,7.0,14.0,8.0,24.0,,32.0,42.5,44.0,2.0,,23.0,35.0,29.0,,46.0,36.0,36.0,37.0,,13.0,11.0,27.0,19.0,42.0,10.0,28.0,8.0,32.5,20.0,16.0,4.0,,,,15.0,22.0,5.0,45.0,39.0,43.0,24.0,19.0,,,30.0,,3.0,12.0,46.0,25.0
2012-09-18,18.0,41.0,28.0,11.0,43.0,40.0,,8.5,33.0,30.0,7.0,14.0,16.0,33.0,,19.0,27.0,38.0,19.5,,43.0,37.0,31.0,,47.0,37.5,46.0,34.5,,10.0,5.0,32.0,4.0,42.0,12.0,27.0,27.0,3.0,21.0,2.0,16.0,,,,25.0,23.0,1.0,34.0,23.0,40.0,23.0,17.0,,,5.0,,13.0,8.0,49.0,37.0
2012-09-19,7.0,34.0,40.0,24.0,37.0,36.0,,22.0,40.0,32.0,1.0,18.0,3.5,41.0,,34.0,31.0,23.0,12.0,,41.5,25.0,17.0,,26.5,36.0,35.0,42.0,,11.0,13.0,27.0,8.0,47.0,23.5,15.0,9.0,19.0,19.0,6.0,4.0,,,,15.0,38.5,4.0,28.0,27.0,45.0,32.0,35.5,,,10.0,,2.0,15.0,46.5,45.0
2012-09-20,7.0,16.0,21.5,37.5,27.0,37.0,,19.0,47.0,37.5,4.5,12.0,16.0,20.0,,43.0,37.0,20.0,12.0,,33.5,24.0,41.0,,46.0,39.5,31.0,36.0,,9.0,16.0,23.0,3.5,25.0,6.0,20.0,2.0,28.0,14.0,7.0,2.0,,,,10.0,37.0,2.0,31.0,32.0,44.0,45.0,23.0,,,29.0,,27.0,11.0,45.0,40.0
2012-09-21,10.0,42.0,34.0,33.5,48.0,36.0,,4.0,42.0,17.0,14.0,25.0,2.0,21.0,,31.0,30.0,38.0,3.0,,45.0,23.0,33.0,,47.0,25.0,39.0,36.5,,7.0,27.0,1.0,13.0,44.0,18.0,15.0,8.0,9.0,12.0,5.0,12.0,,,,17.0,21.0,6.0,34.0,16.0,40.0,30.5,27.0,,,23.0,,19.0,31.0,48.0,41.0
2012-09-24,14.0,39.0,23.0,26.0,34.0,29.0,,18.0,46.0,44.0,3.0,23.0,11.0,8.0,,37.0,35.0,40.0,22.0,,46.0,20.0,37.0,,48.0,37.0,42.0,40.0,,5.0,19.0,30.0,6.0,22.0,1.5,13.0,8.0,32.0,16.0,9.0,1.5,,,,15.0,26.0,4.0,26.5,31.0,35.0,41.0,30.0,,,17.0,,12.0,6.0,41.0,28.0
2012-09-25,4.0,36.0,41.0,28.0,48.0,27.0,,4.0,46.0,33.0,5.0,17.0,8.0,18.0,,32.5,25.0,27.5,21.0,,42.0,31.0,39.0,,46.0,48.0,36.0,26.0,,2.0,21.5,26.0,12.0,37.0,5.0,10.0,8.5,12.0,26.0,15.0,8.0,,,,13.0,32.5,1.0,22.0,15.0,43.0,38.0,28.0,,,23.5,,20.5,12.0,46.0,39.0
2012-09-26,7.5,31.0,31.0,25.0,34.0,37.0,,5.0,45.0,33.0,17.0,18.0,6.0,15.0,,44.0,24.0,22.0,14.0,,41.0,34.0,41.5,,47.0,41.0,38.0,25.0,,7.5,20.0,16.0,10.0,42.0,13.0,29.0,2.0,10.0,12.0,1.0,3.0,,,,39.0,29.0,10.0,20.5,22.0,44.0,47.0,23.0,,,27.0,,22.0,4.0,40.5,34.0
2012-09-27,13.0,30.0,29.0,16.0,34.0,42.0,,8.0,49.0,34.0,7.0,23.0,9.0,15.0,,36.0,17.0,28.0,4.0,,40.0,38.0,27.0,,46.0,41.0,37.0,33.0,,11.0,24.0,20.0,33.0,37.0,3.0,2.0,21.0,9.0,18.0,1.0,12.0,,,,27.0,39.0,5.0,34.0,20.0,45.0,41.0,19.0,,,28.5,,14.0,6.0,48.0,35.0
2012-09-28,23.0,30.5,36.0,26.0,33.0,36.0,,10.0,46.5,34.0,7.0,18.0,4.0,8.0,,28.0,38.0,31.5,11.0,,44.0,31.0,44.0,,48.0,46.0,41.0,18.0,,1.0,2.0,14.0,15.0,39.0,6.0,26.0,20.0,16.0,16.0,13.0,9.0,,,,25.0,28.0,20.0,39.0,22.0,39.0,32.0,3.0,,,23.0,,12.0,5.0,43.0,42.0
2012-10-03,18.0,37.0,35.0,7.0,40.5,20.0,,6.0,48.0,30.0,2.0,21.0,5.0,21.0,,42.0,21.0,31.0,11.0,,43.0,44.0,18.5,,29.0,44.5,22.5,22.0,,1.0,11.0,14.0,10.0,30.0,4.0,23.0,26.0,12.5,25.5,3.0,9.0,,,,32.0,40.0,29.5,38.0,18.0,45.0,37.0,34.0,,,32.0,,9.0,14.0,46.0,40.0
2012-10-04,20.0,39.0,44.0,16.0,33.0,20.0,,1.0,46.0,19.0,6.0,8.0,5.0,14.0,,35.0,24.0,31.0,13.0,,41.0,41.5,11.0,,48.0,44.0,17.0,24.0,,9.0,22.0,2.0,28.0,42.0,4.0,11.0,25.0,15.0,7.0,3.0,18.0,,,,34.0,37.0,29.0,39.0,29.0,44.5,43.0,26.0,,,28.0,,23.0,11.0,35.0,37.0
2012-10-05,3.5,40.0,37.0,2.0,37.0,26.0,,3.0,43.0,27.0,7.0,12.0,11.0,16.0,,40.0,24.0,33.5,8.0,,45.0,43.5,6.0,,45.0,47.0,33.0,21.0,,1.0,9.0,16.0,26.0,32.0,4.0,19.0,16.0,18.0,23.0,10.0,13.0,,,,33.5,39.0,23.0,41.0,30.0,46.0,32.0,26.0,,,27.0,,14.0,19.0,32.5,45.0
2012-10-08,26.5,37.0,37.0,2.0,41.0,21.0,,19.0,46.0,20.5,11.0,43.0,4.0,30.0,,12.0,36.0,22.5,9.0,,41.5,29.0,25.0,,46.0,38.0,24.0,37.0,,8.0,13.0,18.0,13.0,27.0,3.0,33.0,4.0,6.0,11.5,7.0,1.0,,,,15.0,31.0,29.0,39.0,18.5,42.5,21.0,24.0,,,39.0,,15.0,33.0,43.0,47.0
2012-10-09,30.0,31.0,38.0,4.0,33.0,16.0,,12.0,46.0,14.0,6.0,30.0,7.0,11.0,,27.0,37.5,45.0,3.0,,39.0,25.0,2.0,,45.0,48.0,42.0,23.0,,5.0,20.0,1.0,20.0,24.0,18.0,13.0,7.0,9.0,37.5,10.0,13.0,,,,27.0,40.0,22.5,39.0,30.0,38.0,23.0,16.0,,,37.0,,18.0,33.0,43.0,45.0
2012-10-10,18.0,37.5,39.0,11.0,29.5,24.0,,2.0,42.0,22.0,5.0,35.0,3.0,14.0,,35.0,28.0,35.0,4.0,,32.0,18.0,14.0,,46.0,49.0,43.0,29.0,,1.0,7.0,9.0,14.0,39.0,12.0,20.0,9.0,16.0,30.0,6.0,17.0,,,,26.0,32.0,22.0,40.0,24.0,43.0,30.0,9.0,,,40.0,,23.5,34.5,45.0,44.5
2012-10-11,11.0,37.0,42.0,33.0,38.0,25.0,,7.0,41.0,23.5,3.0,30.0,5.0,14.0,,23.0,23.0,39.0,12.0,,43.0,17.0,19.0,,44.0,48.0,29.5,21.0,,1.0,4.0,15.0,20.0,38.0,2.0,31.0,13.0,17.0,18.0,10.0,4.0,,,,24.0,31.0,28.0,37.0,25.0,47.0,41.0,10.0,,,34.0,,8.0,32.0,42.0,48.0
2012-10-12,20.0,32.5,39.0,2.0,37.0,26.0,,15.0,33.0,23.0,5.0,22.0,8.0,31.0,,42.0,38.0,46.0,10.0,,44.0,17.0,13.0,,47.0,31.0,39.0,33.5,,11.0,2.0,13.0,12.0,30.0,21.0,7.0,16.0,2.0,21.0,4.0,6.0,,,,27.0,31.5,9.0,36.0,18.0,41.0,40.5,24.0,,,36.0,,22.0,27.0,46.0,44.0
2012-10-15,23.0,26.0,44.0,5.5,29.0,35.0,,16.0,43.0,20.0,2.0,22.0,14.0,28.0,,15.0,28.0,38.0,3.0,,34.0,31.0,9.0,,41.0,46.0,23.0,45.0,,5.5,9.0,18.0,7.0,28.0,4.0,31.0,1.0,8.0,16.0,12.0,16.0,,,,40.0,36.5,11.0,44.0,21.0,44.0,34.0,12.0,,,34.0,,30.0,25.0,47.0,42.0
2012-10-16,18.0,42.0,37.0,1.0,29.0,40.0,,25.0,44.0,9.0,8.0,14.0,13.0,25.0,,24.0,28.0,34.0,4.0,,44.0,16.5,5.0,,39.0,48.0,14.0,17.0,,11.0,2.0,24.0,28.5,46.0,20.0,39.0,10.0,7.0,38.0,3.0,6.0,,,,36.0,28.0,15.0,47.0,21.0,38.0,33.0,19.0,,,29.0,,18.0,30.0,43.0,37.0
2012-10-17,30.0,26.0,39.0,10.0,21.0,16.0,,18.0,46.0,9.0,2.0,35.0,6.0,33.0,,35.5,39.0,25.0,4.0,,31.0,15.0,1.0,,48.0,42.0,21.0,14.0,,11.0,3.0,19.0,27.5,45.0,13.0,8.0,22.0,5.0,11.0,7.0,17.0,,,,38.5,42.5,33.0,36.0,23.0,38.0,34.0,30.0,,,30.0,,21.0,33.5,44.0,46.0
2012-10-18,38.0,29.0,43.0,9.0,25.0,22.0,,7.5,41.0,2.0,11.0,39.0,15.0,41.0,,11.0,35.0,31.0,14.0,,34.0,19.0,17.0,,47.0,49.0,25.0,23.0,,13.0,1.0,19.0,28.0,35.0,6.0,17.0,30.0,4.0,3.0,10.0,6.0,,,,36.0,44.5,6.0,28.5,16.0,45.0,28.0,36.0,,,34.0,,23.0,26.5,44.0,39.0
2012-10-19,33.5,16.0,43.0,25.0,20.0,18.0,,12.0,25.0,1.0,11.0,37.0,14.0,32.0,,40.0,38.0,23.0,9.0,,31.5,43.0,24.0,,27.0,47.0,31.0,32.0,,4.0,8.0,28.0,7.0,28.5,5.0,3.0,6.0,2.0,19.0,16.0,20.0,,,,24.0,45.0,37.5,10.0,13.0,42.0,37.0,33.0,,,36.5,,16.0,37.0,42.0,47.0
2012-10-22,8.0,3.0,33.5,27.0,20.0,36.5,,22.0,33.0,1.0,7.5,20.0,10.0,24.0,,36.0,46.0,39.0,11.0,,31.0,33.0,6.0,,42.0,46.0,40.0,49.0,,15.0,22.0,20.5,15.0,32.0,7.0,5.0,6.0,2.0,13.0,14.0,18.0,,,,18.0,42.0,24.0,35.0,28.0,34.0,40.0,35.0,,,31.0,,12.0,28.0,44.0,47.0
2012-10-24,22.5,8.0,38.0,16.0,20.0,16.0,,14.0,43.0,2.0,3.0,35.0,12.0,43.0,,31.0,35.0,33.0,6.0,,28.0,6.0,22.0,,43.5,40.5,25.0,16.0,,19.0,18.0,28.5,23.5,31.0,12.0,1.0,9.0,4.0,10.0,9.0,6.0,,,,35.0,38.5,31.0,43.0,34.0,42.0,25.0,28.0,,,48.0,,22.0,32.0,47.0,44.0
2012-10-25,15.0,16.0,30.0,2.0,25.5,23.5,,11.0,42.0,9.0,8.0,33.0,2.0,11.0,,23.5,34.0,32.0,16.0,,41.5,19.0,25.0,,40.0,38.0,10.5,37.0,,6.0,2.0,31.0,4.0,13.5,13.5,4.0,7.0,40.0,18.0,20.0,27.0,,,,34.0,44.0,31.0,47.0,22.0,41.0,43.0,20.0,,,39.0,,25.0,35.0,48.0,49.0
2012-10-26,25.0,35.0,31.0,1.0,27.0,24.0,,16.0,43.5,7.0,8.0,30.0,2.0,37.0,,18.0,33.0,40.0,14.0,,43.5,6.0,16.0,,34.0,42.0,21.0,21.0,,21.0,22.0,3.0,10.0,14.0,4.0,11.0,27.0,18.0,5.0,12.0,13.0,,,,30.0,40.0,9.0,48.0,38.0,39.0,31.0,24.0,,,38.0,,35.0,44.0,47.0,47.0
2012-10-29,20.0,34.0,30.0,9.0,25.0,30.0,,6.5,43.0,4.0,18.0,47.0,14.0,43.0,,17.0,45.0,42.0,12.0,,39.0,3.0,22.0,,32.0,45.0,26.0,22.0,,5.0,26.0,13.0,15.0,1.0,10.0,18.0,6.5,22.0,17.0,2.0,9.5,,,,33.0,34.0,31.0,39.0,36.0,43.0,28.0,25.0,,,40.0,,9.0,23.0,38.0,48.0
2012-10-30,35.0,3.0,38.0,15.0,32.0,21.0,,35.0,41.0,9.0,10.0,43.5,5.0,26.0,,39.0,47.0,36.0,4.0,,31.0,27.0,12.0,,47.0,41.0,21.5,21.0,,7.0,29.0,17.0,30.0,24.0,2.0,1.0,24.0,14.0,17.0,6.0,11.0,,,,29.0,47.0,13.0,45.0,22.0,43.0,22.0,18.0,,,39.0,,8.0,32.0,46.0,26.0
2012-10-31,32.0,3.0,46.0,17.0,37.0,23.0,,4.0,42.0,1.0,11.0,38.0,21.0,33.0,,18.5,25.0,46.0,8.0,,26.0,34.0,16.0,,48.0,29.5,23.0,33.0,,19.5,31.5,26.0,7.0,15.0,10.0,2.0,13.0,10.0,11.0,6.0,15.0,,,,15.0,42.0,5.0,33.0,43.0,43.0,39.0,27.0,,,30.0,,24.0,41.0,34.0,44.0
2012-11-01,21.5,17.0,43.0,14.0,24.0,1.0,,33.0,36.0,3.0,27.0,27.0,12.0,46.0,,37.0,29.0,40.0,5.0,,38.0,38.0,2.0,,27.0,43.0,24.0,34.0,,17.0,33.0,12.0,20.0,5.0,11.0,8.0,25.0,14.0,17.0,9.0,4.0,,,,9.0,30.0,27.0,43.5,7.0,35.0,41.0,19.0,,,45.0,,20.0,46.0,46.0,39.0
2012-11-02,26.0,18.5,43.0,7.0,19.0,45.0,,18.0,36.0,2.0,32.0,23.5,4.0,14.0,,31.0,34.0,26.0,19.5,,38.0,43.0,2.0,,23.0,43.0,24.0,37.0,,6.0,28.0,23.0,9.0,34.5,11.0,5.0,10.0,16.0,16.0,13.0,2.0,,,,28.5,38.0,13.0,27.0,36.5,41.0,39.0,19.0,,,45.0,,8.0,37.0,47.0,47.0
2012-11-05,28.0,27.0,35.0,17.0,30.0,11.5,,10.0,40.0,3.0,32.0,42.5,7.0,47.0,,45.0,48.0,30.0,6.0,,38.0,31.5,17.0,,27.0,39.0,27.0,43.0,,16.5,20.0,23.0,12.5,5.0,8.0,19.0,18.0,12.0,2.0,4.0,10.0,,,,30.0,21.0,12.0,45.0,36.5,41.0,16.0,1.0,,,33.0,,22.0,38.0,42.0,36.0
2012-11-06,11.0,36.0,47.0,3.0,34.0,15.0,,22.0,39.0,8.0,26.0,23.0,1.0,39.0,,25.0,39.0,45.0,15.0,,31.0,43.0,19.0,,37.0,45.0,34.0,41.0,,10.0,19.0,2.0,9.0,4.0,6.0,15.0,15.0,16.0,12.0,5.0,25.0,,,,18.0,34.0,23.0,43.0,25.0,30.0,7.0,23.0,,,31.0,,29.0,49.0,45.0,37.0
2012-11-07,27.0,38.0,34.0,2.0,43.0,7.0,,9.0,39.0,9.0,21.0,38.0,27.0,42.0,,21.0,44.0,44.0,3.0,,34.0,34.5,6.0,,45.5,33.0,22.0,27.5,,1.0,12.0,16.0,14.0,22.0,12.0,29.0,14.0,11.0,5.0,4.0,34.0,,,,19.5,31.0,24.0,49.0,37.0,42.0,19.0,24.0,,,9.0,,17.0,26.5,47.0,45.5
2012-11-08,27.0,38.0,48.0,24.0,22.5,5.0,,7.0,37.0,2.0,24.0,35.0,1.0,17.0,,27.0,45.0,35.0,17.0,,34.0,46.0,27.0,,32.0,40.0,36.0,42.0,,11.0,6.0,9.0,21.0,10.0,3.0,4.0,22.0,14.0,15.0,13.0,29.0,,,,18.0,30.0,20.0,43.0,30.5,39.5,11.0,18.0,,,33.0,,8.0,46.0,46.0,39.0
2012-11-09,19.0,26.0,35.0,15.0,36.0,1.0,,19.0,45.0,11.0,36.0,39.0,10.0,42.0,,35.0,35.0,40.0,21.0,,12.5,47.0,13.0,,30.0,29.0,25.0,45.0,,6.0,29.0,8.0,9.0,23.0,5.0,17.0,4.0,15.0,2.0,7.0,21.5,,,,21.0,32.5,14.0,46.0,34.0,47.0,26.0,30.0,,,20.0,,3.0,27.0,44.0,42.0
2012-11-12,18.0,25.0,48.0,7.0,20.0,3.0,,20.0,36.0,1.0,25.0,31.0,22.0,36.0,,39.5,38.0,47.0,27.0,,31.0,45.0,18.0,,42.0,41.5,29.0,41.0,,5.5,20.0,8.0,11.0,24.0,4.0,15.0,2.0,15.0,13.0,9.0,10.0,,,,21.0,13.0,5.5,41.0,29.0,33.0,36.5,26.0,,,32.0,,13.0,46.0,34.0,46.0
2012-11-13,22.0,21.0,40.0,24.0,25.0,5.0,,18.0,44.0,4.0,28.0,32.0,16.0,40.0,,38.0,48.0,42.0,19.5,,25.0,42.0,31.0,,36.0,38.0,14.0,49.0,,3.0,25.0,1.0,7.0,12.5,9.0,17.0,15.0,19.0,2.0,14.0,35.0,,,,28.0,27.0,7.0,46.0,32.0,46.0,10.0,21.0,,,34.0,,7.0,38.0,11.0,44.0
2012-11-14,10.0,37.0,34.0,12.0,19.0,2.0,,16.0,44.0,12.0,29.0,40.0,8.0,25.0,,49.0,43.0,39.0,31.0,,25.0,34.5,23.0,,22.0,43.0,47.0,45.0,,18.5,27.0,8.0,3.5,16.0,11.0,7.0,5.0,14.0,1.0,6.0,29.0,,,,15.0,20.0,3.5,34.0,34.0,42.0,24.0,26.0,,,37.0,,31.0,39.0,23.0,47.0
2012-11-15,6.0,41.0,26.0,13.0,24.0,3.0,,8.0,48.0,18.0,22.0,31.0,6.0,23.0,,45.0,47.0,46.5,33.0,,38.0,37.0,29.0,,33.0,40.0,19.5,44.0,,9.0,31.5,16.0,4.0,16.0,14.0,1.0,12.0,26.0,11.0,9.0,30.5,,,,2.0,32.0,19.5,34.0,20.0,44.0,5.0,21.0,,,28.0,,34.0,41.5,20.0,39.5
2012-11-16,12.0,19.5,25.0,22.0,27.0,7.0,,9.0,47.0,16.0,28.5,41.0,5.0,16.0,,45.0,46.0,40.0,34.0,,39.0,35.0,33.0,,31.0,43.0,37.0,39.0,,4.0,20.0,19.0,11.0,22.0,12.0,6.0,15.0,25.0,2.0,14.0,32.0,,,,1.0,3.0,9.0,27.0,35.0,49.0,9.0,20.0,,,37.0,,23.0,42.5,31.0,44.0
2012-11-19,2.0,22.0,24.0,14.0,24.5,7.0,,6.0,39.0,17.0,26.0,32.0,15.0,34.5,,46.0,42.0,42.0,39.0,,8.0,35.0,40.0,,34.0,44.0,36.0,35.5,,13.0,23.0,10.0,5.0,14.0,4.0,9.0,20.0,14.0,1.0,3.0,29.5,,,,11.0,18.5,33.0,44.0,28.5,46.5,17.0,22.0,,,33.5,,33.0,41.0,26.5,45.0
2012-11-20,15.0,23.0,23.5,30.0,29.0,7.0,,4.0,46.0,15.0,24.0,19.0,13.0,20.0,,43.0,39.5,44.0,33.0,,47.0,45.0,30.0,,22.5,42.0,41.0,27.0,,2.0,19.0,9.0,2.0,5.0,17.0,11.0,30.0,38.0,11.0,5.0,39.5,,,,25.0,36.0,32.0,10.0,13.0,48.0,7.0,24.0,,,35.0,,22.0,40.0,2.0,39.0
2012-11-21,20.0,23.0,26.0,24.5,19.0,12.0,,3.5,38.0,13.0,28.0,32.5,9.0,20.0,,49.0,43.0,42.0,36.0,,26.0,44.0,37.5,,34.0,32.0,45.5,46.0,,6.0,26.0,2.0,7.0,16.0,8.0,1.0,10.0,32.0,5.0,11.0,25.0,,,,17.0,29.0,3.5,21.0,15.0,41.5,23.0,39.0,,,13.0,,29.0,38.0,46.0,37.0
2012-11-22,3.0,22.0,26.0,39.0,29.0,5.0,,9.0,41.0,14.0,27.0,21.5,7.0,8.0,,44.0,33.0,36.0,42.0,,20.0,44.0,23.0,,38.0,39.0,44.5,46.0,,16.0,21.0,13.0,6.0,16.0,10.0,2.0,15.0,29.0,1.0,3.0,36.0,,,,11.0,33.0,20.0,13.0,31.0,46.0,20.0,23.0,,,26.0,,29.0,39.0,48.0,34.0
2012-11-23,5.0,31.0,24.0,41.0,28.0,7.0,,2.0,41.5,14.0,17.0,23.0,9.0,17.0,,46.0,49.0,42.0,32.0,,23.0,37.5,27.0,,39.0,42.0,33.0,46.0,,12.0,11.0,10.0,3.0,25.5,8.0,5.0,18.0,27.0,1.0,5.0,35.0,,,,14.0,38.0,18.0,29.0,20.5,44.0,20.5,36.0,,,23.0,,15.0,43.5,42.0,30.0
2012-11-26,3.0,37.0,19.0,47.0,32.0,6.0,,4.0,27.0,19.0,22.0,27.0,15.0,17.5,,40.0,43.0,32.0,11.0,,25.0,45.0,33.0,,49.0,34.5,23.0,44.0,,11.0,19.0,7.0,2.0,28.0,8.0,1.0,24.0,32.0,9.0,13.0,42.5,,,,5.0,11.0,13.0,35.0,25.0,42.0,20.5,38.0,,,28.0,,16.0,46.0,36.0,35.0
2012-11-27,19.0,34.0,17.0,29.5,19.0,5.5,,9.0,44.0,14.0,17.0,33.0,7.0,21.0,,48.0,45.0,40.0,36.5,,32.0,47.0,30.0,,37.0,38.0,34.0,40.0,,4.0,13.0,5.5,12.0,23.0,8.0,1.0,17.0,31.0,2.0,3.0,40.5,,,,11.0,24.0,10.0,24.0,28.0,44.0,34.0,21.0,,,26.0,,15.0,42.0,27.0,46.0
2012-11-28,5.0,38.0,31.0,42.0,11.0,3.0,,2.0,38.0,16.0,29.0,28.0,8.0,16.0,,46.0,40.0,40.5,37.0,,34.0,34.0,27.0,,47.0,32.5,17.0,45.0,,13.5,23.0,1.0,7.0,18.0,4.0,6.0,27.5,24.0,12.0,13.0,39.0,,,,9.0,20.0,10.0,26.0,16.5,44.0,39.0,23.0,,,21.0,,26.0,30.0,35.5,43.0
2012-11-29,1.0,36.0,20.0,45.0,16.0,4.0,,11.0,46.0,17.0,30.0,37.0,5.0,16.0,,43.0,35.0,46.0,31.0,,33.0,39.0,23.0,,48.0,28.5,16.0,41.0,,13.0,20.0,2.0,7.0,20.0,9.0,8.0,24.0,35.0,6.0,3.0,43.0,,,,13.0,30.5,10.0,26.0,37.0,42.5,26.0,22.0,,,30.0,,14.0,37.0,20.0,38.0
2012-11-30,5.0,40.0,28.0,14.0,37.0,7.0,,1.0,30.0,21.0,15.0,23.0,3.0,11.0,,43.0,37.0,43.0,30.0,,19.0,36.0,38.0,,37.0,40.0,29.0,46.0,,14.0,22.0,8.0,2.0,33.5,4.0,6.0,31.5,14.0,9.0,13.0,48.0,,,,18.0,21.0,10.0,27.0,24.0,46.0,42.0,18.0,,,31.0,,26.0,47.0,23.0,32.5
2012-12-03,8.0,35.0,25.0,39.0,45.0,13.0,,4.0,42.0,15.0,24.0,36.0,7.0,17.0,,47.0,38.0,49.0,37.0,,29.0,35.0,33.0,,48.0,35.5,28.0,5.0,,12.0,20.0,1.0,10.0,24.0,6.0,2.0,19.0,22.0,9.0,3.0,32.0,,,,12.0,18.0,15.0,31.0,29.0,43.0,42.0,12.5,,,35.0,,21.0,33.0,27.5,37.5
2012-12-04,14.0,41.0,21.0,47.0,38.0,17.0,,1.0,40.5,25.0,16.0,34.0,5.0,6.0,,46.0,40.0,42.0,19.0,,22.0,36.0,13.0,,44.5,2.0,29.0,38.0,,19.0,30.0,9.0,8.0,23.0,11.0,14.0,27.0,25.0,3.0,7.0,30.0,,,,10.0,20.0,33.0,3.0,19.5,47.5,33.0,13.0,,,29.0,,38.0,42.0,25.0,40.0
2012-12-05,9.0,38.0,25.5,33.0,35.0,12.0,,5.0,41.0,10.0,10.0,34.0,6.0,15.0,,42.0,36.0,46.0,28.5,,20.5,48.0,31.0,,43.0,46.0,20.0,43.0,,13.0,23.0,16.0,3.0,26.0,1.0,8.0,26.0,29.0,4.0,7.0,32.0,,,,13.5,21.0,20.0,2.0,16.0,46.0,28.0,23.0,,,20.0,,30.0,39.0,30.0,48.0
2012-12-06,10.0,31.0,38.0,38.0,2.0,17.0,,9.0,42.0,17.0,8.0,41.0,5.0,14.0,,48.0,37.0,45.0,25.0,,36.0,34.0,32.0,,46.5,42.0,22.0,44.5,,20.0,22.0,7.0,1.0,26.0,3.0,14.0,25.0,33.0,11.0,6.0,32.0,,,,18.0,14.0,24.0,3.0,13.5,48.0,29.0,18.0,,,29.0,,24.0,39.0,33.0,26.0
2012-12-07,11.0,29.0,30.0,39.0,21.0,18.0,,6.0,48.0,7.0,17.5,23.0,4.0,31.0,,43.0,34.0,45.0,34.0,,33.0,33.0,27.0,,42.0,45.0,18.0,41.0,,17.0,30.0,1.0,3.0,26.0,14.0,10.0,21.0,23.0,8.5,5.0,36.0,,,,14.0,15.0,23.0,8.5,2.0,47.0,34.5,11.0,,,37.0,,23.0,45.0,40.0,34.0
2012-12-10,9.0,39.0,33.0,28.0,28.5,8.0,,1.0,46.0,13.0,14.0,35.0,6.0,19.0,,45.0,43.0,43.0,30.0,,26.5,32.0,32.0,,47.0,34.0,19.0,38.0,,15.0,21.0,7.0,3.0,35.0,10.0,16.0,20.0,27.0,2.0,5.0,37.0,,,,13.0,18.0,23.0,4.0,11.0,44.0,23.0,24.0,,,25.0,,25.5,44.0,41.0,42.0
2012-12-11,13.0,35.0,28.0,31.0,28.0,14.0,,2.0,43.5,4.0,20.0,40.0,1.0,7.0,,42.0,27.5,42.0,35.5,,26.0,29.0,31.0,,46.0,46.0,20.0,43.0,,6.0,16.0,3.0,5.0,48.0,10.0,11.0,20.0,32.5,11.0,8.0,31.0,,,,17.0,23.0,21.0,9.0,14.0,39.0,37.0,26.0,,,20.0,,23.0,35.0,45.0,41.0
2012-12-12,4.0,29.0,39.0,29.0,9.0,15.0,,5.0,42.0,10.0,6.0,37.0,14.0,17.0,,46.0,45.0,39.0,34.0,,31.0,15.0,29.0,,47.0,48.0,21.5,37.0,,11.0,22.0,2.0,1.0,22.0,8.0,19.0,22.0,30.0,7.0,3.0,34.0,,,,17.0,25.5,23.0,12.0,15.0,40.0,34.0,28.0,,,25.0,,26.0,44.0,40.0,45.0
2012-12-13,4.0,26.0,26.0,39.5,32.0,18.0,,10.0,37.0,2.0,8.0,42.0,9.0,22.0,,38.0,44.0,45.0,27.0,,28.0,23.0,37.0,,49.0,46.0,34.0,15.0,,21.0,14.0,16.0,1.0,24.0,6.0,30.0,19.0,23.0,3.0,13.0,30.0,,,,6.0,38.0,12.0,6.0,11.0,40.0,34.0,17.0,,,33.5,,24.0,48.0,41.5,34.0
2012-12-14,12.0,21.0,29.5,30.5,47.0,11.0,,3.0,37.0,4.0,8.0,37.0,1.0,17.5,,43.0,19.0,45.0,39.0,,30.0,14.5,38.0,,45.0,42.0,34.0,33.0,,14.0,22.0,7.0,10.0,32.5,5.0,28.0,28.5,26.0,6.0,2.0,41.0,,,,16.0,23.0,19.0,9.0,14.0,44.0,31.0,18.5,,,34.0,,27.0,44.5,32.0,32.0
2012-12-17,6.0,17.0,35.0,35.0,35.0,19.0,,5.0,44.0,12.0,8.0,25.0,7.0,17.0,,47.0,28.5,45.0,34.0,,21.0,22.5,35.0,,45.0,45.0,28.0,40.0,,14.5,16.0,16.0,2.0,29.0,1.0,24.0,20.0,30.0,9.0,11.0,36.0,,,,3.0,33.0,31.0,3.0,13.0,46.0,25.0,10.0,,,35.0,,24.0,41.0,38.0,36.0
2012-12-18,2.0,24.0,26.5,39.0,42.5,8.0,,10.0,44.0,7.0,4.0,30.0,11.0,20.0,,45.0,37.5,42.0,37.0,,34.0,21.0,29.0,,46.5,24.5,28.0,47.0,,18.0,22.0,15.0,1.0,21.0,5.0,27.0,31.0,34.0,3.0,13.0,27.0,,,,9.0,13.0,30.0,18.0,6.0,46.0,35.0,15.0,,,37.0,,15.0,42.0,18.0,40.5
2012-12-19,2.0,31.0,13.0,46.0,38.0,19.0,,3.0,41.0,10.0,5.0,48.0,7.0,12.0,,44.5,37.0,47.0,29.0,,43.0,22.0,35.0,,38.0,38.0,25.5,34.0,,11.0,27.0,4.0,8.0,25.0,1.0,22.0,22.5,27.0,6.0,16.0,38.0,,,,9.0,19.0,25.0,19.0,14.0,41.0,35.0,16.0,,,15.0,,31.5,48.0,29.0,26.0
2012-12-20,1.0,18.0,22.0,36.0,20.5,22.0,,7.0,24.0,6.0,2.0,40.0,5.0,29.0,,44.0,41.0,46.0,37.0,,31.0,10.0,38.0,,46.0,32.0,19.0,36.0,,10.0,13.0,12.0,8.0,23.0,18.0,25.5,23.0,32.0,3.0,30.0,42.0,,,,10.0,14.0,39.0,17.0,14.0,48.0,24.0,4.0,,,38.0,,26.0,46.0,35.0,35.5
2012-12-21,7.0,21.0,21.0,15.0,28.5,29.0,,8.0,31.5,9.0,5.0,34.0,3.0,11.0,,40.0,45.0,33.0,19.0,,25.5,17.0,41.0,,48.0,26.5,15.0,27.0,,15.0,42.0,4.0,2.0,37.0,18.0,34.0,24.5,27.0,10.0,29.0,44.0,,,,6.0,1.0,33.0,19.0,12.0,38.0,43.0,13.0,,,30.0,,39.5,37.0,44.0,47.0
2012-12-27,6.0,23.0,12.0,36.0,14.0,19.0,,8.0,21.0,16.0,4.5,30.0,1.0,16.0,,41.0,33.0,48.0,32.5,,39.0,4.5,40.0,,40.0,45.0,23.5,32.0,,11.0,29.0,9.0,2.0,41.0,9.0,35.0,27.0,29.5,3.0,22.0,7.0,,,,17.0,13.0,38.5,25.0,19.0,46.5,27.0,14.0,,,42.0,,32.0,45.0,24.0,44.0
2012-12-28,10.0,33.0,24.0,28.0,25.0,18.0,,13.0,25.0,14.5,9.0,38.0,5.0,18.0,,42.0,40.0,35.0,20.0,,37.0,2.0,27.0,,48.0,36.5,16.0,37.0,,12.0,18.0,11.0,1.0,41.0,16.0,36.0,30.0,25.0,3.0,23.0,22.0,,,,6.0,7.0,33.0,28.5,4.0,47.0,38.0,8.0,,,20.0,,33.5,45.0,46.0,45.0
2013-01-02,12.0,15.0,26.5,34.0,39.0,23.0,,15.0,29.0,6.0,7.0,38.0,13.0,20.0,,44.0,47.0,39.0,26.0,,28.0,15.0,42.0,,46.0,34.0,8.0,25.0,,18.0,22.0,20.0,2.0,27.0,10.0,33.0,33.5,27.0,1.0,29.0,39.0,,,,4.0,9.0,32.0,18.0,3.0,46.0,46.0,10.0,,,20.0,,40.5,37.5,43.5,5.0
2013-01-03,15.0,10.0,29.0,35.0,28.0,24.0,,9.0,40.0,3.0,17.0,23.5,6.0,19.0,,35.0,46.0,44.0,26.0,,24.0,12.0,36.0,,46.0,17.0,8.0,31.0,,23.0,23.0,14.0,4.0,40.0,11.0,40.0,32.0,28.0,1.0,12.0,31.5,,,,5.0,17.0,38.0,8.0,19.0,38.0,37.0,2.0,,,28.0,,31.0,46.0,41.0,49.0
2013-01-04,12.0,26.0,18.0,24.0,38.0,30.0,,5.0,33.0,9.0,4.0,34.0,19.0,23.5,,30.0,48.0,39.0,27.0,,30.5,14.0,41.0,,45.0,46.0,19.0,33.0,,21.0,16.0,9.0,3.0,45.0,11.0,30.5,22.0,27.0,1.0,7.0,36.0,,,,6.0,16.0,25.0,14.0,2.0,42.0,42.0,7.0,,,13.0,,35.0,38.0,37.0,44.0
2013-01-07,8.5,2.5,25.0,20.0,35.5,29.0,,17.5,44.0,15.0,2.5,17.0,1.0,27.5,,35.5,44.0,38.0,33.5,,6.5,21.5,35.0,,35.0,41.5,4.0,26.0,,22.0,32.0,11.0,12.0,41.0,17.0,36.5,18.0,8.5,6.5,26.0,32.0,,,,5.0,10.0,33.0,28.0,14.0,41.0,46.0,13.0,,,28.0,,36.0,47.0,38.0,48.0
2013-01-08,3.0,24.0,28.0,20.0,36.0,25.0,,7.0,42.0,4.0,14.0,17.0,6.0,19.5,,45.0,39.0,44.0,41.0,,28.0,18.5,33.0,,25.0,45.0,16.0,31.0,,12.0,33.0,14.0,5.0,31.0,18.0,36.0,10.0,31.0,2.0,1.0,10.0,,,,13.0,10.0,24.0,26.0,22.0,43.5,42.0,8.0,,,35.0,,37.0,39.0,39.0,48.0
2013-01-09,5.0,21.0,18.0,6.0,35.0,31.0,,18.0,37.5,1.0,14.0,28.0,33.5,37.0,,33.0,46.0,45.0,4.0,,24.0,10.0,42.0,,17.0,22.0,8.0,27.0,,21.5,41.0,14.0,3.0,45.0,24.0,40.0,6.0,27.0,2.0,29.0,41.5,,,,9.0,12.0,21.0,31.0,16.0,45.0,28.0,11.0,,,35.0,,43.0,46.0,14.0,38.0
2013-01-10,8.0,10.5,15.0,13.0,23.0,31.0,,21.0,37.0,3.0,18.0,21.0,17.0,26.0,,35.0,44.0,40.0,33.0,,9.0,4.0,31.5,,43.0,46.0,5.0,26.5,,24.0,39.0,23.0,12.0,36.0,6.0,41.0,36.0,26.0,10.5,13.0,42.0,,,,1.0,2.0,30.0,20.0,7.0,47.0,18.0,15.0,,,32.0,,48.0,47.0,32.0,36.0
2013-01-11,12.0,15.0,8.0,35.0,44.0,29.5,,12.0,40.0,9.0,7.0,30.0,25.0,17.0,,43.0,36.0,36.5,31.0,,23.0,4.0,36.0,,18.0,31.0,1.0,26.0,,29.0,39.0,3.0,6.0,21.0,15.0,39.5,30.0,12.0,10.0,19.0,41.0,,,,2.0,5.0,37.0,16.0,20.0,45.0,31.0,22.0,,,43.5,,37.0,26.0,42.0,47.0
2013-01-14,1.0,25.0,10.0,30.0,23.0,16.0,,13.0,43.0,5.0,11.0,33.0,20.0,13.0,,30.0,23.0,37.0,24.0,,38.0,16.0,31.0,,40.5,33.0,6.0,26.5,,25.0,47.0,8.0,3.0,29.0,4.0,43.0,21.0,13.0,9.0,18.0,42.0,,,,28.0,2.0,35.0,14.0,7.0,49.0,36.0,18.0,,,40.5,,46.0,44.0,40.0,34.0
2013-01-15,10.0,17.0,24.5,27.0,38.0,24.0,,32.0,32.0,2.0,24.0,30.0,22.5,27.0,,48.0,44.0,43.5,9.0,,2.0,15.0,27.0,,38.5,46.0,8.0,23.0,,7.0,44.0,6.0,12.0,37.0,5.0,35.0,14.0,11.0,4.0,2.0,43.0,,,,18.0,13.0,17.0,39.0,21.0,46.0,30.0,18.5,,,33.0,,41.0,40.0,23.0,39.5
2013-01-16,2.0,16.0,25.0,37.0,8.5,17.0,,20.0,30.0,19.0,17.0,42.0,10.0,7.0,,46.5,34.0,27.0,37.0,,5.0,23.0,40.0,,42.0,30.0,8.5,25.0,,14.0,45.0,14.0,4.0,44.0,1.0,34.0,39.0,23.0,6.0,30.0,38.0,,,,3.0,12.0,35.0,28.0,11.0,36.5,28.0,12.0,,,20.0,,42.0,46.0,23.0,46.0
2013-01-17,1.0,34.0,21.5,29.5,9.0,13.0,,43.0,40.0,15.0,24.0,34.0,18.0,21.0,,38.0,21.0,42.0,26.5,,26.0,22.0,29.0,,48.0,30.0,2.0,24.0,,8.0,20.0,5.0,11.0,43.0,5.0,39.5,18.0,15.0,7.0,13.0,34.0,,,,4.0,10.0,26.0,31.0,13.0,45.0,41.0,5.0,,,34.5,,47.0,46.0,39.5,37.0
2013-01-18,4.0,24.5,36.0,38.0,11.0,42.0,,9.0,37.0,17.0,19.0,27.0,1.0,15.0,,42.0,29.0,44.5,4.0,,28.0,19.0,34.0,,47.0,36.0,7.0,23.0,,21.0,47.5,16.0,6.0,33.0,3.0,24.0,7.5,21.0,13.0,18.0,32.0,,,,13.0,11.0,33.0,30.0,10.0,46.0,42.0,3.0,,,40.0,,42.0,37.0,31.0,27.0
2013-01-21,7.0,32.0,26.0,38.0,14.0,21.0,,2.0,44.5,27.0,31.0,26.0,9.0,23.0,,33.0,47.0,37.0,16.0,,12.0,10.0,23.0,,47.0,40.0,1.0,36.0,,17.5,45.0,19.0,5.0,30.0,10.0,22.0,6.5,8.0,14.5,20.0,37.0,,,,36.0,3.0,16.0,9.0,30.0,46.0,37.0,29.0,,,36.5,,43.0,42.0,4.0,26.0
2013-01-22,14.0,19.0,39.0,40.0,2.0,29.0,,24.0,31.0,11.0,10.0,22.0,16.0,6.0,,40.0,46.0,19.0,37.0,,21.0,40.0,37.0,,47.0,28.0,4.0,16.0,,33.0,45.0,21.0,3.0,43.0,13.5,34.0,9.0,17.0,7.0,28.0,11.0,,,,31.0,1.0,28.0,32.0,4.0,25.0,42.0,7.0,,,18.0,,46.5,38.0,30.0,40.0
2013-01-23,1.0,18.0,30.0,45.0,16.0,11.0,,40.0,23.0,35.0,18.0,40.0,37.0,39.0,,29.0,41.0,31.5,7.0,,13.0,3.0,43.0,,36.5,23.0,4.0,45.0,,42.0,27.5,5.0,8.0,31.0,12.0,28.0,12.0,23.0,6.0,31.0,47.0,,,,8.0,14.0,20.0,25.0,12.0,18.0,27.0,2.0,,,34.0,,47.0,19.5,42.0,23.0
2013-01-24,30.0,17.0,48.0,30.0,8.0,33.0,,23.0,27.0,33.0,22.0,1.0,20.0,16.0,,36.0,39.5,43.0,24.5,,3.0,41.0,36.5,,46.0,20.0,7.0,25.0,,14.0,38.0,5.0,2.0,38.0,5.0,46.0,19.0,3.0,9.0,16.0,46.0,,,,35.0,11.0,13.0,15.0,24.0,28.5,29.0,10.0,,,38.0,,27.0,42.0,13.0,39.5
2013-01-25,10.0,42.0,47.0,22.0,9.0,19.0,,38.0,28.0,22.5,19.0,14.0,23.0,5.0,,38.0,28.0,21.0,25.0,,29.0,13.5,47.0,,41.0,46.0,2.0,40.5,,31.0,33.0,27.5,12.0,38.0,15.0,19.0,16.0,3.0,6.0,32.0,41.0,,,,45.0,1.0,6.0,20.0,8.0,34.0,44.0,6.0,,,22.0,,38.0,10.0,25.0,34.0
2013-01-28,37.0,34.5,21.0,29.0,3.0,18.0,,25.0,30.5,42.0,2.0,33.5,20.0,39.0,,26.0,31.0,45.0,33.0,,27.0,38.0,22.0,,48.0,13.0,7.0,37.0,,30.0,44.0,5.0,9.0,42.0,11.0,15.0,17.0,19.0,10.0,13.0,35.0,,,,7.0,13.0,24.0,1.0,4.0,24.0,44.0,7.0,,,48.0,,19.5,44.0,18.0,41.0
2013-01-29,14.0,30.0,24.0,25.0,16.0,1.0,,21.0,37.5,19.0,11.0,32.0,22.0,14.5,,48.0,22.5,45.0,36.5,,11.0,42.0,38.0,,47.0,4.5,11.0,27.0,,30.0,32.0,4.0,9.0,48.0,2.0,39.0,20.0,12.0,7.0,41.0,45.0,,,,7.0,6.0,16.0,19.0,33.0,32.5,29.0,4.0,,,41.0,,35.0,22.0,29.5,42.0
2013-01-30,16.0,22.0,23.0,45.0,8.0,31.0,,26.0,41.0,19.0,4.0,21.0,12.0,8.0,,35.0,40.0,29.5,44.0,,13.0,13.0,48.0,,34.0,48.0,4.0,34.0,,40.0,36.0,12.0,1.0,37.0,28.0,16.0,44.0,18.0,8.0,33.0,46.0,,,,2.0,15.0,27.0,6.0,37.0,3.0,25.0,10.0,,,29.5,,43.0,24.0,20.0,27.0
2013-01-31,15.0,11.0,45.0,8.0,22.0,10.0,,27.0,48.0,37.0,4.0,25.0,22.0,28.0,,25.0,47.0,27.0,8.0,,15.0,47.0,38.0,,29.0,32.0,17.0,44.0,,21.0,39.0,2.0,22.5,40.0,14.0,2.0,38.0,20.0,12.0,31.0,41.0,,,,20.0,5.0,38.0,8.0,17.0,2.0,34.0,8.0,,,32.0,,42.0,11.0,44.0,34.0
2013-02-01,32.0,5.0,13.0,38.0,40.0,19.5,,38.0,46.0,27.0,28.0,15.0,32.0,25.0,,46.0,22.5,25.0,19.0,,22.0,44.0,30.0,,17.0,33.0,14.0,40.0,,42.0,2.0,17.0,10.0,27.0,21.0,3.0,47.0,5.0,7.0,16.5,34.0,,,,49.0,35.0,46.0,11.0,10.5,2.0,9.0,7.0,,,39.0,,32.0,2.5,42.0,22.0
2013-02-04,35.0,10.0,47.0,19.0,25.0,34.0,,29.0,42.0,24.0,17.0,27.0,21.0,5.0,,45.0,45.0,10.5,43.0,,23.0,21.5,39.0,,14.0,48.0,8.0,34.0,,42.0,27.0,3.0,17.0,38.5,4.0,14.0,23.5,2.0,6.0,9.0,28.0,,,,38.0,6.0,43.0,1.0,26.0,23.0,13.0,11.0,,,39.5,,29.0,33.0,41.0,19.0
2013-02-05,22.0,14.0,45.0,26.0,44.0,14.0,,39.0,35.0,19.0,26.0,23.0,10.0,3.0,,23.0,40.0,26.0,25.0,,22.0,32.0,31.0,,7.0,35.0,1.0,27.0,,34.0,40.5,7.0,16.0,38.0,13.0,9.0,25.5,2.0,11.0,5.0,37.0,,,,48.0,16.0,47.0,5.0,6.0,29.0,27.0,13.0,,,44.0,,19.0,38.0,43.0,44.0
2013-02-06,10.0,26.0,31.0,14.0,40.0,33.0,,36.0,47.0,34.0,7.0,30.0,11.0,14.0,,37.0,33.0,12.0,17.0,,16.0,30.0,34.0,,4.0,44.0,1.0,49.0,,47.0,42.5,3.0,7.0,23.0,18.0,5.0,23.0,14.0,20.0,3.0,29.5,,,,42.5,28.0,37.0,9.0,24.5,41.0,26.0,18.0,,,38.0,,45.0,21.0,23.0,6.0
2013-02-07,46.0,29.0,3.0,21.0,49.0,38.0,,35.0,25.0,23.0,28.0,15.0,9.0,19.0,,25.0,43.0,12.0,39.5,,40.0,45.0,47.0,,3.0,42.0,10.0,2.0,,37.5,31.0,5.0,6.0,44.0,18.0,7.0,30.0,13.0,3.0,13.5,33.0,,,,6.0,25.0,11.5,14.0,24.0,27.0,17.0,21.0,,,35.0,,26.5,30.0,38.0,42.0
2013-02-08,28.5,35.0,23.0,39.0,44.0,42.0,,23.0,36.0,22.0,20.0,6.0,11.0,16.0,,45.0,26.0,32.0,6.5,,39.0,26.0,12.0,,35.0,41.0,1.0,10.0,,48.0,47.0,3.0,3.0,33.0,11.0,15.0,20.0,22.0,16.0,7.0,33.0,,,,35.0,18.5,38.0,9.0,30.0,11.0,44.0,4.0,,,8.0,,41.0,24.0,26.5,35.0
2013-02-14,11.0,16.0,26.0,37.0,39.0,22.0,,29.0,43.0,8.0,1.0,2.0,21.0,23.0,,42.0,36.0,36.0,32.0,,28.0,31.0,41.0,,31.0,45.0,5.0,21.0,,49.0,48.0,14.0,23.0,27.0,16.0,3.0,32.0,12.0,9.0,7.0,43.0,,,,38.0,6.0,36.0,13.0,25.0,3.0,16.5,10.0,,,45.0,,37.0,18.5,18.0,39.0
2013-02-15,7.0,5.0,31.0,20.0,34.0,37.0,,32.0,31.0,32.0,29.5,11.0,2.0,27.0,,48.0,20.0,13.0,11.0,,37.0,45.0,41.0,,21.0,49.0,3.0,1.0,,24.0,38.0,10.0,13.0,47.0,21.0,6.0,8.0,7.0,24.0,17.0,38.0,,,,43.0,45.0,39.0,4.0,15.0,16.0,21.0,17.0,,,41.0,,26.0,34.0,36.0,24.0
2013-02-18,9.0,32.0,26.0,46.0,37.0,41.0,,33.0,9.0,24.0,42.0,9.0,4.0,29.0,,48.0,28.5,26.5,13.0,,41.5,41.5,13.0,,1.0,37.0,7.0,4.0,,38.0,47.0,16.0,30.0,39.0,34.0,19.0,44.0,5.0,23.0,21.0,15.0,,,,34.5,11.0,3.0,3.0,10.0,21.0,22.5,16.5,,,25.5,,45.0,35.0,24.0,20.0
2013-02-19,23.0,2.0,14.0,30.0,43.5,36.0,,43.0,29.0,36.0,30.0,9.0,1.0,12.0,,25.0,41.0,10.0,49.0,,16.0,37.0,28.0,,5.0,34.0,7.0,12.0,,31.0,47.0,20.0,15.0,41.0,23.0,3.0,18.0,6.0,18.0,5.0,39.0,,,,33.0,27.0,43.0,16.0,5.0,21.0,24.0,11.0,,,44.0,,34.0,22.0,48.0,39.0
2013-02-20,32.0,18.0,10.0,39.0,28.0,37.0,,35.0,33.0,39.0,23.0,8.5,15.0,23.5,,41.0,24.0,20.0,30.0,,37.0,22.0,13.0,,31.0,43.0,3.0,20.0,,18.0,8.5,15.0,7.0,47.0,13.0,5.0,27.0,2.0,11.0,2.0,5.0,,,,44.0,17.0,45.0,29.0,3.0,42.0,26.0,13.0,,,48.0,,41.0,26.0,36.0,46.0
2013-02-21,18.5,34.0,41.0,48.0,2.0,33.0,,44.0,35.0,23.0,12.0,11.0,6.5,26.0,,39.0,44.0,16.0,31.0,,47.0,13.5,38.0,,22.0,37.0,13.0,27.0,,24.0,18.0,15.0,9.0,40.0,10.0,4.0,35.5,1.0,6.0,21.0,29.0,,,,21.0,8.0,44.0,20.0,28.0,18.0,46.0,4.0,,,34.0,,39.0,28.0,4.0,37.0
2013-02-22,16.0,27.0,45.0,35.5,42.0,32.5,,20.0,23.0,36.0,12.0,2.5,32.0,20.0,,39.0,48.0,5.0,10.0,,35.0,39.0,26.0,,23.0,15.5,4.0,8.0,,43.0,8.0,20.0,6.0,27.0,1.0,15.0,36.0,8.0,10.0,2.5,39.0,,,,44.0,23.0,40.0,14.0,36.5,35.5,25.0,17.0,,,42.5,,47.0,14.0,32.0,24.0
2013-02-25,30.0,22.0,35.0,44.0,10.0,38.0,,45.0,37.5,28.0,3.0,24.0,14.0,19.0,,37.0,43.0,4.5,6.0,,39.0,45.0,20.0,,40.0,48.0,6.5,32.0,,39.0,14.0,19.0,8.0,20.0,12.0,16.5,21.0,1.5,10.0,4.5,29.0,,,,36.0,25.0,47.0,27.0,27.0,29.0,45.0,36.0,,,33.0,,1.5,12.0,9.0,16.0
2013-02-26,14.5,17.0,41.0,32.0,4.0,22.0,,45.0,44.0,36.5,31.0,8.0,7.0,8.0,,35.0,43.0,3.0,11.0,,41.0,29.0,20.0,,32.0,14.5,28.0,27.0,,21.0,42.0,20.0,6.0,35.0,2.0,5.0,17.0,1.0,11.0,14.0,24.0,,,,47.0,17.5,48.0,24.0,16.0,46.0,28.0,10.5,,,38.0,,37.0,27.5,39.0,36.0
2013-02-27,42.0,20.0,21.0,8.0,29.0,19.0,,8.0,35.0,41.0,20.0,24.0,6.0,15.0,,29.0,37.5,2.0,10.0,,32.0,11.0,22.0,,37.0,43.0,35.0,16.0,,18.0,33.0,18.0,11.0,26.0,5.0,13.0,22.0,3.0,1.0,9.0,27.0,,,,45.0,33.0,47.0,4.0,14.0,42.0,35.0,29.0,,,43.0,,48.0,32.0,49.0,39.5
2013-02-28,43.0,25.0,12.0,10.0,44.5,24.0,,29.5,41.5,47.0,32.0,13.0,24.0,16.0,,24.0,32.0,20.0,1.5,,39.0,30.0,35.0,,22.0,36.0,44.0,9.0,,6.0,10.0,16.0,4.0,33.0,8.0,1.5,30.0,3.0,6.0,19.0,17.0,,,,35.0,22.0,33.5,17.0,27.0,6.5,38.0,42.0,,,47.0,,38.0,13.0,44.0,41.0
2013-03-01,27.0,19.0,7.0,28.0,44.0,44.0,,15.0,48.0,38.5,27.0,11.0,4.0,16.0,,29.0,21.0,7.0,17.0,,7.0,37.0,19.0,,30.0,46.0,38.0,1.0,,21.5,27.5,4.0,11.0,36.5,2.0,9.0,35.0,13.5,3.0,19.0,30.0,,,,13.0,10.0,30.0,22.0,38.0,28.0,37.0,35.0,,,42.0,,48.0,37.0,22.0,45.0
2013-03-04,44.0,23.0,23.0,20.0,33.0,32.0,,29.0,39.0,45.0,6.0,25.0,13.0,16.5,,26.0,38.0,9.0,37.0,,35.0,3.0,18.0,,41.5,44.0,33.0,4.0,,19.0,32.0,12.0,15.0,44.5,9.0,5.0,16.5,8.0,1.5,11.0,17.0,,,,15.5,6.0,40.0,1.5,26.0,25.0,32.0,24.0,,,29.0,,47.0,46.0,42.5,41.0
2013-03-05,40.0,32.0,19.0,19.0,46.0,35.5,,21.0,43.0,38.0,11.0,22.5,2.0,13.0,,28.0,25.0,5.0,35.0,,37.0,4.0,5.0,,25.5,47.0,29.5,8.0,,19.0,31.0,17.0,10.0,38.0,8.0,3.0,41.0,12.0,1.0,16.0,38.0,,,,28.5,7.0,47.0,14.0,19.0,27.0,28.0,16.0,,,34.0,,43.0,35.0,43.0,40.0
2013-03-06,28.0,13.0,20.0,25.0,27.0,31.0,,6.0,45.0,47.0,8.0,35.0,1.0,18.5,,40.0,44.0,19.0,23.5,,35.0,14.0,12.0,,38.0,39.0,32.0,17.0,,22.0,26.0,23.0,5.0,38.0,13.0,2.0,35.0,11.0,6.0,3.0,29.0,,,,34.0,8.0,43.0,4.0,23.0,22.0,48.0,18.0,,,34.0,,42.0,10.0,45.0,42.5
2013-03-07,42.0,15.0,48.0,10.0,36.0,29.0,,3.0,38.0,28.5,18.0,18.0,17.0,24.0,,37.0,45.0,1.0,32.0,,41.0,4.0,24.0,,31.0,38.0,35.0,34.0,,2.0,23.0,10.0,14.0,45.0,12.0,9.0,32.0,6.0,7.0,20.0,23.0,,,,14.0,20.0,32.5,13.0,30.0,7.0,42.5,34.0,,,39.0,,47.0,27.0,6.0,39.5
2013-03-08,17.0,24.0,30.5,14.0,37.0,26.0,,37.5,42.5,40.0,12.0,27.0,2.0,15.0,,27.5,48.0,9.0,17.0,,45.0,20.0,24.0,,38.0,30.0,35.0,44.0,,13.0,28.0,14.0,8.0,43.0,3.0,6.0,20.0,4.0,1.0,9.0,36.5,,,,7.0,20.0,34.5,5.0,29.0,34.5,44.0,20.0,,,38.5,,46.0,13.0,26.0,37.0
2013-03-11,35.0,4.0,34.0,7.0,44.5,27.0,,18.0,43.0,29.0,13.0,18.0,11.0,15.0,,33.5,42.0,20.0,35.0,,28.0,10.0,30.0,,39.0,32.0,16.0,26.0,,5.0,29.0,24.0,12.0,46.0,14.0,1.0,22.0,2.0,3.0,7.0,39.0,,,,45.0,27.0,41.0,8.0,7.0,22.0,47.5,34.0,,,18.0,,48.0,20.0,32.0,42.0
2013-03-12,26.0,29.0,39.0,3.0,17.0,23.0,,34.0,48.0,34.0,1.0,38.0,23.0,11.0,,26.0,47.0,7.0,43.0,,34.0,20.0,12.0,,17.0,46.0,32.0,40.0,,3.0,30.0,12.0,5.0,36.0,8.0,2.0,26.0,9.0,6.0,16.0,15.0,,,,39.0,19.0,47.0,15.0,10.0,36.0,43.0,26.0,,,19.5,,28.5,22.0,41.0,43.0
2013-03-13,21.0,31.0,17.0,6.5,28.0,32.0,,12.0,47.0,28.0,8.0,24.0,3.0,19.0,,40.0,41.0,7.0,35.0,,39.5,28.0,18.0,,40.5,46.0,33.0,32.0,,13.0,7.0,14.0,4.0,43.0,16.0,1.0,20.0,2.0,10.0,6.0,37.0,,,,39.5,24.0,35.0,12.0,26.5,21.5,42.0,30.5,,,21.0,,47.0,16.5,34.0,43.0
2013-03-14,24.0,30.0,3.0,23.0,31.0,32.5,,15.0,44.0,40.0,12.0,37.0,9.5,35.0,,14.0,38.0,27.0,46.0,,29.5,30.5,6.0,,36.0,45.0,43.0,32.0,,5.0,2.0,20.0,11.0,36.0,7.0,8.0,23.0,9.5,2.0,15.0,48.0,,,,23.0,21.0,30.0,3.0,15.0,15.0,43.0,31.0,,,18.0,,43.0,18.0,29.0,48.0
2013-03-15,4.0,29.0,19.0,3.0,35.0,37.0,,23.0,47.0,23.0,11.0,17.0,1.0,2.0,,19.0,33.0,19.0,42.5,,26.0,26.0,14.0,,45.0,27.0,20.0,41.0,,12.0,14.0,23.0,9.0,48.0,7.0,10.0,33.0,5.0,8.0,14.0,44.0,,,,33.0,22.0,40.0,6.0,29.0,37.5,45.0,31.0,,,17.5,,38.0,38.0,30.0,45.0
2013-03-18,18.0,9.0,30.0,10.0,33.5,37.0,,12.0,44.0,38.0,17.0,19.0,4.0,16.0,,36.0,42.0,22.0,6.5,,32.0,39.0,4.0,,45.0,37.0,29.0,34.0,,10.0,8.0,16.0,6.5,33.0,14.0,2.0,21.0,1.0,13.0,19.0,30.5,,,,29.0,27.0,46.0,3.0,35.0,27.0,48.0,45.5,,,32.0,,42.0,30.0,26.0,40.0
2013-03-19,19.0,34.0,25.0,17.0,37.0,31.0,,19.0,42.0,19.0,13.0,15.0,5.0,12.0,,24.0,43.0,6.0,37.0,,31.0,16.0,10.0,,47.0,38.0,24.0,35.0,,7.0,4.0,13.0,8.0,35.0,10.0,1.0,33.0,2.0,9.0,3.0,46.0,,,,41.0,24.0,44.0,21.0,19.0,28.0,45.0,35.0,,,26.0,,48.0,37.5,34.0,32.0
2013-03-20,7.0,23.5,15.5,2.0,40.0,35.5,,26.0,48.0,37.0,24.0,19.0,19.0,16.0,,24.0,36.0,15.0,40.0,,33.0,18.0,21.0,,39.0,37.5,29.0,34.0,,1.0,20.0,11.0,9.0,8.0,7.0,5.0,4.0,3.0,14.0,11.0,47.0,,,,26.0,29.0,43.5,11.0,17.0,29.0,45.0,34.0,,,33.5,,45.0,39.0,35.0,45.5
2013-03-21,27.0,13.0,10.0,6.0,37.0,21.0,,22.0,48.0,19.0,16.0,22.0,9.0,12.0,,14.0,34.0,25.0,31.0,,34.0,35.0,5.0,,41.0,38.0,30.0,27.0,,8.0,44.0,19.0,3.0,45.0,4.0,2.0,23.0,1.0,11.0,17.0,38.0,,,,7.0,37.5,49.0,15.0,25.0,32.0,33.0,43.0,,,18.0,,42.0,37.0,32.0,43.0
2013-03-22,13.0,17.0,37.0,10.0,15.0,17.0,,40.0,44.0,25.0,10.0,32.0,14.0,25.0,,42.0,35.0,10.0,37.0,,23.0,27.0,13.0,,21.0,28.0,40.0,33.0,,1.0,43.0,20.0,5.5,48.0,2.0,3.0,7.0,8.0,4.0,19.0,43.0,,,,46.0,24.0,47.0,19.0,25.0,22.0,38.0,30.0,,,5.5,,27.5,33.0,41.0,45.0
2013-03-25,26.0,17.0,16.0,9.0,26.0,37.0,,24.0,45.0,31.5,8.0,3.0,18.0,20.0,,44.5,41.0,16.5,40.5,,13.0,34.0,27.5,,44.0,38.0,21.0,34.0,,5.0,41.0,20.0,4.0,43.0,7.0,1.0,10.0,12.0,6.0,14.0,35.0,,,,26.0,11.0,36.0,20.0,2.0,25.0,45.0,28.0,,,23.0,,43.0,38.0,34.0,47.0
2013-03-26,37.0,21.5,35.0,13.0,15.0,24.0,,39.0,46.0,31.0,4.0,16.0,27.0,13.0,,15.5,45.0,24.0,18.0,,31.5,34.0,10.0,,47.0,43.0,28.0,37.0,,15.0,21.0,5.0,6.0,25.5,1.0,3.0,2.0,9.0,7.0,11.0,43.0,,,,40.0,19.0,27.0,18.0,33.0,34.0,41.0,39.0,,,8.0,,45.0,24.0,30.5,49.0
2013-03-27,33.0,19.0,42.0,1.0,17.0,41.0,,25.0,35.0,30.0,5.0,30.0,8.5,11.0,,29.5,37.0,13.0,32.0,,12.0,39.0,11.0,,46.0,26.0,38.0,28.5,,17.0,32.5,22.0,7.0,29.0,3.0,6.0,15.0,19.0,4.0,2.0,40.0,,,,28.0,46.0,43.0,36.0,22.0,12.0,47.0,48.0,,,22.0,,29.0,8.5,17.0,38.0
2013-03-28,30.5,27.0,31.5,15.0,21.0,23.0,,28.0,38.0,36.0,8.0,26.5,13.0,10.0,,36.5,36.0,19.0,29.0,,19.0,37.0,32.0,,46.0,45.0,39.0,2.0,,15.0,6.0,23.0,4.0,19.0,9.0,1.0,5.0,11.0,3.0,12.0,37.5,,,,15.0,22.0,44.0,33.0,24.5,17.0,42.0,35.0,,,6.0,,46.0,38.0,40.0,48.0
2013-04-02,24.5,24.0,34.0,9.0,7.5,36.0,,29.0,41.0,20.0,3.0,44.0,12.0,14.0,,35.5,38.0,28.0,33.5,,12.0,32.0,15.0,,49.0,42.0,33.0,43.0,,5.0,16.0,13.0,4.0,23.0,2.0,1.0,19.0,16.0,10.0,6.0,27.0,,,,18.0,23.0,44.0,32.5,24.5,36.0,47.0,33.0,,,7.5,,20.0,41.0,31.0,46.0
2013-04-03,37.0,20.0,27.0,8.0,22.0,40.0,,19.0,47.0,21.0,5.0,43.0,12.0,15.5,,35.0,41.0,12.0,23.5,,20.0,38.0,25.0,,46.0,39.0,9.0,46.0,,13.5,21.0,15.0,6.0,29.0,4.0,2.0,7.0,10.0,3.0,1.0,37.0,,,,33.0,27.0,43.0,31.0,18.0,36.0,29.0,40.0,,,12.0,,39.0,25.0,30.0,48.0
2013-04-05,24.0,23.0,29.0,8.0,17.0,36.0,,19.0,38.5,30.0,14.0,29.0,17.0,20.0,,17.0,34.0,20.0,44.0,,11.0,40.0,34.0,,47.0,43.0,30.0,41.0,,21.0,27.0,10.0,3.0,14.0,1.0,7.0,5.0,12.0,5.0,4.0,41.0,,,,8.0,33.0,43.0,31.0,22.0,46.0,45.0,37.0,,,12.0,,38.0,2.0,25.0,45.0
2013-04-08,40.0,18.0,34.0,4.0,16.0,33.0,,15.0,25.5,32.0,22.5,29.0,19.0,17.0,,24.0,46.0,19.0,37.0,,7.0,37.0,11.0,,48.0,43.0,29.0,41.0,,15.0,26.0,6.0,6.0,22.0,9.0,3.0,1.5,13.0,1.5,10.0,16.0,,,,4.5,30.0,28.0,38.0,46.5,20.5,42.0,45.0,,,13.0,,35.0,43.0,31.0,45.0
2013-04-09,15.0,25.0,32.0,7.0,21.0,30.0,,18.0,34.0,36.0,23.0,34.0,3.0,11.0,,25.0,42.0,26.0,30.0,,23.0,41.0,5.0,,47.0,38.0,30.5,43.0,,19.0,17.0,11.0,4.0,14.0,9.0,1.0,6.0,13.0,16.0,10.0,47.0,,,,7.0,23.0,35.0,37.0,2.0,30.0,38.0,29.0,,,19.0,,45.0,47.0,40.0,45.0
2013-04-10,9.0,17.0,19.0,3.0,29.0,36.0,,22.0,37.0,34.0,24.0,26.0,10.0,27.0,,37.0,41.0,44.0,17.0,,14.0,40.0,28.0,,47.0,47.0,31.0,33.0,,33.0,12.0,14.0,5.0,20.0,8.0,2.0,1.0,10.0,18.0,6.0,42.0,,,,25.0,7.0,35.0,42.0,4.0,17.0,42.0,13.0,,,22.0,,35.0,32.0,45.0,38.0
2013-04-11,5.0,30.0,27.0,6.0,12.0,31.5,,15.0,8.0,41.0,17.0,33.0,21.0,24.0,,31.5,38.0,10.0,42.0,,4.0,44.0,18.0,,48.0,39.0,23.0,47.0,,31.0,1.0,3.0,2.0,27.0,16.0,9.0,20.0,12.0,7.0,11.0,21.0,,,,22.0,30.0,42.0,30.0,14.0,36.0,42.0,18.0,,,28.0,,45.0,34.5,39.0,47.0
2013-04-12,5.0,26.0,13.0,7.0,16.0,24.0,,34.0,24.0,30.0,16.0,19.0,18.5,13.0,,40.0,43.0,36.0,27.0,,4.0,40.0,27.0,,40.0,24.0,37.0,47.0,,31.0,2.0,21.0,6.0,16.0,8.0,9.0,21.0,17.0,3.0,1.0,32.0,,,,10.0,13.0,47.0,35.0,11.0,30.0,45.0,36.0,,,33.5,,45.0,49.0,40.0,32.0
2013-04-15,8.0,18.0,33.0,14.0,28.0,31.5,,33.0,41.0,35.0,23.0,28.0,12.0,16.0,,29.0,47.0,35.0,44.5,,6.0,48.0,28.0,,45.0,31.0,25.0,47.0,,20.0,5.0,7.0,4.0,35.0,1.0,13.0,11.0,3.0,9.0,2.0,25.0,,,,17.0,21.0,37.0,35.0,10.0,40.0,21.0,15.0,,,20.0,,42.0,23.0,41.0,44.0
2013-04-16,15.0,20.0,17.0,12.0,2.0,36.0,,39.0,29.0,25.0,19.5,29.0,1.0,25.0,,39.5,44.0,39.0,18.0,,6.0,48.0,14.0,,40.0,30.0,42.0,46.0,,33.0,5.0,8.0,9.0,21.0,3.0,10.0,7.0,24.0,17.0,4.0,21.0,,,,30.0,33.0,28.0,22.0,11.0,25.0,46.0,15.0,,,36.0,,35.0,33.0,39.0,48.0
2013-04-17,11.0,29.0,12.0,15.0,27.5,38.0,,44.0,33.0,28.5,2.0,21.0,16.0,7.0,,40.0,46.0,40.0,32.5,,1.0,47.0,6.0,,42.5,41.5,37.0,45.0,,25.0,18.0,20.0,11.0,20.0,5.0,3.0,8.0,16.0,13.0,8.0,23.0,,,,29.0,34.0,23.0,38.0,4.0,27.0,23.0,13.0,,,34.0,,36.0,41.0,23.0,47.0
2013-04-18,9.0,18.0,30.0,9.0,20.0,26.0,,40.0,33.0,42.0,15.0,21.0,11.0,12.0,,30.0,46.0,39.0,27.0,,8.0,44.5,24.0,,36.0,33.5,31.0,46.0,,37.0,7.0,1.0,2.0,4.0,3.0,6.0,14.0,16.0,18.0,5.0,12.0,,,,23.0,21.0,47.0,38.0,18.0,28.0,37.0,33.0,,,29.0,,29.5,40.0,44.0,43.0
2013-04-19,3.0,22.0,5.0,19.0,25.0,34.0,,31.0,46.0,35.0,28.0,16.0,7.0,8.0,,29.0,44.0,39.0,36.0,,13.0,39.5,24.0,,37.0,47.0,20.5,35.0,,22.0,12.0,1.0,10.0,27.0,4.0,2.0,15.0,7.0,11.0,13.0,21.5,,,,8.0,32.0,40.0,42.0,17.0,44.0,28.0,27.0,,,34.0,,19.0,31.0,45.0,46.0
2013-04-22,13.0,33.0,5.0,26.0,23.0,36.0,,33.0,37.0,40.5,23.0,21.0,1.0,9.0,,26.5,44.0,40.0,36.0,,10.0,40.0,16.0,,35.0,48.0,29.0,40.0,,28.0,2.0,19.0,3.0,23.0,4.0,6.0,25.5,13.0,8.0,7.0,18.0,,,,16.0,46.0,43.0,29.0,10.0,46.0,13.0,19.0,,,28.0,,16.0,39.0,36.5,46.0
2013-04-23,5.0,15.0,34.0,5.0,32.0,16.0,,20.0,46.0,37.0,22.0,38.5,15.0,13.0,,32.0,44.0,38.0,32.0,,12.0,44.5,25.0,,41.5,42.0,36.0,36.0,,26.0,2.0,9.0,5.0,21.0,7.0,11.0,1.0,24.0,10.0,3.0,20.0,,,,8.0,28.0,47.0,37.5,17.0,38.0,18.0,21.0,,,29.0,,29.0,38.5,36.0,44.0
2013-04-24,12.0,39.0,31.0,31.0,38.0,5.0,,25.0,44.5,44.0,24.5,33.5,20.5,10.0,,25.0,43.0,33.0,41.0,,17.0,48.0,34.0,,42.0,40.0,44.0,23.0,,12.0,4.0,9.0,7.0,36.0,8.0,14.0,5.0,16.0,4.0,1.0,21.0,,,,2.0,19.0,41.0,27.0,16.0,35.0,12.0,35.0,,,27.0,,21.0,19.0,30.0,45.0
2013-04-25,13.5,21.0,23.0,31.0,33.0,17.0,,23.0,45.0,43.0,22.0,30.0,11.0,7.0,,22.0,39.0,45.0,38.0,,14.0,41.0,30.0,,39.5,38.0,20.0,34.0,,18.0,1.0,12.0,5.0,26.0,8.0,3.0,9.0,15.0,2.0,4.0,17.0,,,,12.0,33.0,41.0,29.0,6.0,47.5,17.0,41.0,,,42.0,,28.0,41.0,31.0,40.0
2013-04-26,24.0,37.0,15.0,33.0,40.0,27.0,,25.0,23.0,39.0,17.0,19.0,19.0,6.0,,25.0,39.0,24.0,29.0,,5.0,41.5,30.5,,47.0,40.0,39.0,36.5,,12.0,1.0,20.0,4.0,25.0,7.0,3.0,33.0,19.0,9.0,2.0,12.0,,,,43.0,30.0,35.0,40.0,10.0,45.0,12.0,8.0,,,32.0,,14.0,17.0,46.0,42.0
2013-04-29,6.0,18.5,24.5,27.0,42.0,12.0,,43.0,37.5,41.0,25.0,36.0,23.0,10.0,,29.0,23.0,32.0,46.5,,8.0,47.0,32.0,,44.0,44.0,29.0,16.0,,14.0,1.0,24.0,2.0,17.0,7.0,4.0,3.0,12.0,9.0,5.0,22.0,,,,33.0,17.0,38.0,29.0,20.0,40.0,12.0,16.5,,,36.0,,40.0,44.0,32.0,26.0
2013-04-30,20.0,17.0,8.0,29.5,30.0,15.0,,21.0,39.0,37.0,13.0,29.0,15.0,6.0,,33.0,44.0,15.0,47.0,,19.0,42.0,24.5,,38.0,48.0,45.0,44.0,,20.0,5.0,18.0,10.0,29.5,9.0,11.0,30.5,2.0,1.0,3.0,4.0,,,,7.0,27.5,34.0,35.0,12.0,43.0,22.0,33.0,,,24.5,,27.0,35.0,38.0,46.0
2013-05-02,17.0,32.0,21.0,39.0,36.0,19.0,,32.5,32.0,40.5,25.0,45.0,4.0,10.0,,28.0,17.0,42.5,43.0,,3.0,15.0,8.0,,26.5,48.0,39.0,27.0,,24.0,5.0,12.0,2.0,23.0,6.0,9.0,19.0,21.0,1.0,7.0,13.0,,,,13.0,39.0,36.0,41.5,11.0,47.0,17.0,38.0,,,33.0,,29.5,41.5,40.0,36.0
2013-05-03,5.0,24.5,36.0,25.0,29.0,12.0,,24.0,45.0,29.0,17.0,44.0,3.0,6.0,,22.0,31.5,41.5,38.0,,28.0,32.0,26.5,,29.5,48.0,39.0,45.0,,14.0,9.0,10.0,8.0,19.0,4.0,16.0,18.0,12.0,1.0,7.0,15.0,,,,40.0,35.0,42.5,44.0,2.0,46.0,34.0,22.5,,,23.0,,11.0,32.0,27.5,36.0
2013-05-06,13.0,19.0,40.0,27.0,30.0,19.0,,22.0,36.0,45.0,9.0,39.0,5.5,10.0,,2.0,43.5,46.0,25.0,,1.0,47.0,27.0,,41.0,45.0,36.0,32.0,,22.5,11.0,15.0,8.0,34.0,3.0,16.0,7.0,12.0,4.0,5.5,24.0,,,,37.5,34.0,31.0,44.0,21.0,42.0,25.0,14.0,,,17.0,,21.0,28.0,25.0,49.0
2013-05-07,21.0,13.0,4.0,28.0,33.0,16.0,,9.0,11.0,44.0,38.0,32.0,3.0,11.0,,33.0,36.0,40.5,46.0,,15.0,47.0,37.0,,38.0,46.0,45.0,43.0,,21.0,8.0,14.0,5.0,26.0,1.0,7.0,17.0,15.0,6.0,2.0,25.0,,,,11.0,20.0,30.0,43.0,23.0,31.0,30.0,19.0,,,31.0,,39.0,32.5,23.0,31.0
2013-05-08,8.0,18.0,34.0,21.0,12.0,9.0,,35.0,40.5,47.0,18.5,42.0,2.0,7.0,,34.0,30.0,45.0,24.0,,15.0,44.0,39.0,,25.0,19.0,31.0,46.5,,14.0,15.0,16.0,1.0,23.0,3.0,5.0,19.0,4.0,11.0,6.0,27.0,,,,30.0,38.5,32.0,44.0,11.0,45.0,36.0,17.0,,,27.0,,37.0,41.0,24.0,25.0
2013-05-09,15.0,15.0,1.0,41.0,18.0,8.0,,13.0,43.0,36.0,26.0,40.0,3.0,2.0,,22.0,40.0,44.0,31.0,,23.0,48.0,32.5,,24.0,44.5,21.0,38.0,,36.0,12.0,22.5,5.0,27.0,4.0,18.0,7.0,10.0,11.0,6.0,31.0,,,,33.0,39.0,25.0,43.0,9.0,42.0,18.0,33.0,,,16.0,,29.0,19.0,31.0,44.0
2013-05-10,12.0,25.0,31.0,38.5,37.0,21.0,,14.5,35.0,42.0,8.0,37.0,6.0,10.0,,28.0,44.0,47.0,23.0,,19.0,23.0,31.5,,46.0,33.5,44.0,31.0,,19.0,2.5,4.0,5.0,27.0,1.0,7.0,14.5,13.0,2.5,11.0,19.0,,,,9.0,27.0,40.0,43.5,36.0,43.0,31.0,22.0,,,40.0,,23.0,18.0,20.0,42.0
2013-05-13,24.0,20.0,20.0,24.0,28.0,3.0,,10.0,22.0,40.0,13.0,38.0,4.0,10.0,,16.0,38.0,47.0,44.0,,14.0,47.0,17.0,,34.0,45.0,42.0,35.5,,17.0,1.0,14.0,8.0,30.0,7.0,2.0,16.0,10.0,6.0,5.0,31.0,,,,22.0,33.5,32.0,47.0,27.0,36.0,31.0,20.0,,,34.0,,42.0,44.0,28.0,28.0
2013-05-14,19.0,17.0,27.0,32.0,23.0,1.5,,10.0,37.0,36.0,15.0,41.0,4.0,1.5,,13.0,45.0,45.0,39.0,,13.0,48.0,23.0,,34.0,21.0,39.0,42.0,,14.0,20.0,14.0,3.0,25.0,11.0,6.0,17.0,8.0,7.0,5.0,30.5,,,,26.0,34.0,30.0,45.0,27.0,47.0,31.0,9.0,,,33.0,,39.0,41.0,23.0,34.0
2013-05-15,12.0,31.0,38.0,22.0,42.0,3.0,,14.0,44.0,46.0,7.0,38.0,5.0,2.0,,25.0,46.0,48.0,35.0,,24.0,31.0,29.0,,36.0,37.5,23.0,38.0,,23.0,11.0,1.0,10.0,24.0,4.0,13.0,14.0,16.0,19.0,7.0,32.0,,,,8.0,29.0,21.0,36.0,18.0,35.0,7.0,27.0,,,41.0,,28.0,44.0,20.5,33.0
2013-05-16,3.0,23.0,36.0,25.0,27.0,6.0,,13.0,35.0,45.0,11.0,44.0,15.0,9.0,,19.0,45.0,42.5,36.0,,20.0,47.0,37.5,,26.0,41.0,42.0,37.0,,22.0,8.0,18.0,4.0,34.0,2.0,5.0,10.0,7.0,14.0,1.0,33.0,,,,19.0,30.0,32.0,40.0,22.0,37.0,12.0,15.0,,,40.0,,25.0,24.0,36.0,30.0
2013-05-20,11.0,37.0,35.0,29.0,43.0,12.0,,13.0,42.0,43.5,3.0,39.0,1.0,8.0,,40.0,47.0,47.0,43.0,,16.0,27.5,31.0,,29.0,37.0,46.0,38.5,,21.0,10.0,17.0,9.0,29.0,2.0,5.0,6.0,4.0,15.5,7.0,24.0,,,,16.0,33.0,26.0,35.0,19.0,35.0,24.0,26.0,,,33.0,,26.0,25.0,16.0,18.0
2013-05-21,25.0,17.0,12.0,37.0,36.0,6.0,,15.0,32.0,41.5,13.0,31.0,3.0,11.0,,24.0,43.0,44.5,44.0,,28.0,23.0,31.0,,27.0,48.0,29.0,44.0,,9.0,17.0,4.0,8.0,18.0,10.0,5.0,23.0,2.0,1.0,7.0,22.0,,,,29.0,38.0,38.0,35.0,31.0,47.0,19.0,14.0,,,39.0,,20.0,42.0,33.0,18.5
2013-05-22,20.0,14.0,40.0,33.0,40.0,10.0,,15.0,44.0,47.0,2.0,37.0,5.0,12.0,,21.0,46.0,30.0,23.0,,25.0,23.5,39.0,,26.0,16.0,24.0,41.0,,16.0,5.0,19.0,7.0,30.0,9.0,1.0,11.0,5.0,8.0,3.0,35.0,,,,32.5,43.0,28.0,45.0,35.0,40.0,28.5,19.0,,,41.0,,21.0,29.0,17.0,38.0
2013-05-23,21.0,26.0,35.0,34.0,45.0,14.0,,12.0,38.0,40.5,13.0,41.0,16.0,7.0,,29.0,47.0,49.0,33.0,,18.0,41.0,42.0,,24.0,37.0,29.0,44.0,,2.0,21.0,18.0,5.0,10.0,3.0,4.0,10.0,1.0,6.0,8.0,9.0,,,,28.0,28.0,22.0,38.0,17.0,43.0,31.0,14.0,,,40.0,,26.0,29.0,24.0,38.0
2013-05-24,16.0,18.0,41.0,22.0,44.0,2.0,,3.0,30.0,8.0,7.0,44.0,6.0,1.0,,19.0,48.0,37.0,22.0,,29.0,43.0,27.0,,15.0,36.0,23.0,35.0,,27.0,32.0,21.0,9.0,15.0,12.0,10.0,19.5,4.0,5.0,11.0,18.0,,,,30.0,38.0,40.0,44.0,33.0,42.0,36.0,29.0,,,43.5,,25.0,25.0,12.0,40.0
2013-05-27,28.0,18.0,36.0,25.0,41.0,3.0,,16.0,39.5,34.0,8.0,43.5,7.0,5.0,,22.0,44.0,38.0,46.0,,34.0,25.0,30.0,,20.0,46.0,31.0,28.0,,12.0,24.0,20.0,9.0,11.0,2.0,11.5,15.0,4.0,1.0,6.0,17.0,,,,25.0,38.0,38.0,47.0,30.0,48.5,37.5,21.0,,,41.0,,17.0,30.0,12.5,16.0
2013-05-28,30.0,27.0,32.0,29.0,48.0,4.0,,12.5,35.0,28.0,7.0,36.0,11.0,2.0,,13.0,46.0,44.0,30.0,,16.0,20.0,42.0,,19.5,48.0,35.0,26.0,,21.0,13.0,14.0,8.0,23.5,3.0,6.0,10.0,1.0,5.0,9.0,24.0,,,,34.0,39.0,19.5,44.0,37.0,39.0,39.0,24.5,,,44.0,,20.0,27.0,17.0,41.0
2013-05-29,19.0,24.0,32.0,42.0,48.0,2.0,,15.0,36.0,27.5,5.0,41.0,9.0,8.0,,15.0,46.0,36.5,43.0,,6.5,27.0,19.0,,23.5,44.0,36.5,25.0,,21.5,16.0,20.0,3.0,15.5,4.0,12.0,16.0,11.0,1.0,6.5,18.0,,,,32.5,28.0,39.0,40.0,36.0,38.0,37.0,25.0,,,48.0,,10.0,32.0,25.0,38.0
2013-05-30,31.0,24.0,29.0,30.0,41.0,3.0,,11.0,41.0,27.0,6.0,44.0,13.0,5.0,,7.0,44.5,47.0,21.0,,14.0,45.0,36.0,,24.0,41.0,34.0,32.0,,21.0,20.0,18.0,15.0,1.0,2.0,10.0,22.0,8.0,4.0,9.0,28.0,,,,36.0,36.0,22.0,43.0,38.0,43.0,26.0,17.0,,,46.0,,25.0,15.0,12.0,37.0
2013-05-31,8.0,36.0,23.0,30.0,45.0,4.0,,14.0,34.0,41.0,7.0,44.0,1.0,3.0,,14.0,24.0,45.0,17.0,,30.0,38.0,35.0,,25.0,48.0,40.5,40.0,,26.0,18.0,18.0,9.0,11.0,2.0,6.0,27.0,10.0,5.0,12.0,34.0,,,,28.0,25.0,21.5,44.0,24.0,34.0,35.0,14.5,,,47.0,,19.0,35.5,16.0,41.0
2013-06-03,1.0,39.0,34.0,31.0,42.0,4.0,,12.0,20.5,31.0,5.0,41.0,15.0,7.0,,18.0,48.0,45.0,36.0,,23.5,26.0,42.5,,25.0,47.0,33.0,38.5,,24.0,8.0,18.0,6.0,10.0,3.0,13.0,18.0,9.0,2.0,11.0,28.0,,,,20.0,29.0,28.0,37.0,18.0,40.0,26.0,21.0,,,46.0,,29.0,41.0,14.0,43.0
2013-06-04,29.0,33.5,31.0,24.0,44.0,2.0,,17.0,42.0,26.0,9.0,43.0,15.0,1.0,,7.0,47.0,42.0,36.0,,25.0,25.0,37.0,,22.0,49.0,37.0,38.0,,15.0,13.0,25.0,6.0,11.0,3.0,8.0,20.0,4.0,5.0,10.0,19.5,,,,34.0,36.0,21.5,41.0,26.5,31.0,30.0,18.5,,,40.0,,12.0,31.0,15.0,45.0
2013-06-05,17.0,29.0,38.0,26.0,44.0,13.0,,2.0,33.0,30.0,6.0,43.0,15.0,10.0,,21.0,31.0,48.0,32.0,,33.5,20.5,39.0,,31.0,45.0,40.0,15.0,,21.0,18.0,27.0,8.0,11.0,1.0,9.0,18.0,7.0,3.0,4.0,23.0,,,,28.5,40.5,26.0,44.0,38.0,5.0,41.0,13.0,,,45.0,,22.5,37.0,11.0,38.0
2013-06-06,25.0,38.0,35.0,26.0,41.0,3.0,,19.0,34.0,41.0,8.0,44.0,16.0,9.0,,21.0,44.0,2.0,41.0,,22.0,29.0,39.0,,30.0,48.0,36.5,32.5,,19.0,4.0,14.0,11.0,1.0,12.0,6.0,25.5,14.0,7.0,4.0,24.0,,,,28.0,30.0,11.0,46.0,24.0,11.0,43.0,17.0,,,46.0,,25.0,32.0,17.0,39.0
2013-06-07,34.5,21.0,21.0,24.0,40.0,2.0,,27.0,15.5,19.0,4.0,45.0,18.0,1.0,,28.5,42.0,38.0,47.0,,31.0,36.5,46.0,,36.0,48.0,42.5,34.0,,15.0,13.0,26.0,8.0,3.0,6.0,12.0,28.0,10.0,20.0,7.0,18.0,,,,10.0,36.0,21.5,39.0,32.5,26.0,35.0,13.0,,,46.0,,5.0,38.5,10.0,30.0
2013-06-10,20.0,22.0,16.0,37.0,38.0,1.0,,21.0,25.0,27.0,3.0,39.0,17.0,4.0,,23.0,45.0,48.0,34.0,,29.0,26.0,44.0,,36.0,25.0,40.0,29.5,,13.5,12.0,8.0,6.0,5.0,11.0,13.5,18.0,2.0,10.0,7.0,21.0,,,,31.0,32.0,36.0,47.0,35.5,40.0,40.0,17.0,,,47.0,,9.0,35.5,19.0,43.0
2013-06-11,22.5,43.0,20.0,20.0,47.0,2.0,,17.0,27.0,23.0,5.0,48.0,6.0,1.0,,17.5,42.0,42.0,40.0,,34.0,25.0,46.0,,29.0,33.5,45.0,32.0,,13.0,15.0,9.0,8.0,15.0,10.0,4.0,3.0,12.0,14.0,11.0,23.0,,,,32.0,35.0,23.0,38.0,34.5,29.0,40.0,28.0,,,45.0,,7.0,37.0,22.0,40.0
2013-06-13,17.0,34.0,25.5,27.0,38.0,2.5,,19.0,21.0,30.0,6.0,46.0,11.0,2.5,,19.5,46.0,35.0,44.0,,32.5,22.0,37.0,,29.0,40.0,47.0,28.5,,18.5,1.0,12.0,4.0,18.0,9.0,8.0,14.5,14.0,7.0,5.0,24.0,,,,30.5,41.0,26.0,37.0,29.5,34.0,43.0,22.0,,,37.0,,10.0,43.0,14.0,44.0
2013-06-14,25.0,40.0,7.0,36.0,48.0,4.0,,15.0,16.0,32.0,5.0,34.0,10.0,8.0,,24.0,31.0,45.0,27.0,,21.0,35.0,43.0,,43.5,43.0,41.0,32.0,,25.0,9.0,12.5,1.0,2.0,6.0,3.0,18.0,15.0,16.0,12.0,23.0,,,,32.0,37.0,19.0,41.0,25.0,37.0,31.0,29.0,,,47.0,,11.0,26.0,17.5,47.0
2013-06-17,19.0,46.0,34.0,27.0,33.0,9.0,,21.0,45.0,32.0,3.0,39.5,4.0,11.0,,38.0,42.0,28.0,23.0,,45.0,29.0,39.0,,38.0,38.5,38.0,25.0,,21.0,2.0,16.0,1.0,17.0,7.0,8.0,13.0,13.0,13.0,5.0,10.0,,,,28.0,37.0,17.0,38.0,26.0,20.0,45.0,24.0,,,48.0,,6.0,42.0,16.0,32.0
2013-06-18,15.0,39.5,8.0,36.0,48.0,6.0,,1.0,42.0,28.5,4.0,32.0,12.0,15.0,,21.0,26.0,41.0,29.0,,27.0,31.5,43.0,,39.0,44.0,47.0,11.0,,25.0,18.0,22.0,5.0,9.0,3.0,7.0,19.0,13.0,29.0,2.0,16.0,,,,19.0,41.0,10.0,39.0,23.0,36.0,38.0,32.0,,,45.0,,21.0,31.5,15.0,40.0
2013-06-19,36.0,40.0,21.0,19.5,47.0,10.0,,16.0,35.5,38.0,7.0,23.0,5.0,3.0,,34.0,21.5,44.0,41.0,,27.0,33.0,44.0,,29.0,45.0,42.0,22.0,,29.0,15.0,6.0,2.0,1.0,4.0,11.0,9.0,17.0,12.0,8.0,19.0,,,,24.5,41.5,28.0,34.0,31.0,27.0,35.0,13.0,,,49.0,,14.0,30.0,19.0,40.0
2013-06-20,25.0,43.0,28.0,19.0,44.0,7.0,,5.0,9.0,36.0,1.0,46.0,3.0,14.0,,23.0,21.0,43.0,39.5,,24.0,29.0,32.5,,42.0,47.0,47.0,36.0,,31.0,11.0,33.0,8.0,4.0,6.0,12.0,16.0,10.0,16.0,2.0,13.0,,,,24.0,41.0,21.0,39.0,18.0,27.0,32.0,34.0,,,35.0,,15.0,27.5,19.0,39.0
2013-06-21,30.0,38.5,3.0,20.0,45.5,6.0,,24.0,16.5,36.5,2.0,16.5,12.0,7.0,,22.0,46.0,38.0,33.0,,35.0,25.0,46.0,,25.0,24.0,48.0,21.0,,5.0,8.0,9.0,1.0,32.0,16.0,10.0,27.0,14.0,26.0,4.0,14.0,,,,15.0,23.0,28.0,38.0,31.0,44.0,40.0,35.0,,,44.0,,11.0,41.0,27.0,40.0
2013-06-24,42.0,44.5,3.0,28.0,41.0,1.0,,16.0,26.0,31.5,6.0,21.0,9.0,10.0,,15.0,36.0,47.0,21.0,,7.0,42.0,42.0,,23.0,30.0,43.0,32.5,,20.0,8.0,13.0,11.0,23.0,20.0,15.0,11.0,2.0,16.0,5.0,4.0,,,,28.0,34.0,24.0,36.0,31.0,44.0,34.5,22.0,,,48.0,,26.5,39.5,37.0,35.0
2013-06-25,37.0,44.0,14.5,14.5,32.0,8.0,,7.0,13.0,25.0,2.0,38.0,12.0,26.0,,40.0,49.0,45.0,25.0,,10.0,42.0,38.0,,47.0,33.0,46.0,26.0,,18.0,16.0,3.0,5.0,27.0,19.0,17.0,11.0,31.0,25.0,9.0,1.0,,,,24.0,34.0,19.0,30.0,5.0,43.0,30.0,27.0,,,44.0,,36.0,23.0,30.0,4.0
2013-06-26,41.0,43.0,4.0,14.0,15.0,7.0,,16.0,10.0,36.0,1.0,42.0,18.0,27.0,,34.0,38.0,33.0,18.0,,13.0,40.0,32.0,,46.0,21.0,45.0,28.0,,6.0,19.0,25.0,22.0,12.0,14.0,11.0,9.0,24.5,31.5,3.0,8.0,,,,39.0,28.0,4.0,37.0,30.0,47.0,23.0,22.0,,,48.0,,34.0,31.0,42.0,3.0
2013-06-27,40.0,39.0,1.0,15.0,23.0,4.0,,7.0,10.0,28.5,2.0,40.0,11.0,25.0,,25.0,45.0,23.0,38.0,,24.0,33.0,42.0,,45.0,35.0,46.0,13.0,,3.0,8.0,6.0,16.0,10.0,40.5,17.0,19.0,27.0,31.0,9.0,5.0,,,,28.5,37.0,19.0,31.0,20.0,48.0,38.0,14.0,,,44.0,,13.0,29.0,35.0,26.0
2013-06-28,37.5,45.0,3.0,18.0,43.0,5.0,,15.0,21.0,18.0,10.0,39.0,8.0,18.5,,19.0,40.5,44.0,21.0,,10.0,30.0,47.0,,25.0,25.0,46.0,38.0,,7.0,10.0,15.0,21.0,34.0,5.0,14.0,12.0,26.0,27.0,3.0,2.0,,,,12.0,33.5,1.0,29.5,31.0,49.0,27.5,38.0,,,42.0,,27.0,32.0,39.0,36.5
2013-07-02,41.0,39.0,5.0,36.5,34.0,8.0,,18.0,23.0,20.5,6.0,45.0,1.0,20.0,,11.0,38.0,24.0,31.0,,7.0,31.0,40.0,,45.5,48.0,35.0,10.0,,12.0,14.0,16.0,2.0,27.0,23.0,3.0,20.0,26.5,22.0,9.0,4.0,,,,31.0,36.5,15.0,39.0,20.0,46.0,44.0,28.0,,,34.0,,23.5,36.0,39.0,13.0
2013-07-03,36.0,42.0,17.0,37.0,29.0,2.0,,13.0,24.0,30.0,19.0,41.0,14.0,16.0,,31.0,39.0,48.0,8.0,,20.0,32.0,47.0,,34.0,44.0,48.0,8.0,,5.0,6.0,15.0,12.0,10.0,26.0,1.0,18.0,26.0,22.0,11.0,3.0,,,,29.0,34.0,8.5,26.0,22.0,44.0,25.5,4.0,,,43.5,,29.0,39.0,39.0,35.0
2013-07-04,27.0,46.0,16.0,30.0,32.5,9.0,,11.0,26.0,29.0,6.0,44.5,10.0,14.5,,37.0,34.0,35.0,20.0,,11.0,38.5,42.0,,47.0,40.0,46.0,13.0,,3.0,18.0,7.0,5.0,15.0,34.0,30.0,18.0,25.0,27.0,3.0,1.0,,,,8.0,24.0,3.0,27.0,29.0,41.5,44.0,20.0,,,37.0,,20.0,15.0,41.5,38.0
2013-07-05,26.0,47.0,8.0,35.0,27.5,2.0,,19.0,33.0,33.0,22.0,40.5,13.0,15.0,,42.0,45.0,38.0,37.0,,21.0,43.0,43.0,,39.0,23.5,47.0,40.0,,10.0,6.0,1.0,25.0,5.0,10.0,26.0,12.0,31.0,12.0,3.0,7.0,,,,28.5,22.0,4.0,10.0,19.0,46.0,33.0,16.0,,,30.0,,21.5,18.0,30.0,33.0
2013-07-08,43.0,42.0,5.0,37.0,34.0,4.0,,28.0,31.5,13.0,19.0,44.0,25.0,15.0,,43.0,41.5,35.0,42.0,,31.5,28.0,47.0,,31.5,46.0,45.0,38.0,,7.0,1.0,11.0,10.0,6.0,13.0,30.5,9.0,18.0,16.0,8.0,2.0,,,,25.0,22.0,3.0,20.0,24.0,36.0,33.0,19.0,,,40.0,,13.0,23.0,32.5,15.0
2013-07-09,36.0,43.0,12.0,41.0,34.0,3.0,,13.0,36.0,26.0,13.0,44.0,7.0,19.0,,41.0,44.5,40.0,31.0,,19.0,39.0,45.0,,30.5,45.5,46.0,11.0,,2.0,8.0,1.0,16.0,6.0,25.0,24.0,16.0,21.0,21.0,4.0,10.0,,,,26.0,24.5,5.0,17.0,27.0,38.5,26.0,9.0,,,33.0,,15.0,31.5,36.0,33.0
2013-07-10,26.5,41.0,4.0,41.5,33.5,16.0,,12.0,32.5,34.5,15.0,43.0,20.0,11.0,,43.5,40.0,41.0,27.0,,17.0,32.5,44.0,,41.0,46.0,46.5,43.0,,2.0,7.0,13.0,10.0,25.5,21.5,20.0,14.0,23.0,27.0,2.0,5.0,,,,20.0,23.0,2.0,8.0,6.0,38.0,32.0,27.0,,,30.0,,9.0,30.0,24.0,36.5
2013-07-11,29.0,41.0,7.0,38.0,29.0,12.0,,6.0,33.0,31.0,16.0,40.0,15.0,19.0,,40.0,40.0,39.0,28.0,,8.0,36.0,42.0,,48.0,46.0,47.0,43.0,,2.0,2.0,12.5,9.0,26.0,21.5,22.0,5.0,24.0,26.0,2.0,10.0,,,,26.0,19.0,3.5,12.0,17.0,44.0,30.0,24.0,,,28.0,,14.0,27.0,30.5,39.5
2013-07-12,8.0,46.0,7.0,36.0,32.0,12.0,,5.0,33.0,33.0,9.0,39.0,15.0,22.0,,45.0,42.0,42.0,29.0,,10.0,43.0,38.0,,48.0,38.0,47.0,41.0,,4.0,2.0,24.0,17.0,21.0,24.0,22.0,3.0,31.0,20.0,1.0,11.0,,,,22.0,15.0,6.0,13.0,27.0,36.0,33.0,24.0,,,38.0,,18.0,15.0,28.0,33.0
2013-07-15,32.5,44.0,7.0,28.0,35.0,10.0,,11.0,35.0,25.0,15.0,36.5,15.0,15.5,,44.0,48.0,41.0,20.0,,1.0,40.5,40.5,,42.0,41.0,47.0,26.0,,3.0,9.0,8.0,5.0,22.0,18.0,28.0,12.0,22.0,31.0,4.0,2.0,,,,29.0,21.0,6.0,25.0,14.0,46.0,32.0,21.0,,,32.0,,17.5,22.0,33.5,34.0
2013-07-16,36.0,38.0,11.0,20.0,39.0,1.0,,13.0,37.5,28.0,12.0,39.0,9.0,16.0,,47.0,45.0,23.0,27.0,,23.0,43.0,40.0,,47.0,45.5,37.0,34.0,,4.0,5.0,10.0,14.0,18.5,21.0,22.5,5.0,21.0,28.0,16.0,8.0,,,,33.0,21.0,7.0,2.0,30.5,37.0,30.0,25.0,,,33.0,,4.0,28.0,35.0,36.0
2013-07-17,29.0,34.0,11.0,20.0,32.0,14.0,,9.0,38.0,32.5,20.0,36.0,18.0,1.0,,48.0,44.0,31.0,30.5,,16.0,46.0,41.0,,44.0,42.0,41.0,48.0,,8.0,5.0,4.0,12.0,31.0,16.0,22.5,7.0,15.0,17.5,6.0,3.0,,,,29.5,20.0,2.0,10.0,24.5,38.0,36.0,33.0,,,31.0,,24.0,14.0,27.0,37.0
2013-07-18,17.0,31.0,12.0,28.0,30.0,18.0,,6.0,38.0,36.5,12.0,39.0,18.0,3.0,,48.0,45.0,21.0,26.5,,17.0,43.0,44.0,,48.0,42.0,46.0,31.0,,9.0,8.0,10.0,7.0,32.5,27.0,22.0,5.0,15.5,21.0,1.0,2.0,,,,33.0,23.0,4.0,13.0,25.0,40.0,29.0,37.0,,,35.0,,15.5,20.0,30.0,41.0
2013-07-19,22.0,43.0,28.0,27.0,38.0,18.0,,11.0,33.0,27.0,36.0,37.0,32.0,6.0,,48.0,44.0,26.5,25.0,,32.0,39.0,44.0,,48.0,42.0,46.0,30.5,,5.0,1.0,22.0,12.0,37.0,27.0,22.0,2.0,13.0,8.0,3.0,10.0,,,,6.0,18.0,4.0,14.0,8.0,38.0,23.5,17.0,,,34.0,,17.0,15.5,19.0,41.0
2013-07-22,20.0,43.0,13.0,26.0,19.0,39.0,,14.0,42.0,21.5,32.0,41.0,27.0,1.0,,36.0,40.5,37.0,19.0,,6.0,47.0,30.0,,41.0,38.0,39.0,48.0,,18.0,8.0,12.0,26.0,30.0,24.0,38.0,10.0,15.0,34.0,5.0,2.0,,,,4.0,16.0,3.0,9.0,7.0,29.0,42.0,22.0,,,22.0,,42.0,11.0,27.5,32.5
2013-07-23,21.0,44.0,23.0,33.0,19.0,21.0,,12.0,28.0,27.0,4.0,39.0,28.0,7.0,,41.5,22.0,39.5,18.0,,24.5,38.0,34.0,,38.5,46.0,46.0,43.5,,5.0,2.0,3.0,16.0,36.0,24.0,36.5,7.0,9.5,14.0,11.0,18.0,,,,30.0,15.0,1.0,9.5,6.0,42.0,42.5,13.0,,,40.0,,34.0,21.0,36.0,31.0
2013-07-24,32.0,41.5,20.5,11.0,19.0,25.0,,1.0,45.0,41.0,33.0,42.0,26.0,3.0,,31.0,16.0,39.0,25.0,,16.0,26.0,30.0,,44.0,45.0,44.0,47.0,,8.0,4.0,2.0,16.0,36.0,20.0,35.0,6.0,11.0,14.0,11.0,13.0,,,,34.5,31.0,6.0,29.0,9.0,35.0,40.5,6.0,,,20.0,,21.0,22.0,41.0,27.0
2013-07-25,1.0,33.0,32.0,23.0,38.0,36.0,,17.0,31.5,34.5,19.0,24.0,12.0,9.0,,48.0,45.0,26.5,17.0,,23.0,37.0,36.5,,43.0,40.0,42.0,43.0,,3.0,4.0,2.0,16.0,29.0,24.0,17.0,7.0,12.0,14.0,8.0,20.0,,,,31.5,12.0,5.0,40.0,6.0,46.0,38.0,23.0,,,37.0,,10.0,21.0,43.0,35.5
2013-07-26,18.5,38.5,2.0,33.0,41.0,33.0,,17.0,33.0,10.0,43.0,39.0,39.0,2.0,,46.0,17.0,36.0,42.5,,10.0,46.0,44.5,,43.0,45.0,33.0,38.0,,2.0,3.0,29.0,5.0,24.0,16.0,17.0,21.0,13.0,20.0,9.0,11.0,,,,19.0,5.0,7.0,13.0,10.0,28.0,30.0,27.0,,,34.0,,32.0,25.0,22.0,27.0
2013-07-29,10.0,22.0,2.0,31.0,34.0,18.5,,15.0,45.0,38.0,11.0,35.0,26.0,9.0,,47.0,45.0,39.5,41.0,,30.5,36.0,48.0,,38.0,44.0,32.0,41.0,,17.0,6.0,2.5,8.0,38.0,26.0,35.0,23.0,17.0,12.0,2.0,22.0,,,,25.0,20.0,13.0,5.0,7.0,29.0,29.0,29.0,,,14.0,,17.0,3.0,20.0,44.0
2013-07-30,22.5,33.0,10.0,42.0,30.0,26.0,,17.0,46.0,38.0,25.0,44.0,8.0,14.0,,31.0,40.0,43.0,48.0,,37.0,48.0,38.5,,33.0,46.5,34.0,16.0,,22.0,4.0,13.0,3.0,33.0,9.0,23.0,6.0,12.0,1.0,11.0,36.0,,,,29.0,24.0,19.0,2.0,5.0,24.0,23.5,7.0,,,26.0,,20.0,15.0,30.0,39.0
2013-07-31,20.0,32.0,11.0,3.0,21.0,21.5,,5.0,42.0,37.0,16.0,28.5,12.0,17.0,,42.0,42.0,35.0,45.0,,23.0,47.0,37.0,,34.5,47.0,44.0,31.0,,8.0,5.0,13.0,11.0,34.0,13.0,23.5,2.0,20.0,14.0,7.0,29.0,,,,41.0,23.0,9.0,2.0,4.0,21.0,43.0,23.5,,,37.0,,29.0,30.0,28.0,42.0
2013-08-01,20.0,33.5,5.0,9.0,30.0,31.0,,1.0,48.0,36.0,17.0,38.0,8.0,2.0,,46.0,45.0,47.0,32.0,,16.0,40.0,42.0,,35.0,44.0,38.0,42.0,,13.0,4.0,28.0,18.0,38.0,10.0,26.0,12.0,7.0,20.0,5.0,33.0,,,,36.0,20.0,11.0,12.0,21.0,25.0,23.0,15.0,,,23.0,,4.0,25.0,32.0,40.0
2013-08-02,18.5,26.0,39.0,18.0,28.5,35.5,,6.0,46.0,45.0,23.0,6.0,3.0,14.0,,43.5,40.0,33.0,45.0,,12.0,42.0,25.0,,35.5,48.0,41.0,36.0,,15.0,7.0,30.0,22.0,28.0,11.0,28.0,7.0,13.0,42.0,2.0,18.0,,,,39.0,20.0,1.0,7.0,24.0,27.0,25.0,28.0,,,15.5,,10.0,4.0,33.0,39.0
2013-08-05,8.0,26.0,12.0,40.0,24.5,19.0,,18.0,47.0,40.0,45.0,37.0,42.0,5.0,,45.0,42.0,47.0,45.0,,35.0,34.0,44.0,,28.5,39.0,15.0,29.0,,16.0,3.0,8.0,12.0,33.0,14.0,25.0,1.0,2.0,25.0,4.0,32.0,,,,30.0,30.5,7.0,21.0,10.0,21.0,24.0,6.0,,,16.0,,26.0,19.0,12.0,37.0
2013-08-06,8.0,44.5,4.0,45.0,41.0,35.0,,15.0,41.0,33.5,38.0,41.0,26.0,10.0,,48.0,38.0,29.0,48.0,,19.5,43.0,30.0,,43.0,29.0,37.0,6.0,,19.0,4.0,31.5,11.0,24.0,13.0,20.0,12.0,2.0,22.0,4.0,25.0,,,,34.0,19.0,19.0,6.0,14.0,24.0,27.0,21.0,,,18.0,,1.0,9.0,34.0,38.0
2013-08-07,5.0,24.0,3.0,37.0,34.0,31.0,,1.0,45.5,46.0,26.0,34.0,16.0,6.0,,44.0,47.0,19.0,44.5,,40.0,42.0,45.0,,42.0,40.0,31.0,33.0,,10.0,12.0,28.0,4.0,12.0,7.0,20.0,10.0,2.0,20.0,8.0,28.0,,,,32.0,14.0,22.0,18.0,18.0,25.0,29.0,33.5,,,30.5,,14.0,10.0,21.0,37.0
2013-08-08,5.0,34.0,26.0,21.0,30.0,24.0,,27.0,44.0,42.0,35.0,40.0,37.0,7.0,,44.0,48.0,20.0,46.0,,39.0,43.0,44.0,,45.0,22.5,32.0,32.0,,16.0,12.0,14.0,9.0,33.0,10.0,17.0,12.0,3.0,30.0,1.5,31.0,,,,37.0,17.0,22.0,12.0,8.0,26.0,19.0,1.5,,,16.0,,6.0,4.0,21.0,36.5
2013-08-09,5.0,24.0,20.0,44.0,21.0,22.0,,11.5,43.5,46.0,14.5,17.5,23.0,4.0,,47.0,48.0,33.0,46.0,,38.0,27.0,16.0,,32.0,41.0,36.0,42.5,,11.5,1.0,30.0,9.0,33.0,10.0,7.0,15.0,2.0,21.0,3.0,39.0,,,,38.0,21.0,16.5,27.0,8.0,27.0,25.0,24.0,,,40.0,,33.0,6.0,15.5,36.0
2013-08-12,4.0,10.0,27.0,31.0,18.0,19.0,,8.0,49.0,45.0,12.0,36.5,25.0,11.0,,47.0,43.0,23.0,40.0,,39.0,14.0,43.0,,40.5,46.0,26.0,36.0,,15.0,1.0,32.0,5.0,37.0,6.0,19.0,20.0,7.0,22.0,9.0,32.0,,,,41.0,27.0,19.0,2.0,15.0,36.0,25.0,27.0,,,30.0,,23.0,3.0,13.0,39.0
2013-08-13,6.0,27.5,32.0,19.0,25.0,32.0,,24.0,48.0,45.0,19.0,38.0,26.0,2.0,,46.0,40.0,31.5,47.0,,37.0,26.0,34.5,,41.0,38.0,18.0,46.0,,14.0,10.0,28.0,12.0,37.5,7.0,20.0,14.0,6.0,14.0,3.0,38.0,,,,39.5,23.0,4.0,1.0,9.0,24.0,18.5,31.0,,,32.5,,6.0,11.0,17.0,40.0
2013-08-15,1.0,21.0,26.0,42.0,5.0,36.0,,15.0,39.0,44.0,9.0,41.0,36.0,4.0,,49.0,47.0,12.0,46.0,,34.5,16.5,32.0,,27.0,46.5,26.0,30.0,,11.0,3.0,38.0,10.0,30.0,13.0,19.0,32.0,2.0,24.0,6.0,35.0,,,,37.0,16.0,17.0,8.0,21.0,23.0,7.0,20.0,,,30.0,,44.0,16.0,23.0,34.5
2013-08-16,4.0,27.5,30.0,47.0,15.0,43.0,,20.0,48.0,42.0,11.0,41.0,16.0,1.0,,47.0,39.0,20.0,32.0,,35.0,38.0,42.0,,45.0,37.0,13.0,41.0,,5.0,2.0,39.0,3.0,27.0,10.0,14.0,30.0,21.0,26.0,8.0,33.0,,,,34.5,26.0,7.0,6.0,12.0,20.0,26.0,24.0,,,16.0,,23.0,9.0,18.0,34.0
2013-08-19,5.0,26.0,30.0,43.0,26.0,35.0,,15.0,42.0,43.0,8.0,3.0,18.0,5.0,,49.0,41.0,18.0,47.0,,35.0,24.0,45.0,,32.0,45.5,35.0,29.0,,12.0,4.0,40.0,2.0,35.0,6.0,11.0,28.0,1.0,31.0,9.0,33.0,,,,38.0,16.0,10.0,13.0,21.0,23.0,19.5,16.0,,,23.0,,16.0,32.0,23.0,44.0
2013-08-20,6.0,29.0,39.0,29.0,7.0,35.0,,17.0,46.0,35.0,10.0,21.0,24.0,15.0,,49.0,41.5,27.5,43.0,,37.0,40.0,46.0,,41.0,47.0,32.0,29.0,,3.0,8.0,36.0,11.0,32.0,1.0,3.0,17.0,22.0,34.0,13.0,33.0,,,,33.0,9.0,13.0,18.0,5.0,21.0,2.0,24.0,,,11.5,,22.0,31.0,20.0,41.0
2013-08-21,1.5,29.0,39.0,40.0,31.5,25.0,,18.0,42.0,43.0,14.0,14.0,24.0,27.0,,47.0,37.0,18.0,37.0,,33.0,39.0,47.0,,42.0,44.0,32.0,48.0,,3.5,15.5,30.5,9.0,36.0,12.0,19.0,7.5,11.0,25.0,5.0,39.0,,,,19.0,14.0,23.0,7.5,1.5,6.0,25.0,3.5,,,21.0,,10.0,30.0,21.0,37.0
2013-08-22,2.0,34.0,31.0,38.0,14.0,31.0,,20.0,39.5,26.0,8.0,14.0,27.0,21.0,,42.0,34.5,21.0,30.0,,40.0,42.5,46.0,,34.0,45.0,39.5,48.0,,4.0,9.0,28.0,7.0,42.0,12.0,22.0,3.0,6.0,26.5,5.0,31.0,,,,32.0,16.5,17.0,18.0,1.0,24.0,10.0,12.0,,,16.0,,17.0,35.0,29.0,46.0
2013-08-23,14.0,27.0,26.0,42.0,30.0,33.0,,20.0,35.5,45.0,16.0,8.0,34.0,1.0,,27.0,42.0,38.0,39.0,,45.0,45.0,45.0,,37.0,13.0,24.0,37.5,,4.0,9.0,11.0,4.0,37.0,15.0,4.0,21.0,16.0,23.0,2.0,47.0,,,,33.0,12.0,23.0,20.0,7.0,28.0,10.0,30.0,,,18.5,,6.0,38.0,17.0,46.0
2013-08-26,4.0,28.0,41.5,40.0,18.0,32.0,,18.0,33.5,46.0,14.0,4.0,23.5,39.0,,6.0,42.0,8.0,36.5,,36.5,49.0,46.0,,27.0,33.0,31.0,36.0,,11.0,8.0,29.0,6.0,39.0,16.0,26.0,1.0,11.0,22.0,20.0,44.0,,,,42.0,22.0,2.0,14.0,4.0,21.0,9.0,13.0,,,19.0,,23.0,31.5,29.0,44.0
2013-08-27,10.0,35.0,41.0,37.0,18.5,20.0,,15.0,27.5,36.5,27.0,13.0,23.0,33.0,,18.0,41.0,30.0,45.0,,47.0,46.0,37.0,,41.5,42.0,28.0,45.0,,4.0,8.0,23.0,2.0,38.0,18.0,15.0,7.0,4.0,24.0,3.0,44.0,,,,31.0,32.0,6.0,29.5,11.0,1.0,18.0,16.0,,,9.0,,23.0,28.5,14.0,45.5
2013-08-28,4.0,34.0,38.0,39.0,13.0,25.0,,21.5,41.0,46.0,28.0,5.0,19.0,23.0,,26.0,38.0,32.0,41.0,,44.5,46.0,35.0,,42.5,43.5,33.0,38.0,,3.0,1.0,18.0,7.0,36.0,10.0,2.0,14.0,8.0,24.0,11.0,31.5,,,,33.0,24.5,16.0,16.0,9.0,6.0,19.0,24.0,,,12.0,,31.0,35.0,16.0,48.0
2013-08-29,8.0,38.0,6.0,40.0,11.0,14.0,,26.0,49.0,36.0,22.0,10.0,42.0,30.0,,44.5,26.0,26.0,35.0,,46.0,44.0,44.0,,47.0,18.0,30.0,34.0,,11.0,3.0,23.0,1.0,32.0,14.0,4.0,18.0,10.0,26.0,13.0,35.0,,,,35.0,23.5,2.0,40.0,7.0,32.0,5.0,21.0,,,21.0,,16.0,28.0,21.0,38.0
2013-08-30,5.0,24.5,26.0,33.0,27.0,1.0,,18.0,37.0,47.0,18.0,12.0,35.0,15.0,,39.0,45.0,30.0,41.0,,47.0,44.0,44.0,,41.0,40.0,32.5,42.0,,13.0,4.0,27.0,2.0,33.0,6.0,12.0,12.0,15.0,31.0,8.0,30.0,,,,36.0,26.5,20.0,20.5,9.0,23.0,7.0,17.0,,,3.0,,10.0,33.0,23.0,41.5
2013-09-02,2.0,22.0,45.0,29.0,12.0,13.0,,36.0,32.0,41.0,17.0,8.0,33.5,37.0,,48.0,33.0,31.0,39.0,,34.5,41.0,43.0,,43.0,45.0,29.0,46.0,,4.0,3.0,11.0,10.0,25.0,6.0,19.0,8.0,17.0,36.0,5.0,33.0,,,,28.5,20.0,15.0,8.0,1.0,19.0,15.0,19.0,,,23.0,,30.0,33.0,23.0,37.0
2013-09-03,9.0,36.0,27.0,39.0,15.0,15.5,,25.0,47.0,43.0,13.0,19.0,34.0,25.0,,38.0,41.0,22.0,37.0,,47.0,36.0,40.0,,45.0,45.0,39.0,28.0,,4.0,2.0,6.0,1.0,31.0,3.0,12.0,11.0,29.0,18.0,5.0,34.5,,,,35.0,29.0,7.0,17.0,10.0,8.0,24.0,21.0,,,26.0,,15.0,20.0,18.5,43.0
2013-09-04,10.0,35.0,29.5,24.0,22.0,1.0,,23.0,30.5,41.0,16.0,17.0,31.0,40.0,,29.0,37.0,16.0,40.0,,43.5,43.0,38.0,,47.0,47.0,46.0,28.0,,4.0,7.0,11.0,6.0,27.0,8.0,3.0,14.0,25.0,41.0,9.0,34.0,,,,32.0,20.0,5.0,18.0,2.0,23.0,21.0,12.0,,,25.0,,31.0,34.0,14.0,45.0
2013-09-05,9.0,27.0,17.0,40.0,23.5,7.0,,23.0,40.0,38.0,16.0,25.5,27.0,35.0,,35.0,32.0,22.0,48.0,,30.5,47.0,39.0,,45.0,41.0,44.0,48.0,,2.0,3.0,16.0,1.0,17.0,13.0,7.0,10.0,6.0,37.0,5.0,39.0,,,,35.0,19.0,4.0,20.0,12.0,13.0,26.0,31.0,,,11.0,,21.5,27.0,34.0,41.0
2013-09-06,5.0,35.0,19.0,38.5,21.0,14.0,,19.0,43.0,36.0,17.0,35.5,34.0,17.0,,33.0,23.0,29.0,31.0,,47.0,48.0,39.0,,47.0,45.0,41.0,35.0,,4.0,1.0,17.0,2.0,37.0,11.0,9.5,7.0,24.0,31.0,3.0,41.0,,,,23.0,12.0,9.5,12.5,8.0,30.0,25.0,26.0,,,6.0,,31.5,13.0,27.5,44.0
2013-09-09,9.0,34.0,13.0,37.0,20.0,7.0,,22.0,47.0,38.0,22.0,1.0,27.5,26.0,,43.0,19.0,39.0,37.0,,47.0,45.0,36.0,,47.0,41.0,41.0,31.0,,10.0,4.0,16.0,8.0,32.5,11.0,3.0,17.5,27.0,30.5,14.0,28.0,,,,23.5,2.0,6.0,39.0,5.0,21.0,22.0,14.0,,,25.0,,34.0,29.0,13.0,45.0
2013-09-10,7.0,26.0,16.0,28.0,18.0,1.0,,25.0,48.0,40.0,10.0,32.0,24.0,18.0,,32.0,8.0,33.0,47.0,,20.0,45.0,38.0,,42.0,46.0,42.0,45.0,,14.0,4.0,29.0,2.0,36.0,3.0,11.0,18.0,21.0,30.0,13.0,30.0,,,,34.0,9.0,23.0,13.0,6.0,37.5,21.0,5.0,,,13.0,,39.0,37.0,23.0,45.0
2013-09-11,6.0,39.0,25.0,16.5,13.0,8.0,,5.0,42.0,27.0,15.0,39.5,27.0,38.0,,26.0,33.0,36.0,48.0,,41.0,45.0,34.5,,44.0,46.0,43.0,47.0,,4.0,3.0,19.0,7.0,30.5,1.0,9.0,20.0,14.0,17.0,10.0,27.0,,,,28.0,2.0,22.0,21.0,11.0,35.0,19.0,24.0,,,14.0,,32.0,30.0,16.0,44.0
2013-09-12,6.0,27.0,29.0,19.0,16.0,11.0,,32.0,44.0,41.0,13.0,36.0,34.0,24.0,,37.0,38.0,29.0,40.0,,48.0,28.5,41.0,,48.0,47.0,44.0,34.5,,11.0,5.0,25.5,7.0,26.0,2.0,4.0,29.0,26.0,40.0,15.5,34.0,,,,19.0,9.0,21.0,24.0,3.0,26.0,19.0,1.0,,,14.0,,8.0,15.0,11.0,46.0
2013-09-13,7.0,28.0,10.0,15.0,29.0,1.0,,14.0,41.5,23.0,14.0,30.5,31.0,15.0,,34.0,35.0,17.0,45.0,,44.5,36.5,41.0,,42.5,49.0,48.0,41.0,,3.0,2.0,28.0,4.0,39.0,11.0,5.0,31.0,17.0,19.0,12.0,21.0,,,,22.0,6.0,23.0,38.0,9.0,34.0,19.0,8.0,,,23.0,,31.0,38.0,25.5,43.0
2013-09-16,3.0,36.0,17.0,21.0,20.0,7.0,,13.0,31.0,15.0,13.0,45.0,39.0,5.0,,27.5,36.5,32.5,46.0,,42.0,19.0,39.0,,40.0,45.0,46.0,48.0,,15.0,6.0,31.0,9.0,38.5,1.0,22.0,19.5,2.0,35.0,11.0,25.0,,,,33.0,4.0,26.0,23.0,7.0,26.0,31.0,11.0,,,25.0,,11.0,28.0,30.0,43.0
2013-09-17,8.0,36.0,13.0,13.0,24.0,9.0,,23.0,38.0,26.0,10.0,45.0,33.5,30.0,,33.0,16.0,17.0,43.0,,37.5,37.0,44.5,,43.0,40.0,47.0,48.0,,6.0,2.0,26.0,3.0,29.0,11.0,21.0,19.0,15.0,18.0,1.0,39.0,,,,13.0,4.0,36.0,26.0,5.0,36.0,27.0,7.0,,,21.0,,19.0,31.0,29.0,43.0
2013-09-18,7.0,23.0,34.0,14.0,28.0,6.0,,27.0,40.0,26.0,8.0,44.5,35.5,31.0,,48.0,15.0,28.0,44.0,,42.0,29.0,37.0,,40.0,35.5,46.0,48.0,,19.0,17.0,14.0,3.0,39.0,5.0,9.0,41.0,12.0,22.5,1.0,2.0,,,,24.5,13.0,36.0,23.5,11.0,28.0,10.0,4.0,,,19.0,,18.0,25.0,33.0,41.0
2013-09-19,2.5,18.5,29.0,19.0,31.5,12.0,,25.0,27.5,26.0,8.0,32.0,31.0,10.0,,24.0,27.0,36.0,35.0,,31.0,47.0,42.0,,40.0,48.0,45.0,47.0,,19.0,15.5,2.5,4.0,39.0,13.0,7.0,41.0,5.0,22.0,15.0,15.0,,,,19.0,1.0,29.5,18.0,8.0,37.0,33.0,5.0,,,10.0,,35.0,38.0,24.0,45.0
2013-09-23,15.0,34.0,36.0,17.0,32.0,12.0,,6.5,33.5,27.0,2.0,26.0,29.0,43.0,,38.0,23.0,40.5,43.0,,39.0,48.0,43.0,,40.0,26.0,46.0,48.0,,23.0,10.0,15.0,1.0,28.0,3.0,17.0,32.0,14.0,5.0,4.0,9.0,,,,20.0,6.5,23.0,19.0,13.0,23.0,39.0,8.0,,,24.0,,13.0,29.0,32.0,44.0
2013-09-24,11.0,4.0,36.0,26.5,44.5,5.0,,30.0,37.0,21.0,16.0,27.0,33.0,11.0,,21.0,33.0,27.0,45.0,,20.0,47.0,44.0,,47.0,31.0,47.0,36.0,,18.0,13.0,22.0,7.0,32.0,3.0,14.0,25.0,23.0,25.0,6.0,9.0,,,,29.0,8.0,19.0,39.5,2.0,15.0,19.0,1.0,,,11.0,,37.0,40.0,42.0,44.0
2013-09-25,1.0,8.0,40.0,30.0,41.5,25.0,,9.0,37.0,24.0,5.0,32.5,23.5,38.5,,46.0,16.0,20.0,45.0,,15.5,44.0,46.5,,39.5,29.0,42.0,32.0,,21.0,12.0,16.0,4.0,28.0,2.0,11.0,34.0,20.0,6.0,18.0,7.0,,,,27.0,10.0,22.0,31.0,3.0,43.0,30.0,12.0,,,15.0,,21.0,30.0,38.0,45.0
2013-09-26,9.0,21.0,38.0,22.0,37.5,11.0,,18.0,36.0,14.0,5.0,45.0,40.0,38.5,,33.0,21.0,30.0,44.5,,25.0,47.0,44.0,,41.0,25.0,30.0,44.0,,14.5,11.0,16.0,3.0,31.0,6.0,11.0,17.0,23.0,13.0,7.0,8.0,,,,28.0,1.0,21.0,25.0,4.0,27.5,37.0,2.0,,,39.5,,35.0,43.0,30.0,38.0
2013-09-27,3.0,9.0,42.0,14.0,43.0,11.0,,32.0,27.0,31.0,4.0,35.0,39.0,24.0,,29.5,39.0,35.0,43.5,,15.0,43.0,43.5,,48.0,17.0,41.0,39.0,,7.0,20.0,17.0,1.5,28.0,12.0,10.0,28.0,27.0,14.0,23.0,6.0,,,,23.0,1.5,34.0,21.0,5.0,37.0,19.0,8.0,,,24.0,,26.0,39.0,26.0,44.0
2013-09-30,14.0,11.0,7.0,19.0,23.0,26.0,,24.0,39.0,33.0,3.0,28.0,37.0,42.0,,22.0,31.0,35.0,45.0,,12.0,48.0,42.5,,45.0,17.0,43.0,47.0,,18.0,16.0,20.0,12.5,30.0,4.0,7.0,26.0,14.0,9.5,6.5,9.0,,,,28.0,2.0,20.0,34.0,5.0,38.0,30.0,1.0,,,23.0,,38.0,35.0,37.0,46.0
2013-10-02,3.0,16.0,34.0,6.0,33.0,24.0,,22.5,32.5,16.0,19.0,18.0,6.0,27.5,,25.0,42.0,42.0,46.5,,23.0,41.0,38.5,,27.0,20.5,47.0,44.0,,34.0,17.0,32.0,1.0,29.0,10.0,4.0,38.0,28.0,8.0,5.0,13.0,,,,19.0,9.0,11.0,38.0,2.0,43.0,40.0,11.0,,,15.0,,25.5,39.0,28.0,45.0
2013-10-03,11.0,19.0,12.0,23.0,42.5,3.0,,17.0,32.0,25.0,22.5,47.0,39.0,31.0,,48.0,40.0,38.0,30.5,,27.0,46.0,43.0,,31.0,17.0,39.0,46.0,,27.0,16.0,20.0,12.0,22.0,6.0,14.0,34.0,19.0,5.0,9.0,3.0,,,,34.0,2.0,2.5,34.0,7.0,9.0,15.0,9.0,,,27.5,,44.0,38.0,26.0,35.5
2013-10-04,15.0,16.5,34.0,13.0,39.0,32.0,,19.0,29.0,26.0,2.0,38.0,10.0,23.5,,33.0,29.0,26.0,49.0,,20.0,43.0,35.0,,43.0,6.5,48.0,45.0,,23.0,10.0,1.0,8.0,17.0,4.0,6.5,35.0,25.0,3.0,18.0,14.0,,,,38.5,11.0,34.0,39.0,5.0,46.0,43.0,9.0,,,27.0,,30.0,28.5,37.0,23.0
2013-10-07,14.0,11.0,26.5,20.5,34.0,28.0,,9.0,38.0,31.0,3.0,48.0,19.0,39.0,,35.0,44.0,43.0,30.0,,14.0,40.0,27.0,,47.0,14.0,46.0,44.0,,30.0,25.0,4.0,1.0,16.0,12.0,7.0,41.0,24.0,10.0,8.0,5.0,,,,21.0,16.0,19.0,29.5,2.0,26.0,35.0,6.0,,,37.0,,38.0,34.0,25.0,23.0
2013-10-08,19.0,16.0,24.0,30.0,40.0,26.0,,13.0,41.0,19.5,1.0,33.0,28.0,26.0,,32.0,40.5,36.0,43.0,,13.0,45.0,33.0,,46.0,18.5,39.0,30.0,,27.0,19.0,16.0,9.0,5.0,3.0,6.0,43.0,19.0,7.0,8.0,4.0,,,,24.0,11.0,22.0,37.0,2.0,47.0,39.0,10.0,,,20.0,,35.5,13.5,36.0,46.0
2013-10-09,18.0,15.0,20.0,14.0,41.0,32.0,,8.0,33.5,29.0,23.0,40.0,24.0,11.0,,28.0,44.0,31.0,43.0,,5.0,31.0,35.0,,44.0,10.0,48.0,13.0,,21.0,14.0,26.0,3.0,9.0,6.0,7.0,30.0,28.0,17.0,10.0,1.0,,,,22.0,4.0,34.0,38.0,21.5,46.0,34.0,2.0,,,21.0,,36.0,38.5,46.0,45.0
2013-10-10,2.0,13.0,4.0,30.0,41.0,47.0,,10.0,33.5,34.0,12.0,35.0,24.0,5.0,,27.0,46.0,31.0,35.0,,1.0,40.5,40.0,,48.0,35.0,46.0,28.5,,27.0,18.0,22.5,7.0,20.0,14.0,3.0,31.0,19.0,11.0,15.0,8.0,,,,18.0,9.0,20.0,36.5,16.0,43.0,30.0,6.0,,,35.0,,26.0,38.0,41.0,23.0
2013-10-11,17.0,5.0,20.0,28.0,37.0,32.0,,10.0,30.0,12.0,14.0,39.0,8.0,12.0,,29.0,47.0,23.0,42.0,,4.0,45.0,45.0,,44.0,25.0,35.0,48.0,,27.0,15.0,39.0,3.0,37.0,2.0,1.0,34.0,25.5,21.0,14.0,6.0,,,,18.0,19.0,23.0,45.0,7.0,14.0,40.0,9.0,,,28.0,,30.0,24.0,37.5,42.0
2013-10-15,20.0,5.0,11.0,22.0,38.0,23.5,,3.0,15.0,28.0,2.0,43.0,11.0,13.0,,17.0,46.0,24.0,42.0,,4.0,38.0,39.0,,45.0,23.0,32.0,47.0,,36.0,35.0,32.0,1.0,27.0,6.5,8.0,40.0,27.0,23.5,14.0,9.0,,,,24.0,6.5,37.0,30.5,14.0,19.0,33.0,12.0,,,45.5,,39.0,25.0,44.0,26.0
2013-10-16,25.0,6.0,10.0,34.0,35.0,48.0,,2.0,19.0,14.0,30.0,39.0,17.0,18.0,,31.0,42.0,22.0,32.0,,8.0,39.0,38.0,,43.0,38.0,47.0,22.0,,26.0,15.0,4.0,1.0,21.5,5.0,9.0,32.0,12.0,13.0,11.0,3.0,,,,35.5,23.0,7.0,26.0,24.5,43.5,49.0,15.0,,,39.0,,34.0,38.0,23.0,45.0
2013-10-17,27.0,13.0,5.0,23.5,22.0,31.0,,9.0,28.5,27.0,26.0,39.0,12.5,24.0,,33.5,39.0,21.0,43.0,,10.0,46.0,39.0,,41.0,37.0,48.0,42.0,,24.0,8.0,28.0,6.0,15.0,4.0,1.0,34.0,2.0,13.0,7.0,3.0,,,,34.0,16.0,18.0,39.0,19.0,46.0,17.0,11.0,,,33.0,,23.0,31.0,45.0,45.0
2013-10-18,25.0,6.0,29.0,20.0,46.0,32.0,,3.0,25.5,25.0,28.0,46.0,15.0,5.0,,37.0,44.0,40.0,43.0,,4.0,12.0,42.0,,30.0,18.5,41.0,32.0,,26.0,26.0,30.0,9.0,15.5,15.0,1.0,23.0,2.0,13.0,10.0,7.0,,,,31.5,15.0,17.0,43.0,19.0,43.0,46.5,10.0,,,37.0,,30.0,8.0,39.0,36.0
2013-10-21,25.0,13.0,14.0,27.0,46.0,32.0,,5.0,38.0,28.5,30.0,30.0,14.5,4.0,,31.0,46.0,23.0,41.0,,2.0,38.0,43.0,,16.0,34.0,40.0,41.0,,25.0,18.0,21.0,8.0,30.0,10.0,3.0,34.0,12.5,7.0,1.0,6.0,,,,30.0,9.0,11.0,24.0,22.0,46.0,44.0,15.0,,,38.0,,20.0,48.0,38.0,23.0
2013-10-22,36.0,15.5,16.0,41.0,21.0,16.0,,6.0,24.0,21.0,3.0,34.5,13.0,10.0,,43.0,38.0,30.0,48.0,,5.0,48.0,30.5,,8.0,20.0,33.0,43.0,,19.0,21.0,28.0,4.0,24.0,12.0,2.0,32.0,7.0,10.0,1.0,9.0,,,,24.0,32.0,31.0,21.0,27.0,46.0,40.0,16.0,,,44.0,,26.0,45.0,35.0,41.0
2013-10-23,20.5,13.0,28.0,25.0,48.0,30.0,,9.0,20.0,16.0,21.0,40.0,1.0,15.0,,47.0,43.0,25.0,41.0,,18.0,44.0,40.0,,37.0,19.0,46.0,19.0,,13.5,32.0,21.0,10.0,3.5,5.0,6.0,27.0,7.0,3.5,8.0,2.0,,,,25.0,12.0,34.0,31.0,13.0,34.5,42.0,22.5,,,47.0,,38.0,36.0,28.0,41.0
2013-10-24,10.5,26.0,14.5,44.0,39.5,18.0,,2.0,27.0,33.0,23.0,20.0,1.0,20.0,,44.0,41.0,24.0,39.0,,13.0,46.0,37.0,,38.0,43.0,47.0,33.0,,18.0,17.0,9.0,3.0,18.0,11.0,5.0,25.0,13.0,10.0,4.0,7.0,,,,29.0,22.5,24.0,32.5,8.0,30.5,48.5,6.0,,,46.0,,29.0,38.0,35.0,36.0
2013-10-25,24.0,31.0,24.0,44.5,39.0,18.0,,3.0,45.0,36.0,29.0,40.0,7.0,11.0,,26.0,48.0,21.0,37.0,,9.0,34.0,40.0,,35.5,32.5,43.0,19.0,,16.0,16.0,14.0,8.0,26.0,6.0,4.0,30.0,12.0,5.0,10.0,1.0,,,,2.0,22.0,18.0,37.5,16.0,25.0,42.0,13.0,,,47.0,,28.0,37.0,43.0,30.0
2013-10-28,15.0,33.5,24.0,1.0,39.0,47.0,,10.0,46.0,37.5,30.0,39.0,5.5,23.0,,23.0,48.0,17.0,25.0,,8.0,44.0,47.0,,30.0,36.0,42.0,35.5,,36.0,29.0,34.0,4.0,22.0,12.0,3.0,11.0,20.0,5.0,8.0,2.0,,,,7.0,13.0,14.0,33.0,16.0,27.0,39.0,18.0,,,35.0,,30.0,17.0,44.0,26.0
2013-10-29,14.0,29.0,18.0,44.0,26.0,17.0,,7.0,34.0,32.0,11.0,48.0,9.0,9.0,,26.0,40.0,32.0,43.0,,26.0,38.0,36.0,,23.0,46.5,42.0,37.5,,29.5,27.0,17.0,2.0,33.0,1.0,6.0,27.0,12.0,9.0,13.0,4.5,,,,23.0,4.5,20.0,15.0,22.0,36.0,45.0,3.0,,,47.0,,26.0,34.0,45.0,17.0
2013-10-30,5.0,12.0,5.0,48.0,46.0,32.5,,3.0,32.0,28.0,15.0,39.0,13.0,21.0,,21.0,49.0,36.0,39.5,,24.0,40.0,33.0,,25.5,26.5,44.0,39.0,,26.0,20.0,30.0,10.0,35.0,11.0,5.0,24.0,7.0,9.0,1.0,2.0,,,,16.5,19.0,14.0,26.0,17.0,39.0,40.0,8.0,,,44.0,,34.0,29.0,43.0,17.0
2013-10-31,18.0,11.0,22.0,45.0,44.0,13.0,,5.0,35.0,24.0,6.0,40.5,11.0,14.0,,26.5,42.0,30.0,29.5,,18.0,28.0,31.5,,46.0,20.0,48.0,38.0,,27.0,14.0,20.0,3.0,37.0,10.0,1.0,32.0,7.0,2.0,4.0,8.0,,,,19.5,24.5,12.0,28.0,16.0,38.0,45.0,20.0,,,43.0,,38.5,35.0,40.0,32.0
2013-11-01,25.0,12.0,14.0,25.0,34.0,18.5,,8.0,32.5,47.0,17.0,44.0,6.0,19.0,,33.0,48.0,23.0,45.0,,3.0,39.5,37.0,,46.0,23.5,40.0,12.0,,17.0,23.0,32.0,2.0,40.0,5.0,7.0,29.0,12.0,4.0,1.0,9.0,,,,16.0,22.0,12.0,30.5,23.0,34.0,44.0,15.0,,,46.0,,35.0,32.0,31.0,38.0
2013-11-04,9.0,6.0,34.0,44.0,46.0,14.0,,15.0,42.0,35.0,14.0,44.0,11.5,23.0,,41.0,39.0,31.0,41.0,,9.0,40.0,34.0,,47.0,33.5,17.5,25.0,,7.0,23.0,19.0,1.0,18.5,13.5,5.0,28.0,9.0,10.0,3.0,2.0,,,,20.0,24.5,18.5,42.0,4.0,34.0,38.0,21.0,,,48.0,,31.0,27.0,28.0,30.0
2013-11-05,22.0,5.0,7.0,22.0,46.0,42.0,,19.0,45.0,24.0,3.0,43.0,15.0,8.0,,27.0,39.0,15.0,40.0,,12.0,38.0,48.0,,45.0,15.5,31.0,28.0,,20.0,33.0,20.0,4.0,25.0,5.0,2.0,30.0,13.0,8.0,9.0,1.0,,,,27.0,25.0,14.0,33.0,19.0,38.0,44.5,17.0,,,42.0,,36.0,33.0,41.0,30.0
2013-11-06,14.0,31.0,4.0,41.0,45.0,17.0,,6.0,27.0,40.0,35.5,29.0,2.0,20.0,,16.0,44.0,27.0,37.0,,23.0,40.5,36.0,,45.0,26.0,35.0,23.0,,10.0,15.0,15.0,3.0,29.0,12.0,8.0,14.0,7.0,1.0,10.0,5.0,,,,36.0,19.0,22.5,10.0,23.0,42.0,44.0,33.0,,,48.0,,25.0,37.0,41.0,38.0
2013-11-07,9.0,23.0,2.0,47.0,38.0,28.0,,4.0,47.0,23.0,11.0,39.0,15.0,16.0,,18.0,46.0,26.0,42.0,,12.0,37.0,44.0,,34.0,20.0,40.0,1.0,,17.0,29.0,33.0,8.0,31.0,5.0,10.0,34.5,12.5,3.0,6.0,7.0,,,,23.5,30.0,35.0,25.0,25.0,44.5,45.0,21.0,,,41.0,,15.0,37.0,35.0,17.0
2013-11-08,43.0,6.0,12.0,34.0,44.0,39.0,,4.0,20.0,29.0,26.0,35.0,17.0,8.0,,21.0,38.0,26.0,41.0,,2.0,23.0,40.0,,46.0,26.0,49.0,27.0,,23.0,47.0,17.0,7.0,9.0,1.0,5.0,31.0,15.0,3.0,8.5,11.0,,,,37.0,13.0,19.0,32.0,29.0,43.0,33.0,14.0,,,24.0,,33.0,17.0,42.0,35.0
2013-11-11,20.0,12.0,12.5,48.0,35.0,36.0,,7.0,37.5,33.0,14.0,39.0,1.0,6.0,,16.0,29.0,24.0,31.0,,21.5,49.0,26.5,,41.5,27.5,45.0,38.0,,18.0,44.0,14.0,9.0,35.0,10.0,11.0,21.0,2.0,6.0,3.0,4.0,,,,20.0,28.5,23.0,6.0,25.0,38.0,42.0,19.0,,,46.0,,36.0,26.0,30.0,41.0
2013-11-12,12.0,14.0,5.0,39.5,45.0,38.0,,6.0,30.0,28.5,8.0,48.0,15.0,14.0,,37.5,38.0,26.0,46.0,,22.0,37.0,11.0,,44.0,21.0,41.0,18.0,,14.0,28.0,27.0,3.0,34.0,4.0,9.0,30.0,2.0,11.0,7.0,1.0,,,,15.0,32.0,20.0,18.0,32.0,47.0,46.0,34.0,,,43.0,,24.0,22.0,24.0,36.0
2013-11-13,35.0,18.5,12.0,43.0,42.0,14.0,,12.0,39.0,35.0,16.0,42.0,3.0,19.0,,19.5,39.0,27.0,39.0,,29.5,46.0,26.5,,45.0,32.0,46.0,24.0,,15.0,27.0,32.0,6.0,8.0,8.0,5.0,38.5,4.0,1.0,9.0,2.0,,,,25.0,32.5,21.0,8.0,24.0,45.0,37.0,15.0,,,43.0,,19.0,15.0,29.0,20.0
2013-11-14,29.0,27.0,12.0,44.0,37.0,10.0,,10.0,27.0,24.5,14.0,48.0,6.0,19.0,,18.0,32.5,22.0,29.0,,17.0,44.0,46.0,,38.0,35.0,3.0,30.0,,14.0,31.0,20.0,1.0,32.0,7.0,2.0,36.0,5.0,9.0,8.0,4.0,,,,41.0,43.5,14.0,16.0,21.0,40.0,38.0,26.0,,,43.0,,27.5,20.0,46.0,37.0
2013-11-15,27.0,11.0,11.0,39.5,38.5,38.0,,11.0,20.0,44.5,18.0,15.0,3.0,13.0,,24.0,25.0,24.5,43.0,,31.0,43.0,48.0,,38.0,38.0,46.0,31.5,,13.0,31.0,16.0,6.0,36.0,1.0,9.0,26.0,7.0,4.0,5.0,2.0,,,,21.0,32.0,28.0,8.0,16.0,39.0,44.5,21.0,,,43.0,,24.0,21.0,35.0,28.0
2013-11-18,33.0,15.0,16.0,40.0,44.0,30.0,,15.0,26.0,36.0,21.0,43.0,5.0,12.0,,19.0,47.0,29.5,38.0,,20.0,49.0,45.0,,46.0,35.0,37.0,20.0,,27.0,32.0,21.0,8.0,11.0,2.0,4.0,17.0,6.0,11.0,3.0,1.0,,,,27.0,36.0,23.0,7.0,9.0,40.0,41.0,16.5,,,43.0,,19.5,27.0,26.0,30.0
2013-11-19,12.0,37.0,15.0,35.0,39.0,4.0,,17.0,34.0,20.0,10.0,34.0,9.0,21.0,,42.5,45.0,29.0,23.0,,24.0,27.0,43.0,,44.0,44.0,48.0,39.5,,13.0,29.5,16.0,7.0,34.0,11.0,6.0,30.0,1.0,5.0,3.0,2.0,,,,22.0,26.0,17.0,8.0,31.0,46.0,38.0,39.0,,,45.0,,13.0,22.0,20.0,27.0
2013-11-20,40.0,13.0,12.0,24.0,40.5,12.0,,14.0,41.0,19.5,14.0,42.0,9.0,14.0,,27.0,46.0,27.0,17.0,,35.0,45.0,18.5,,37.5,47.0,49.0,30.0,,27.0,24.0,20.0,3.0,37.0,6.0,1.0,20.0,4.0,23.0,2.0,7.0,,,,20.0,16.0,5.0,8.0,29.0,38.0,29.0,34.0,,,43.0,,38.0,41.0,23.0,35.0
2013-11-21,12.0,36.0,10.0,35.0,43.0,15.0,,13.0,36.0,25.0,3.0,42.0,17.0,9.0,,28.0,31.0,29.0,21.0,,32.0,34.0,44.0,,48.0,48.0,41.0,46.0,,29.0,33.0,16.0,6.0,21.0,2.0,5.0,32.0,17.0,4.0,1.0,12.0,,,,14.0,27.0,8.0,7.0,24.5,29.5,40.0,20.0,,,47.0,,26.0,21.5,21.0,40.0
2013-11-22,28.0,20.5,15.0,38.0,33.0,20.0,,36.0,39.0,14.0,18.0,48.0,10.0,28.0,,40.0,36.0,20.0,15.0,,25.0,28.0,39.0,,46.0,43.5,22.0,31.5,,3.0,26.0,6.0,1.0,33.0,8.0,7.0,12.0,4.0,12.0,2.0,5.0,,,,34.0,20.0,12.0,9.0,35.0,41.0,37.0,23.5,,,43.0,,32.0,34.5,22.0,46.0
2013-11-25,27.0,30.0,21.0,14.0,42.5,15.0,,22.0,30.0,15.0,16.0,47.0,10.0,25.0,,39.0,26.0,32.0,22.0,,27.0,47.0,35.0,,46.0,39.0,37.0,44.0,,19.0,32.0,9.0,8.0,36.0,1.0,7.0,13.0,4.0,12.5,2.0,5.0,,,,27.0,23.0,3.0,6.0,11.0,43.0,42.0,18.0,,,45.0,,36.5,21.0,35.0,39.0
2013-11-26,30.0,33.0,2.0,18.0,41.0,20.5,,41.0,40.0,14.0,21.0,44.0,14.0,16.0,,33.0,16.0,19.5,11.0,,35.0,42.0,8.0,,45.5,48.0,36.0,38.0,,37.0,39.0,14.0,12.0,26.0,8.0,9.0,20.0,1.0,4.0,5.0,6.0,,,,29.0,26.5,9.0,3.0,23.0,28.0,46.0,23.0,,,47.0,,28.0,31.0,22.0,35.0
2013-11-27,33.0,37.0,15.0,13.0,36.0,9.0,,39.0,44.5,18.0,19.0,43.0,7.0,19.0,,31.5,42.0,28.0,16.0,,42.0,42.5,38.0,,44.0,29.5,44.5,44.5,,25.0,22.0,17.0,8.0,27.0,10.0,12.0,11.0,5.0,6.0,4.0,1.0,,,,30.0,26.0,2.0,3.0,24.5,23.0,35.0,24.0,,,15.0,,33.0,29.0,27.0,43.0
2013-11-28,26.0,5.0,21.0,16.0,41.5,26.0,,14.0,43.0,15.0,17.0,48.0,14.0,29.0,,28.0,19.0,38.0,9.0,,40.5,44.0,40.0,,43.0,46.0,24.0,29.0,,26.0,32.0,34.5,7.0,21.0,11.0,2.0,28.0,10.0,5.0,3.0,5.0,,,,14.0,25.0,1.0,8.0,19.0,33.5,34.0,34.0,,,35.0,,46.0,34.5,13.5,40.5
2013-11-29,25.0,40.5,23.0,27.0,41.0,8.0,,11.0,46.0,16.0,8.5,34.0,20.0,12.0,,18.0,27.0,32.0,5.0,,37.0,38.0,43.0,,38.5,43.0,45.0,48.0,,34.0,46.0,28.0,1.0,9.0,6.0,16.0,28.0,13.0,14.0,4.0,2.0,,,,31.0,13.0,3.0,9.0,18.0,30.5,36.0,22.0,,,33.5,,36.0,26.0,23.0,38.0
2013-12-02,36.0,33.0,22.0,15.5,35.0,32.0,,11.0,48.0,17.0,12.0,27.0,4.0,25.0,,29.0,25.0,43.0,1.0,,39.0,45.0,43.5,,46.0,45.0,15.0,19.0,,20.0,41.0,15.0,3.0,29.0,6.0,5.0,29.0,15.0,8.0,10.0,2.0,,,,35.0,24.0,9.0,7.0,19.0,31.5,41.0,31.0,,,36.0,,35.0,42.0,13.0,25.0
2013-12-03,34.0,28.0,4.0,8.0,27.0,26.5,,37.0,38.0,21.0,1.0,45.0,9.0,11.0,,21.0,32.5,31.5,16.0,,22.0,45.5,42.0,,41.0,42.0,46.0,48.0,,24.0,20.0,20.0,10.0,24.0,7.0,2.5,31.0,17.0,13.0,5.0,13.0,,,,41.0,12.0,2.5,6.0,23.5,36.0,33.0,35.0,,,37.0,,37.0,41.0,17.0,15.0
2013-12-04,28.0,13.0,17.0,15.0,38.5,43.0,,27.0,45.0,18.0,2.0,39.0,1.0,23.0,,24.5,31.0,40.0,6.0,,33.0,43.0,48.0,,46.0,34.0,31.0,38.0,,25.0,30.0,40.5,7.0,24.0,5.0,9.0,13.0,15.0,13.0,8.0,4.0,,,,33.0,3.0,13.0,10.0,24.0,20.0,33.5,20.0,,,25.5,,47.0,45.0,23.0,33.0
2013-12-05,30.0,23.0,2.0,17.0,32.5,38.0,,38.0,42.0,14.0,9.0,43.0,7.0,15.0,,16.0,36.0,37.5,33.0,,26.0,26.5,46.0,,47.0,34.0,48.0,21.0,,21.5,41.0,34.0,3.0,25.0,4.5,6.0,19.0,24.0,12.0,10.0,19.0,,,,35.0,13.0,4.5,1.0,18.0,12.0,35.0,30.0,,,26.0,,44.0,42.0,7.5,30.0
2013-12-06,43.0,28.0,1.0,23.0,39.0,29.0,,40.0,39.5,8.0,10.0,43.0,15.0,18.0,,28.0,44.0,29.0,7.0,,8.0,37.0,47.0,,44.0,41.0,2.0,44.0,,3.0,35.5,23.0,11.0,26.5,5.0,13.0,22.0,25.0,18.0,12.0,23.0,,,,28.0,16.0,13.0,5.0,20.5,28.5,33.0,20.0,,,49.0,,33.0,37.0,33.0,3.0
2013-12-09,38.0,27.5,5.0,22.0,32.0,28.0,,40.0,33.0,18.0,11.0,29.0,7.0,38.0,,44.5,36.0,23.5,12.5,,21.0,46.0,47.0,,41.0,32.0,41.0,43.0,,10.0,35.0,4.0,2.0,15.0,1.0,19.0,7.0,27.0,15.0,9.0,3.0,,,,28.0,15.0,19.0,12.0,38.0,35.0,36.0,25.0,,,47.5,,7.0,42.0,14.0,25.5
2013-12-10,22.0,27.0,6.0,26.0,47.0,40.0,,28.0,36.0,4.0,13.0,41.0,19.0,16.0,,38.0,19.0,25.0,29.0,,1.5,45.0,45.0,,47.0,40.5,38.5,32.0,,17.0,30.0,11.0,10.0,15.0,7.0,22.0,30.0,28.0,15.0,3.0,9.0,,,,45.0,12.0,19.5,1.5,8.0,33.0,33.0,19.0,,,25.0,,44.0,43.5,5.0,36.0
2013-12-11,15.0,19.0,2.0,18.0,40.0,35.0,,32.0,41.0,25.0,13.0,47.0,8.0,38.0,,38.0,23.0,33.0,28.0,,2.0,36.0,29.0,,43.0,47.0,47.0,17.0,,12.0,38.5,9.0,6.0,21.0,5.0,16.0,11.0,30.0,19.0,2.0,23.0,,,,23.0,7.0,4.0,10.0,29.0,33.5,40.0,41.0,,,32.5,,30.0,25.5,14.0,43.0
2013-12-12,34.0,8.0,5.0,27.0,44.5,33.0,,21.0,32.0,10.5,9.0,43.5,6.0,20.0,,36.0,19.0,27.0,23.0,,18.0,3.0,45.0,,44.0,46.5,47.0,33.0,,15.0,42.0,2.0,12.0,23.0,1.0,17.0,31.0,27.5,14.0,7.0,13.0,,,,39.0,30.0,4.0,13.0,25.0,30.0,43.0,40.0,,,32.5,,39.0,21.0,10.5,37.5
2013-12-13,24.0,4.0,6.0,24.0,41.0,37.5,,30.0,43.0,27.0,4.0,43.0,18.5,18.0,,44.0,27.0,40.0,30.0,,16.5,41.0,44.0,,43.0,37.0,44.5,48.0,,13.0,33.0,10.0,1.5,15.0,11.0,13.0,7.0,23.0,21.0,8.5,13.0,,,,27.0,4.0,19.0,16.0,30.0,37.0,24.5,33.0,,,26.0,,8.5,42.0,1.5,32.5
2013-12-16,16.0,27.0,9.0,12.0,29.0,39.0,,24.0,42.0,8.0,4.0,46.0,15.0,11.0,,36.0,38.0,16.0,29.0,,30.0,41.0,48.0,,45.0,44.0,44.0,35.0,,19.0,45.0,2.0,5.0,22.0,3.0,7.0,22.0,31.0,12.0,14.0,38.5,,,,25.0,19.0,6.0,18.0,25.0,34.0,28.0,36.0,,,31.0,,26.0,37.0,1.0,10.0
2013-12-17,39.5,34.0,9.0,18.0,42.0,25.0,,2.0,43.0,3.0,10.0,42.0,19.0,23.0,,44.0,25.0,13.5,36.0,,18.0,38.0,47.0,,47.0,7.0,42.0,48.0,,12.0,27.5,7.0,5.0,4.0,1.0,9.0,24.0,29.0,15.0,6.0,31.0,,,,27.0,28.0,27.0,14.0,19.0,21.5,37.0,32.5,,,44.0,,33.0,32.0,15.0,22.0
2013-12-18,32.0,30.0,8.0,11.0,42.0,28.0,,4.0,48.0,18.0,12.0,39.5,10.0,28.0,,21.0,24.0,32.0,34.0,,23.0,43.0,41.0,,40.0,31.0,42.0,39.0,,15.0,40.0,1.0,7.0,21.0,5.0,9.0,30.0,19.0,6.0,2.0,35.5,,,,32.5,15.0,3.0,13.0,24.5,15.0,45.0,22.5,,,29.0,,47.0,48.0,19.5,24.0
2013-12-19,36.0,33.0,8.0,24.0,41.0,31.0,,4.0,41.0,17.0,9.0,39.5,16.0,13.0,,35.0,24.0,17.0,25.0,,15.0,41.5,47.0,,42.5,37.0,38.0,31.0,,1.0,29.5,6.0,10.0,14.0,2.0,7.0,27.0,5.0,21.0,3.0,19.0,,,,39.0,27.0,22.0,12.0,19.0,32.0,49.0,44.0,,,43.0,,33.0,38.0,11.0,21.0
2013-12-20,4.0,30.0,2.0,8.0,45.0,21.0,,14.0,46.0,17.0,14.0,42.5,27.0,19.0,,34.5,38.0,37.0,27.0,,33.0,35.0,45.0,,43.0,41.0,39.0,30.0,,10.0,37.0,1.0,3.0,25.0,6.0,5.0,27.0,12.0,19.0,11.0,35.0,,,,25.0,18.5,21.0,7.0,19.0,25.0,48.0,43.0,,,26.0,,28.0,39.0,12.0,9.0
2013-12-23,39.0,24.0,1.0,8.0,32.0,22.0,,14.0,45.0,14.0,11.0,36.0,12.0,14.5,,41.0,35.0,17.0,38.0,,35.0,28.0,43.0,,33.0,46.0,20.0,43.0,,6.0,36.0,4.0,2.0,29.0,7.0,5.0,25.0,20.0,38.0,9.0,40.0,,,,15.5,20.0,22.0,17.0,29.0,30.0,29.0,25.5,,,45.0,,42.0,48.0,10.0,3.0
2013-12-24,36.0,18.0,16.0,12.0,19.0,23.0,,15.0,41.5,20.0,2.0,39.0,24.0,3.0,,29.0,24.5,47.0,27.0,,22.0,42.0,37.0,,39.0,45.0,40.0,38.0,,7.0,41.0,6.0,1.0,34.0,8.0,5.0,17.0,9.0,31.0,11.0,29.0,,,,34.0,4.0,24.0,19.0,10.0,14.0,46.0,43.5,,,45.0,,44.0,27.0,14.0,31.0
2013-12-27,20.0,23.0,11.0,6.0,38.5,45.0,,20.0,47.0,15.0,2.0,41.0,18.0,8.0,,37.0,27.0,37.5,33.5,,26.0,43.0,44.0,,47.0,33.0,25.0,35.0,,7.0,40.5,10.0,5.0,29.0,15.0,4.0,13.0,1.0,22.0,9.0,20.0,,,,30.5,12.0,3.0,37.0,32.0,41.0,26.0,30.0,,,48.0,,36.0,15.0,21.0,17.0
2013-12-30,20.0,31.0,6.0,5.0,26.0,18.0,,20.0,42.0,17.0,11.0,46.0,10.0,22.0,,30.0,40.0,44.0,35.0,,26.0,48.0,46.0,,35.0,15.0,39.0,34.0,,10.0,43.0,28.0,7.0,37.0,34.0,3.0,15.0,1.0,2.0,5.0,38.0,,,,25.5,15.0,7.0,29.0,21.0,20.0,41.0,31.0,,,44.0,,32.0,25.0,13.0,11.0
2013-12-31,42.5,29.0,11.0,9.0,35.0,28.0,,14.0,44.0,20.0,3.0,29.0,17.0,26.5,,34.0,28.0,19.0,44.0,,21.0,42.0,45.0,,41.0,38.0,28.0,48.0,,6.0,41.5,20.0,10.0,44.0,6.0,2.0,15.0,4.0,15.0,12.0,33.0,,,,22.0,22.5,12.0,30.0,26.0,6.0,39.0,31.5,,,43.0,,35.0,18.0,9.0,1.0
2014-01-02,23.0,20.0,3.0,6.0,41.0,31.0,,28.0,45.0,39.0,9.0,43.0,12.0,26.0,,23.0,28.5,47.0,42.0,,14.0,29.0,45.0,,35.0,38.0,18.0,36.0,,1.0,35.0,12.0,5.5,42.0,22.0,14.0,11.0,16.0,22.0,2.0,48.0,,,,5.0,18.0,8.0,12.0,28.0,33.0,32.0,21.0,,,31.0,,45.0,40.0,5.0,20.0
2014-01-03,24.0,23.0,13.0,2.0,31.0,36.0,,7.0,48.0,35.0,6.0,23.0,17.0,16.0,,35.0,39.0,33.0,30.0,,19.5,40.0,30.0,,45.0,13.0,10.0,42.0,,1.0,39.0,27.0,12.0,43.5,25.0,4.0,3.0,10.0,21.0,8.0,37.0,,,,20.5,17.0,26.5,15.0,32.0,44.0,44.0,39.0,,,29.0,,45.0,10.0,5.0,26.0
2014-01-06,34.0,35.0,6.0,26.0,19.0,35.0,,16.0,42.5,22.0,2.0,20.0,27.0,19.0,,30.0,39.0,46.0,39.0,,26.0,46.0,43.0,,46.0,16.0,39.5,47.0,,27.0,38.0,14.0,10.0,35.0,24.0,13.0,22.0,8.0,18.0,3.0,41.0,,,,4.0,8.0,11.0,15.0,7.0,3.5,38.0,34.5,,,30.0,,26.0,18.0,1.0,32.5
2014-01-07,45.0,41.0,8.0,12.0,33.0,19.0,,5.0,48.0,15.0,9.5,11.0,7.0,16.0,,26.0,43.0,46.0,47.0,,9.5,36.0,47.0,,44.0,27.5,37.0,25.5,,16.5,32.5,3.0,1.0,39.0,20.0,13.0,29.0,4.0,22.0,11.0,32.0,,,,2.0,38.0,20.0,34.0,18.0,32.5,40.0,35.0,,,28.0,,28.0,22.0,6.0,25.0
2014-01-08,22.0,23.0,36.0,22.0,38.0,44.0,,12.0,31.0,33.0,4.0,14.0,24.0,17.0,,33.0,40.0,48.0,28.0,,20.0,40.5,46.0,,34.5,19.5,26.0,33.0,,16.5,45.0,11.5,7.0,39.0,9.0,3.0,20.0,8.0,6.0,1.0,34.0,,,,12.0,30.0,26.0,3.0,10.0,42.0,42.0,31.0,,,16.5,,48.0,3.0,14.0,40.0
2014-01-09,30.0,32.0,25.0,19.5,34.0,16.0,,23.0,48.0,7.5,3.0,17.0,10.0,12.0,,43.5,41.0,45.0,34.0,,2.0,46.0,42.0,,47.0,12.5,37.5,36.0,,29.0,29.5,14.5,5.0,38.0,7.0,9.0,43.0,1.0,13.0,16.5,26.0,,,,11.0,20.0,5.0,40.5,20.0,26.5,44.0,28.0,,,26.0,,21.0,4.0,23.0,38.5
2014-01-10,42.5,29.0,29.0,40.0,47.0,39.0,,27.0,46.0,2.0,6.0,15.0,11.5,11.0,,36.0,44.0,37.0,37.5,,19.0,45.0,16.0,,38.0,25.0,34.0,20.0,,10.0,37.0,27.0,4.0,37.0,24.0,3.0,16.0,1.0,10.0,7.0,33.0,,,,10.0,18.0,22.0,33.0,20.0,43.0,48.0,17.0,,,23.5,,31.0,11.0,5.0,19.0
2014-01-13,44.0,44.5,25.0,13.0,39.0,31.0,,21.0,44.0,3.0,6.0,14.0,2.0,15.0,,39.0,31.0,41.0,46.0,,38.0,46.0,26.0,,40.0,31.0,35.0,21.5,,8.0,15.0,26.0,10.0,47.0,17.0,5.0,28.0,4.0,8.0,1.0,35.0,,,,9.0,28.0,26.0,33.5,23.0,20.0,25.5,17.5,,,28.0,,36.0,11.0,12.0,39.5
2014-01-14,37.0,43.0,25.0,18.0,48.0,21.0,,12.0,29.0,2.0,3.0,4.0,14.0,11.0,,40.0,47.0,45.0,46.0,,41.0,35.0,46.0,,43.0,16.0,33.5,26.0,,11.0,32.0,21.0,10.0,38.0,7.0,5.0,34.0,1.0,7.0,19.0,27.0,,,,6.0,26.0,19.0,25.0,22.0,16.0,36.0,25.0,,,29.0,,35.0,40.0,9.0,21.0
2014-01-15,38.0,29.0,23.0,14.0,47.0,47.0,,39.5,45.0,16.0,2.0,19.0,22.0,7.0,,32.0,40.0,26.5,46.0,,42.0,42.0,44.0,,37.0,37.0,32.0,39.0,,4.0,18.0,14.0,8.0,28.5,5.0,12.0,10.0,1.0,9.0,10.0,34.0,,,,6.0,29.0,3.0,20.0,19.0,13.0,31.0,29.0,,,23.0,,29.0,26.0,19.0,43.0
2014-01-16,4.0,24.0,32.0,7.0,42.5,35.5,,21.0,46.5,8.0,14.0,12.0,17.0,32.0,,41.0,28.5,47.0,28.0,,46.0,45.0,39.0,,41.0,40.0,26.0,35.5,,17.0,29.0,27.0,2.0,34.5,17.0,10.0,11.0,9.0,18.0,4.0,37.0,,,,17.0,29.0,23.0,25.0,6.0,41.0,35.5,13.0,,,3.0,,2.0,24.0,19.0,44.0
2014-01-17,18.0,30.0,27.0,28.0,27.0,32.0,,34.5,43.0,7.0,4.0,2.0,7.0,7.0,,40.0,47.0,40.0,42.0,,17.0,37.0,41.0,,21.0,46.0,47.0,23.5,,15.0,21.0,11.0,5.0,45.0,17.0,12.0,24.0,3.0,15.0,9.0,40.0,,,,1.0,31.0,20.0,29.0,16.0,33.0,37.0,43.0,,,28.0,,9.0,13.0,23.0,32.5
2014-01-20,36.0,40.0,25.0,11.0,22.0,19.0,,36.0,41.0,6.0,9.0,37.0,34.0,5.0,,28.0,39.0,46.0,33.0,,38.0,45.0,34.0,,41.0,45.0,23.0,45.5,,13.0,22.0,2.0,8.0,43.0,14.0,7.0,1.0,3.0,4.0,11.0,28.0,,,,18.0,43.0,40.0,24.0,19.0,16.0,10.0,27.0,,,32.0,,17.0,13.0,29.0,26.0
2014-01-21,37.0,38.0,25.0,20.0,30.0,19.0,,26.0,44.0,10.0,5.0,2.0,48.0,4.0,,42.0,46.0,19.0,34.0,,24.0,48.0,40.0,,42.0,43.0,25.0,44.0,,8.0,27.0,18.5,15.0,31.0,2.0,9.0,17.0,14.0,12.0,6.5,35.0,,,,6.5,24.0,14.0,26.0,3.0,35.0,27.0,40.0,,,37.0,,15.0,9.0,34.0,29.0
2014-01-22,34.0,16.0,19.0,13.5,38.0,22.0,,24.5,46.0,16.0,11.0,1.0,35.0,4.0,,42.0,47.0,29.0,36.0,,40.0,48.0,46.0,,37.5,40.5,17.0,44.0,,13.0,20.0,15.0,3.0,26.0,12.0,2.0,22.0,8.0,4.0,6.0,44.0,,,,26.0,31.0,20.0,29.0,10.0,36.0,41.0,31.0,,,6.0,,32.0,8.0,29.0,22.0
2014-01-23,42.0,29.0,23.0,35.0,42.5,16.0,,13.0,39.0,7.0,6.0,16.0,37.0,5.0,,40.0,46.0,19.0,31.0,,47.0,43.0,45.0,,19.0,47.0,45.0,33.5,,8.5,25.0,19.0,10.0,32.0,11.0,1.0,14.0,4.0,2.0,3.0,35.0,,,,20.0,33.0,25.0,27.0,13.0,45.0,29.0,23.0,,,8.0,,16.0,21.0,27.0,34.0
2014-01-24,29.0,14.5,27.0,21.0,36.0,25.0,,29.0,34.0,16.0,5.0,3.0,40.0,13.0,,1.0,48.0,26.5,26.0,,34.5,45.0,48.0,,45.0,39.0,44.0,37.0,,17.0,11.0,18.0,7.0,33.0,22.0,11.0,8.0,2.0,3.0,10.0,13.0,,,,30.0,35.0,6.0,34.5,9.0,25.0,41.0,38.0,,,43.0,,22.0,17.0,21.0,37.0
2014-01-27,16.0,35.0,23.0,15.0,46.0,13.0,,22.0,39.0,6.0,11.0,2.0,46.0,15.0,,20.0,42.0,21.0,14.0,,49.0,39.5,28.0,,36.5,35.0,43.0,40.0,,1.0,25.0,13.0,7.0,35.0,4.0,10.0,18.0,3.0,5.0,9.0,30.0,,,,25.0,36.0,32.0,28.0,21.0,40.0,8.0,35.5,,,39.0,,30.0,19.0,43.0,29.0
2014-01-28,40.0,33.5,24.0,9.0,48.0,14.0,,40.5,44.5,37.0,16.0,11.0,26.0,9.0,43.5,42.0,48.0,33.0,24.0,,46.5,27.0,46.0,,42.0,33.0,41.0,33.0,,4.5,3.0,18.0,8.0,38.0,13.0,12.0,20.0,7.0,15.0,6.0,21.0,,,,2.0,23.0,4.5,43.0,35.0,30.0,20.0,17.0,,,32.5,,1.0,20.0,29.0,28.0
2014-01-29,42.0,30.0,5.0,16.0,44.0,16.0,,23.0,39.0,11.5,2.0,24.0,34.0,9.0,36.5,28.0,43.0,34.0,32.0,,45.0,49.0,38.5,,36.0,49.0,40.0,24.0,,29.0,10.0,14.0,8.0,27.0,7.0,13.0,3.0,1.0,21.0,14.0,18.0,,,,11.5,42.0,6.0,27.0,4.0,39.0,26.0,24.0,,,28.0,,22.0,18.0,47.0,46.0
2014-01-30,45.0,39.0,18.0,14.0,49.5,23.0,,25.0,32.0,22.0,9.0,15.0,42.0,10.0,27.0,41.0,45.0,35.0,32.0,,47.0,32.0,48.0,,47.0,40.0,42.5,23.0,,16.0,1.0,12.0,2.0,35.0,7.0,3.0,4.0,5.5,18.0,12.0,25.0,,,,15.0,28.0,5.5,20.0,29.0,38.0,8.0,33.5,,,36.0,,27.0,20.0,39.0,12.0
2014-02-04,44.0,44.0,5.0,21.0,48.0,23.0,,36.0,13.0,23.0,4.0,19.0,39.0,11.0,40.0,16.0,44.0,28.0,24.0,,49.0,40.0,29.0,,34.5,47.0,34.0,37.0,,20.0,8.0,12.0,2.0,25.0,1.0,15.0,17.0,9.0,4.0,7.0,36.0,,,,28.0,17.0,14.0,39.0,30.0,30.0,4.0,25.0,,,32.0,,36.0,33.0,45.0,10.0
2014-02-05,29.0,44.0,3.5,27.0,45.0,14.0,,21.5,39.0,12.0,13.0,6.0,41.0,11.0,50.0,37.0,44.0,26.0,26.0,,48.0,36.0,42.0,,39.0,34.0,46.0,35.0,,23.0,5.0,3.5,9.0,32.0,7.0,15.0,23.0,2.0,1.0,8.0,32.0,,,,30.0,15.5,25.0,47.0,11.0,36.0,20.0,17.0,,,33.0,,19.0,16.5,28.0,18.0
2014-02-06,41.0,29.0,20.0,17.0,45.0,11.0,,19.0,37.0,13.5,6.0,33.0,40.0,10.0,47.5,44.0,47.0,36.0,16.0,,26.0,37.0,34.0,,46.0,49.0,42.0,38.0,,2.0,3.0,19.5,12.0,28.0,8.0,5.0,18.5,7.0,9.0,4.0,24.0,,,,1.0,26.0,23.0,45.0,26.0,33.0,16.0,31.0,,,34.5,,23.0,14.0,31.0,22.0
2014-02-07,45.0,38.0,8.0,14.0,44.0,17.0,,17.0,32.0,15.0,5.0,28.0,39.0,10.0,49.0,21.0,47.0,21.0,39.0,,40.0,34.0,42.0,,41.0,35.0,43.0,34.0,,2.0,1.0,23.0,12.0,7.0,4.0,13.0,21.0,11.0,6.0,19.0,33.0,,,,27.0,35.0,26.0,31.0,24.0,31.0,3.0,17.0,,,31.0,,49.0,22.0,47.0,9.0
2014-02-10,42.0,45.0,17.5,4.0,43.0,14.0,,25.5,29.0,13.0,25.0,25.0,47.0,10.0,46.0,19.0,47.0,34.0,20.5,,39.0,25.0,38.5,,49.0,28.0,48.0,37.0,,4.0,1.0,35.0,2.0,32.0,12.0,8.0,21.0,11.0,9.0,6.0,41.0,,,,4.0,20.0,17.0,31.0,15.0,28.0,7.0,21.0,,,38.5,,28.0,31.0,36.0,19.0
2014-02-11,35.0,48.0,5.0,15.0,33.5,24.0,,29.0,42.0,26.5,7.0,23.0,35.0,11.5,40.5,14.0,48.0,25.0,32.0,,30.0,44.0,43.5,,39.0,26.5,50.0,42.0,,11.5,3.0,33.0,6.0,34.0,9.0,19.0,18.0,4.0,1.0,10.0,45.0,,,,2.0,21.0,14.0,23.0,18.5,39.0,8.0,21.0,,,23.0,,41.0,33.5,36.0,15.0
2014-02-12,32.0,49.0,21.0,32.0,37.0,14.0,,45.0,29.0,8.0,16.0,37.0,35.0,22.0,42.0,20.5,48.0,16.0,38.0,,43.0,37.0,46.5,,44.0,41.0,45.5,30.0,,9.0,2.0,24.0,3.0,33.0,1.0,12.0,27.0,13.5,10.0,6.0,41.0,,,,7.0,22.0,5.0,30.0,16.0,18.0,4.0,19.0,,,11.0,,27.0,25.0,40.5,26.0
2014-02-13,43.0,44.0,12.0,16.0,30.0,23.0,,21.0,29.0,17.0,6.0,33.0,26.0,12.0,35.0,30.5,46.0,40.0,48.0,,39.0,36.0,22.0,,46.0,36.0,42.0,46.0,,17.0,21.5,28.0,8.0,26.0,2.0,9.0,16.0,10.0,6.0,3.0,48.0,,,,1.0,30.0,4.0,38.0,18.0,16.0,6.0,13.0,,,34.0,,33.5,21.0,40.0,21.0
2014-02-14,17.0,19.0,10.0,37.0,36.0,26.0,,33.0,45.0,8.0,13.0,40.5,32.0,21.0,38.0,41.0,48.0,30.0,45.0,,30.0,47.0,41.0,,35.0,44.0,42.5,39.0,,5.0,4.0,23.0,9.0,20.0,2.0,12.0,11.0,3.0,14.0,7.0,39.0,,,,1.0,27.0,6.0,23.0,18.0,25.0,23.0,21.0,,,28.0,,15.0,27.0,46.0,17.5
2014-02-17,46.0,12.0,13.0,33.0,26.0,32.0,,23.0,40.0,14.0,3.0,39.0,25.0,14.0,40.0,23.0,46.0,10.0,42.0,,36.0,44.0,29.5,,49.0,44.0,44.0,39.0,,25.0,5.5,23.0,1.0,27.0,9.0,5.5,17.0,8.0,2.0,4.0,31.0,,,,7.0,35.0,11.0,32.0,28.0,17.5,19.0,23.0,,,33.0,,21.0,16.0,46.0,30.0
2014-02-18,26.0,4.0,33.5,26.0,40.0,28.0,,40.0,41.0,10.0,7.0,30.0,30.0,3.0,46.0,8.5,48.0,13.5,31.5,,47.0,44.0,23.0,,45.5,35.0,32.0,40.0,,2.0,23.0,18.0,12.0,34.0,1.0,8.5,21.0,14.0,6.0,4.0,47.0,,,,11.0,30.0,14.0,35.0,21.0,21.0,17.0,25.5,,,44.0,,15.0,25.0,37.0,37.0
2014-02-19,49.0,39.0,28.0,14.5,47.0,20.0,,40.0,35.5,20.5,7.0,31.0,27.0,5.0,41.0,29.0,28.0,43.0,28.5,,46.0,40.0,29.5,,44.0,38.0,21.0,23.0,,10.0,3.0,17.0,9.0,23.0,2.0,6.0,13.0,12.0,7.0,1.0,36.5,,,,16.0,11.0,14.0,32.0,4.0,42.0,20.5,44.0,,,33.0,,19.0,22.0,44.0,36.0
2014-02-20,32.0,30.5,3.0,39.0,25.0,35.0,,31.0,36.0,16.0,26.0,25.0,24.0,13.5,46.0,10.0,49.0,20.0,41.0,,46.0,43.0,37.0,,45.0,37.0,41.5,44.0,,1.0,10.0,15.0,8.0,32.0,7.0,4.0,20.0,5.0,10.0,6.0,26.0,,,,29.0,20.0,17.0,42.0,2.0,29.0,12.0,13.5,,,40.0,,26.0,20.0,37.0,20.0
2014-02-21,24.5,8.5,10.0,19.0,19.0,30.5,,35.0,39.0,5.0,17.5,30.0,42.0,14.0,34.0,22.0,46.0,42.0,40.0,,7.0,31.0,34.0,,48.0,47.0,38.0,35.0,,13.0,19.0,2.0,3.0,23.0,8.5,1.0,11.0,15.0,6.0,11.0,43.0,,,,29.0,26.0,4.0,38.0,14.0,44.0,33.0,33.0,,,47.0,,19.0,26.0,36.0,18.0
2014-02-24,33.0,23.0,4.0,44.0,45.0,17.0,,25.0,38.0,22.0,14.0,29.0,30.0,10.0,41.0,36.0,45.0,19.0,46.0,,50.0,35.0,35.0,,44.5,38.0,44.5,32.5,,3.0,31.0,1.0,9.0,5.0,8.0,6.0,24.0,16.0,7.0,2.0,36.5,,,,11.0,12.0,13.0,39.0,22.0,20.0,21.0,17.0,,,31.5,,30.0,17.0,47.0,24.0
2014-02-25,47.0,1.0,4.0,24.0,26.0,34.0,,32.0,39.0,18.0,16.0,21.0,45.0,3.0,33.0,23.0,48.0,16.0,37.5,,40.0,44.0,39.0,,46.0,43.0,37.0,44.0,,5.0,29.0,29.0,7.0,23.0,2.0,6.0,14.0,13.0,11.0,8.0,37.0,,,,28.0,26.5,9.0,40.0,10.0,20.0,19.5,14.0,,,29.0,,32.0,15.0,40.0,22.5
2014-02-26,44.0,45.0,10.0,22.0,40.0,32.0,,14.0,46.0,23.0,19.0,35.0,31.0,7.5,40.5,14.0,40.0,29.0,37.0,,37.0,31.0,39.0,,48.0,46.0,45.5,44.0,,17.0,24.0,22.5,2.0,5.0,3.0,9.0,28.0,14.0,11.5,1.0,34.0,,,,35.0,26.0,4.0,27.0,6.0,14.0,18.0,26.0,,,21.0,,7.5,11.5,48.0,19.5
2014-02-27,47.0,1.0,9.0,13.0,49.0,31.5,,36.0,42.5,16.0,21.0,30.0,27.0,8.0,50.0,24.0,36.0,27.0,36.0,,46.0,31.0,39.0,,36.0,41.0,37.0,45.0,,2.0,22.0,24.0,3.0,18.0,4.0,6.0,13.0,10.0,11.0,13.0,38.0,,,,32.0,28.0,7.0,40.0,24.0,16.0,5.0,19.0,,,30.0,,21.0,16.0,45.0,19.5
2014-02-28,50.0,42.5,1.0,40.0,45.0,29.0,,20.0,40.0,18.0,23.0,32.0,27.0,17.0,29.0,36.0,47.0,29.0,44.0,,49.0,31.0,31.0,,18.0,38.0,33.0,46.0,,4.0,21.0,28.0,6.0,15.0,11.0,3.0,11.0,2.0,9.0,8.0,41.0,,,,5.0,25.0,15.0,36.0,17.5,21.0,7.0,14.0,,,26.0,,23.0,35.0,45.0,9.5
2014-03-03,45.0,47.0,2.0,19.0,32.0,31.5,,16.0,36.0,9.0,32.0,32.0,23.0,4.0,47.0,37.0,49.0,16.0,38.0,,29.0,36.0,38.5,,41.0,44.0,41.0,43.5,,19.0,27.0,10.0,3.0,13.0,11.0,5.0,11.0,8.0,13.0,7.0,32.0,,,,30.0,25.0,6.0,44.0,16.5,16.0,1.0,20.0,,,29.0,,26.0,20.0,49.0,23.5
2014-03-04,44.0,39.0,2.0,37.0,32.5,29.0,,32.0,29.5,13.0,27.0,25.0,23.0,7.0,47.0,32.0,48.0,20.0,42.0,,28.0,41.0,38.0,,42.0,46.0,44.0,38.0,,13.0,23.5,5.0,3.0,14.0,1.0,11.0,9.0,10.0,15.0,8.0,35.5,,,,25.0,19.5,6.0,47.0,32.0,19.0,4.0,19.0,,,23.0,,31.0,14.0,45.0,17.0
2014-03-05,44.5,42.0,11.0,47.0,35.0,30.5,,27.0,37.0,16.0,31.0,32.0,18.0,11.0,48.0,25.0,48.0,39.0,45.0,,40.0,37.0,29.0,,49.0,26.0,22.0,40.5,,17.0,27.0,2.0,1.0,25.0,4.0,8.0,19.5,5.0,3.0,6.0,31.0,,,,22.0,15.0,7.0,31.0,27.0,37.0,10.0,13.0,,,15.0,,22.5,9.0,44.0,25.0
2014-03-06,47.0,39.0,2.0,38.0,50.0,24.0,,26.0,39.0,14.0,25.0,41.5,12.0,1.0,48.0,24.0,46.5,42.0,47.0,,31.0,38.0,30.0,,45.0,25.0,37.0,42.0,,13.0,32.0,8.0,9.0,3.5,15.0,7.0,18.0,17.0,20.5,6.0,36.0,,,,22.0,15.0,5.0,21.0,30.0,38.0,11.0,18.0,,,34.0,,10.0,3.5,29.0,21.0
2014-03-07,49.0,40.5,4.0,39.0,23.5,35.0,,30.0,39.0,23.0,23.0,27.0,2.0,7.0,46.0,36.5,46.0,42.0,46.0,,26.0,39.0,30.0,,45.0,34.5,18.0,41.5,,13.0,18.0,12.0,6.0,34.0,8.0,3.0,31.0,11.0,15.0,1.0,36.0,,,,22.0,20.0,10.0,27.5,15.0,43.0,9.0,17.0,,,32.5,,16.0,5.0,34.0,27.5
2014-03-10,48.0,28.0,5.0,36.0,40.0,35.0,,32.0,36.5,16.0,27.5,26.0,1.0,2.0,44.0,24.0,47.0,37.5,43.0,,41.5,40.0,21.0,,50.0,36.0,35.0,42.5,,17.0,22.0,11.0,4.0,21.0,10.0,6.0,31.0,15.0,21.0,7.0,33.0,,,,25.0,22.0,8.0,38.0,23.0,41.0,12.0,14.0,,,17.5,,12.0,3.0,36.0,9.0
2014-03-11,46.0,42.0,10.0,42.0,49.0,37.0,,30.0,32.0,20.0,26.0,22.0,12.0,9.0,48.0,28.0,44.0,37.0,40.0,,33.0,35.5,24.0,,49.0,32.5,30.0,44.0,,5.0,26.0,6.0,8.0,19.0,4.0,3.0,13.0,16.0,22.0,16.0,17.0,,,,23.0,29.0,2.0,7.0,11.0,41.0,1.0,13.0,,,37.5,,33.0,18.0,36.0,24.0
2014-03-12,37.0,33.0,8.0,44.0,47.0,22.0,,21.0,31.0,23.0,30.5,5.0,27.0,6.0,43.0,33.0,49.0,40.0,46.0,,41.0,41.0,41.0,,50.0,39.0,14.0,44.0,,17.0,20.0,18.0,7.0,35.0,2.0,4.0,23.0,10.0,15.0,3.0,28.5,,,,11.0,36.0,13.0,20.0,11.0,30.0,1.0,18.0,,,23.0,,27.0,8.0,36.0,29.0
2014-03-13,40.0,24.0,15.0,46.0,26.0,30.0,,23.0,41.0,17.0,24.5,34.0,18.0,10.0,44.0,37.0,42.0,38.0,48.0,,15.0,42.0,48.0,,40.0,40.0,7.0,45.0,,14.0,31.0,11.0,1.0,26.0,9.0,4.0,21.0,5.0,2.0,13.0,24.0,,,,20.0,37.0,21.5,31.0,12.0,45.0,3.0,8.0,,,33.0,,28.0,6.0,37.0,26.5
2014-03-14,41.0,14.0,16.0,32.0,48.0,36.5,,22.0,41.0,24.0,7.0,35.5,18.0,10.0,46.0,39.0,44.0,27.0,43.0,,30.0,41.0,42.0,,40.0,29.5,19.0,50.0,,14.0,18.0,10.0,5.0,25.0,6.0,8.0,21.0,12.0,3.0,4.0,35.0,,,,32.0,25.0,19.0,32.0,10.0,46.0,1.0,20.0,,,29.5,,12.0,2.0,41.5,28.0
2014-03-17,29.0,30.0,16.0,33.5,45.0,40.0,,22.0,41.0,29.0,10.0,34.0,6.0,16.0,48.0,30.0,46.0,38.0,39.0,,19.0,36.5,34.0,,44.0,37.0,2.0,50.0,,9.0,37.0,10.0,2.0,26.0,4.0,7.0,2.0,24.0,13.0,8.0,19.0,,,,15.0,17.5,23.0,39.0,22.0,44.0,16.0,20.0,,,30.0,,11.0,5.0,41.0,26.0
2014-03-18,31.0,32.0,22.0,47.0,42.0,49.0,,29.0,41.0,11.0,21.0,38.0,17.0,11.0,44.0,27.0,44.0,16.0,49.0,,28.0,45.0,21.0,,37.0,19.0,7.0,47.0,,10.0,35.5,13.0,8.0,36.0,20.0,3.0,23.0,6.0,17.0,5.0,39.0,,,,16.0,27.0,32.0,13.0,34.5,35.5,2.0,25.0,,,29.0,,2.0,9.0,36.5,2.0
2014-03-19,30.0,11.0,12.0,19.0,46.0,42.0,,45.0,42.0,17.0,23.0,38.0,4.0,15.0,49.0,27.0,44.0,34.0,47.0,,8.0,37.0,36.0,,36.0,29.0,26.0,50.0,,20.0,35.5,3.0,1.5,24.0,15.0,9.0,1.5,4.0,20.0,7.0,22.0,,,,34.0,15.0,37.0,24.0,36.0,41.0,9.0,23.0,,,31.0,,13.0,6.0,31.0,21.5
2014-03-20,32.0,20.0,32.0,24.5,45.0,47.0,,33.0,39.0,5.0,29.0,21.0,2.0,11.0,45.0,37.5,44.0,35.0,43.0,,4.0,37.0,46.0,,40.0,37.5,3.0,50.0,,26.0,36.0,13.0,7.0,15.5,14.0,8.0,17.0,20.0,24.0,9.0,18.0,,,,24.0,11.0,36.0,11.0,36.0,48.0,33.0,22.0,,,22.0,,1.0,6.0,30.0,14.0
2014-03-21,32.0,24.0,25.0,44.0,47.0,40.0,,23.0,43.0,20.0,20.5,37.0,3.0,32.0,45.5,27.0,42.0,40.0,50.0,,21.0,45.0,18.0,,34.5,37.0,6.0,43.0,,24.0,41.0,7.0,10.0,1.5,15.0,12.0,14.0,18.0,12.0,11.0,20.0,,,,5.0,26.0,29.0,32.0,37.0,42.0,4.0,9.0,,,17.0,,8.0,1.5,35.0,29.0
2014-03-24,24.0,29.0,22.5,43.0,41.0,42.0,,26.0,40.5,22.0,20.0,27.0,2.0,17.0,48.0,34.5,47.0,41.0,49.0,,39.0,36.0,43.0,,35.0,20.5,2.0,38.0,,15.0,31.5,9.0,5.0,19.0,2.0,11.0,3.0,12.0,21.0,8.0,23.0,,,,26.0,17.0,28.0,15.0,45.0,45.0,10.0,14.0,,,28.0,,6.0,7.0,35.0,31.0
2014-03-25,26.0,27.0,19.0,32.0,47.5,49.0,,20.0,32.0,40.0,15.0,44.0,14.0,22.0,43.0,33.0,43.0,40.0,48.0,,15.0,33.5,35.0,,38.0,40.0,37.0,43.0,,19.0,33.5,13.0,8.0,22.0,17.0,10.0,5.0,8.0,7.0,3.0,1.0,,,,6.0,22.0,24.0,23.0,27.0,37.5,12.0,2.0,,,29.0,,4.0,11.0,29.0,44.0
2014-03-26,22.0,40.0,11.0,36.0,45.0,42.0,,18.0,33.0,30.0,9.0,33.0,2.0,29.0,46.0,42.0,50.0,48.0,42.0,,46.5,34.0,26.0,,42.0,34.5,9.5,39.0,,20.0,33.0,5.0,12.0,18.0,16.0,7.0,4.0,15.0,7.0,14.0,8.0,,,,18.0,21.5,32.0,24.0,29.0,39.0,27.0,23.0,,,1.0,,3.0,13.0,31.0,26.0
2014-03-27,9.0,28.0,34.0,41.0,49.0,44.0,,16.0,38.0,27.5,4.0,39.0,14.0,11.0,46.0,35.0,49.0,28.0,46.0,,23.0,23.0,43.0,,43.0,39.0,8.0,34.0,,3.0,37.0,1.0,25.0,23.0,30.0,25.0,15.0,7.0,5.0,22.0,13.0,,,,6.0,18.0,23.0,34.5,37.0,47.0,16.0,11.0,,,32.0,,2.0,9.0,31.0,19.0
2014-03-28,36.0,45.0,22.0,39.5,32.0,45.0,,22.0,43.0,24.0,17.0,41.0,5.0,24.0,45.0,26.0,49.0,34.0,45.0,,40.0,28.0,46.0,,48.0,35.0,6.0,23.0,,3.0,21.0,1.0,14.0,30.0,16.0,10.5,22.5,31.0,5.0,12.0,5.0,,,,9.0,14.0,16.0,15.0,37.5,32.0,20.0,2.0,,,35.0,,8.0,9.0,38.0,28.0
2014-03-31,39.0,36.5,29.0,28.0,44.0,46.0,,20.0,41.0,35.5,19.0,44.0,15.0,14.0,45.0,25.0,48.0,46.5,36.0,,47.0,39.0,32.5,,32.0,30.0,26.0,48.0,,1.0,35.0,32.0,3.0,17.0,10.0,16.0,24.0,21.0,8.0,9.0,12.0,,,,6.0,3.0,24.0,11.0,13.0,39.0,25.0,7.0,,,3.0,,4.0,18.0,26.0,27.0
2014-04-01,28.0,30.0,20.0,37.0,43.0,44.0,,37.0,44.0,22.0,25.0,41.0,12.0,13.0,49.0,41.0,48.0,43.0,45.0,,21.0,32.0,40.0,,34.0,34.0,31.5,50.0,,3.0,35.0,18.0,6.0,7.0,27.0,4.0,24.0,18.0,14.0,1.0,10.0,,,,19.0,9.0,6.0,2.0,35.0,29.5,25.0,18.0,,,28.0,,5.5,10.0,31.0,15.0
2014-04-02,36.0,28.5,33.0,39.5,48.0,44.0,,48.0,39.0,27.0,20.0,37.0,9.0,18.0,44.0,35.5,43.0,31.0,41.0,,34.0,30.0,45.0,,38.0,32.0,12.0,46.0,,6.0,18.0,4.0,6.0,1.0,30.0,8.0,29.0,20.0,22.0,17.0,25.0,,,,12.0,18.0,2.0,10.0,30.0,45.0,4.0,4.0,,,23.0,,15.0,12.0,23.0,14.0
2014-04-03,31.5,22.0,30.0,44.0,45.0,46.0,,25.0,37.5,34.0,18.0,40.0,16.0,5.0,46.0,13.0,49.0,37.0,4.0,,27.0,41.0,46.0,,45.0,31.0,12.0,37.5,,2.0,30.5,21.0,23.0,29.0,34.0,11.0,35.0,16.5,39.0,14.0,24.0,,,,23.0,3.0,34.0,7.0,28.0,43.0,14.0,18.0,,,7.5,,7.0,10.0,8.0,1.0
2014-04-04,20.0,32.5,23.0,40.0,46.0,43.0,,24.0,43.0,21.0,3.0,28.0,14.0,11.0,47.0,24.0,50.0,42.0,32.5,,39.0,24.0,44.0,,42.5,20.0,39.0,48.0,,2.0,33.0,30.0,8.0,10.0,28.0,5.0,35.0,16.0,38.5,18.0,2.0,,,,9.0,6.0,15.5,13.0,27.0,27.0,36.0,12.0,,,8.0,,16.0,20.0,35.0,2.0
2014-04-07,18.0,34.0,25.0,35.5,49.0,42.0,,25.0,40.0,24.0,8.0,28.0,5.0,15.0,45.0,25.0,48.0,46.0,32.0,,35.0,40.0,35.0,,39.0,22.5,44.0,47.0,,13.0,5.0,19.0,17.0,1.0,34.0,3.0,40.0,31.0,38.0,13.0,5.0,,,,7.0,17.0,28.0,2.0,21.0,40.0,26.0,8.0,,,10.0,,11.0,28.0,17.0,12.0
2014-04-08,27.0,35.5,30.0,33.0,38.0,38.0,,32.0,40.0,28.0,5.0,20.0,1.0,4.0,46.5,16.0,48.0,36.0,41.0,,33.0,25.5,43.0,,44.0,18.0,10.0,46.0,,24.0,14.0,6.0,36.0,14.0,41.0,2.0,44.0,19.0,39.0,9.0,8.0,,,,22.0,19.0,24.0,3.0,22.0,47.5,14.0,7.0,,,17.0,,11.5,11.0,26.0,31.0
2014-04-09,11.0,33.0,22.0,39.0,49.0,45.0,,18.0,38.0,17.0,10.0,32.0,3.0,1.0,45.0,23.0,49.0,42.0,34.0,,30.0,43.0,43.0,,43.5,21.0,38.5,47.0,,6.0,9.0,8.0,22.0,35.0,19.0,7.0,34.5,27.0,39.0,4.0,27.0,,,,15.0,18.5,34.0,2.0,29.0,30.0,16.0,11.0,,,14.0,,5.0,25.0,16.5,20.0
2014-04-10,23.0,34.0,27.0,31.0,42.0,40.0,,20.0,25.0,28.0,14.0,28.0,25.0,9.0,42.0,5.0,50.0,46.0,34.0,,42.5,2.0,45.0,,31.0,30.0,37.0,46.0,,3.0,11.0,34.0,16.5,28.0,24.0,3.0,42.0,5.0,39.0,11.0,7.0,,,,1.0,19.0,36.5,13.0,16.5,47.0,11.0,15.0,,,8.0,,19.0,19.0,35.0,37.0
2014-04-11,20.5,31.0,30.5,36.0,49.0,36.0,,29.0,40.0,21.0,5.0,33.0,17.0,7.0,42.0,25.0,40.5,39.0,42.0,,18.5,5.0,37.5,,46.0,19.0,33.0,46.0,,4.0,29.0,8.0,18.0,35.0,38.0,1.0,24.0,7.0,14.0,5.0,16.0,,,,25.0,35.5,42.0,11.0,28.0,48.0,14.0,14.0,,,12.0,,10.0,2.0,22.0,37.0
2014-04-14,14.0,35.5,32.5,24.0,40.0,44.0,,25.0,31.0,18.5,1.0,19.0,11.0,13.5,42.0,21.5,35.5,29.0,40.5,,18.0,41.5,46.0,,45.0,38.0,32.0,48.0,,7.0,16.0,28.0,38.5,19.0,35.0,5.0,35.0,2.0,41.0,10.0,25.0,,,,11.0,17.0,37.0,5.0,25.0,49.0,45.0,16.0,,,7.0,,3.0,5.0,9.0,23.0
2014-04-15,23.0,40.0,15.0,16.0,45.0,39.0,,32.0,46.0,21.0,10.0,41.0,7.0,2.0,48.5,37.0,46.5,22.5,27.0,,43.0,11.0,30.5,,49.0,15.0,41.5,40.0,,18.5,29.0,31.0,21.0,34.5,37.5,4.0,34.0,2.0,27.0,12.0,28.0,,,,7.0,12.0,31.0,5.0,16.0,38.0,32.0,23.0,,,6.0,,2.0,8.5,26.0,17.0
2014-04-16,26.0,24.0,26.0,33.0,48.0,31.0,,44.0,47.0,6.5,19.0,25.0,27.0,3.0,45.5,7.0,39.0,11.0,42.0,,30.0,20.0,39.0,,42.0,36.0,43.0,47.0,,3.0,22.0,31.0,15.0,6.0,29.0,2.0,39.0,5.0,32.0,19.0,18.5,,,,13.0,9.0,34.0,2.0,22.0,49.0,36.0,13.0,,,15.0,,11.0,11.0,34.0,23.0
2014-04-17,35.0,25.0,22.0,43.0,32.0,48.0,,30.5,45.0,22.0,19.0,38.0,27.0,10.0,50.0,31.0,41.0,8.0,41.0,,19.0,36.0,43.0,,39.0,2.0,37.0,47.0,,33.0,2.0,12.0,15.0,30.0,18.0,34.5,40.0,8.0,5.0,18.0,10.0,,,,4.0,13.0,26.0,7.0,23.0,29.0,21.0,42.0,,,15.0,,5.0,2.0,33.0,16.0
2014-04-22,36.0,17.5,25.0,26.0,36.0,42.0,,33.0,39.5,24.0,9.0,25.0,42.0,28.0,46.0,37.0,47.0,20.5,45.0,,30.5,16.0,48.0,,33.0,5.5,31.0,48.0,,40.0,14.0,21.0,8.0,45.0,16.0,11.0,19.0,21.0,5.5,4.0,3.0,,,,1.0,7.0,37.0,2.0,39.0,14.0,21.0,35.0,,,14.0,,12.0,10.0,31.0,28.0
2014-04-23,12.0,16.0,24.0,39.0,42.0,37.0,,31.0,38.0,25.0,34.0,46.0,12.0,7.0,48.0,42.0,45.0,17.0,35.0,,19.0,10.0,37.0,,30.0,6.0,46.0,44.0,,40.5,3.5,16.0,13.0,37.0,22.0,19.0,25.0,10.0,7.0,20.0,9.0,,,,1.0,2.0,34.0,3.5,29.0,29.5,26.0,28.0,,,22.0,,14.0,37.0,42.5,9.5
2014-04-24,6.0,29.0,19.0,39.0,44.0,31.0,,4.0,47.0,46.0,19.0,31.5,19.0,25.5,34.5,45.0,48.0,17.0,31.0,,42.0,29.0,36.5,,44.0,12.0,23.0,46.0,,39.0,34.0,25.0,1.0,2.0,36.5,6.0,25.0,12.5,9.0,3.0,11.0,,,,8.0,21.5,39.0,5.0,16.0,37.0,35.0,29.0,,,14.0,,9.0,17.0,17.0,33.0
2014-04-25,20.5,32.0,4.0,39.0,37.0,45.0,,11.0,45.0,6.0,40.0,45.0,12.0,21.0,32.0,24.0,44.0,28.0,32.0,,2.0,13.0,24.0,,48.0,8.0,42.0,49.0,,31.0,15.0,25.0,13.0,37.0,23.0,8.0,28.0,11.0,17.0,3.0,19.0,,,,17.0,20.0,35.0,7.0,15.0,37.0,32.0,4.0,,,1.0,,27.0,28.5,47.0,43.0
2014-04-28,44.0,40.5,2.0,29.0,34.5,49.0,,23.5,47.0,30.0,46.0,31.5,17.0,2.0,37.0,25.5,45.0,21.0,39.5,,15.0,13.0,36.0,,46.0,13.0,40.0,32.0,,25.0,7.0,20.0,20.0,44.5,23.5,4.0,38.0,13.0,26.0,8.0,2.0,,,,8.0,5.0,18.0,10.0,16.5,33.0,42.0,13.0,,,6.0,,22.0,33.0,32.0,26.0
2014-04-29,26.0,46.0,14.0,30.0,46.0,34.0,,1.5,36.0,22.0,32.0,41.0,19.0,26.0,20.0,8.0,44.0,39.0,47.5,,38.0,42.0,18.0,,39.0,34.0,42.5,45.0,,29.5,4.0,32.0,13.0,49.0,15.0,3.0,29.0,5.0,11.0,1.5,12.0,,,,9.0,10.0,21.0,6.0,23.0,28.0,47.0,7.0,,,23.0,,17.0,17.0,33.0,22.0
2014-04-30,24.0,37.0,4.0,35.0,48.0,43.0,,8.5,38.0,36.0,33.0,48.0,21.0,17.5,33.0,11.0,22.0,43.0,27.5,,44.0,40.0,20.0,,42.0,33.0,48.0,46.0,,2.0,18.0,28.0,13.0,9.0,16.0,7.0,28.0,18.0,10.0,11.0,15.5,,,,13.0,6.0,32.0,5.0,19.0,29.0,41.0,3.0,,,34.0,,25.0,25.0,31.0,1.0
2014-05-02,27.0,38.0,8.0,43.0,43.0,38.0,,7.0,49.0,32.0,34.0,48.0,24.0,19.0,27.5,25.0,44.0,40.0,45.0,,41.5,34.5,20.0,,38.0,16.0,32.0,31.0,,14.0,15.0,34.0,4.0,41.5,12.0,5.0,29.5,10.0,1.0,2.0,12.0,,,,3.0,14.0,28.5,6.0,19.0,23.5,46.0,17.0,,,22.0,,30.0,35.0,15.0,10.0
2014-05-05,31.0,32.0,5.0,46.0,39.5,48.0,,22.0,38.0,36.0,29.0,40.0,4.0,43.0,44.0,7.0,38.5,36.0,19.0,,28.0,10.0,35.5,,48.0,2.0,46.0,42.0,,17.0,22.0,24.0,7.5,15.0,29.5,2.0,37.0,33.5,18.0,21.0,24.5,,,,7.0,3.0,15.0,9.0,27.0,32.0,47.0,11.0,,,13.0,,13.0,19.0,32.5,11.0
2014-05-07,22.0,35.5,6.0,40.0,42.0,42.0,,9.0,40.5,30.0,35.0,47.0,26.0,14.0,19.0,6.0,46.5,42.0,35.0,,38.0,17.0,39.0,,26.0,14.0,45.0,47.0,,32.0,18.0,35.0,6.0,28.0,21.0,11.0,25.0,8.0,2.0,14.0,19.0,,,,1.0,16.0,30.0,3.0,19.0,44.0,33.5,10.0,,,4.0,,13.0,29.0,38.5,22.0
2014-05-08,33.0,17.0,18.0,41.0,41.0,47.5,,17.0,44.0,26.0,44.0,18.0,13.0,31.0,33.0,13.0,48.0,28.0,21.0,,7.0,8.0,39.0,,42.0,12.0,46.0,46.0,,25.0,10.0,30.0,3.5,22.0,37.5,9.0,42.0,19.0,35.0,6.0,32.0,,,,5.0,2.0,35.0,3.5,19.0,44.0,33.0,27.0,,,10.0,,24.0,1.0,31.0,16.0
2014-05-09,32.0,35.0,2.0,28.0,41.0,48.0,,6.0,47.0,31.0,44.0,44.0,1.0,13.0,18.0,15.0,45.0,40.0,22.0,,37.0,10.0,29.0,,41.0,8.0,49.0,41.0,,26.0,18.0,31.0,10.0,31.0,34.0,13.0,35.5,24.0,6.0,17.0,15.0,,,,3.0,6.0,24.0,11.5,10.0,41.0,36.0,22.0,,,4.0,,23.5,27.0,34.0,20.0
2014-05-12,21.0,9.0,10.0,50.0,39.0,45.0,,6.0,33.0,30.5,47.0,43.0,6.0,37.0,37.0,15.0,43.0,31.0,24.0,,22.0,34.0,41.0,,28.0,4.0,48.0,43.5,,17.0,12.0,27.0,17.0,21.0,39.0,2.0,42.0,3.0,27.5,33.5,26.0,,,,8.0,6.0,15.0,11.0,31.0,43.0,19.0,15.0,,,1.0,,24.0,14.0,39.0,19.0
2014-05-13,33.0,20.0,3.0,48.0,46.5,45.0,,11.0,36.5,43.0,33.0,43.0,23.0,8.0,30.0,10.0,36.0,29.0,16.0,,25.0,7.0,33.0,,38.0,5.0,47.0,39.5,,16.5,10.0,45.0,5.0,30.5,28.0,2.0,40.5,38.0,18.0,16.0,22.5,,,,1.0,13.0,28.0,14.0,21.0,38.0,42.0,25.0,,,4.0,,27.0,27.0,27.0,8.0
2014-05-14,28.0,26.0,25.0,47.0,44.0,35.5,,22.0,45.0,45.0,32.0,37.0,4.0,2.0,42.0,8.0,46.0,13.0,24.0,,7.0,48.0,36.0,,38.0,5.0,29.0,40.0,,22.0,20.0,39.0,14.0,32.0,35.0,16.0,32.0,4.0,10.0,15.0,18.0,,,,5.0,1.0,34.0,10.0,20.0,43.0,40.0,19.0,,,9.0,,16.0,12.0,28.5,29.0
2014-05-15,17.0,17.0,9.0,48.0,44.0,32.0,,7.5,39.0,45.0,33.0,36.0,21.0,9.0,31.0,13.0,35.0,5.0,26.0,,2.0,23.0,44.0,,30.0,25.0,46.0,47.0,,27.0,11.0,44.0,38.0,33.5,29.0,5.0,36.0,40.0,44.0,7.0,14.0,,,,1.0,5.0,22.0,3.0,30.5,19.0,38.0,19.0,,,15.0,,18.0,11.5,25.0,23.0
2014-05-16,36.0,35.0,6.0,48.0,46.0,34.0,,16.0,44.0,24.0,50.0,38.0,19.0,16.0,42.0,9.0,40.0,17.0,20.0,,11.0,30.0,32.0,,38.0,3.0,44.0,40.0,,14.0,36.0,23.0,33.0,38.5,38.0,2.0,21.0,27.0,27.0,18.0,4.0,,,,5.0,14.0,18.5,7.0,9.0,39.0,42.0,13.0,,,1.0,,31.0,22.0,26.0,9.0
2014-05-19,43.5,33.0,2.0,48.0,44.0,45.0,,6.0,41.0,35.0,42.0,38.0,14.0,6.0,28.5,8.0,46.0,10.0,28.0,,12.0,20.5,26.0,,42.5,19.0,33.0,34.0,,42.0,16.0,23.0,13.0,39.0,11.0,16.0,23.0,14.0,4.0,25.0,19.0,,,,3.0,31.0,23.0,9.0,20.0,35.0,43.5,26.0,,,1.0,,29.0,5.0,45.0,37.0
2014-05-20,35.0,37.0,4.0,37.0,46.0,33.0,,5.0,49.0,15.0,46.0,46.5,13.0,30.0,23.0,8.0,45.0,2.0,28.0,,30.0,43.0,30.0,,40.0,9.0,47.0,35.0,,23.0,22.0,24.0,17.0,15.5,26.5,2.0,2.0,38.0,7.0,20.0,10.5,,,,17.0,20.0,26.0,12.0,10.5,38.0,42.5,34.5,,,20.0,,32.5,6.0,36.0,15.0
2014-05-21,30.0,34.0,12.0,47.0,30.0,44.0,,16.0,44.0,16.0,38.5,49.0,25.0,25.0,40.0,2.5,48.0,11.0,29.0,,22.5,36.5,43.0,,41.0,6.0,29.0,45.0,,35.0,31.0,22.0,10.5,41.0,16.0,7.0,26.5,1.0,8.0,4.0,28.0,,,,9.0,2.5,19.0,22.0,19.5,13.0,31.0,17.0,,,4.0,,30.0,13.0,44.0,37.0
2014-05-22,26.0,38.0,23.0,47.0,48.0,44.0,,2.0,48.0,24.0,26.0,20.0,5.0,19.0,43.0,15.0,46.0,7.0,28.0,,36.0,41.0,22.5,,40.0,10.0,30.0,34.0,,27.0,20.0,32.0,12.0,40.5,15.5,29.0,35.0,18.0,13.0,10.0,18.0,,,,4.0,7.0,25.0,13.0,1.0,32.0,38.0,35.0,,,7.0,,36.0,3.0,46.0,10.0
2014-05-23,34.0,28.0,9.0,42.0,32.0,37.0,,2.0,48.0,33.0,46.0,29.0,18.0,31.0,42.0,5.0,48.0,11.0,26.0,,20.0,45.0,37.0,,45.0,3.0,8.0,46.0,,26.0,39.0,23.0,1.0,40.0,15.0,17.0,31.0,11.0,7.0,16.0,23.0,,,,12.0,5.0,22.0,19.0,11.0,42.0,32.0,19.0,,,14.0,,35.5,4.0,29.0,34.0
2014-05-26,48.5,33.5,13.0,42.0,48.0,38.0,,4.0,43.5,2.0,11.0,31.0,25.0,36.0,34.0,14.0,43.0,27.0,18.0,,31.0,2.0,25.0,,36.0,24.0,42.0,28.0,,33.0,39.0,20.0,12.0,38.0,19.0,7.0,44.0,10.0,9.0,14.0,21.5,,,,16.0,5.0,18.0,30.0,15.0,34.0,33.0,8.0,,,5.0,,45.5,2.0,46.5,22.0
2014-05-27,43.0,39.0,2.0,35.0,48.0,27.0,,12.0,40.0,43.0,37.0,29.0,25.0,37.5,46.0,11.0,27.0,4.0,5.0,,13.0,37.0,32.0,,46.0,36.5,17.0,45.0,,15.0,25.0,40.0,18.0,38.0,16.0,8.0,29.0,23.0,21.0,20.0,3.0,,,,6.0,10.0,9.0,14.0,21.0,46.0,32.0,23.0,,,1.0,,30.5,7.0,49.0,17.0
2014-05-28,35.0,42.0,22.0,44.0,49.0,37.0,,13.5,21.0,34.0,37.0,24.5,3.0,45.0,48.0,35.0,38.0,18.0,10.0,,29.0,13.0,31.0,,39.0,2.0,37.0,46.0,,45.5,25.0,16.0,15.0,31.0,18.0,8.0,25.0,3.0,29.0,12.5,12.0,,,,1.0,7.0,18.0,9.0,34.0,29.0,40.5,18.0,,,6.0,,26.0,5.0,44.0,22.0
2014-05-29,37.0,9.0,2.0,40.0,46.0,46.0,,18.0,49.0,24.0,36.5,20.0,25.0,41.0,46.0,5.0,46.0,2.0,12.0,,36.0,43.0,32.0,,35.0,5.0,35.0,31.0,,32.0,28.0,29.5,2.0,24.0,25.0,9.0,11.0,14.0,12.0,16.0,27.5,,,,7.0,5.0,40.0,13.0,21.0,32.5,26.0,18.0,,,16.5,,41.0,9.0,48.0,30.0
2014-05-30,34.0,23.5,32.0,28.0,24.0,32.0,,8.0,41.5,46.0,36.5,32.0,21.0,31.0,49.0,15.0,42.0,38.5,4.0,,22.0,28.5,20.0,,49.0,37.0,44.0,44.0,,44.0,16.0,26.0,1.0,21.0,20.0,12.0,5.0,10.0,14.0,8.0,34.0,,,,3.0,2.0,38.0,8.0,16.0,25.0,35.5,21.0,,,6.0,,42.5,11.0,40.0,13.0
2014-06-03,33.0,21.0,17.0,47.0,45.0,40.0,,9.0,13.0,41.0,33.0,35.0,18.5,29.0,46.0,32.0,25.0,46.0,3.5,,29.0,21.0,37.0,,45.0,42.0,23.0,42.0,,34.0,6.0,12.0,5.0,29.0,18.5,8.0,20.0,3.5,13.0,15.0,27.0,,,,1.0,2.0,26.0,6.0,12.0,27.0,43.0,15.0,,,10.0,,40.0,21.0,46.0,44.0
2014-06-04,13.0,45.0,5.0,45.0,46.0,42.0,,21.0,2.0,48.0,18.0,29.0,5.0,38.0,29.0,22.0,43.0,40.0,16.0,,20.0,23.0,27.0,,49.0,38.0,9.0,41.0,,33.0,21.5,23.0,9.0,34.0,38.0,5.0,1.0,16.0,12.0,19.0,31.0,,,,3.0,7.0,9.0,37.0,26.0,32.0,31.0,18.0,,,13.0,,25.0,10.0,42.0,37.0
2014-06-05,34.0,31.0,15.0,48.0,37.0,20.5,,11.5,18.0,46.5,38.0,28.5,14.0,28.0,40.0,20.0,42.0,45.0,33.0,,8.0,31.0,23.0,,48.0,34.0,24.0,47.0,,47.0,4.0,30.0,1.0,26.0,29.0,6.0,38.0,7.0,13.0,11.5,3.0,,,,2.0,10.0,36.5,23.0,16.0,45.0,18.0,5.0,,,8.0,,29.0,23.0,40.5,18.0
2014-06-06,1.0,7.0,13.0,47.0,32.0,27.0,,21.0,22.0,33.5,30.0,47.0,24.0,27.5,35.0,12.0,48.0,45.0,42.0,,30.0,44.0,40.0,,37.0,21.0,30.0,42.0,,26.0,19.0,28.0,4.0,8.0,48.0,3.0,30.0,5.0,27.5,10.0,27.0,,,,11.0,6.0,17.0,16.0,17.0,37.0,37.5,13.0,,,2.0,,8.0,16.5,40.0,45.5
2014-06-09,2.0,39.0,4.5,43.5,42.0,23.0,,34.5,10.0,47.0,34.0,30.0,4.5,14.0,29.0,23.0,43.5,27.0,17.5,,20.0,33.0,39.5,,49.0,45.0,35.0,47.0,,45.0,25.0,30.0,1.0,8.0,26.0,11.0,38.0,7.0,22.0,17.0,32.0,,,,3.0,6.0,12.0,18.0,9.0,38.0,18.0,12.0,,,14.0,,27.0,20.0,42.0,31.5
2014-06-10,18.0,18.5,13.0,47.0,41.0,32.0,,30.0,14.0,39.0,44.0,46.5,22.0,33.0,40.0,24.0,40.0,48.0,44.0,,21.0,33.0,7.0,,43.0,14.5,44.0,31.0,,37.0,32.0,36.0,25.0,9.0,28.0,3.0,7.0,4.0,17.0,18.0,2.0,,,,11.0,1.0,9.0,19.5,8.0,29.0,11.0,25.0,,,6.0,,26.0,20.0,39.0,36.0
2014-06-11,33.5,34.5,18.0,47.0,41.0,30.0,,25.0,10.0,42.0,47.0,35.0,7.0,48.0,29.5,5.0,39.0,42.5,23.0,,31.5,5.5,18.0,,42.0,23.0,13.0,50.0,,38.0,31.0,42.0,12.0,24.0,17.0,7.0,38.0,1.0,17.0,10.0,15.0,,,,3.0,5.0,13.0,27.0,12.0,28.5,17.0,24.5,,,2.0,,22.0,35.0,38.0,35.0
2014-06-12,38.0,27.0,15.0,48.0,48.0,27.0,,19.0,2.0,45.5,34.0,11.0,16.0,46.0,17.0,7.0,44.0,24.0,14.0,,39.0,21.0,34.5,,35.5,22.0,42.0,48.0,,42.0,39.0,38.0,9.0,5.0,32.0,9.0,35.0,13.0,34.0,29.0,9.0,,,,12.0,3.0,1.0,24.0,6.0,43.0,18.0,21.0,,,4.0,,31.0,19.0,27.5,22.0
2014-06-13,25.0,35.0,13.0,46.0,43.0,45.0,,24.0,3.0,44.0,37.0,23.5,20.0,35.0,25.5,10.0,33.5,24.0,43.0,,33.0,29.0,49.0,,47.0,41.0,34.0,46.0,,29.5,40.0,20.0,17.0,5.0,25.0,11.0,7.0,3.0,13.0,3.0,11.0,,,,8.0,1.0,31.0,12.5,27.0,20.0,7.0,30.5,,,16.0,,21.0,37.0,37.0,8.0
2014-06-16,4.0,9.0,19.0,27.0,42.0,48.0,,34.0,13.0,48.0,18.0,34.0,5.0,36.0,17.0,7.0,47.0,21.0,30.0,,26.0,24.0,45.0,,49.0,29.0,43.0,16.0,,39.0,42.0,21.0,10.0,26.5,33.0,21.0,9.0,3.0,45.0,21.0,15.0,,,,9.0,6.5,26.0,30.0,1.0,39.0,16.5,29.5,,,2.0,,11.0,38.0,32.0,37.0
2014-06-17,15.0,21.0,19.0,47.0,45.0,43.0,,25.5,4.0,47.0,30.0,42.5,4.0,24.0,31.5,1.0,38.0,44.0,34.0,,15.0,34.0,40.0,,40.0,21.0,25.0,48.0,,43.0,38.0,32.0,8.0,14.0,35.0,4.0,25.0,10.0,6.0,11.0,10.0,,,,7.0,2.0,13.0,25.0,13.0,36.0,27.0,20.0,,,16.0,,21.0,28.0,25.0,42.0
2014-06-18,46.0,39.0,15.0,35.0,44.0,31.0,,23.0,15.0,47.0,9.5,2.0,24.0,44.0,32.0,19.0,45.0,31.0,30.0,,34.0,7.0,32.0,,43.0,41.0,17.0,49.0,,48.0,21.0,22.0,3.0,4.0,28.0,12.0,25.0,1.0,9.0,4.0,19.5,,,,6.0,13.0,7.0,23.0,36.0,25.0,23.0,11.0,,,13.0,,37.0,27.0,38.0,40.0
2014-06-19,25.5,37.0,9.0,36.0,44.0,38.0,,17.0,2.0,28.0,18.0,29.0,26.0,21.0,43.0,44.0,36.0,39.0,49.0,,29.0,5.0,46.5,,46.0,42.0,34.0,41.0,,47.0,16.0,6.0,7.0,23.0,26.0,21.0,37.0,2.0,12.0,15.5,2.0,,,,12.0,4.0,27.0,29.0,15.0,42.0,23.0,17.0,,,9.0,,10.0,31.0,11.0,30.0
2014-06-20,7.0,24.0,25.0,43.0,32.0,37.0,,5.0,30.0,39.5,32.0,40.5,27.0,24.0,24.0,8.0,47.0,36.0,1.0,,6.0,4.0,41.0,,30.0,49.0,43.5,44.0,,34.0,46.0,12.0,16.0,28.0,19.0,16.0,21.0,2.0,14.0,5.0,35.5,,,,13.0,4.0,29.0,26.0,19.0,37.0,21.5,34.5,,,10.0,,12.0,10.0,39.0,43.0
2014-06-23,5.0,19.0,15.0,48.0,44.5,38.0,,23.0,11.0,39.0,46.0,45.0,26.0,29.0,20.0,43.0,48.0,42.0,45.0,,13.0,4.0,40.0,,40.0,29.0,21.0,33.0,,34.0,18.0,30.0,9.0,20.0,41.5,10.0,16.5,6.0,7.5,15.0,35.0,,,,3.0,2.0,15.0,28.0,15.0,33.0,23.0,22.0,,,1.0,,7.5,33.5,27.0,37.5
2014-06-24,7.0,12.0,19.0,49.0,6.0,40.0,,26.0,18.0,28.0,47.0,36.5,29.0,15.0,37.0,45.0,46.0,35.0,43.0,,14.0,4.0,21.0,,37.0,44.0,33.0,12.0,,47.0,40.0,30.0,2.0,37.5,21.0,9.0,45.0,1.0,11.0,4.0,16.5,,,,11.0,4.0,25.0,28.0,21.0,22.0,28.0,25.0,,,14.0,,9.0,34.5,41.0,26.5
2014-06-25,18.0,9.0,17.0,47.0,28.0,39.0,,22.0,15.0,31.0,29.0,33.0,21.0,12.0,32.5,44.0,47.0,49.0,45.0,,20.0,13.0,42.0,,39.5,49.0,29.0,42.0,,40.0,18.0,4.0,2.0,20.0,25.0,7.0,26.0,9.0,12.0,2.0,23.0,,,,11.0,4.0,9.0,30.0,2.0,40.0,35.0,17.0,,,6.0,,39.5,26.5,34.0,37.0
2014-06-26,22.0,16.0,4.0,44.0,32.0,31.0,,27.5,29.0,7.0,23.0,28.0,22.0,42.0,34.0,31.0,45.0,41.0,41.5,,10.0,18.5,44.5,,36.0,47.5,19.0,38.0,,46.0,17.0,15.0,8.0,12.0,27.0,5.0,28.0,2.0,4.0,10.0,46.0,,,,16.0,4.0,36.0,32.0,14.0,40.0,21.0,8.0,,,1.0,,14.0,29.0,49.0,35.0
2014-06-27,10.0,22.5,3.0,41.0,29.0,29.0,,18.0,16.0,15.0,21.0,39.0,29.0,32.0,42.0,48.0,27.0,34.0,10.0,,34.0,3.0,42.0,,46.0,37.0,27.0,41.0,,44.0,6.0,18.0,15.0,8.0,2.5,7.0,25.0,10.0,12.0,12.0,29.0,,,,18.0,2.0,48.0,36.0,4.0,43.0,26.0,38.0,,,19.5,,35.0,21.0,45.0,22.0
2014-06-30,22.0,12.0,15.0,25.0,7.0,33.0,,37.0,10.0,25.0,37.0,36.0,29.0,36.0,1.0,40.0,21.0,40.0,47.0,,27.0,2.0,49.0,,38.0,46.0,33.0,45.0,,45.0,13.0,5.0,7.0,19.0,30.0,10.0,3.0,4.0,15.0,5.0,24.0,,,,28.0,10.0,42.0,35.0,21.0,46.0,30.0,25.0,,,13.0,,20.0,22.0,46.0,17.0
2014-07-02,14.0,31.0,9.0,41.0,27.0,39.0,,47.0,41.0,26.0,15.0,33.0,30.0,20.0,45.0,37.0,29.0,36.0,36.0,,24.0,5.0,47.0,,30.0,45.0,29.0,49.0,,45.0,3.0,11.0,8.0,32.0,5.0,1.0,12.0,4.0,22.0,2.0,18.0,,,,12.0,10.0,40.0,17.0,7.0,42.0,25.0,21.0,,,22.0,,16.0,16.5,36.5,36.0
2014-07-03,33.0,27.0,11.0,37.5,39.0,44.0,,46.5,39.5,9.0,14.0,24.0,35.0,42.0,44.0,35.0,33.5,39.0,18.0,,8.0,2.0,30.0,,46.0,43.0,24.0,46.0,,34.0,14.0,16.0,9.0,21.0,35.0,6.0,18.0,11.0,3.5,1.0,26.0,,,,13.0,5.0,40.0,27.0,30.0,47.0,42.0,15.0,,,3.5,,24.0,19.0,9.0,19.0
2014-07-04,28.0,40.0,7.0,29.0,45.0,37.0,,46.0,34.0,29.0,20.0,34.0,41.0,4.0,11.0,24.0,7.0,38.0,36.0,,42.0,3.0,47.0,,45.0,40.0,22.0,33.0,,34.0,16.0,17.0,8.0,1.5,22.0,12.0,25.0,1.5,14.0,8.0,30.5,,,,17.0,6.0,8.0,32.0,10.0,27.5,29.0,45.0,,,14.0,,18.0,20.0,46.0,48.0
2014-07-07,18.0,4.0,2.0,33.0,33.0,47.0,,35.5,34.0,9.0,11.5,48.0,33.0,13.0,41.0,36.0,44.5,46.0,44.0,,30.0,9.0,2.0,,19.5,40.0,28.0,40.0,,43.0,9.0,30.0,4.0,17.0,15.0,19.5,34.5,6.0,22.0,11.0,22.0,,,,30.5,7.0,44.0,36.5,16.0,50.0,22.0,27.0,,,2.0,,30.5,24.0,12.0,24.0
2014-07-08,25.0,40.0,22.0,34.0,26.0,43.5,,29.0,30.0,14.0,12.0,41.0,24.0,5.0,32.0,36.0,3.0,30.0,36.5,,46.0,9.0,43.0,,46.0,48.0,23.5,35.0,,38.0,1.0,19.0,6.0,4.0,17.0,22.0,15.0,13.0,11.0,20.0,18.0,,,,9.0,8.0,38.0,29.0,37.0,50.0,27.0,16.0,,,2.0,,6.0,29.0,41.0,43.0
2014-07-09,12.0,12.5,9.0,47.0,48.0,31.0,,32.0,18.0,1.0,12.0,48.0,28.0,15.0,36.0,24.0,14.0,44.0,38.0,,24.0,15.0,41.0,,40.0,49.0,28.0,42.0,,39.0,15.0,27.0,3.0,2.0,5.0,19.0,23.0,7.0,29.0,4.0,31.0,,,,5.0,19.0,21.0,33.0,32.0,46.0,22.0,42.0,,,10.0,,10.0,24.0,37.0,40.0
2014-07-10,13.0,37.0,23.5,10.0,48.0,50.0,,33.0,32.0,1.0,8.0,46.0,35.0,19.0,19.0,45.0,37.0,21.0,28.0,,30.0,7.0,44.0,,31.0,47.0,43.0,37.0,,40.0,34.0,18.0,3.0,2.0,13.0,13.0,25.0,5.0,27.0,15.0,7.0,,,,33.5,20.0,16.0,38.0,26.5,42.0,19.0,8.0,,,30.5,,11.0,37.0,3.0,28.5
2014-07-11,3.0,23.0,13.0,36.0,39.0,33.0,,27.0,7.0,20.0,30.0,50.0,44.0,5.0,10.0,23.0,42.5,47.0,30.0,,12.0,2.0,45.0,,18.0,40.5,34.5,39.0,,1.0,16.0,14.0,5.0,14.0,26.0,30.0,37.0,10.0,5.0,33.0,25.0,,,,45.0,36.0,7.0,23.0,18.0,49.0,39.0,36.0,,,20.0,,10.0,37.5,16.0,30.0
2014-07-14,19.5,21.5,24.0,17.0,3.0,45.0,,32.0,8.0,5.0,22.5,48.0,38.0,21.5,11.0,21.0,31.5,42.0,38.0,,41.0,12.0,37.0,,41.0,39.0,45.5,43.0,,24.0,31.0,14.0,2.0,16.5,7.0,17.0,40.0,4.0,22.0,9.0,1.0,,,,27.0,25.0,16.0,38.0,29.0,46.0,33.0,36.0,,,5.0,,14.0,47.5,31.0,9.0
2014-07-15,11.0,44.0,16.0,22.0,20.0,41.0,,37.0,25.0,6.0,2.0,47.0,40.0,25.0,7.0,37.0,24.0,36.0,29.0,,49.0,20.5,30.5,,37.0,48.0,46.0,42.0,,12.0,34.0,7.0,14.0,29.0,4.0,26.0,19.0,1.0,11.0,12.0,9.0,,,,29.0,31.0,34.0,43.0,4.0,42.0,44.0,18.0,,,14.0,,3.0,19.0,30.5,19.0
2014-07-16,34.0,11.0,24.0,21.5,2.0,44.0,,32.5,42.0,13.0,16.0,48.0,27.0,5.0,36.5,48.0,21.0,41.0,44.5,,15.0,18.0,32.0,,36.0,34.0,40.0,5.0,,8.0,37.0,8.0,4.0,22.0,37.0,24.0,32.0,6.0,28.0,29.0,14.0,,,,23.0,31.0,31.0,47.0,11.0,43.0,38.5,30.5,,,17.0,,10.5,6.0,16.0,1.0
2014-07-17,43.0,42.0,28.0,14.0,40.0,50.0,,34.0,11.0,2.0,6.5,38.5,25.5,6.5,12.0,34.0,16.0,46.0,29.0,,44.0,9.0,43.0,,44.5,48.0,14.0,39.0,,25.0,36.0,8.0,16.0,25.0,27.0,21.0,20.0,1.0,32.0,5.0,3.0,,,,36.0,41.0,19.0,32.0,10.0,41.5,31.0,25.0,,,18.0,,24.0,3.5,13.0,21.0
2014-07-18,33.0,25.5,17.0,17.0,46.0,37.0,,43.0,40.0,23.0,16.0,31.0,36.0,9.0,31.0,40.0,25.5,38.0,41.0,,44.0,3.0,40.5,,33.0,48.0,19.0,22.5,,13.0,27.0,13.0,8.0,2.0,19.0,4.0,11.0,1.0,39.0,7.0,6.0,,,,32.0,25.0,20.0,16.0,22.0,31.0,40.0,48.0,,,40.0,,14.0,46.0,10.0,4.0
2014-07-21,41.0,41.5,24.0,8.0,17.0,36.0,,44.5,32.0,15.0,13.0,35.0,35.0,22.0,29.0,46.0,8.0,30.5,35.0,,44.0,5.0,47.5,,39.0,36.0,23.5,3.5,,2.0,6.0,17.0,4.0,16.0,20.0,23.0,11.0,10.0,42.0,13.0,6.0,,,,27.0,32.0,27.0,47.0,21.0,25.0,43.0,39.5,,,33.0,,1.0,46.0,18.0,12.0
2014-07-22,34.0,23.0,26.0,12.0,42.0,36.0,,29.0,33.5,8.0,15.0,22.0,41.0,14.5,43.0,44.0,2.0,48.0,36.0,,38.0,12.0,44.0,,48.0,48.0,41.0,3.0,,10.0,30.0,10.0,3.0,7.0,24.0,17.0,6.0,7.0,35.0,17.5,4.0,,,,38.0,25.0,30.0,30.0,15.0,44.0,23.0,24.0,,,20.0,,21.0,40.5,4.0,24.0
2014-07-23,34.5,32.5,13.0,15.0,29.0,30.5,,18.0,48.0,30.0,19.0,41.0,39.5,15.0,39.0,39.0,7.0,46.0,23.0,,27.0,5.0,38.0,,35.5,38.5,35.5,46.0,,12.0,36.0,14.0,6.0,48.0,22.0,10.0,29.0,3.0,20.0,3.0,1.0,,,,25.0,2.0,22.0,8.0,17.0,36.0,42.0,9.0,,,20.0,,27.0,10.5,46.0,40.0
2014-07-24,35.0,32.0,7.0,5.0,31.0,37.0,,16.0,36.5,11.0,32.0,43.0,22.0,10.0,39.0,40.0,2.0,47.0,20.0,,29.0,38.0,46.0,,47.0,36.0,20.0,37.5,,9.0,28.0,3.0,8.0,34.5,20.0,18.0,22.0,5.0,25.0,14.5,1.0,,,,21.0,27.0,31.0,45.0,16.0,49.0,24.0,12.0,,,11.0,,5.0,42.0,43.0,15.5
2014-07-25,31.5,11.0,41.5,1.0,30.0,36.0,,4.0,42.5,23.0,31.5,47.0,44.0,7.0,28.0,40.0,9.0,39.0,46.0,,13.0,17.0,41.0,,48.0,36.0,23.5,43.0,,19.0,38.0,15.0,9.0,45.0,7.0,3.0,21.0,13.0,30.5,26.0,5.0,,,,19.0,2.0,25.0,13.0,5.0,43.0,33.0,14.0,,,18.5,,29.0,35.5,27.0,19.0
2014-07-28,17.0,25.0,43.5,9.0,33.0,37.0,,15.0,48.0,23.0,10.0,37.0,47.0,31.0,29.0,41.0,20.0,47.0,47.5,,30.0,12.5,33.0,,45.0,40.0,36.0,5.5,,1.0,42.0,12.0,6.0,34.0,26.5,3.0,19.5,8.0,39.0,22.0,2.0,,,,27.0,4.0,17.0,42.0,6.0,44.0,26.0,11.0,,,13.5,,26.0,21.0,16.0,23.0
2014-07-29,9.0,3.0,36.0,19.0,24.5,40.0,,11.0,39.0,33.0,37.0,34.0,29.0,20.0,29.0,42.0,13.0,45.0,27.0,,23.0,29.0,47.0,,44.0,48.0,49.0,37.0,,15.0,21.0,4.0,2.0,32.0,19.0,10.0,20.0,7.0,24.0,16.0,8.0,,,,26.5,1.0,14.0,38.0,5.0,47.0,42.5,11.0,,,14.0,,5.0,28.0,35.0,38.0
2014-07-30,6.0,24.0,38.0,22.0,43.0,38.0,,48.0,40.0,24.0,9.0,31.0,42.0,9.0,31.0,48.0,25.0,44.0,34.0,,22.0,24.0,39.0,,45.0,28.0,9.0,35.0,,18.0,32.0,4.0,6.0,31.0,21.0,2.0,16.0,5.0,29.0,2.0,15.0,,,,23.0,11.0,2.0,45.0,12.0,46.5,38.0,11.0,,,19.0,,14.0,16.0,35.0,42.0
2014-07-31,24.5,10.0,41.0,18.0,38.0,27.5,,43.0,27.0,25.5,41.0,20.0,39.0,1.5,6.0,43.0,32.0,48.0,29.0,,33.0,25.0,48.0,,44.0,49.0,31.0,37.0,,11.0,17.0,8.0,1.5,31.0,29.0,5.0,12.0,7.0,14.0,7.0,14.0,,,,16.0,14.0,17.0,36.0,4.0,45.0,21.0,3.0,,,19.0,,33.0,27.0,37.0,46.0
2014-08-01,12.0,23.0,20.0,15.0,47.0,40.0,,41.0,44.0,21.0,38.0,28.0,33.0,2.0,26.0,38.0,32.0,45.0,35.0,,10.0,20.0,22.0,,48.0,32.0,26.0,28.0,,14.0,17.0,1.0,12.0,43.0,26.0,8.0,7.0,6.0,10.0,18.0,4.0,,,,17.0,31.0,35.0,36.0,5.0,43.0,18.0,3.0,,,10.0,,25.5,40.0,48.0,47.0
2014-08-04,7.0,7.0,29.5,16.0,49.0,22.0,,35.0,40.0,16.0,41.5,47.0,32.0,26.0,43.0,36.0,25.0,45.5,18.0,,16.0,34.0,26.0,,34.5,48.0,46.0,23.5,,15.0,11.0,1.0,7.0,41.0,26.0,13.0,12.0,5.0,3.0,9.0,3.0,,,,29.0,16.0,26.0,38.0,3.0,40.0,28.5,9.0,,,20.5,,23.0,32.0,38.5,32.0
2014-08-05,5.0,15.0,14.0,18.0,40.0,23.0,,21.0,48.0,12.0,40.0,26.0,29.0,24.0,43.0,28.0,28.0,44.5,17.0,,33.5,31.0,27.0,,40.0,43.0,37.0,43.0,,7.0,20.5,8.0,6.0,29.0,37.0,3.0,4.0,2.0,21.0,13.0,9.0,,,,10.0,31.0,34.5,48.0,1.0,42.0,22.0,13.0,,,20.0,,12.0,44.0,38.0,47.5
2014-08-06,25.0,22.0,43.0,17.0,45.0,25.0,,37.0,43.0,21.0,31.0,28.0,33.5,28.0,37.5,34.0,21.0,24.0,38.0,,24.5,32.0,21.0,,42.0,45.0,40.0,35.0,,16.0,30.0,11.5,4.0,43.0,31.0,6.0,8.0,2.0,10.5,6.0,14.0,,,,18.0,6.0,14.0,8.0,10.0,37.0,14.0,3.0,,,1.0,,16.0,49.0,47.0,49.0
2014-08-07,13.0,14.0,34.5,15.0,47.0,18.5,,17.0,42.0,2.0,27.5,28.0,31.0,3.0,31.0,45.0,20.0,17.0,38.0,,24.0,35.0,38.0,,43.0,33.0,39.0,31.0,,37.0,43.0,6.0,10.5,32.5,28.0,9.0,14.0,4.0,21.5,2.0,10.0,,,,15.0,41.5,21.0,41.0,4.0,24.0,19.0,7.0,,,8.0,,25.0,50.0,40.0,47.0
2014-08-08,12.0,27.0,42.0,7.0,47.0,29.0,,34.0,14.0,15.0,39.0,13.0,30.0,13.0,43.0,37.0,33.0,29.0,11.0,,25.0,36.0,36.0,,37.0,38.0,44.0,32.5,,17.0,23.0,3.0,6.0,45.0,26.0,9.5,17.0,5.0,22.0,8.0,4.0,,,,21.0,34.0,16.0,40.0,2.0,46.0,17.0,1.0,,,19.0,,20.0,50.0,42.5,46.0
2014-08-11,6.0,16.0,14.0,15.0,46.0,26.0,,31.0,37.0,23.0,28.0,4.0,12.0,22.0,34.0,40.0,37.0,42.0,22.0,,3.0,35.0,43.0,,49.0,20.0,43.0,31.0,,7.0,33.0,16.0,8.0,29.0,18.0,5.0,19.0,10.0,37.0,11.0,9.0,,,,25.0,32.0,29.0,36.0,2.0,46.0,18.0,1.0,,,14.0,,36.0,46.0,41.0,46.0
2014-08-12,2.0,24.0,36.0,3.0,46.0,23.0,,43.0,40.0,15.0,7.0,26.0,21.0,16.0,25.0,43.0,23.0,38.0,31.0,,17.0,17.0,43.0,,49.0,37.0,48.0,29.0,,26.5,33.0,12.0,8.0,31.0,22.0,9.0,13.0,1.0,5.0,15.0,5.0,,,,19.0,32.0,5.0,35.0,10.0,28.0,32.0,11.0,,,19.5,,41.0,44.0,38.0,48.0
2014-08-13,19.0,13.0,29.0,11.0,27.5,25.0,,15.0,46.0,31.0,20.0,32.0,13.0,34.0,29.0,48.0,25.0,44.0,19.0,,12.0,47.0,45.0,,26.0,46.0,42.0,40.0,,18.0,37.0,5.0,8.0,34.0,6.0,7.0,26.0,4.0,22.0,1.0,9.0,,,,21.0,27.5,10.0,37.5,2.0,47.0,42.0,3.0,,,17.0,,22.0,41.0,40.0,33.0
2014-08-14,3.0,20.0,35.0,10.0,15.0,27.0,,32.0,40.0,20.0,33.5,5.0,39.0,41.0,43.0,44.0,37.5,28.0,27.0,,12.0,23.0,44.0,,30.0,40.0,48.0,24.0,,24.0,34.0,6.0,8.0,27.0,18.0,6.0,24.0,16.0,17.0,3.0,13.0,,,,3.0,38.0,10.0,39.0,1.0,49.0,21.0,13.0,,,10.0,,31.0,47.0,45.0,32.5
2014-08-15,5.0,22.0,27.0,4.0,20.0,15.0,,32.0,30.5,25.0,41.0,32.0,22.0,24.0,44.0,27.5,37.0,36.0,18.0,,9.0,37.0,40.0,,43.0,49.0,46.0,37.0,,13.0,40.0,13.0,1.0,39.5,22.0,3.0,21.0,11.0,6.0,2.0,26.0,,,,8.0,27.0,18.0,35.0,7.0,47.0,13.0,10.0,,,25.0,,15.0,40.0,32.0,46.0
2014-08-18,12.0,21.0,41.0,2.0,29.0,27.5,,49.0,46.0,21.0,38.0,42.0,27.0,26.0,26.0,29.0,18.5,49.0,23.0,,16.0,40.0,23.0,,33.0,34.0,43.0,38.5,,16.0,44.0,16.0,7.0,45.0,4.0,12.0,8.0,5.0,10.0,3.0,15.0,,,,12.0,26.0,22.0,32.0,1.0,40.0,19.0,9.0,,,6.0,,30.5,36.0,48.0,36.0
2014-08-19,4.0,32.0,17.0,2.0,32.0,36.5,,31.5,47.0,28.0,11.0,12.0,24.0,27.0,44.0,42.0,24.0,48.0,34.5,,11.0,29.0,43.0,,44.0,19.0,39.0,41.0,,8.5,37.0,5.0,7.0,37.5,14.0,16.0,8.5,25.0,22.0,1.0,26.0,,,,12.0,14.0,17.0,35.0,6.0,46.0,31.0,3.0,,,19.0,,27.0,45.0,33.0,32.0
2014-08-20,1.0,22.0,41.0,10.0,20.0,21.0,,26.0,45.0,29.0,13.0,24.0,43.0,39.0,47.0,42.0,26.5,48.0,36.0,,14.0,32.0,47.5,,38.0,32.0,45.0,39.5,,18.0,30.0,8.0,4.0,29.0,18.0,15.0,7.0,13.5,5.0,6.0,14.0,,,,9.0,26.0,29.5,23.0,2.0,49.0,18.0,3.0,,,11.0,,33.0,41.0,36.0,29.0
2014-08-21,11.0,24.0,39.0,10.0,26.0,25.0,,41.0,37.0,22.5,37.0,2.0,43.0,29.0,41.0,30.0,33.0,42.0,22.0,,19.0,35.5,26.0,,45.0,46.0,45.0,35.0,,13.0,9.0,3.0,8.0,32.0,7.0,3.0,18.0,4.0,19.0,16.0,18.0,,,,12.0,15.0,2.0,43.0,6.0,46.0,19.0,25.0,,,13.0,,29.5,49.0,30.0,44.0
2014-08-22,9.0,21.0,37.0,14.5,17.0,23.0,,30.0,48.0,26.0,27.0,20.0,34.0,34.5,42.5,31.0,23.0,28.0,29.0,,4.0,37.0,47.0,,43.0,49.0,28.0,38.0,,12.0,38.0,17.0,11.0,32.5,8.0,7.0,20.0,13.0,6.0,3.0,18.0,,,,25.0,21.0,5.0,43.0,2.0,47.0,14.5,10.0,,,1.0,,33.5,40.0,42.0,45.0
2014-08-25,7.0,15.0,5.0,28.0,37.0,26.0,,23.0,45.0,31.0,37.0,18.0,43.0,23.0,41.0,33.0,32.0,1.0,35.0,,13.0,32.0,43.0,,44.5,44.5,49.0,41.0,,28.0,38.5,19.5,3.0,25.0,19.0,8.0,21.0,12.0,9.0,11.0,4.0,,,,34.0,17.5,5.0,26.0,2.0,35.0,13.0,15.5,,,9.0,,23.5,41.0,40.0,48.0
2014-08-26,5.0,13.0,43.0,18.0,34.0,17.5,,17.0,47.0,22.0,28.0,21.0,39.0,24.5,50.0,42.0,26.0,35.0,29.0,,12.0,41.0,35.0,,38.0,45.0,48.0,38.0,,17.0,24.0,11.0,1.0,32.0,2.0,13.0,8.0,6.0,15.0,3.0,9.0,,,,20.0,31.0,9.0,34.0,7.0,42.5,4.0,22.0,,,33.0,,23.0,42.0,32.0,45.5
2014-08-27,1.0,20.0,20.0,20.5,26.0,17.0,,17.0,35.0,35.0,37.5,18.0,43.0,33.0,45.0,25.0,26.0,33.0,30.0,,14.0,30.0,45.0,,50.0,48.0,42.0,40.0,,28.5,19.0,12.0,8.0,21.0,7.0,2.0,3.0,10.0,10.0,4.0,24.0,,,,42.0,28.0,12.0,40.0,5.0,48.5,6.0,17.0,,,14.0,,27.0,36.0,39.5,44.5
2014-08-28,12.0,27.0,19.0,21.5,41.0,25.0,,24.0,47.0,34.5,42.0,31.5,28.5,44.0,29.0,48.5,36.0,44.0,44.0,,11.0,40.0,49.0,,1.0,35.0,46.0,40.0,,13.0,15.0,25.0,3.0,25.0,4.0,5.0,33.0,19.0,2.0,7.0,9.0,,,,17.0,27.0,14.0,40.0,9.0,31.5,17.0,15.0,,,6.0,,23.0,8.0,35.0,32.0
2014-08-29,5.0,18.0,17.0,1.0,37.0,13.0,,14.0,47.0,44.0,34.0,33.0,30.5,47.0,49.0,27.0,41.0,45.0,37.0,,13.0,32.5,25.0,,20.0,45.0,44.0,47.0,,24.0,13.0,27.0,8.0,28.0,2.0,7.0,16.0,20.5,18.0,3.0,31.0,,,,28.0,19.5,10.0,38.0,6.0,28.0,10.0,31.0,,,10.0,,24.0,41.0,39.0,4.0
2014-09-01,9.0,24.0,8.0,20.0,22.0,27.0,,17.0,48.0,35.0,47.0,10.0,33.0,40.0,44.0,36.0,29.0,40.5,15.0,,4.0,35.0,41.5,,38.0,49.0,46.0,19.0,,31.0,26.0,10.0,2.0,18.0,12.0,6.0,22.5,16.0,3.0,5.0,17.0,,,,32.0,34.0,26.5,40.0,1.0,42.0,7.0,18.0,,,22.0,,35.0,21.5,33.0,42.5
2014-09-02,11.0,26.0,13.0,23.0,30.0,26.5,,20.0,41.0,39.5,26.5,27.0,37.0,29.0,47.0,45.0,39.5,32.0,16.0,,17.0,32.5,45.0,,49.0,48.0,43.0,43.0,,16.0,14.0,11.0,2.0,14.0,1.0,20.0,6.0,23.0,7.0,3.0,21.0,,,,31.0,23.0,6.0,46.0,4.0,36.0,9.0,33.0,,,6.0,,21.0,39.0,35.0,9.0
2014-09-03,8.0,16.0,13.0,39.0,49.0,29.0,,33.5,21.0,21.0,2.0,29.0,38.0,36.0,49.0,44.0,41.0,47.0,36.0,,24.0,44.0,12.5,,43.0,39.0,45.5,42.0,,31.0,16.0,24.0,5.0,23.0,10.0,12.0,20.0,2.0,9.0,6.0,29.0,,,,24.0,34.0,14.0,39.5,2.0,21.0,7.0,29.0,,,18.0,,26.0,3.0,16.0,35.0
2014-09-04,7.0,44.0,9.0,21.0,30.0,6.0,,15.0,23.5,34.0,45.0,24.0,47.0,29.0,47.0,41.0,45.0,36.0,19.0,,5.0,40.0,32.0,,41.0,48.0,44.0,19.0,,25.0,14.0,30.5,8.0,22.0,2.0,4.0,11.0,44.0,11.0,1.0,33.0,,,,26.0,24.0,18.0,33.0,3.0,38.0,14.0,18.0,,,32.0,,26.5,14.0,12.0,40.0
2014-09-05,3.0,42.0,16.0,19.0,27.0,21.5,,9.0,41.0,36.0,46.0,22.5,43.0,31.5,49.0,39.0,33.0,21.0,1.0,,38.0,35.0,45.0,,39.0,45.0,47.0,44.0,,27.0,5.5,21.0,4.0,16.0,11.0,2.0,25.0,5.5,7.0,7.0,14.5,,,,32.5,30.0,10.0,31.5,12.0,47.0,14.0,27.0,,,23.0,,17.0,33.0,31.0,13.0
2014-09-08,5.0,24.0,1.0,11.0,47.0,2.0,,12.0,40.0,38.0,45.0,21.0,34.0,42.0,47.0,35.0,32.0,24.0,20.0,,12.0,31.5,36.0,,35.0,47.0,44.0,49.0,,29.0,18.0,3.0,4.0,28.0,16.0,10.0,24.0,18.0,6.5,5.0,26.0,,,,31.0,40.0,14.0,49.0,18.0,8.0,13.0,34.0,,,22.0,,26.0,41.0,34.0,11.0
2014-09-10,3.0,27.0,6.0,30.0,17.5,3.0,,18.0,43.0,46.0,39.0,26.0,18.0,29.5,45.5,37.0,26.0,46.5,15.0,,13.0,30.5,27.5,,33.0,41.0,45.0,48.0,,33.0,24.0,11.0,7.0,22.0,1.0,9.0,39.0,20.0,13.0,3.0,28.0,,,,34.0,43.0,11.0,46.0,9.0,9.0,15.0,27.0,,,5.0,,19.0,37.0,32.0,33.0
2014-09-11,2.0,38.0,6.0,30.0,43.0,37.0,,9.0,35.0,48.0,31.0,20.0,24.0,45.0,11.5,34.0,15.0,41.0,13.0,,21.0,34.0,49.0,,35.5,4.0,47.0,50.0,,43.0,27.0,20.0,5.0,10.0,1.0,17.0,27.0,21.0,3.0,16.0,28.0,,,,31.0,42.0,12.0,41.0,7.0,13.5,19.0,34.0,,,9.0,,24.0,39.0,13.0,25.0
2014-09-12,18.0,33.0,6.0,43.0,50.0,20.0,,13.0,37.0,48.0,34.0,4.0,28.0,41.5,43.0,32.0,2.0,13.0,13.0,,27.5,40.0,45.0,,17.0,41.0,48.0,47.0,,39.0,24.0,22.0,8.0,5.0,7.0,1.0,26.0,18.0,3.0,9.0,30.0,,,,21.0,37.0,13.0,34.5,10.0,15.0,21.0,26.0,,,31.0,,29.0,39.0,16.0,31.0
2014-09-15,6.0,25.5,3.0,41.0,41.5,24.0,,24.0,36.0,39.0,31.0,2.0,40.0,35.0,48.0,43.0,22.0,44.0,8.0,,22.5,37.0,26.0,,47.0,47.0,38.5,45.0,,32.0,12.0,16.5,5.0,8.0,11.0,19.0,26.0,22.0,13.0,8.0,26.0,,,,14.0,29.0,10.0,39.0,4.0,42.0,17.0,18.0,,,37.0,,14.0,25.0,1.0,32.0
2014-09-16,3.0,44.0,9.0,19.0,38.5,33.5,,19.0,25.0,40.5,21.0,18.0,36.0,26.0,44.0,32.0,25.0,37.0,22.0,,43.0,47.0,48.0,,42.0,23.0,44.0,47.0,,44.0,29.0,23.0,6.0,1.0,5.0,8.0,32.0,12.0,7.0,10.0,27.5,,,,35.0,14.0,13.0,32.0,11.0,2.0,16.0,42.5,,,22.0,,27.0,3.0,14.0,34.5
2014-09-17,12.0,30.0,9.0,33.0,40.0,26.0,42.0,18.0,21.0,48.0,8.0,36.0,12.0,19.0,48.0,46.0,36.0,34.0,23.0,,34.5,41.0,23.0,,33.0,2.0,44.0,37.5,,16.0,6.0,30.5,3.0,2.0,10.0,11.5,18.0,33.0,6.0,2.0,39.0,,,,48.5,43.0,14.0,29.0,5.0,29.0,21.0,30.0,,,16.0,,45.0,33.5,15.0,42.0
2014-09-18,7.0,39.0,6.0,22.5,48.0,26.0,26.0,11.0,51.0,39.0,20.0,21.0,29.0,38.0,44.0,33.0,29.0,46.0,17.0,,41.5,40.0,35.0,,37.5,44.0,42.0,50.0,,35.0,24.0,4.0,1.0,12.0,5.0,19.0,30.0,16.0,10.0,8.0,13.0,,,,15.0,32.0,22.0,36.0,3.0,29.0,2.0,34.0,,,17.0,,26.0,14.0,9.0,46.0
2014-09-19,10.0,36.0,6.0,28.0,45.0,34.0,26.0,8.0,40.0,50.0,15.0,18.0,36.0,41.0,43.0,44.0,35.0,30.0,23.0,,43.0,25.0,30.0,,42.0,36.0,1.0,46.5,,24.5,20.5,13.0,3.0,18.0,5.0,33.0,15.5,19.0,7.0,12.0,23.0,,,,48.0,19.0,16.0,43.0,9.0,32.0,2.0,33.5,,,31.0,,26.0,10.0,4.0,50.0
2014-09-22,18.0,26.5,6.0,27.0,46.0,32.0,25.0,8.0,49.0,42.0,2.0,28.5,33.0,34.0,44.0,26.0,36.0,16.0,30.0,,31.0,26.0,41.0,,47.0,38.0,40.5,48.0,,16.0,24.0,5.0,7.0,19.0,1.0,16.0,39.5,24.5,12.0,3.0,12.0,,,,47.0,30.0,13.0,39.0,10.0,32.0,20.5,43.5,,,12.0,,20.0,9.0,4.0,50.5
2014-09-23,5.0,40.0,16.0,25.0,28.5,37.0,40.0,13.0,38.0,32.0,8.0,43.0,35.0,26.0,48.0,48.0,32.0,29.0,28.5,,37.0,22.0,16.0,,50.0,46.0,44.0,50.0,,22.0,19.0,1.0,6.0,13.0,4.0,10.0,33.0,23.5,2.0,9.0,7.0,,,,38.0,35.0,18.0,42.0,10.0,20.0,3.0,26.0,,,32.0,,24.5,12.0,15.0,45.0
2014-09-24,10.0,35.0,19.0,38.0,38.0,32.0,17.0,15.0,28.0,40.5,4.0,29.5,35.0,36.5,44.0,40.0,29.0,27.0,24.5,,42.0,29.0,19.5,,50.0,43.0,48.0,46.0,,16.0,40.0,7.0,2.0,14.0,5.0,21.0,48.0,13.0,8.0,6.0,3.0,,,,33.0,33.5,10.0,38.0,1.0,23.0,12.0,24.0,,,9.0,,26.0,24.0,17.0,46.0
2014-09-25,8.0,25.0,26.0,45.5,28.5,20.0,40.0,36.0,40.0,44.0,5.0,40.0,43.0,18.0,41.0,25.0,27.0,20.0,37.0,,40.0,16.0,13.0,,49.0,19.0,40.0,47.0,,35.0,16.0,4.0,3.0,13.0,12.0,7.0,37.0,15.0,1.5,23.0,6.0,,,,39.5,35.5,21.0,50.0,9.0,33.0,11.0,34.0,,,34.5,,25.0,11.0,1.5,34.0
2014-09-26,12.0,30.0,20.0,32.0,32.0,22.0,20.0,5.0,47.5,48.0,16.0,32.0,37.0,42.0,22.0,32.5,44.0,47.0,28.0,,33.0,41.0,29.5,,47.5,21.0,45.0,35.0,,39.0,11.0,2.0,1.0,14.0,13.0,10.0,28.0,18.0,4.0,3.0,25.0,,,,38.0,35.0,19.5,48.0,9.0,40.0,23.0,41.0,,,7.0,,23.0,6.0,7.0,16.5
2014-09-29,21.0,18.0,11.0,48.0,43.0,15.0,46.0,16.0,47.0,44.0,24.0,32.0,38.0,23.0,39.0,34.0,43.0,38.0,24.0,,36.0,28.0,32.0,,50.0,19.0,46.0,50.0,,15.0,24.0,1.0,9.0,4.0,8.0,13.0,32.0,11.0,3.0,5.0,45.0,,,,24.0,37.0,2.0,32.0,7.0,35.0,29.5,12.0,,,21.5,,21.5,6.0,18.0,29.0
2014-09-30,10.0,32.0,5.0,35.0,13.0,27.0,29.0,23.0,43.0,33.0,19.5,34.0,34.0,29.5,24.0,39.5,33.0,50.0,40.0,,28.0,24.0,43.0,,48.0,42.0,49.0,49.0,,6.0,11.5,3.0,4.0,15.5,12.0,16.0,23.0,14.0,1.0,9.0,19.0,,,,27.0,35.0,14.0,45.0,2.0,45.0,38.0,22.0,,,25.0,,18.0,7.0,10.0,45.0
2014-10-03,34.0,25.0,2.0,33.0,42.0,17.0,31.0,28.0,47.0,39.0,10.0,29.0,34.0,19.5,14.0,31.5,40.0,48.0,23.0,,42.0,39.0,23.0,,47.0,35.0,41.0,50.0,,37.0,24.0,8.0,7.0,20.0,6.0,3.0,49.5,1.0,4.0,14.0,17.0,,,,38.0,13.5,32.0,45.0,5.0,26.0,21.0,13.5,,,15.0,,9.0,11.0,19.0,32.5
2014-10-06,24.0,28.0,30.0,34.0,48.5,18.0,42.5,13.0,40.0,44.0,4.0,33.0,36.0,16.0,23.0,17.0,36.0,42.0,29.0,,33.0,27.5,37.0,,44.0,26.0,34.0,50.0,,37.0,14.0,3.0,11.0,26.0,1.0,10.0,45.0,9.0,7.0,8.0,13.0,,,,34.0,45.0,17.0,39.0,2.0,40.5,22.5,21.0,,,6.0,,20.0,5.0,16.0,42.0
2014-10-07,30.0,11.0,39.0,24.0,43.0,19.0,37.0,18.0,47.0,46.0,3.0,22.0,37.0,35.0,14.0,22.0,42.5,44.0,34.0,,34.0,46.0,29.0,,42.0,35.0,37.0,50.0,,28.5,10.0,6.0,2.0,17.0,7.0,1.0,31.0,9.0,4.0,8.0,25.0,,,,32.0,36.0,21.0,24.5,14.0,50.0,37.0,19.0,,,14.0,,5.0,12.0,16.5,34.0
2014-10-08,19.0,8.0,14.0,42.0,28.0,4.0,31.5,7.0,39.0,48.0,10.0,39.0,12.0,30.0,41.0,16.0,44.0,50.0,31.0,,32.0,42.0,27.0,,47.0,22.0,17.5,45.5,,32.5,23.0,13.0,6.0,23.0,2.5,5.0,32.5,19.0,1.0,10.0,10.0,,,,31.5,47.5,25.0,44.0,2.5,46.0,36.0,15.0,,,33.0,,29.0,22.0,18.0,36.0
2014-10-09,18.5,24.0,23.0,46.0,47.5,24.0,33.0,11.0,37.0,46.0,14.0,29.0,12.0,40.0,46.0,15.0,41.0,48.0,5.0,,31.0,32.0,35.0,,43.0,26.5,44.5,49.0,,37.0,10.0,8.0,1.0,27.0,2.0,6.0,44.0,3.0,7.0,4.0,17.0,,,,31.0,22.0,22.0,35.0,13.0,39.5,34.0,23.0,,,25.0,,19.0,17.0,9.0,31.0
2014-10-10,11.0,11.0,25.0,24.0,50.0,20.0,34.0,12.0,23.0,44.0,6.0,29.5,38.0,37.0,42.0,15.0,38.0,45.0,19.0,,41.0,33.0,46.0,,49.0,31.0,29.0,48.0,,40.0,6.0,2.0,9.0,29.0,4.0,5.0,34.0,8.0,1.0,14.0,20.0,,,,33.0,26.0,34.0,29.0,3.0,45.0,32.0,27.0,,,17.0,,21.0,12.0,16.0,39.0
2014-10-13,26.0,26.0,23.0,41.5,49.0,24.0,48.0,6.0,45.0,18.0,15.0,28.0,19.0,14.0,33.0,17.0,42.0,43.0,38.0,,46.0,30.0,30.0,,50.0,17.0,34.0,46.0,,36.0,12.0,13.0,5.0,36.0,1.0,10.0,40.0,11.0,4.0,7.0,33.0,,,,24.0,33.0,9.0,29.0,2.0,40.0,48.0,19.0,,,22.0,,20.5,3.0,8.0,30.0
2014-10-14,31.5,28.0,30.0,24.0,37.0,13.0,48.0,1.0,11.0,28.0,3.0,17.0,5.0,12.0,28.0,21.0,40.0,34.0,30.5,,43.0,40.0,44.5,,41.0,44.5,50.0,40.0,,42.0,6.5,4.0,8.0,34.0,20.0,15.0,27.0,17.0,9.0,2.0,17.0,,,,32.5,43.0,18.0,29.0,13.0,33.0,48.0,25.0,,,32.0,,21.0,10.0,6.5,42.0
2014-10-15,28.0,28.0,25.0,40.5,47.0,18.5,48.0,9.0,42.0,26.0,17.0,31.0,13.0,15.0,30.0,20.5,39.0,36.0,12.0,,45.0,34.5,33.0,,51.0,39.0,42.0,49.0,,33.0,18.0,4.0,5.0,25.5,11.0,2.0,21.0,6.0,1.0,8.0,39.0,,,,16.0,42.0,20.0,31.0,13.0,36.0,46.0,27.5,,,24.0,,3.0,11.0,7.0,35.0
2014-10-16,15.0,14.5,15.0,15.0,44.0,5.0,45.0,4.0,51.0,28.0,2.0,17.5,38.5,27.0,17.0,28.0,38.5,32.5,34.0,,45.0,7.0,39.0,,42.0,22.0,43.0,48.0,,34.0,7.0,2.0,10.0,24.0,7.0,9.0,26.0,11.0,12.0,2.0,42.0,,,,20.0,38.5,35.0,29.0,21.0,47.0,49.0,38.0,,,31.0,,21.0,23.0,18.0,29.0
2014-10-17,11.0,14.0,32.0,32.0,44.5,10.0,47.0,3.0,28.0,21.0,8.0,17.0,20.0,15.0,17.0,16.0,35.0,38.5,34.0,,39.0,41.0,46.0,,48.0,38.0,37.0,51.0,,30.0,5.0,2.0,6.0,42.0,7.0,9.0,28.0,4.0,12.0,1.0,34.0,,,,15.0,35.0,19.0,31.0,22.0,49.0,47.0,25.0,,,21.0,,31.0,23.0,26.0,39.0
2014-10-20,25.5,6.0,29.0,34.0,39.0,13.0,41.0,9.0,51.0,37.0,19.0,23.0,26.0,22.5,17.0,14.0,28.0,48.0,13.0,,32.0,42.0,48.0,,46.0,29.0,39.0,46.0,,35.0,4.0,9.0,3.0,23.0,11.0,7.0,38.0,1.0,5.0,2.0,28.5,,,,21.5,45.0,30.0,19.0,12.0,35.0,46.0,24.0,,,23.0,,38.5,18.0,9.0,34.5
2014-10-21,10.0,14.0,47.0,39.0,42.0,13.0,47.0,23.0,47.0,32.0,11.0,31.0,26.5,18.0,16.0,21.0,31.0,41.0,26.0,,23.0,39.0,50.0,,45.5,34.0,43.0,38.0,,5.0,16.0,8.0,1.0,31.0,3.0,6.0,46.0,2.0,14.5,7.0,30.0,,,,25.0,37.0,23.0,12.5,9.0,34.0,45.0,16.0,,,26.0,,36.0,19.0,4.0,30.0
2014-10-22,9.0,13.0,26.0,42.0,48.0,11.0,39.0,22.0,44.0,27.0,13.0,35.0,20.0,32.5,21.0,19.0,36.0,40.0,15.0,,29.0,46.0,47.0,,49.0,22.0,39.0,42.5,,19.0,1.0,19.0,8.0,24.0,5.0,2.0,36.0,3.0,10.0,6.0,28.0,,,,28.0,40.0,24.0,31.0,7.0,47.0,45.0,13.0,,,25.0,,36.0,15.0,4.0,31.5
2014-10-23,31.0,15.0,24.0,47.0,49.0,2.5,46.0,2.5,44.0,33.0,5.0,18.0,13.0,30.0,21.0,20.0,32.0,42.0,38.0,,26.0,37.0,35.0,,50.0,17.0,37.5,43.0,,27.0,11.0,4.0,10.0,40.0,8.0,12.0,47.0,7.0,6.0,1.0,37.0,,,,20.5,33.0,28.0,9.0,18.0,48.0,45.0,13.0,,,24.5,,32.0,16.0,22.0,24.0
2014-10-24,12.0,36.0,23.0,44.0,42.0,9.0,18.0,3.0,48.0,31.5,8.0,28.0,14.0,46.0,24.0,21.0,40.0,41.0,12.0,,33.0,39.0,31.5,,50.0,41.5,39.0,49.0,,22.0,7.0,19.0,2.0,27.0,10.0,4.0,32.0,6.0,1.0,5.0,36.0,,,,30.0,24.0,28.0,14.0,14.0,48.0,44.0,16.0,,,30.0,,39.0,24.0,19.0,15.0
2014-10-27,21.0,31.0,33.0,29.0,35.0,11.0,47.0,8.0,42.0,42.0,6.0,25.0,13.0,38.0,14.0,33.0,43.0,37.0,10.0,,37.0,35.0,43.0,,41.0,26.0,49.0,46.0,,18.5,23.0,5.0,1.0,28.0,9.0,4.0,33.0,3.0,7.0,2.0,44.0,,,,17.0,30.0,21.0,25.0,15.0,49.0,48.0,14.0,,,22.0,,21.5,12.0,17.0,37.0
2014-10-28,7.0,19.0,29.0,42.5,5.0,11.0,37.0,15.0,38.0,31.0,13.0,42.0,18.0,33.0,13.0,22.5,44.0,46.0,4.0,,29.0,28.0,48.0,,40.0,30.0,39.5,47.0,,24.0,15.0,10.0,2.0,25.0,8.0,1.0,35.0,3.0,19.0,6.0,26.0,,,,21.0,37.0,28.0,19.0,9.0,47.0,50.0,13.0,,,40.0,,31.0,35.5,23.0,44.0
2014-10-29,15.0,22.0,39.0,44.0,36.0,14.5,47.0,18.0,43.0,35.5,11.0,42.0,23.0,26.0,18.5,9.0,39.0,45.0,32.0,,25.0,28.0,43.5,,42.0,11.0,50.0,47.0,,21.0,7.0,4.5,1.0,35.0,4.5,2.0,28.0,3.0,15.0,6.0,20.5,,,,8.0,35.0,29.0,23.5,14.5,41.0,45.0,10.0,,,27.0,,32.0,25.0,20.0,35.0
2014-10-30,26.0,11.0,32.0,48.0,43.0,8.0,40.5,12.0,50.0,38.0,15.0,24.0,20.0,35.0,16.0,19.0,45.0,44.5,37.0,,28.0,34.5,38.5,,40.0,17.0,38.0,47.0,,29.0,14.0,2.0,1.0,28.0,4.0,9.0,34.0,3.0,7.0,5.0,15.0,,,,11.0,38.0,25.0,21.0,19.0,44.0,51.0,6.0,,,32.0,,29.5,22.0,27.0,18.0
2014-10-31,19.0,19.0,26.0,35.0,39.0,17.0,45.0,4.0,42.0,32.0,8.0,43.0,11.0,35.0,48.0,27.0,49.0,37.0,19.0,,46.0,30.0,34.0,,46.0,13.0,47.5,47.0,,26.0,5.0,13.0,3.0,22.0,10.0,2.0,38.0,6.0,17.0,1.0,30.0,,,,17.0,35.0,29.0,9.0,11.0,44.0,38.0,7.0,,,24.0,,30.0,24.0,19.0,23.0
2014-11-03,10.0,14.0,45.0,36.0,36.0,10.0,50.5,7.0,34.0,44.0,19.0,20.0,16.0,42.0,22.0,26.0,39.0,39.0,28.0,,23.0,31.0,46.0,,44.0,12.0,45.5,41.0,,28.0,8.0,17.0,2.0,34.0,1.0,4.0,48.0,6.0,19.0,3.0,22.0,,,,12.0,26.0,31.0,13.0,21.0,35.0,49.0,5.0,,,33.0,,32.0,38.0,28.0,10.0
2014-11-04,23.0,12.0,28.0,33.0,44.5,20.5,20.5,3.0,44.0,39.0,11.0,20.0,15.0,20.0,43.0,25.5,37.0,44.0,46.0,,14.5,35.0,40.0,,48.0,18.0,31.0,42.5,,28.0,8.0,9.0,2.0,35.0,4.0,1.0,18.0,6.0,29.0,7.0,24.0,,,,18.0,25.0,31.0,10.0,14.0,48.0,46.0,5.0,,,37.0,,29.0,40.0,43.0,19.5
2014-11-05,20.0,6.0,11.5,37.0,44.0,12.0,14.0,12.0,49.0,43.0,7.0,23.0,14.0,16.0,30.0,39.0,42.5,41.0,31.0,,34.0,30.0,36.5,,45.0,24.0,36.0,47.5,,22.0,1.0,19.0,4.0,48.0,2.0,9.0,21.0,8.0,26.0,5.0,41.0,,,,24.0,16.0,27.0,17.0,29.0,38.0,34.0,3.0,,,39.0,,46.0,35.0,29.0,12.0
2014-11-06,25.0,13.0,6.0,28.0,30.0,22.0,47.0,6.0,40.5,23.5,12.0,20.0,17.0,20.0,38.0,29.0,34.0,42.5,40.0,,15.0,38.5,45.0,,44.0,18.0,49.0,47.0,,35.5,4.0,11.0,1.0,32.0,2.0,9.0,36.0,8.0,10.0,5.0,24.0,,,,22.0,19.0,31.0,13.5,16.0,49.0,32.0,3.0,,,41.0,,27.0,37.0,41.5,40.0
2014-11-07,15.0,11.0,16.5,40.0,48.0,23.5,45.0,6.0,43.0,32.5,18.0,43.5,22.0,21.0,35.0,43.0,29.0,10.0,25.0,,25.0,35.0,44.0,,47.0,8.0,37.0,39.0,,21.0,3.0,14.0,4.0,32.0,7.0,2.0,35.0,16.0,26.0,1.0,21.0,,,,5.0,13.0,28.0,11.0,18.5,49.0,51.0,9.0,,,33.0,,35.0,37.0,31.0,40.0
2014-11-10,18.0,16.0,5.0,42.0,47.0,13.0,42.0,5.0,46.0,31.0,10.0,40.0,27.0,17.0,24.0,33.0,46.0,41.0,36.0,,20.0,36.0,37.0,,44.0,17.0,40.0,46.0,,23.0,1.5,9.0,8.0,23.0,12.0,7.0,33.0,12.0,21.0,13.0,20.0,,,,5.0,1.5,30.0,3.0,23.0,46.0,49.0,29.0,,,43.0,,24.0,40.0,27.0,25.0
2014-11-11,11.0,12.0,4.0,48.0,40.5,17.0,26.0,14.0,51.0,40.0,16.0,21.0,9.0,20.0,32.0,36.5,31.0,45.0,30.0,,21.0,45.0,40.0,,44.0,26.0,36.0,47.5,,36.5,5.0,14.0,2.0,29.0,6.0,7.0,21.0,3.0,25.0,8.0,15.0,,,,10.0,17.0,40.0,1.0,32.0,42.0,38.0,28.0,,,35.0,,28.0,46.0,22.0,29.5
2014-11-12,10.0,3.0,12.0,36.0,48.5,28.5,46.0,9.0,42.0,28.0,1.0,43.0,6.0,33.0,50.0,35.0,36.0,41.0,35.0,,27.0,34.0,34.0,,37.0,29.0,48.0,49.0,,21.0,4.0,18.0,11.0,17.0,7.0,19.5,24.0,5.0,23.0,8.0,33.0,,,,23.5,2.0,25.0,13.0,13.0,49.0,44.0,17.0,,,38.5,,16.0,33.0,19.0,28.0
2014-11-13,15.0,13.0,33.5,31.0,47.5,43.0,37.0,2.0,44.0,20.0,9.0,35.0,23.0,27.0,48.0,30.0,18.5,39.0,17.0,,12.0,26.0,44.5,,43.0,35.0,41.0,48.0,,38.0,3.0,8.0,1.0,28.0,10.0,11.0,5.0,7.0,15.0,4.0,25.0,,,,19.0,6.0,29.0,21.0,15.0,46.5,47.0,30.0,,,43.0,,24.0,35.0,27.0,28.0
2014-11-14,13.0,9.0,33.0,39.0,40.0,12.0,42.0,7.0,45.0,14.0,3.0,25.5,26.0,24.0,48.0,27.0,48.0,42.0,27.0,,18.0,32.0,45.5,,46.0,30.0,37.0,34.5,,36.0,5.0,12.0,1.0,23.0,6.0,12.0,19.0,8.0,23.0,12.0,18.0,,,,4.0,2.0,28.0,16.0,33.0,46.0,50.0,21.0,,,45.0,,31.5,37.0,26.0,22.0
2014-11-17,19.0,7.0,10.0,41.5,42.5,17.0,36.0,5.0,38.0,30.0,9.0,40.0,35.0,32.0,46.0,25.0,51.0,26.0,19.0,,17.0,37.0,50.0,,48.5,29.5,33.0,38.0,,30.0,13.0,19.0,2.0,22.5,6.0,12.0,21.0,3.0,4.0,8.0,22.0,,,,14.0,1.0,36.0,11.0,24.0,47.0,44.0,17.0,,,31.0,,27.0,43.0,37.0,22.0
2014-11-18,20.0,11.0,5.0,35.0,48.0,22.5,45.0,6.0,38.0,19.0,1.0,45.0,26.5,44.0,50.0,25.0,41.0,35.0,38.0,,14.0,29.0,28.0,,48.0,40.0,26.0,43.0,,33.0,4.0,13.0,10.0,22.5,9.0,18.0,16.0,3.0,29.0,20.5,20.0,,,,8.0,7.0,15.0,2.0,26.0,40.0,48.0,13.0,,,34.0,,29.0,39.5,33.0,32.0
2014-11-19,30.0,4.0,17.0,21.5,49.0,23.0,43.0,11.5,39.0,2.0,20.0,45.0,23.0,25.5,42.0,39.5,46.0,42.0,37.0,,15.0,28.0,36.0,,33.0,42.5,18.0,48.0,,17.0,7.0,8.0,5.0,29.0,2.0,22.5,9.0,16.0,34.0,6.0,26.5,,,,10.0,12.0,15.0,2.0,24.0,45.0,48.0,13.0,,,38.0,,35.0,27.5,39.0,36.5
2014-11-20,23.0,14.0,6.0,18.0,48.0,25.0,41.0,21.0,40.0,18.5,9.0,45.0,25.0,29.0,38.0,34.5,44.0,40.0,37.0,,22.0,28.0,22.0,,35.0,38.0,47.0,12.0,,21.0,2.5,5.0,1.0,31.0,12.0,8.0,14.0,7.0,31.0,17.0,26.0,,,,4.0,2.5,11.0,10.0,33.0,47.0,50.0,17.0,,,39.0,,35.0,44.0,40.0,32.0
2014-11-21,10.0,2.0,15.0,16.0,48.0,32.0,45.5,3.0,19.0,8.0,14.0,43.0,30.0,33.0,45.0,43.0,43.0,38.0,25.0,,17.0,32.0,29.0,,48.0,34.0,35.0,50.0,,29.0,24.0,7.0,1.0,32.0,12.0,12.0,17.5,4.0,23.0,6.0,21.0,,,,9.0,11.0,27.0,5.0,21.0,42.5,48.0,19.0,,,24.0,,37.0,40.0,37.0,40.0
2014-11-24,13.0,8.0,10.0,37.0,48.0,21.5,50.0,21.0,28.0,37.0,19.0,43.0,30.5,13.0,45.5,32.0,44.0,44.0,34.0,,3.0,47.0,40.0,,23.5,44.0,42.0,31.0,,19.0,11.0,1.0,2.0,25.0,5.0,20.0,25.5,7.0,25.0,15.0,4.0,,,,15.0,6.0,21.0,9.0,30.5,42.0,41.0,22.0,,,39.0,,32.0,29.0,33.0,13.0
2014-11-25,16.0,4.0,21.0,48.0,50.5,22.5,38.0,1.0,28.0,29.0,16.5,39.0,28.0,35.0,39.0,10.0,45.0,14.0,44.0,,8.0,41.0,38.5,,48.0,32.0,31.5,20.0,,20.0,7.0,14.0,5.0,30.0,2.0,16.0,19.5,23.0,33.5,37.0,8.0,,,,9.0,3.0,25.0,12.0,8.0,46.0,41.0,24.0,,,40.0,,33.0,39.0,46.5,12.0
2014-11-26,2.0,7.0,25.0,44.0,35.0,19.0,19.0,13.0,38.0,6.0,25.0,29.0,17.0,27.5,44.0,31.0,46.0,48.0,38.5,,8.0,48.0,5.0,,40.0,39.0,29.5,46.5,,15.0,21.0,4.0,1.0,40.0,12.0,23.0,3.0,7.0,29.0,11.0,21.0,,,,14.0,17.0,28.5,10.0,17.0,37.0,45.0,31.0,,,37.0,,36.0,26.0,44.0,42.0
2014-11-27,21.5,10.0,23.0,39.0,36.0,19.0,48.5,7.0,36.0,1.0,11.0,48.0,44.5,32.0,34.0,21.0,44.0,43.0,42.0,,8.0,29.0,41.0,,36.0,44.0,35.0,43.0,,14.0,4.0,5.0,3.0,26.0,6.0,12.0,9.0,17.0,36.0,2.0,17.0,,,,17.0,19.0,27.0,15.0,33.0,24.0,40.0,21.0,,,39.0,,27.0,30.0,49.0,12.0
2014-11-28,23.5,3.0,16.0,26.0,49.0,38.0,50.0,16.0,33.0,28.0,41.0,46.0,39.0,45.0,33.0,14.0,29.0,48.0,43.0,,6.0,32.0,35.0,,8.0,34.5,44.0,45.0,,35.0,6.0,19.0,1.0,38.0,11.0,2.0,9.0,13.0,25.0,6.0,4.0,,,,25.0,12.0,21.0,10.0,18.0,45.0,21.0,22.0,,,41.0,,29.0,24.0,25.5,18.0
2014-12-01,31.0,4.0,14.0,24.5,47.0,23.0,49.0,1.0,22.0,29.0,22.0,49.0,13.0,37.0,36.0,21.0,49.0,35.0,33.0,,23.0,41.0,37.0,,41.0,36.0,40.0,44.0,,21.0,13.0,8.0,3.0,40.0,2.0,9.5,8.5,15.0,14.0,11.0,8.0,,,,21.0,17.0,26.0,6.0,18.0,44.0,45.0,5.0,,,31.0,,41.0,29.0,27.0,37.5
2014-12-02,9.0,5.0,16.0,31.0,50.0,28.0,47.0,7.0,16.0,14.0,9.0,45.0,28.0,34.0,47.5,33.0,51.0,42.0,20.5,,11.0,43.0,27.0,,38.5,39.0,31.0,45.0,,2.0,22.0,1.0,4.0,9.0,3.0,28.0,6.0,13.0,38.5,30.0,32.0,,,,12.0,21.0,24.5,18.0,25.0,41.0,45.0,22.0,,,35.0,,34.0,17.0,30.5,25.0
2014-12-03,27.0,13.0,3.0,15.0,46.0,26.0,44.0,10.0,45.0,18.0,14.0,44.0,38.0,34.0,45.0,20.0,36.0,30.0,6.0,,8.0,41.0,39.5,,49.0,18.0,33.0,39.0,,17.0,37.0,5.0,7.0,28.0,1.0,21.5,4.0,12.0,26.0,9.0,11.0,,,,25.0,18.0,30.0,2.0,19.0,48.5,27.0,31.0,,,39.0,,33.0,45.0,48.0,22.5
2014-12-04,4.0,12.0,1.5,9.0,43.0,22.0,30.0,3.0,35.0,30.0,10.0,47.0,6.0,27.0,42.0,38.5,37.0,43.0,33.0,,7.0,31.0,46.0,,50.0,34.0,45.5,44.5,,17.0,7.0,1.5,13.0,27.0,5.0,22.5,11.0,18.0,33.0,16.0,21.5,,,,19.0,22.0,13.0,16.0,40.0,43.5,19.0,36.0,,,41.0,,24.0,24.5,48.0,27.0
2014-12-05,19.0,9.0,3.0,18.0,51.0,29.0,41.0,7.0,34.5,21.0,8.0,45.0,10.5,31.0,39.0,36.0,45.0,40.0,19.0,,14.0,32.0,45.0,,49.0,46.0,41.0,42.5,,27.0,22.0,3.0,5.0,30.0,1.0,26.0,6.0,10.0,35.0,15.0,22.0,,,,17.0,12.0,14.0,3.0,17.0,26.0,22.0,33.5,,,27.0,,39.0,26.0,48.0,44.0
2014-12-08,16.0,11.0,16.0,19.0,45.5,12.0,35.0,2.0,23.0,13.0,16.0,43.5,36.0,29.0,49.0,47.0,30.5,33.5,40.0,,14.0,45.0,41.0,,42.0,36.0,38.0,39.0,,26.5,24.0,8.0,7.0,4.0,5.0,26.0,9.0,25.0,2.0,20.0,19.0,,,,10.0,6.0,31.0,2.0,24.0,44.0,50.0,34.0,,,39.5,,23.0,23.0,32.0,38.0
2014-12-09,9.0,31.0,26.5,36.0,43.5,21.0,38.0,3.0,48.0,31.0,1.5,47.5,22.0,28.5,16.0,31.5,38.0,45.0,18.0,,34.0,43.0,45.0,,44.0,48.0,50.0,33.0,,7.0,6.0,11.0,4.0,20.0,1.5,34.0,8.0,15.0,13.0,5.0,11.0,,,,16.0,22.0,31.0,11.0,14.0,38.0,38.0,42.0,,,27.5,,19.0,28.0,31.0,23.0
2014-12-10,4.0,33.0,14.0,25.5,48.0,18.0,35.0,2.0,40.0,4.0,10.0,45.0,40.0,29.0,30.0,43.0,28.5,35.0,28.0,,19.0,34.0,49.0,,43.5,43.5,30.0,46.0,,18.0,11.0,1.0,7.0,15.0,4.0,41.0,16.5,6.0,8.0,9.0,26.0,,,,16.0,26.0,37.0,14.0,31.0,44.0,35.0,46.0,,,37.0,,20.0,21.0,25.0,12.0
2014-12-11,25.5,23.0,25.0,35.0,36.5,18.0,36.0,7.0,48.0,5.0,12.0,47.5,22.5,13.0,38.0,31.5,32.0,14.0,25.0,,41.0,37.0,50.0,,32.0,45.0,25.0,42.5,,19.0,8.0,2.0,1.0,3.0,5.0,43.5,9.5,9.5,20.0,4.0,13.0,,,,40.0,32.0,15.0,27.0,29.5,48.0,36.0,45.0,,,24.0,,12.0,38.0,39.0,16.0
2014-12-12,16.0,12.0,7.0,28.0,48.0,17.0,38.0,3.0,48.0,24.0,8.0,49.5,32.0,21.5,47.0,46.0,40.0,29.0,9.0,,37.0,46.0,44.0,,42.0,30.0,34.0,37.5,,26.0,28.0,18.0,6.0,23.0,11.0,31.0,14.0,1.0,10.0,4.0,5.0,,,,26.0,14.0,2.0,20.0,14.0,39.0,23.0,36.0,,,38.5,,27.0,42.0,36.0,19.0
2014-12-15,14.0,17.0,10.0,26.0,45.0,8.5,41.0,2.0,48.0,38.0,34.0,33.0,45.0,36.0,27.5,14.0,47.0,43.0,22.0,,14.0,44.0,44.0,,35.0,51.0,42.0,37.0,,4.0,25.0,16.0,6.0,21.0,4.5,38.0,10.0,12.5,2.0,7.0,30.0,,,,19.0,2.0,27.0,10.0,28.0,43.0,31.0,34.5,,,25.5,,19.0,17.0,35.0,23.0
2014-12-16,8.0,15.5,18.0,49.0,48.0,18.0,40.0,22.0,44.0,25.0,27.0,50.0,39.0,34.0,26.0,12.0,37.0,35.0,10.0,,34.0,43.0,43.0,,46.0,46.0,5.0,47.0,,37.0,29.0,7.0,1.0,2.0,14.0,24.0,5.0,25.0,9.0,12.0,29.0,,,,3.0,19.0,15.0,5.0,20.0,31.0,24.0,41.5,,,35.0,,32.0,17.0,37.0,10.5
2014-12-17,6.0,13.0,20.0,30.0,46.0,15.5,23.0,13.0,49.0,1.0,38.0,46.0,44.0,26.5,17.0,41.0,29.0,16.0,2.0,,23.0,48.5,28.5,,35.0,46.5,38.0,44.0,,23.0,9.0,12.0,3.0,9.0,9.0,45.0,27.0,24.0,18.0,10.5,7.0,,,,35.0,40.0,17.0,31.0,33.0,30.0,34.0,38.5,,,27.0,,27.0,4.0,42.0,5.0
2014-12-18,3.0,13.0,20.0,44.0,49.0,16.5,22.0,20.0,48.0,4.0,34.0,46.0,38.5,41.0,45.0,15.0,27.0,37.0,25.0,,18.0,29.0,25.5,,51.0,41.0,44.5,31.0,,32.0,34.0,10.0,12.0,15.0,2.0,33.0,22.0,18.0,7.0,11.0,5.0,,,,21.0,44.0,30.0,7.0,28.0,37.0,40.0,44.0,,,9.0,,6.0,30.0,20.0,1.0
2014-12-19,3.5,8.0,7.0,33.0,49.0,11.0,33.0,1.0,44.0,31.0,38.5,36.0,27.0,40.5,46.0,48.0,35.0,41.0,16.0,,29.0,41.0,36.0,,46.0,43.0,46.0,17.0,,23.0,16.0,18.0,15.0,2.0,5.0,29.5,34.0,9.5,3.5,12.0,13.0,,,,25.0,29.0,22.0,19.0,19.0,41.0,33.5,30.0,,,27.0,,6.0,24.0,23.0,9.5
2014-12-22,9.0,16.0,9.0,30.5,51.0,22.5,7.0,1.0,34.0,27.0,42.5,39.0,45.0,23.0,32.0,24.0,31.5,43.0,24.0,,30.5,20.0,32.0,,49.0,37.5,46.0,46.0,,41.0,16.0,3.0,11.0,12.0,8.0,40.0,39.0,16.0,4.0,12.0,20.0,,,,33.0,20.0,26.0,6.0,29.0,46.0,19.0,18.0,,,39.0,,5.0,36.0,27.0,2.0
2014-12-23,4.0,16.0,20.5,39.0,47.0,6.0,8.0,9.0,42.0,33.0,38.0,49.0,40.0,30.0,42.5,41.0,7.0,47.0,23.0,,32.5,23.0,37.0,,42.0,33.5,40.0,48.0,,32.5,12.0,3.0,23.0,18.0,11.0,20.0,34.5,15.0,5.0,1.0,10.0,,,,42.0,38.0,23.0,2.0,19.0,37.0,28.0,25.0,,,17.0,,13.0,27.0,28.0,14.0
2014-12-24,11.0,2.0,15.0,40.0,38.5,23.0,13.0,3.0,49.0,38.0,33.0,47.0,37.0,40.0,43.0,23.0,30.0,46.0,35.0,,24.0,36.0,38.0,,47.0,33.5,50.0,46.0,,43.0,16.0,5.0,19.0,9.0,16.0,36.0,37.0,21.0,10.0,8.0,13.0,,,,30.5,5.0,26.0,13.0,18.0,31.0,26.0,28.0,,,19.0,,1.0,22.0,5.0,7.0
2014-12-29,6.5,15.0,14.0,16.5,43.0,23.0,6.5,5.0,41.0,12.0,39.0,49.0,33.0,19.0,50.0,29.0,42.0,46.0,18.0,,35.0,38.0,39.0,,25.5,38.0,44.0,48.0,,29.0,23.0,1.0,16.5,10.0,10.0,40.0,39.0,33.5,3.0,4.0,9.0,,,,32.0,41.5,18.0,8.0,27.0,29.0,29.0,31.0,,,20.0,,2.0,32.0,21.0,13.0
2014-12-30,5.0,15.0,8.0,35.0,48.0,18.0,16.0,3.0,42.0,36.0,27.0,44.0,28.0,31.0,47.0,40.0,27.5,49.0,24.0,,22.0,11.0,43.0,,42.5,37.0,45.0,50.0,,20.0,31.0,13.0,22.0,17.0,1.0,19.0,38.0,26.0,4.0,16.0,9.0,,,,40.5,36.0,7.0,9.0,6.0,41.0,35.0,27.0,,,25.0,,12.0,32.0,19.0,2.0
2014-12-31,10.0,27.0,25.0,35.5,48.0,28.0,36.0,9.0,37.0,23.0,41.0,43.0,32.0,13.0,31.5,24.0,45.0,39.0,21.5,,34.0,4.0,43.0,,50.0,32.0,46.5,47.0,,41.0,5.0,8.0,27.0,5.0,2.0,22.0,37.0,14.0,19.5,11.0,13.0,,,,44.0,41.5,1.0,14.0,16.0,43.0,18.0,24.0,,,18.0,,7.0,28.0,16.0,3.0
2015-01-02,10.0,40.0,10.0,37.0,44.5,24.0,5.0,2.0,48.0,35.0,35.0,44.0,13.0,19.0,42.0,30.0,38.0,44.0,32.0,,33.0,34.0,46.0,,41.0,38.0,46.5,49.0,,15.0,7.0,1.0,22.0,4.0,16.0,24.0,28.0,32.0,10.0,12.0,22.0,,,,28.0,25.5,8.0,13.0,33.0,44.5,22.0,17.0,,,22.0,,6.0,23.0,16.0,3.0
2015-01-05,2.0,38.0,17.0,37.5,48.0,29.5,7.0,16.0,48.0,29.0,28.0,42.0,12.0,1.0,45.0,26.5,33.0,50.0,4.0,,42.0,30.0,42.0,,43.0,46.0,49.0,40.0,,19.0,6.0,12.0,21.0,8.0,3.0,17.0,31.0,23.0,15.0,9.0,36.0,,,,29.5,37.5,10.0,12.0,25.0,36.0,27.0,27.0,,,22.0,,5.0,21.0,34.0,14.0
2015-01-06,8.0,31.0,24.0,45.0,41.0,40.0,1.0,4.0,41.0,25.0,10.0,49.0,14.0,9.0,47.0,20.0,46.0,39.0,35.0,,35.0,37.0,15.0,,26.0,44.0,49.0,43.0,,36.0,7.0,14.0,11.0,22.0,3.0,17.0,22.0,28.0,6.0,12.0,27.0,,,,17.0,19.5,2.0,15.0,22.0,33.0,43.0,33.0,,,30.0,,5.0,29.0,25.0,42.0
2015-01-07,6.0,40.0,17.0,49.0,46.0,27.5,17.0,10.0,45.0,36.0,26.0,49.0,12.0,15.0,27.0,33.5,24.0,45.0,37.0,,45.0,32.0,29.0,,39.0,42.0,45.0,49.0,,31.0,2.0,12.0,20.0,4.0,1.0,14.0,36.0,32.0,7.0,5.0,17.0,,,,29.0,24.0,9.0,10.0,8.0,38.0,27.0,29.5,,,21.0,,3.0,22.0,17.0,42.0
2015-01-08,11.0,20.0,3.0,26.0,40.0,32.0,38.0,8.0,32.0,31.0,36.0,47.0,16.0,5.0,46.0,38.0,43.0,46.0,27.0,,28.5,33.0,49.0,,49.0,23.0,38.0,41.0,,17.0,3.0,18.0,11.0,7.0,14.5,35.0,23.0,32.0,8.0,24.5,3.0,,,,25.0,20.0,13.0,6.0,43.0,27.0,45.5,45.0,,,34.0,,1.0,15.0,18.0,10.0
2015-01-09,4.5,42.0,5.0,39.0,34.0,32.0,19.5,16.0,41.0,31.0,21.0,43.0,13.0,8.0,51.0,38.0,34.0,40.0,45.0,,36.5,24.0,36.0,,37.5,13.0,48.0,49.0,,37.0,2.0,28.0,15.0,11.0,6.0,12.0,22.0,22.0,3.0,10.0,24.0,,,,34.5,9.0,17.0,20.0,29.0,32.0,47.0,34.0,,,25.0,,1.0,30.0,27.5,6.0
2015-01-12,27.0,34.0,9.0,33.0,42.0,44.5,1.0,9.0,32.0,20.0,19.0,43.0,5.0,16.0,50.0,36.0,41.0,48.0,40.0,,39.0,30.0,41.0,,37.0,28.0,45.0,49.0,,33.0,2.0,14.0,18.0,4.0,12.0,23.0,29.5,14.0,10.0,8.0,6.5,,,,30.0,24.0,7.0,20.0,34.0,26.0,46.0,37.0,,,14.0,,3.0,18.0,22.0,24.0
2015-01-13,32.0,42.0,11.0,31.0,47.0,20.0,23.5,15.0,39.0,30.0,8.5,44.0,13.0,2.0,33.0,37.0,46.0,45.0,26.5,,38.0,40.0,42.0,,51.0,18.0,47.0,47.0,,35.0,3.0,29.0,26.0,7.0,4.0,33.0,14.5,6.0,12.0,10.0,17.0,,,,29.0,21.0,8.5,5.0,15.0,38.0,37.0,27.0,,,22.0,,1.0,36.0,27.5,16.0
2015-01-14,27.0,49.0,13.0,44.0,19.0,5.0,23.0,10.0,21.0,40.5,2.0,42.0,17.0,18.0,41.0,37.0,35.0,50.0,39.0,,32.5,20.0,37.5,,34.0,5.0,45.5,49.0,,32.0,3.0,30.0,7.0,9.0,20.0,29.0,7.0,22.5,13.0,25.0,36.0,,,,24.0,14.0,11.0,6.0,36.0,35.0,37.0,39.0,,,31.0,,1.0,47.0,17.0,12.0
2015-01-15,34.0,40.0,11.0,35.0,24.0,18.0,47.0,9.0,48.0,30.0,16.0,46.0,19.0,16.0,29.0,27.0,50.0,44.0,23.0,,41.0,42.0,49.0,,26.0,10.0,45.0,45.0,,41.0,3.0,23.0,12.0,15.0,14.0,19.0,27.5,5.0,1.0,4.0,26.0,,,,31.5,7.0,8.0,37.0,32.0,33.0,37.0,29.0,,,23.0,,6.0,37.0,13.0,2.0
2015-01-16,22.0,25.0,2.0,43.5,37.0,9.5,36.0,14.5,22.0,33.5,5.0,47.0,21.0,12.0,47.0,42.0,44.0,50.0,15.5,,14.0,28.0,33.5,,45.0,6.0,46.5,38.0,,28.0,7.0,32.0,24.0,11.0,28.0,19.5,35.5,33.0,15.0,16.0,22.0,,,,7.0,9.5,1.0,27.0,39.0,25.0,40.0,40.5,,,32.0,,3.0,20.0,4.0,35.5
2015-01-19,24.0,37.5,6.0,34.0,35.0,7.0,26.5,4.0,14.0,37.0,16.0,27.0,19.0,1.0,45.0,39.5,44.0,44.0,44.0,,27.0,38.0,36.5,,50.0,12.0,44.0,49.0,,38.0,10.0,26.0,10.0,32.0,19.0,2.0,17.0,23.0,4.0,17.0,11.0,,,,33.0,27.0,4.0,36.0,24.5,48.0,37.0,39.5,,,13.0,,8.0,24.0,13.0,29.0
2015-01-20,17.0,28.0,17.0,48.0,38.0,10.0,38.0,4.0,31.0,31.0,13.0,43.0,26.0,14.0,41.0,34.5,43.0,45.0,23.0,,30.0,50.0,42.0,,37.0,7.5,50.0,44.0,,31.0,11.0,20.0,6.0,20.0,12.0,17.0,1.0,22.5,7.5,3.0,37.0,,,,36.5,9.0,2.0,28.0,15.0,20.5,44.0,35.0,,,22.0,,5.0,24.0,25.0,40.0
2015-01-21,21.0,23.0,20.0,41.0,24.0,23.0,21.0,7.0,49.0,37.0,10.0,36.0,42.0,6.0,44.0,33.0,40.0,42.0,32.0,,11.0,38.0,31.0,,51.0,8.0,49.0,47.0,,13.0,1.5,17.0,21.0,34.0,3.0,20.0,11.0,13.0,5.0,4.0,29.0,,,,29.0,15.0,10.0,24.0,29.0,44.0,44.0,32.0,,,1.5,,16.0,38.0,39.0,31.0
2015-01-22,13.0,29.0,21.0,45.0,40.0,16.0,18.0,24.0,26.0,38.0,7.0,33.0,33.0,4.0,45.0,30.0,47.0,29.0,38.0,,13.0,30.0,48.0,,45.0,33.0,50.0,49.0,,2.0,14.0,27.0,10.0,24.5,3.0,22.0,5.0,13.0,1.0,9.0,35.0,,,,25.0,6.0,11.0,42.0,27.0,35.0,39.0,24.0,,,21.0,,8.0,38.0,17.0,44.0
2015-01-23,18.0,21.0,38.0,45.0,35.0,14.0,19.0,11.0,49.0,29.0,12.0,30.0,32.5,3.0,29.0,35.0,37.0,51.0,25.0,,14.5,41.0,39.0,,47.0,8.0,47.0,41.5,,8.0,6.0,13.0,2.0,24.5,1.0,25.0,16.0,20.0,14.0,8.0,24.0,,,,28.0,32.0,4.0,34.0,22.0,48.0,38.0,34.0,,,5.0,,9.0,41.0,29.0,44.0
2015-01-26,16.0,25.0,18.0,37.0,34.0,19.0,28.5,14.0,25.0,27.5,13.0,39.5,45.0,12.0,42.0,34.0,37.0,45.0,30.0,,17.0,34.0,49.0,,48.0,21.0,42.0,45.0,,7.0,1.5,8.0,6.0,25.0,9.0,31.0,15.0,24.0,3.5,10.0,36.5,,,,37.0,19.0,3.5,5.0,26.0,38.0,47.0,22.0,,,1.5,,11.0,28.0,42.0,46.0
2015-01-27,15.0,22.0,22.0,47.0,46.0,27.0,35.0,16.0,42.0,45.0,5.0,49.0,22.0,10.0,41.5,32.0,39.0,49.0,33.0,,9.0,40.0,36.0,,34.0,16.0,26.0,47.0,,12.0,7.0,28.5,3.0,35.0,8.0,14.0,1.0,28.5,11.0,12.0,39.0,,,,18.5,25.0,2.0,4.0,25.0,39.0,34.0,32.0,,,23.0,,6.0,25.0,18.0,44.0
2015-01-28,6.0,34.0,28.0,45.0,26.0,15.0,25.5,5.0,32.0,43.0,6.0,47.0,15.0,9.0,39.0,26.0,41.0,48.5,42.0,,32.0,45.0,42.5,,33.0,22.0,39.0,45.0,,19.0,2.0,19.0,10.0,38.0,12.0,18.0,12.0,20.0,8.0,16.0,39.0,,,,26.0,1.0,3.0,27.5,23.5,40.5,46.0,21.0,,,18.0,,4.0,11.0,30.0,39.0
2015-01-29,8.0,34.0,18.0,37.0,12.0,29.5,29.0,9.0,34.0,49.0,4.0,42.5,44.0,12.0,34.0,39.0,41.0,48.0,26.0,,24.5,34.0,18.0,,47.0,16.0,51.0,37.5,,23.0,2.0,16.0,14.0,37.0,2.0,19.5,2.0,24.5,5.0,11.0,18.0,,,,41.0,20.0,6.0,12.0,22.0,41.5,41.0,34.0,,,24.0,,7.0,37.0,30.0,47.0
2015-01-30,24.0,35.0,30.5,42.0,32.0,14.0,18.0,4.0,24.0,36.0,9.0,36.0,27.0,7.0,44.0,20.0,49.0,47.0,34.0,,24.0,43.0,34.0,,45.0,5.0,48.5,26.0,,39.0,1.0,18.0,12.0,25.0,2.0,15.0,20.0,16.0,11.0,13.0,42.0,,,,24.0,18.0,6.0,8.0,27.0,38.0,45.0,29.0,,,3.0,,10.0,37.0,43.0,39.0
2015-02-02,21.0,16.0,26.0,32.0,27.5,34.0,24.0,4.0,28.0,42.0,6.0,35.0,39.5,5.0,38.0,30.0,48.0,45.0,2.0,,21.0,50.0,47.0,,43.0,18.0,49.0,45.0,,35.0,10.0,12.0,10.0,32.0,1.0,8.0,16.0,20.0,16.5,3.0,24.0,,,,28.0,6.0,14.0,40.0,10.0,43.0,44.0,27.0,,,15.0,,23.0,13.5,37.0,42.0
2015-02-03,24.0,40.0,29.0,31.5,28.0,29.0,25.5,5.0,38.5,44.0,9.0,24.0,22.0,1.0,35.0,37.0,43.0,31.0,29.0,,42.0,48.0,47.0,,38.0,18.0,48.0,45.0,,40.0,13.0,10.0,8.0,19.5,4.0,11.0,18.0,13.5,18.0,6.0,47.0,,,,31.0,7.0,14.0,29.0,13.0,36.0,36.0,22.0,,,2.0,,3.0,27.5,17.0,51.0
2015-02-04,47.0,42.0,26.0,28.0,17.0,31.0,22.0,10.0,40.0,34.0,1.0,26.0,17.0,3.0,30.0,35.0,50.0,27.0,24.0,,22.0,42.0,10.0,,46.0,17.0,49.0,45.0,,33.0,4.0,15.0,5.0,42.0,7.0,15.0,13.5,39.0,13.0,9.0,37.0,,,,45.0,37.0,11.0,39.0,19.0,35.0,32.0,25.0,,,2.0,,23.0,8.0,6.0,45.0
2015-02-05,42.0,17.0,16.5,33.0,16.0,21.0,19.0,8.0,38.0,43.5,4.0,12.0,42.5,20.5,38.0,38.0,45.0,50.0,30.0,,31.0,45.0,24.0,,46.0,30.0,49.0,38.5,,24.5,21.0,13.0,2.0,45.0,6.0,9.5,11.0,20.0,7.0,5.0,33.0,,,,26.0,45.0,16.0,9.5,3.0,29.0,35.0,16.0,,,1.0,,25.0,40.0,27.0,41.0
2015-02-06,31.0,33.0,36.5,17.0,1.0,22.0,24.0,9.0,31.0,34.0,8.0,6.0,39.0,15.0,37.0,26.5,44.0,38.0,13.0,,45.0,49.0,48.0,,35.0,11.0,45.0,47.5,,33.0,15.0,28.0,3.0,41.0,4.0,13.0,10.0,15.0,18.0,2.0,23.5,,,,21.0,25.0,19.0,27.0,7.0,24.0,45.0,19.5,,,5.0,,30.0,42.0,36.5,50.0
2015-02-09,40.0,10.5,36.0,17.0,18.0,24.0,37.0,8.0,43.0,29.0,30.0,11.0,45.0,5.0,15.0,17.5,46.0,50.0,1.0,,36.0,45.0,48.0,,26.5,25.0,43.0,44.0,,31.0,23.0,35.0,4.0,42.0,2.0,13.0,13.0,21.5,25.0,3.0,22.5,,,,29.0,33.0,11.0,17.0,9.0,31.0,28.0,19.0,,,6.0,,38.0,8.0,44.0,50.0
2015-02-10,42.5,21.0,35.0,14.0,17.0,21.0,31.0,6.0,35.0,45.0,10.0,12.0,31.0,5.0,37.0,24.0,42.0,39.0,3.5,,24.0,29.0,43.0,,26.0,29.5,49.0,41.0,,41.5,20.0,41.0,1.0,49.0,2.0,16.0,17.0,14.0,21.0,3.5,38.0,,,,27.5,8.0,7.0,35.0,14.0,23.0,47.0,10.0,,,9.0,,31.0,45.0,27.0,42.0
2015-02-11,42.0,37.0,37.0,15.0,27.5,21.5,36.0,19.0,26.0,13.0,15.0,3.0,48.0,5.0,37.5,30.0,29.0,49.0,13.0,,47.0,26.0,49.0,,33.0,23.0,37.0,45.0,,39.0,2.0,29.0,1.0,41.0,9.0,4.0,10.0,23.0,14.0,7.0,29.0,,,,34.0,32.0,8.0,46.0,11.0,19.0,47.0,15.0,,,5.0,,17.0,43.0,23.5,27.0
2015-02-12,37.5,32.0,39.0,17.0,23.0,36.0,38.0,8.5,40.0,27.0,12.0,4.0,45.0,5.0,21.0,27.5,48.5,26.0,2.0,,40.5,49.0,44.5,,31.5,32.0,35.0,10.0,,41.0,29.0,17.0,7.0,48.0,11.0,20.0,16.5,8.0,24.0,4.0,24.5,,,,39.0,1.0,12.0,47.0,16.0,32.0,23.0,24.0,,,14.0,,4.0,19.0,46.0,36.0
2015-02-13,45.0,14.0,38.0,8.0,35.0,12.0,21.0,7.0,19.0,39.0,5.0,2.0,47.0,24.0,24.0,15.0,49.0,30.0,3.5,,32.0,45.0,51.0,,22.0,30.0,48.0,47.0,,37.0,11.0,28.0,6.0,38.0,1.0,11.5,37.0,28.0,19.0,12.0,30.0,,,,38.0,43.0,9.0,33.0,15.0,28.0,20.5,19.0,,,3.5,,17.0,36.0,42.0,28.0
2015-02-16,42.0,18.0,36.0,7.0,23.0,21.0,32.0,22.0,37.5,15.5,10.0,13.0,46.0,25.0,17.5,14.0,30.0,41.5,8.0,,43.0,31.0,49.0,,10.0,30.0,51.0,40.0,,28.0,33.0,16.0,4.0,45.0,1.0,21.0,34.0,18.0,12.0,5.0,10.0,,,,28.0,39.0,24.0,38.0,2.0,42.0,17.0,3.0,,,6.0,,29.0,48.5,45.5,37.0
2015-02-17,50.0,33.0,31.0,1.0,11.0,31.0,35.0,5.0,46.0,25.0,19.0,17.0,43.0,14.0,27.0,24.0,25.0,44.0,4.0,,36.0,32.0,49.0,,11.0,34.0,45.0,46.0,,34.0,28.5,24.5,6.0,44.0,3.0,13.0,16.0,10.0,19.0,7.0,10.0,,,,45.0,36.0,18.0,28.5,7.0,39.0,27.5,24.0,,,14.0,,22.0,38.0,2.0,41.5
2015-02-18,36.0,12.0,37.0,1.0,20.0,24.0,43.0,6.0,38.0,12.0,5.0,9.5,45.0,9.0,12.0,26.0,44.0,39.0,2.0,,40.0,34.0,48.0,,22.0,32.0,49.0,49.0,,39.5,33.0,17.0,7.0,44.0,4.0,10.0,35.0,17.0,20.0,18.0,31.0,,,,15.0,46.0,27.0,30.0,3.0,36.5,25.0,14.0,,,22.5,,26.0,13.0,28.0,44.5
2015-02-23,41.0,16.5,35.0,4.0,13.0,27.0,31.0,7.0,30.0,13.0,5.0,23.0,44.0,8.0,27.0,13.0,35.0,31.5,3.0,,29.0,46.0,47.5,,17.0,8.0,48.0,39.0,,21.0,25.0,25.5,1.0,33.0,11.0,10.0,43.0,17.0,6.0,2.0,39.0,,,,35.5,46.0,23.0,50.0,18.0,32.0,15.0,22.0,,,19.0,,39.0,46.0,43.0,39.0
2015-02-24,42.0,38.5,17.0,14.0,6.0,22.0,22.0,5.5,45.5,15.0,2.0,5.0,31.0,24.0,27.0,21.0,48.0,43.0,3.0,,14.0,41.0,41.0,,32.0,8.0,46.0,29.0,,34.0,17.5,17.0,1.0,35.0,10.0,25.0,29.0,29.5,11.0,9.0,5.0,,,,40.5,48.0,36.0,25.0,17.0,31.0,39.0,21.0,,,12.0,,33.0,47.0,37.0,49.0
2015-02-25,25.5,25.0,14.0,1.5,10.0,37.0,42.0,6.5,37.0,33.0,1.5,4.0,43.0,3.0,25.0,28.0,49.0,31.0,14.0,,40.0,46.0,23.0,,22.0,30.0,41.0,46.0,,31.0,9.0,23.0,8.0,51.0,16.0,12.0,37.0,18.0,21.0,5.0,16.0,,,,25.0,43.0,27.5,41.0,6.5,40.0,33.0,12.0,,,18.0,,11.0,42.0,46.0,25.0
2015-02-26,35.0,38.0,21.0,12.0,2.0,17.0,22.0,1.0,40.0,35.0,9.0,13.0,44.0,29.0,23.0,23.5,30.5,39.0,9.0,,40.0,36.0,50.0,,16.0,17.0,48.0,47.0,,27.0,47.5,4.0,4.0,25.0,8.0,26.0,36.0,29.0,11.0,13.5,33.0,,,,26.0,46.5,19.0,32.5,16.5,42.0,19.0,7.0,,,3.0,,6.0,48.0,44.0,30.0
2015-02-27,40.0,16.0,24.0,17.0,7.0,24.5,4.0,5.0,47.0,28.0,12.0,21.0,42.0,3.0,14.0,25.0,23.0,48.0,10.0,,32.0,25.0,38.0,,29.0,16.0,49.0,41.0,,20.0,37.0,16.0,9.0,50.0,7.0,27.0,26.5,32.0,13.0,1.0,40.0,,,,43.0,45.0,45.0,32.5,2.0,45.0,30.0,6.0,,,10.0,,20.0,33.0,37.0,38.0
2015-03-02,32.0,38.0,35.0,23.0,15.0,30.0,4.5,2.0,45.0,46.5,11.0,26.0,24.0,19.0,22.0,10.0,19.0,44.0,3.0,,44.0,42.0,39.0,,25.0,1.0,50.0,22.5,,23.0,32.0,15.0,9.0,40.0,8.0,20.5,36.0,30.0,6.0,4.5,38.0,,,,40.0,41.0,21.0,49.0,13.0,47.0,11.0,6.0,,,16.0,,18.5,30.5,38.5,33.0
2015-03-03,26.0,22.0,42.5,17.0,15.0,27.0,20.0,3.0,31.0,20.0,14.0,23.0,45.0,27.5,29.0,24.0,36.0,44.0,10.0,,33.0,37.0,46.0,,14.0,18.0,40.0,49.0,,34.0,43.0,7.0,1.0,49.0,4.0,7.0,47.0,17.0,11.5,9.0,11.5,,,,26.0,42.0,28.0,30.0,5.0,34.0,14.0,2.0,,,7.0,,43.5,40.5,35.0,44.0
2015-03-04,33.0,40.0,38.0,15.0,35.5,35.0,27.0,2.0,39.0,11.0,30.0,31.0,29.0,35.0,23.0,21.0,47.0,2.0,8.0,,38.0,34.0,19.0,,16.0,26.0,22.5,50.0,,49.0,45.0,15.0,9.0,20.5,7.0,13.0,41.0,16.0,5.0,11.0,21.0,,,,29.0,47.5,6.0,44.0,2.0,12.5,22.0,4.0,,,20.0,,46.0,34.0,39.0,43.0
2015-03-05,43.0,36.0,35.0,10.0,27.5,31.0,32.0,1.0,2.0,28.0,8.0,26.0,45.0,29.0,23.0,24.0,39.0,36.0,5.0,,39.0,18.0,47.0,,8.0,4.0,26.0,50.5,,26.0,42.0,22.0,6.0,35.0,3.0,8.0,41.0,21.0,14.0,12.0,40.0,,,,18.0,47.0,15.0,44.0,19.0,43.0,19.0,9.0,,,17.0,,12.0,33.0,34.0,47.0
2015-03-06,31.0,20.0,4.0,25.0,45.0,32.0,45.0,4.0,36.0,38.0,3.0,2.0,8.0,34.0,18.0,26.5,44.0,47.0,29.0,,31.0,12.0,47.0,,22.0,41.5,39.0,39.0,,47.5,35.0,16.0,14.0,14.0,6.0,11.0,48.0,23.0,7.0,9.0,21.0,,,,15.0,40.0,11.0,28.0,26.0,24.0,21.0,2.0,,,17.0,,36.0,44.0,18.0,50.0
2015-03-09,47.0,2.0,36.0,2.0,23.5,26.0,35.0,3.0,2.0,13.0,8.5,25.0,29.0,27.0,35.5,24.0,44.0,48.0,21.0,,15.0,46.0,40.0,,13.0,18.0,42.0,18.0,,25.5,50.0,27.0,6.0,43.0,16.0,10.0,39.5,30.0,6.0,5.0,24.0,,,,12.0,40.0,44.0,42.0,15.5,37.0,13.0,9.0,,,19.0,,30.0,33.0,32.5,48.0
2015-03-10,38.0,48.0,37.0,13.0,41.0,17.0,46.0,4.0,46.0,21.0,31.0,24.0,27.0,19.0,22.0,27.0,40.0,46.0,7.0,,43.0,34.0,32.0,,8.0,49.0,31.0,45.0,,33.0,25.0,22.5,5.0,42.0,12.0,18.0,42.0,2.0,16.0,11.0,14.0,,,,3.0,1.0,31.0,26.0,19.0,26.0,14.0,10.0,,,7.0,,7.0,36.0,47.0,40.0
2015-03-11,43.0,19.0,13.0,21.0,47.0,28.0,37.0,7.0,28.0,10.0,35.0,39.0,33.0,25.0,22.0,19.0,40.5,25.0,15.0,,49.0,48.0,37.0,,15.0,31.0,44.0,43.0,,26.5,47.0,10.0,6.0,16.5,4.0,2.0,46.0,8.0,9.0,12.0,16.0,,,,5.0,34.0,46.0,33.0,30.0,2.0,17.0,2.0,,,25.0,,25.0,41.5,44.0,22.0
2015-03-12,36.0,32.0,41.0,17.0,42.0,30.0,17.0,8.0,47.0,6.0,18.5,28.0,39.0,15.0,11.0,14.0,42.0,29.0,19.0,,36.0,48.0,46.0,,9.0,31.5,45.0,30.5,,23.5,45.0,24.0,10.0,35.5,1.0,16.5,24.5,2.0,5.0,4.0,3.0,,,,15.0,43.0,29.0,27.0,21.0,39.5,6.0,11.0,,,25.0,,46.0,50.0,27.0,40.0
2015-03-13,25.0,37.5,49.0,24.0,28.0,10.0,39.0,2.0,8.0,18.0,7.0,18.0,19.0,14.0,24.0,35.0,41.0,11.0,20.0,,30.0,40.0,28.0,,12.0,36.0,47.0,43.0,,46.0,49.0,35.5,5.0,30.5,1.0,14.0,48.0,16.0,7.0,10.0,4.0,,,,32.0,27.0,26.0,35.0,16.0,44.0,22.0,3.0,,,9.0,,45.0,37.0,36.0,39.0
2015-03-16,23.0,27.0,46.0,23.0,30.0,6.0,39.0,9.0,2.0,24.0,16.0,23.0,14.0,30.0,40.5,15.5,46.0,9.0,19.0,,34.0,48.0,28.0,,25.0,5.0,27.0,48.0,,31.0,37.0,16.0,1.0,32.0,12.0,14.0,44.0,7.0,6.0,4.0,27.0,,,,40.5,44.0,37.0,16.0,35.0,4.0,19.0,11.0,,,32.5,,42.0,48.0,42.0,44.0
2015-03-17,27.0,35.0,51.0,2.0,15.0,32.0,32.0,18.0,44.0,27.0,12.5,29.5,10.0,28.0,21.0,17.0,37.5,46.0,6.0,,37.5,46.0,42.0,,20.5,49.0,46.0,2.0,,42.0,22.0,21.0,7.0,35.0,9.0,13.0,44.0,2.0,8.0,5.0,25.0,,,,35.5,31.5,23.0,11.0,25.0,3.5,13.0,15.0,,,21.0,,46.0,39.0,41.0,40.0
2015-03-18,27.0,22.0,46.0,3.0,39.0,33.0,44.0,12.0,18.0,17.0,4.0,33.0,2.0,11.0,45.0,27.5,51.0,37.0,13.0,,27.0,35.0,43.0,,25.0,35.0,49.0,41.0,,48.0,39.0,7.0,10.0,8.0,8.0,23.0,40.0,25.0,20.0,5.0,19.0,,,,39.0,30.0,15.0,29.0,31.0,43.0,19.0,1.0,,,13.0,,41.0,21.0,5.0,21.0
2015-03-19,28.5,28.0,42.0,3.0,34.0,16.0,46.0,5.0,46.0,22.0,18.0,2.0,10.0,9.0,44.0,23.0,34.0,21.0,31.0,,36.0,42.0,48.5,,30.0,37.0,36.0,47.0,,50.0,40.5,1.0,18.0,5.5,7.0,25.0,42.0,3.0,15.0,12.0,37.0,,,,25.0,41.0,30.0,22.0,20.0,7.0,11.0,34.0,,,15.0,,11.5,14.0,48.0,28.0
2015-03-20,29.0,19.0,36.0,15.0,39.5,20.5,43.0,6.0,2.0,5.0,2.0,15.0,15.0,28.0,23.0,33.5,46.0,25.0,37.0,,8.0,35.0,49.0,,23.0,44.0,47.0,37.5,,25.0,32.0,24.5,4.0,12.0,2.0,19.0,47.0,13.0,7.0,11.0,25.0,,,,10.0,21.5,47.0,39.0,43.0,44.0,9.0,15.0,,,27.0,,40.0,26.0,32.0,40.0
2015-03-23,17.0,28.0,37.0,29.0,41.0,16.0,25.5,1.0,14.0,25.0,2.0,7.0,20.0,12.0,35.0,17.0,27.0,38.0,4.0,,29.0,36.0,48.0,,15.0,51.0,39.0,26.0,,40.0,43.0,9.0,8.0,11.0,6.0,27.0,46.0,25.0,23.0,10.0,35.5,,,,31.0,43.0,34.5,36.0,19.0,40.0,13.0,3.0,,,5.0,,47.5,45.0,21.0,47.0
2015-03-24,6.0,33.0,38.0,33.0,47.0,27.0,19.0,5.0,8.0,25.0,1.0,35.0,17.0,35.0,26.5,44.0,44.5,15.0,3.5,,23.0,50.0,8.0,,21.0,47.0,19.0,24.0,,44.0,28.0,8.0,13.0,21.0,2.0,11.0,30.0,9.0,3.5,12.0,42.0,,,,24.0,39.0,30.0,38.0,36.0,46.0,13.5,39.0,,,17.0,,21.0,41.5,30.0,50.0
2015-03-25,27.0,40.0,29.0,24.0,44.0,21.0,7.0,5.0,37.0,48.0,4.0,19.0,7.0,32.0,36.0,40.5,48.0,25.0,28.0,,11.0,41.0,1.0,,29.0,50.0,38.5,32.0,,43.0,21.0,15.0,23.0,16.0,25.0,8.0,47.0,16.0,10.0,2.0,30.0,,,,7.0,45.0,41.0,32.0,37.0,44.0,13.0,40.0,,,16.0,,13.0,3.0,10.0,18.0
2015-03-26,20.0,51.0,40.0,14.0,18.0,23.0,44.0,9.0,2.0,34.0,5.0,27.5,19.0,19.0,8.0,30.0,32.0,27.0,34.0,,28.0,13.0,37.0,,15.0,41.5,49.0,41.0,,50.0,38.0,24.0,1.0,8.0,3.0,6.0,44.5,13.0,11.0,16.0,40.0,,,,23.5,45.0,31.0,33.0,7.0,48.0,13.0,28.0,,,21.0,,39.0,34.0,4.0,41.0
2015-03-27,13.0,24.0,35.0,21.0,45.0,34.0,33.0,11.0,34.5,33.0,1.0,28.0,9.0,46.5,10.0,25.0,44.0,46.0,14.0,,13.0,32.0,48.0,,31.0,42.5,6.0,42.0,,21.0,38.0,7.0,17.0,21.0,23.0,19.0,49.0,3.0,6.0,5.0,26.5,,,,31.0,41.5,40.0,43.0,37.0,17.0,18.0,13.0,,,19.5,,2.0,4.0,32.0,43.5
2015-03-30,29.0,43.5,36.0,10.0,18.5,40.0,20.0,10.0,32.0,34.0,3.0,13.0,1.0,26.0,16.0,21.0,49.5,48.0,24.0,,38.0,28.0,45.0,,38.0,48.0,19.5,39.0,,8.5,30.0,8.5,7.0,35.0,5.0,18.5,45.0,13.0,4.0,6.0,16.0,,,,26.0,48.0,44.0,35.0,16.0,40.0,2.0,22.0,,,13.0,,23.0,39.0,27.0,36.0
2015-03-31,26.0,43.0,46.0,18.0,46.0,14.0,32.0,8.0,4.0,6.0,24.0,31.0,26.0,41.0,47.0,32.5,43.0,39.0,20.0,,2.0,34.0,19.0,,45.0,35.0,11.0,49.0,,28.0,37.0,6.0,3.0,33.0,16.0,24.5,47.5,12.0,22.0,14.0,9.0,,,,22.0,11.0,26.5,40.0,30.5,47.0,3.0,3.0,,,16.5,,11.0,23.0,36.0,40.5
2015-04-01,22.0,21.0,8.0,10.0,42.0,49.0,31.0,8.0,12.0,29.0,5.0,40.0,9.0,28.0,44.0,23.0,48.0,44.0,9.0,,18.0,40.0,20.0,,36.0,36.0,36.0,49.0,,33.0,34.0,1.0,13.0,25.0,21.0,19.0,48.0,24.0,16.0,2.0,4.0,,,,24.0,28.0,40.0,31.0,35.0,43.0,24.0,5.0,,,3.0,,17.5,45.0,14.0,46.0
2015-04-02,28.0,15.0,9.0,16.0,43.5,23.0,9.0,2.0,39.0,24.0,19.0,27.0,23.0,24.0,49.0,40.0,32.0,42.0,4.0,,26.0,35.0,43.0,,37.0,35.0,40.0,44.0,,31.0,33.5,10.0,13.0,40.5,16.0,22.0,49.0,19.0,6.0,5.0,18.0,,,,11.0,32.0,1.0,26.0,14.0,29.0,13.0,3.0,,,7.0,,44.0,49.0,36.0,47.0
2015-04-08,21.0,29.0,41.0,14.0,32.0,28.0,34.0,7.0,32.0,12.0,1.0,20.0,12.0,18.5,38.0,30.0,46.0,2.0,26.0,,23.0,44.0,40.0,,41.0,44.0,31.0,47.5,,32.0,28.0,6.0,4.0,15.0,5.0,24.0,50.0,12.0,3.0,10.0,20.0,,,,37.0,38.0,21.0,46.0,24.0,31.0,8.0,17.0,,,15.0,,49.0,42.0,9.0,48.0
2015-04-09,35.0,10.0,27.0,11.0,28.0,25.0,21.0,7.0,38.5,31.0,2.0,31.0,17.0,15.5,49.0,26.0,42.0,44.5,13.0,,25.0,40.0,40.0,,46.0,41.0,46.0,35.5,,14.0,30.0,1.0,19.0,15.0,10.0,22.0,44.5,3.0,5.0,6.0,33.5,,,,17.0,42.5,24.0,30.0,10.0,22.0,16.0,4.0,,,13.0,,34.0,41.0,50.0,48.0
2015-04-10,42.0,2.0,35.0,20.0,29.0,33.0,21.0,15.0,40.0,37.5,4.0,32.0,14.0,9.0,45.0,25.0,32.0,27.0,18.0,,36.0,36.0,41.0,,25.0,48.0,47.0,39.0,,34.0,46.5,3.0,11.0,17.0,10.0,1.0,46.5,17.0,12.0,7.0,21.0,,,,29.5,8.0,23.0,12.0,27.5,33.0,19.0,5.0,,,6.0,,49.0,43.0,21.0,46.0
2015-04-13,22.0,27.0,44.0,15.0,23.5,10.0,30.0,5.0,40.0,20.0,6.0,40.0,4.0,12.0,28.0,21.5,15.0,34.0,15.0,,37.0,36.0,47.0,,42.0,48.5,49.5,44.0,,26.0,35.0,19.0,2.0,15.0,11.0,3.0,43.0,7.0,8.0,9.0,22.0,,,,31.0,39.0,1.0,48.0,33.5,15.0,25.0,17.0,,,23.5,,32.0,44.5,32.0,46.0
2015-04-14,24.0,4.0,19.0,15.0,37.0,35.0,25.0,3.0,47.0,28.0,11.0,32.0,13.0,17.0,32.0,23.0,20.0,11.5,27.0,,25.0,35.5,37.0,,46.0,40.0,22.0,43.0,,28.0,45.0,15.0,1.5,9.0,7.0,19.0,45.0,21.0,5.0,8.0,6.0,,,,13.0,42.0,30.0,48.0,28.5,34.0,32.0,11.0,,,1.5,,42.0,39.5,49.0,46.0
2015-04-15,16.0,27.5,34.0,36.0,30.0,31.5,5.0,10.0,43.0,13.0,18.0,30.0,22.0,19.0,48.0,1.0,7.0,44.0,21.0,,22.0,33.0,48.0,,49.5,45.0,35.0,45.0,,42.5,42.0,18.0,9.0,35.0,7.0,14.0,35.0,2.0,5.0,15.0,12.0,,,,5.0,30.0,39.0,14.0,21.0,44.0,27.0,24.0,,,3.0,,11.0,38.0,39.0,39.0
2015-04-16,27.0,13.0,35.0,17.0,42.5,22.0,21.0,9.0,47.0,14.0,8.0,28.0,5.0,14.0,35.0,25.0,25.0,28.0,22.0,,11.0,36.5,42.0,,49.0,47.0,41.0,40.0,,32.0,33.0,2.0,20.0,33.0,12.0,18.0,43.0,1.0,10.0,3.0,4.0,,,,7.0,40.0,37.0,46.0,16.5,37.0,16.0,20.0,,,6.0,,34.0,30.0,49.0,44.0
2015-04-17,33.0,13.0,31.0,26.0,33.0,27.0,18.5,7.0,48.5,6.0,2.0,38.5,3.0,21.0,35.0,36.0,14.0,47.0,29.0,,9.0,23.0,43.0,,45.0,47.0,37.0,28.0,,26.5,9.0,1.0,16.0,23.0,14.0,23.0,40.0,5.0,11.0,9.0,4.0,,,,11.0,27.0,42.5,39.0,28.0,39.0,26.0,22.5,,,16.0,,43.0,47.0,27.0,48.0
2015-04-20,40.0,9.0,21.0,18.0,35.0,26.0,22.0,7.0,39.0,41.0,6.0,44.0,13.0,30.0,30.0,32.5,11.5,27.0,36.0,,15.0,20.5,48.0,,47.0,42.0,42.0,36.0,,24.0,44.0,5.0,15.0,17.0,4.0,26.0,33.0,3.0,9.0,11.0,13.0,,,,1.0,18.0,22.0,27.0,9.0,50.0,32.0,30.0,,,2.0,,44.0,37.0,43.0,47.0
2015-04-21,35.0,8.0,32.0,23.0,27.0,39.5,11.0,5.0,43.0,29.5,6.5,44.0,20.0,15.0,37.0,31.0,25.0,29.0,15.0,,1.0,33.5,47.0,,50.0,49.0,27.0,40.0,,23.0,46.0,3.0,17.0,42.0,4.0,21.0,27.0,9.0,13.0,11.0,14.0,,,,30.0,24.0,42.5,20.0,8.0,49.0,31.0,18.0,,,2.0,,6.5,42.0,37.5,35.0
2015-04-22,24.0,6.0,43.0,18.0,31.0,33.0,2.0,1.0,50.0,36.0,3.0,31.0,18.0,32.0,23.0,41.0,21.0,28.5,12.0,,34.5,26.5,48.0,,39.0,18.5,31.0,28.0,,38.0,47.0,8.0,15.0,28.0,9.0,15.0,24.0,4.0,7.0,5.0,17.0,,,,24.0,15.0,37.0,41.5,11.0,41.0,29.0,17.5,,,10.0,,45.0,42.0,50.0,46.0
2015-04-23,19.0,25.0,35.0,25.0,24.0,10.0,4.0,20.0,48.0,16.0,22.0,29.0,13.0,37.0,29.0,44.0,16.0,34.0,9.0,,30.0,42.0,45.0,,43.0,49.0,32.5,31.0,,16.0,40.0,5.0,16.0,40.0,12.0,6.0,37.0,3.0,7.0,1.0,8.0,,,,11.0,14.5,38.0,41.0,30.0,48.0,32.0,22.0,,,2.0,,51.0,26.0,44.5,22.0
2015-04-24,21.0,8.0,29.0,21.0,38.0,15.0,36.0,15.0,48.0,43.0,18.0,29.0,4.0,28.0,29.0,13.0,3.0,43.0,2.0,,24.5,25.0,46.0,,45.0,49.0,34.0,33.0,,26.0,23.0,6.0,12.0,33.5,16.5,7.0,32.0,5.0,9.0,1.0,10.5,,,,32.0,40.0,29.5,14.0,40.0,42.0,17.0,22.0,,,12.0,,42.0,34.0,51.0,48.0
2015-04-27,20.0,1.0,20.0,23.0,26.5,9.0,10.0,13.5,48.0,27.5,19.0,32.0,16.0,26.0,28.5,49.0,9.0,47.0,11.0,,28.0,38.0,40.0,,49.0,48.0,42.0,31.0,,26.5,36.0,8.0,15.0,18.0,10.0,13.0,16.0,4.0,2.0,6.0,5.0,,,,32.0,23.0,31.0,29.0,33.5,42.0,31.0,36.5,,,3.0,,42.0,39.0,46.0,48.0
2015-04-28,31.0,22.0,17.0,31.0,40.0,18.5,5.0,12.0,38.0,22.0,10.0,33.5,19.0,33.5,26.0,27.0,2.0,42.0,7.0,,34.5,16.0,40.0,,21.0,44.0,40.0,29.0,,43.0,35.0,8.0,2.0,39.0,9.0,14.0,11.0,6.0,13.0,15.0,4.0,,,,21.0,31.0,25.0,37.5,49.0,45.0,48.0,24.0,,,2.0,,47.0,22.0,49.0,34.0
2015-04-29,24.0,17.5,29.0,32.5,37.0,30.0,9.0,13.0,50.0,19.0,5.0,39.0,17.0,8.0,34.0,40.0,15.0,40.0,26.0,,26.0,31.0,46.5,,43.0,35.0,35.0,37.0,,29.0,45.0,6.0,9.0,34.5,11.0,16.0,11.0,4.0,19.0,3.0,1.0,,,,8.0,23.0,19.0,23.5,34.0,41.0,16.0,25.0,,,2.0,,46.0,44.0,49.0,48.0
2015-04-30,39.0,3.0,1.0,30.5,32.0,25.0,39.5,8.5,37.0,19.0,12.0,41.0,23.0,15.0,19.0,19.0,25.0,40.0,10.0,,36.0,49.0,45.0,,49.0,50.0,47.5,42.0,,41.0,34.0,14.0,16.0,38.0,5.0,8.5,17.0,6.0,4.0,11.0,7.0,,,,21.0,17.0,27.0,21.0,27.0,35.0,25.0,32.0,,,2.0,,45.0,36.0,46.0,21.0
2015-05-04,40.0,2.0,28.0,19.0,35.0,37.0,13.0,17.0,35.0,9.0,4.0,44.0,18.0,26.0,21.0,24.0,38.0,32.0,11.5,,22.0,38.0,49.0,,45.0,38.0,50.0,27.0,,20.0,35.5,8.0,14.0,32.0,7.0,1.0,28.0,6.0,10.0,4.0,15.0,,,,36.0,30.0,46.5,16.0,28.0,11.0,32.0,25.0,,,4.0,,48.0,38.0,44.0,43.0
2015-05-05,37.0,20.0,22.0,35.0,29.5,26.0,14.0,18.0,36.0,27.0,8.0,12.0,25.0,17.0,20.0,28.0,15.0,39.0,9.0,,43.0,41.0,44.0,,49.0,48.0,41.0,25.0,,38.0,39.0,2.0,17.0,39.5,6.0,17.0,6.0,9.0,5.0,3.5,1.0,,,,30.0,3.5,32.0,36.0,23.0,32.0,26.0,10.0,,,13.0,,45.0,42.0,47.0,50.0
2015-05-06,19.5,16.0,20.0,17.0,31.0,24.0,17.0,13.5,50.0,48.0,2.0,41.0,23.0,24.0,16.5,7.0,5.0,21.0,23.0,,33.0,34.0,40.0,,44.0,43.0,45.0,29.0,,40.0,49.0,6.0,12.0,32.5,10.0,13.5,10.0,8.0,9.0,1.0,3.0,,,,4.0,29.0,32.5,32.0,30.0,43.0,38.0,23.0,,,26.0,,43.0,34.5,40.0,50.0
2015-05-07,30.0,12.0,15.0,39.0,26.0,6.0,38.0,8.0,38.0,22.5,5.0,45.0,17.0,22.0,19.0,27.0,2.0,40.5,24.0,,35.0,25.0,28.5,,50.0,40.5,28.5,45.0,,35.0,43.5,1.0,19.0,41.0,10.0,13.0,16.0,7.5,40.0,6.0,3.0,,,,32.5,5.0,21.0,41.0,16.0,44.0,18.5,26.5,,,11.0,,34.0,31.0,46.0,49.0
2015-05-08,19.0,5.0,22.0,24.5,40.0,44.0,15.0,20.0,38.0,30.5,2.0,21.0,27.0,10.0,40.0,30.5,8.0,34.0,3.0,,40.0,25.0,46.0,,48.0,49.0,29.0,39.5,,37.0,33.0,6.0,16.0,43.0,7.0,11.0,12.0,13.0,9.0,18.0,4.0,,,,38.0,15.0,24.5,36.0,26.0,37.0,37.5,14.0,,,1.0,,32.0,26.0,47.0,50.0
2015-05-11,34.0,29.0,4.0,6.0,36.0,32.0,15.0,13.0,23.0,24.5,1.0,15.0,27.5,39.0,45.0,42.0,9.0,25.0,20.0,,32.0,33.0,20.0,,42.0,36.0,27.5,24.0,,41.0,47.0,2.0,22.5,47.0,17.0,5.0,12.0,7.0,27.0,11.0,8.0,,,,17.0,9.0,36.0,41.0,20.0,40.0,50.0,3.0,,,14.0,,47.0,30.0,44.0,46.5
2015-05-12,20.5,30.5,19.0,37.0,30.0,27.0,20.0,13.0,43.0,12.0,7.0,25.0,39.0,19.0,34.0,31.0,9.0,16.5,5.0,,37.0,35.0,42.0,,46.0,49.0,42.0,33.0,,27.0,46.0,1.0,15.0,47.0,4.0,30.0,12.5,3.0,2.0,7.0,10.0,,,,13.0,24.0,23.0,25.0,16.0,36.0,38.0,19.0,,,7.0,,46.0,36.0,49.0,44.0
2015-05-13,29.0,34.0,17.0,31.5,24.0,10.0,48.0,7.0,34.0,32.0,11.0,42.0,19.0,16.0,49.0,25.0,9.0,42.0,5.0,,39.0,28.0,46.0,,50.0,42.0,22.0,37.0,,35.0,40.0,13.0,14.0,29.0,2.0,29.0,6.0,1.0,19.0,4.0,8.0,,,,17.0,22.0,20.0,34.0,11.0,33.0,34.5,16.5,,,3.0,,45.0,26.5,42.0,45.0
2015-05-14,10.0,28.0,23.0,35.0,41.0,29.0,24.0,17.0,43.0,18.0,31.0,36.0,38.0,22.0,44.0,26.0,18.0,23.0,15.0,,34.0,31.0,34.0,,46.0,46.0,42.5,46.0,,36.0,48.0,1.0,6.0,29.0,11.0,15.0,8.0,4.0,3.0,13.0,5.0,,,,7.0,22.0,12.0,45.0,9.0,19.0,34.0,24.5,,,2.0,,16.0,42.0,41.0,50.0
2015-05-15,22.0,39.0,10.5,39.0,39.0,27.0,49.0,5.5,31.0,33.0,26.5,48.0,22.0,36.0,36.5,21.0,5.5,17.5,15.0,,42.0,44.0,43.0,,49.0,46.0,35.0,32.0,,32.0,13.5,4.0,2.0,26.0,3.0,18.0,8.0,15.0,1.0,7.0,9.0,,,,28.0,18.0,16.0,41.0,10.5,30.0,28.0,18.0,,,12.0,,47.0,28.0,35.0,36.5
2015-05-18,14.0,36.0,17.0,46.0,39.5,27.0,35.5,6.0,34.0,26.0,23.0,42.0,41.0,16.0,35.0,30.0,1.5,12.0,1.5,,42.5,45.0,42.0,,48.0,50.0,45.0,28.0,,34.0,44.0,4.0,10.0,33.0,3.0,14.0,11.0,7.0,8.0,18.0,9.0,,,,33.0,23.0,17.0,34.0,12.0,21.0,37.0,21.0,,,5.0,,30.0,20.0,41.0,25.5
2015-05-19,30.0,36.5,24.5,45.0,26.0,30.0,43.0,3.0,36.5,34.0,19.0,38.0,42.0,20.0,34.0,17.0,7.0,13.0,1.0,,25.0,38.0,43.0,,49.0,42.5,45.0,17.0,,23.5,45.5,10.0,14.0,46.0,2.0,14.0,4.0,8.0,12.0,15.0,5.0,,,,21.0,6.0,27.0,44.0,12.0,35.0,26.0,19.0,,,9.0,,35.0,36.0,35.0,41.0
2015-05-20,36.0,33.0,8.0,46.0,45.0,41.0,37.0,6.0,29.0,24.5,27.0,18.0,24.0,42.0,30.0,15.5,18.0,20.0,22.5,,11.0,47.0,43.0,,50.0,32.5,38.0,27.0,,30.0,41.0,1.0,15.0,35.0,13.0,3.0,11.0,22.0,10.0,4.0,7.0,,,,2.0,5.0,38.0,49.0,16.0,28.0,21.0,14.0,,,9.0,,33.0,28.0,44.0,40.5
2015-05-21,13.0,28.0,4.0,39.0,44.0,31.0,41.5,11.0,37.0,18.0,6.0,26.0,31.0,32.0,45.0,35.0,20.0,24.0,10.0,,37.0,47.0,43.0,,43.0,43.0,45.5,28.0,,16.0,38.5,17.0,23.0,49.0,2.0,15.0,8.0,12.0,19.0,3.0,7.0,,,,23.0,5.0,26.0,43.0,1.0,35.0,22.0,24.5,,,9.0,,18.0,20.5,35.0,46.0
2015-05-22,20.0,34.0,40.0,24.5,23.0,28.0,44.0,3.0,41.0,23.0,8.0,25.5,38.0,29.0,26.0,30.0,16.0,20.0,6.0,,39.0,47.5,43.5,,50.0,46.0,37.0,34.5,,4.0,28.0,11.0,19.0,43.0,2.0,14.0,12.0,13.0,15.0,8.0,10.0,,,,17.5,6.0,25.0,30.0,1.0,34.0,38.0,18.5,,,5.0,,40.0,33.0,46.0,44.0
2015-05-26,31.0,39.0,29.0,46.0,43.5,33.0,7.0,14.0,25.0,19.5,28.5,25.0,22.0,23.0,44.0,19.0,5.0,19.0,3.0,,39.0,31.0,45.0,,23.0,36.0,38.5,23.5,,20.0,42.0,13.0,37.0,50.0,12.0,16.0,2.0,11.0,23.0,1.0,9.0,,,,8.0,5.0,26.0,42.0,4.0,48.0,40.0,19.0,,,10.0,,38.0,30.0,41.0,50.0
2015-05-27,8.0,29.0,39.0,47.0,39.0,36.0,12.0,15.0,29.5,24.0,18.5,19.0,22.5,25.5,43.0,29.0,20.0,40.0,4.0,,32.0,31.0,45.0,,49.0,36.0,27.0,29.0,,7.0,42.0,7.0,33.0,43.0,13.0,10.0,16.0,1.0,28.0,6.5,2.0,,,,5.0,3.0,22.0,32.0,11.0,47.0,25.0,16.0,,,14.0,,48.0,33.0,39.0,48.5
2015-05-28,42.0,26.0,22.0,43.0,29.5,28.0,35.0,10.0,41.0,13.0,24.0,32.0,32.0,14.0,50.0,20.0,4.0,31.0,32.0,,40.0,40.0,35.0,,43.5,45.0,36.0,22.0,,30.0,47.5,2.0,39.0,43.0,14.0,8.0,15.5,20.0,18.0,17.0,3.0,,,,9.0,5.0,20.0,28.0,7.0,41.0,6.0,12.0,,,1.0,,44.5,27.5,12.0,43.0
2015-05-29,34.5,24.0,22.0,40.0,31.0,26.0,22.0,1.5,25.0,27.0,19.0,28.0,13.0,40.0,38.0,19.0,29.0,22.5,16.0,,44.0,40.0,44.5,,50.0,42.0,44.0,26.0,,36.0,28.0,11.0,32.0,44.0,4.0,1.5,9.0,10.0,19.0,8.0,3.0,,,,13.0,5.0,16.0,19.0,6.0,43.5,13.0,33.0,,,7.0,,48.0,40.0,49.5,30.0
2015-06-01,4.0,32.0,41.0,35.0,22.0,26.0,46.0,5.0,19.0,22.5,35.5,14.0,36.0,35.0,46.0,30.5,38.0,37.0,18.0,,30.0,23.0,45.0,,46.0,50.0,32.0,39.5,,10.0,37.0,12.0,29.0,43.5,15.0,7.0,11.0,18.0,24.5,5.0,7.5,,,,2.0,3.0,1.0,28.0,9.0,40.0,16.0,18.0,,,14.0,,42.0,25.0,14.0,49.0
2015-06-02,33.0,28.0,30.0,47.0,33.0,25.0,44.0,9.0,25.0,15.0,13.0,13.0,22.0,18.0,42.0,34.0,34.5,42.0,13.0,,41.0,40.5,36.0,,31.0,44.0,41.0,22.0,,36.5,26.0,2.0,21.0,27.0,5.0,20.0,7.0,17.0,33.0,1.0,6.0,,,,10.0,3.0,16.0,8.0,4.0,48.0,28.0,16.5,,,11.0,,50.0,33.0,45.0,45.0
2015-06-03,18.0,27.5,26.0,33.0,29.5,19.0,49.0,12.0,31.0,16.0,21.0,40.0,40.0,9.0,29.0,44.0,23.0,27.0,14.0,,25.0,47.0,39.0,,51.0,41.0,33.0,35.0,,19.5,39.0,2.0,25.0,44.0,12.0,4.0,1.0,18.0,20.0,9.0,3.0,,,,9.0,5.0,12.0,39.5,7.0,42.0,42.0,14.0,,,6.0,,43.5,35.0,31.0,48.0
2015-06-04,36.0,19.0,33.0,35.0,28.0,24.0,10.0,14.0,31.0,2.0,4.0,19.0,27.0,24.0,47.0,17.0,20.0,34.0,39.0,,32.0,49.0,41.0,,51.0,43.0,45.0,31.0,,39.0,32.0,12.0,42.0,40.0,15.0,8.0,9.0,20.0,20.0,6.0,5.0,,,,2.0,11.0,21.0,28.5,13.0,47.0,2.0,19.5,,,6.0,,44.0,23.0,39.0,49.0
2015-06-05,12.0,15.0,48.0,40.0,34.0,33.5,43.0,1.0,28.0,18.0,26.0,22.5,23.0,8.0,24.5,4.0,41.0,22.0,32.0,,37.5,38.0,24.5,,47.0,47.0,38.0,38.0,,21.5,34.0,13.0,28.0,32.5,18.0,22.0,13.0,16.0,41.0,2.0,9.0,,,,10.0,3.0,5.0,38.0,11.0,49.0,6.0,21.0,,,7.0,,45.5,24.0,45.0,41.0
2015-06-08,17.0,40.0,46.0,46.0,32.5,10.0,22.0,8.0,37.0,17.0,25.0,33.0,29.0,10.0,30.0,15.0,50.0,39.5,26.0,,46.0,29.0,20.0,,45.0,48.5,36.0,30.0,,43.0,42.0,17.5,37.0,37.0,7.0,14.0,2.0,6.0,31.0,4.0,10.0,,,,19.0,3.0,5.0,25.0,13.0,43.0,12.0,25.0,,,1.0,,39.0,23.0,21.0,38.0
2015-06-09,28.0,23.5,27.0,44.5,29.0,22.0,28.0,1.0,33.0,3.0,12.0,24.0,20.0,16.0,45.0,12.0,20.0,47.0,30.0,,34.0,48.5,33.0,,49.0,47.0,35.0,18.5,,32.0,41.0,15.0,30.0,40.0,12.0,2.0,15.0,9.0,32.0,5.0,6.0,,,,19.0,4.0,24.0,45.0,7.0,46.0,10.0,16.0,,,8.0,,38.5,37.0,40.0,41.0
2015-06-10,34.0,45.5,39.5,44.0,8.0,32.0,6.0,4.0,30.5,26.0,22.0,30.0,24.0,2.0,48.0,20.0,3.0,20.5,37.0,,40.0,31.0,41.0,,50.0,44.0,41.0,40.5,,36.0,31.0,6.0,33.0,27.0,8.0,20.0,3.0,14.0,22.0,12.0,15.0,,,,16.0,9.0,12.0,27.0,17.0,45.0,17.0,3.0,,,11.0,,44.0,24.0,36.0,48.0
2015-06-11,38.0,33.0,36.0,47.0,27.0,24.0,18.0,5.0,31.0,8.0,21.0,19.0,24.0,30.0,33.0,17.0,27.0,45.0,26.0,,36.0,30.5,40.0,,50.0,47.0,38.5,45.0,,41.0,15.0,1.0,18.0,15.0,23.0,4.0,19.0,10.0,20.5,7.0,11.0,,,,2.0,6.0,13.0,38.0,3.0,45.0,28.5,12.0,,,9.0,,46.0,33.0,42.0,47.0
2015-06-12,25.0,31.5,46.0,47.0,29.0,20.0,35.0,8.0,25.0,28.0,18.0,49.5,20.5,4.0,36.0,23.0,4.0,43.0,35.0,,34.5,39.0,30.5,,41.0,48.0,22.0,45.0,,36.0,37.5,4.0,30.5,25.0,17.0,15.0,5.0,12.0,21.0,2.0,14.0,,,,10.0,7.0,16.0,28.0,13.0,40.5,1.0,11.0,,,9.0,,45.0,39.0,34.0,48.0
2015-06-15,27.0,34.0,30.0,48.0,42.0,25.0,14.0,8.0,45.0,10.0,19.0,28.5,22.0,22.0,48.0,19.0,8.0,46.0,34.5,,31.0,47.0,35.0,,39.0,40.0,42.0,40.0,,31.0,36.0,1.0,23.0,36.0,4.0,6.0,8.0,3.0,17.0,11.0,5.0,,,,16.0,2.0,12.0,29.5,15.0,39.0,21.5,13.0,,,17.0,,42.0,25.0,35.0,48.0
2015-06-16,33.0,28.0,28.0,43.0,33.0,16.0,34.0,6.0,20.0,16.0,13.0,32.0,17.0,25.0,40.0,25.5,19.0,24.0,20.5,,43.5,48.0,33.0,,44.0,41.0,44.0,46.0,,18.5,44.0,4.0,11.0,36.0,5.0,3.0,18.0,1.0,24.0,8.0,9.0,,,,12.0,2.0,23.0,41.0,10.0,43.0,28.0,14.0,,,7.0,,48.0,38.0,30.0,50.0
2015-06-17,35.0,24.0,30.0,39.0,17.0,19.0,40.0,8.0,21.5,22.0,1.0,36.0,29.0,11.0,44.0,27.0,35.0,33.0,15.0,,22.0,45.0,48.0,,29.0,46.0,26.5,45.0,,27.5,44.0,9.0,23.0,41.0,12.0,13.0,20.0,2.0,26.0,6.0,4.0,,,,7.0,10.0,19.0,30.0,15.0,41.5,46.0,5.0,,,3.0,,38.0,15.0,50.0,50.0
2015-06-18,32.0,24.0,27.0,48.0,15.5,22.0,32.0,2.0,33.0,33.5,22.0,46.0,25.0,16.0,37.5,19.0,39.0,37.0,16.5,,50.0,38.0,42.0,,41.0,48.0,34.5,28.0,,31.0,38.0,6.0,29.0,21.0,8.5,1.0,8.5,7.0,19.0,12.0,5.0,,,,10.0,3.0,13.0,25.5,16.0,37.0,26.0,16.0,,,4.0,,41.5,13.0,46.0,46.0
2015-06-19,28.5,26.0,24.5,44.0,42.0,21.0,26.0,9.0,26.0,39.0,2.0,30.0,19.0,17.0,49.0,17.0,38.0,36.0,18.0,,17.0,36.0,40.0,,34.5,37.0,46.0,47.0,,32.0,37.0,1.0,29.0,20.0,15.5,5.0,14.0,8.0,37.0,6.0,7.0,,,,10.0,11.0,4.0,29.5,15.0,48.0,25.5,12.0,,,3.0,,45.0,27.0,45.0,50.0
2015-06-22,37.0,40.5,26.0,47.0,23.0,21.0,38.5,6.0,27.0,30.0,19.0,45.0,32.5,19.0,49.0,1.0,15.0,29.0,32.0,,35.0,44.0,37.5,,36.0,47.0,33.0,43.0,,29.0,39.0,8.0,22.0,36.0,12.0,3.0,11.0,5.0,25.0,2.0,7.0,,,,14.0,9.0,17.0,16.0,19.0,43.0,28.0,10.0,,,4.0,,32.0,13.0,49.0,40.0
2015-06-23,43.0,39.5,31.5,48.0,15.0,23.0,47.0,1.0,39.5,25.0,4.0,35.5,28.0,12.0,35.5,19.0,50.0,37.0,28.0,,45.5,31.5,44.0,,31.0,31.5,32.0,41.0,,23.0,33.5,6.0,20.0,27.0,10.0,5.0,13.0,9.0,24.0,8.0,3.0,,,,16.0,11.0,2.0,14.0,18.0,38.0,30.5,18.0,,,7.0,,40.0,24.5,50.0,44.0
2015-06-24,45.0,38.5,34.0,51.0,25.5,27.0,43.0,8.0,37.0,23.0,9.0,46.0,24.0,21.0,32.0,17.0,49.0,21.0,18.0,,36.0,32.0,39.0,,32.5,48.0,38.0,48.0,,30.0,33.5,12.0,20.0,29.0,15.0,7.0,10.0,3.0,28.0,2.0,1.0,,,,13.0,4.0,5.0,20.0,14.0,39.0,24.0,11.0,,,6.0,,20.0,33.5,43.0,42.0
2015-06-25,48.0,21.0,39.0,49.0,36.5,33.0,41.0,6.0,28.5,20.0,11.0,19.0,20.0,15.0,38.0,21.0,39.0,26.5,22.0,,44.0,31.0,47.0,,31.0,47.0,27.0,32.0,,17.0,35.0,10.0,42.0,35.0,7.0,2.0,15.5,1.0,27.0,3.0,4.0,,,,12.0,13.0,9.0,23.0,16.0,44.0,31.0,5.0,,,8.0,,44.0,38.0,25.0,48.0
2015-06-26,44.0,27.0,18.0,49.0,33.0,19.0,46.0,16.0,28.0,32.0,14.0,13.0,33.0,20.0,31.0,35.0,2.0,42.5,27.0,,40.0,39.0,47.0,,27.0,44.0,37.0,47.0,,36.0,37.0,3.0,24.0,23.0,10.0,5.0,6.0,4.0,28.0,8.0,9.0,,,,22.0,12.0,15.5,18.0,13.0,28.0,30.0,6.0,,,1.0,,43.0,13.0,50.0,50.0
2015-06-29,46.0,42.5,28.0,46.5,20.0,24.0,39.0,4.5,34.0,13.0,16.5,41.0,14.0,12.0,29.0,24.0,2.0,37.0,15.0,,38.0,23.5,47.0,,30.0,46.0,35.0,42.0,,30.5,34.0,10.0,20.0,21.0,17.0,2.0,28.0,4.0,30.0,9.0,8.0,,,,6.0,2.0,25.0,32.0,20.0,50.0,19.0,7.0,,,11.0,,39.0,50.0,44.0,48.0
2015-06-30,50.0,40.0,28.0,47.0,24.0,29.0,35.0,11.0,45.0,9.0,10.0,49.0,20.0,14.0,34.0,20.0,26.0,18.0,24.0,,30.0,22.5,39.0,,41.0,44.0,33.0,50.0,,36.0,28.0,20.0,28.0,40.0,8.0,4.0,17.0,1.0,21.0,5.0,7.0,,,,17.0,3.0,12.5,2.0,15.0,43.5,27.0,6.0,,,12.5,,34.0,43.0,38.0,45.0
2015-07-02,40.0,49.0,26.0,45.0,16.5,33.0,37.0,6.0,49.0,16.0,8.0,36.0,3.0,4.0,36.5,18.0,29.0,13.5,18.0,,47.0,16.0,41.0,,29.0,42.0,35.0,50.0,,33.0,32.0,13.0,14.0,45.0,1.0,5.0,23.0,2.0,25.0,7.0,10.0,,,,9.0,21.0,20.0,29.0,24.0,47.0,24.0,11.0,,,17.0,,32.0,32.0,43.0,37.0
2015-07-03,42.0,50.0,35.0,45.0,26.0,22.0,43.0,17.5,33.0,9.0,21.0,25.0,13.0,6.0,31.0,27.0,38.0,25.5,19.0,,49.0,17.0,45.0,,34.0,45.0,30.0,41.0,,36.0,29.0,5.0,29.0,32.0,7.0,3.0,18.0,4.0,24.0,1.0,8.0,,,,11.0,14.0,23.0,20.0,11.0,48.0,16.0,2.0,,,10.0,,46.0,38.0,40.0,36.0
2015-07-06,43.0,42.0,37.5,45.0,29.0,25.5,20.0,3.0,30.0,20.0,16.0,50.0,14.0,6.0,34.0,4.0,35.0,32.0,26.0,,50.0,16.0,46.0,,31.5,42.0,20.0,39.0,,33.0,32.5,1.0,23.0,35.0,7.0,2.0,27.0,9.0,13.0,5.0,10.0,,,,11.0,8.0,17.0,23.0,22.0,45.0,23.0,13.0,,,16.0,,43.0,35.0,48.0,39.0
2015-07-07,43.0,46.0,31.5,36.0,33.0,25.0,26.0,12.0,45.0,16.0,18.0,46.0,14.0,16.0,31.0,2.0,40.0,11.0,23.0,,50.0,16.0,45.0,,35.0,48.0,26.0,42.0,,35.0,34.0,3.0,19.0,41.0,4.0,7.0,27.0,1.0,30.0,6.0,13.0,,,,5.0,10.0,19.0,22.0,30.0,50.0,22.0,9.0,,,8.0,,38.0,24.5,39.0,30.0
2015-07-08,38.0,25.0,33.0,40.0,15.0,19.0,35.5,17.0,30.5,20.0,22.0,51.0,16.5,2.0,22.0,24.0,41.0,28.0,16.0,,49.0,21.0,44.0,,37.0,50.0,34.0,45.0,,40.0,34.0,11.0,12.0,47.0,1.0,4.0,28.0,8.5,19.0,3.0,7.0,,,,8.5,6.0,10.0,24.5,17.0,45.5,29.0,5.0,,,15.0,,40.0,37.0,44.5,32.0
2015-07-09,40.0,39.0,6.0,45.0,24.0,18.0,34.0,31.0,40.0,12.0,29.0,48.0,10.0,11.0,32.0,4.0,15.0,14.0,23.0,,50.0,27.0,44.0,,44.0,42.0,28.0,21.5,,47.0,34.0,27.0,17.0,38.0,19.0,5.0,17.0,1.0,20.0,14.0,7.0,,,,9.0,2.0,8.0,23.0,31.0,49.0,26.0,3.0,,,21.5,,46.0,31.0,43.0,34.0
2015-07-10,27.0,45.0,10.0,36.0,26.0,19.0,31.0,26.5,37.0,18.0,23.0,41.0,26.0,7.5,15.0,29.0,31.0,7.5,9.0,,50.0,31.0,46.0,,33.0,46.0,39.0,37.0,,41.5,33.5,12.0,17.0,46.0,14.0,2.0,17.0,5.0,26.0,1.0,6.0,,,,11.0,4.0,14.0,22.0,18.0,49.0,42.0,3.0,,,26.0,,37.5,21.0,41.0,48.0
2015-07-13,39.0,42.5,29.0,33.0,13.0,11.0,31.5,23.0,36.5,12.0,18.0,39.0,21.0,19.0,14.5,2.0,25.0,20.5,5.0,,50.0,44.5,46.0,,25.0,45.0,27.0,45.0,,37.0,30.0,3.0,23.0,47.0,8.0,6.0,26.0,10.0,31.0,4.0,7.0,,,,9.0,16.0,14.5,18.0,30.0,50.0,37.0,1.0,,,30.0,,45.0,16.5,37.0,42.0
2015-07-14,39.5,35.0,13.0,42.5,36.0,30.0,43.0,22.0,48.0,12.0,6.0,23.0,17.0,20.0,34.0,27.0,12.0,19.0,2.0,,49.0,23.5,38.0,,31.0,48.0,26.0,38.5,,40.0,37.0,7.0,10.0,44.0,15.0,8.0,16.0,9.0,24.0,3.0,4.0,,,,5.0,18.0,11.0,22.0,33.0,50.0,24.0,1.0,,,33.0,,35.5,30.0,44.0,47.0
2015-07-15,27.0,45.0,39.0,44.0,31.0,19.0,40.0,20.0,47.0,12.0,11.0,37.0,18.0,18.0,27.0,1.5,34.0,13.0,4.0,,49.0,22.0,33.0,,30.0,46.0,19.0,47.0,,34.0,35.0,1.5,14.0,41.0,9.0,8.0,24.0,7.0,29.0,6.0,3.0,,,,15.5,10.0,15.5,27.0,27.0,48.0,30.0,5.0,,,24.0,,42.0,29.0,41.0,44.0
2015-07-16,30.0,41.0,18.0,40.0,27.0,15.0,22.0,32.0,43.0,21.0,6.0,27.0,16.0,30.0,24.0,5.0,22.0,14.0,1.0,,52.0,21.0,41.0,,28.0,48.0,32.0,41.0,,39.0,34.0,8.0,11.0,45.0,3.0,9.0,32.0,4.0,23.0,14.0,7.0,,,,10.0,2.0,16.0,25.0,18.0,42.0,36.0,12.0,37.0,,35.0,,47.0,48.0,43.0,50.0
2015-07-17,38.0,40.5,35.0,40.0,30.0,17.0,29.0,20.0,46.0,16.0,2.0,42.0,31.0,15.0,28.0,33.0,35.0,20.0,6.0,,51.0,24.0,40.0,,24.0,46.0,19.0,36.0,,46.0,29.0,1.0,10.0,41.0,11.0,7.0,25.5,4.0,23.0,13.0,3.0,,,,13.0,8.0,10.0,21.0,22.0,48.0,10.0,5.0,32.0,,22.5,,44.0,48.0,45.5,49.0
2015-07-20,39.0,49.0,21.0,34.0,27.5,3.0,41.0,25.0,43.0,6.0,14.5,31.0,22.0,36.0,24.5,23.5,27.0,13.0,5.0,,49.0,20.0,34.0,,26.0,49.0,40.0,39.0,,41.0,34.0,4.0,12.0,46.0,8.0,1.0,30.0,9.0,22.0,7.0,14.0,,,,2.0,16.0,10.0,24.0,12.0,50.0,31.0,16.0,34.0,,18.0,,39.0,49.0,46.0,44.0
2015-07-21,32.0,42.0,35.5,37.0,27.0,15.0,36.0,31.0,49.0,16.0,11.0,40.0,22.0,23.0,24.0,27.0,30.0,9.0,6.0,,50.0,21.0,45.0,,21.0,45.0,34.0,45.0,,13.0,37.0,7.0,9.0,37.0,4.0,3.0,29.0,5.0,33.0,2.0,14.0,,,,18.0,16.0,1.0,19.0,26.0,48.0,23.0,12.0,39.0,,9.0,,39.0,49.0,42.0,48.0
2015-07-22,21.0,42.0,17.0,37.0,51.5,28.0,35.5,31.5,47.0,8.0,11.0,39.0,28.0,21.0,50.0,31.0,24.0,12.0,16.0,,48.0,32.0,43.0,,13.0,41.0,28.5,37.0,,36.0,24.0,14.0,3.0,24.0,9.0,6.0,19.0,10.0,1.0,7.0,3.0,,,,19.5,25.0,5.0,3.0,27.0,34.0,36.0,15.0,49.0,,19.0,,46.5,43.0,41.0,45.0
2015-07-23,32.0,45.0,14.0,32.0,40.0,10.0,42.5,27.0,51.0,14.0,2.0,30.0,18.0,28.5,43.0,34.5,20.0,1.0,8.0,,49.5,33.5,37.0,,25.0,18.0,31.0,49.0,,24.0,40.0,3.0,13.0,30.0,6.0,7.0,21.0,10.0,18.0,4.0,14.0,,,,22.0,24.0,5.0,9.0,37.0,35.5,23.0,16.0,46.0,,40.0,,43.0,45.0,42.0,47.0
2015-07-24,39.0,43.0,26.5,30.5,28.0,21.0,40.0,29.0,46.0,4.0,6.0,25.5,16.5,25.0,30.0,37.0,19.0,13.0,7.0,,50.0,20.0,32.0,,30.0,43.0,35.0,44.0,,37.0,38.0,14.0,10.0,37.0,12.0,8.0,32.0,9.0,5.0,11.0,3.0,,,,1.0,14.0,2.0,17.0,26.0,46.0,24.0,16.0,46.0,,20.0,,42.0,47.5,39.0,49.0
2015-07-27,42.0,42.0,17.0,39.0,29.0,19.0,35.0,45.5,45.5,12.0,7.0,25.0,42.5,31.0,33.0,34.0,23.0,11.0,6.0,,48.0,18.0,28.0,,33.0,37.0,24.0,34.5,,50.0,26.0,10.0,16.0,40.0,2.0,4.0,29.0,5.0,8.0,9.0,1.0,,,,12.0,26.0,3.0,19.0,23.5,52.0,29.0,14.0,20.0,,16.0,,45.5,47.0,43.0,46.0
2015-07-28,40.0,47.0,22.0,27.0,22.0,11.0,38.5,34.0,48.0,14.0,1.0,31.0,29.0,40.0,19.0,38.0,20.0,16.5,10.0,,51.0,20.0,25.0,,35.0,42.0,29.0,43.0,,39.5,34.0,3.0,16.0,44.0,5.0,9.0,31.0,6.0,19.0,8.0,7.0,,,,12.5,15.0,2.0,22.0,25.0,51.0,27.0,4.0,34.0,,14.0,,43.0,47.0,39.0,49.0
2015-07-29,40.5,41.0,29.0,16.0,29.0,22.0,43.5,33.5,49.0,1.0,11.0,28.0,19.0,37.0,26.0,36.0,23.5,8.0,3.0,,49.0,11.0,32.0,,19.0,44.0,40.0,45.0,,39.0,34.5,2.0,14.0,15.0,4.0,9.0,28.0,7.0,6.0,11.0,23.0,,,,16.0,37.0,5.0,13.0,28.0,52.0,28.0,21.0,33.0,,19.0,,41.0,43.0,46.0,49.0
2015-07-30,45.0,41.0,44.5,23.5,30.0,2.0,35.0,37.5,50.0,15.0,3.0,36.5,19.0,29.0,21.0,38.0,30.0,22.0,1.0,,50.0,26.0,35.5,,41.5,31.0,30.0,44.0,,22.0,30.0,12.0,9.0,38.0,11.0,13.0,6.0,4.0,10.0,7.0,14.0,,,,6.0,25.0,6.0,17.0,16.0,42.0,24.0,19.5,41.0,,27.5,,46.0,41.0,48.0,50.0
2015-07-31,42.0,42.0,20.0,20.0,40.0,7.0,32.0,36.5,41.0,10.0,7.0,4.0,23.0,50.0,47.0,23.0,14.0,13.0,3.0,,47.0,18.0,29.0,,32.0,39.0,39.0,44.0,,35.0,28.0,5.0,12.0,35.0,26.0,1.0,9.0,11.0,6.0,2.0,17.0,,,,31.0,41.5,15.0,25.0,23.0,50.0,20.0,16.0,48.0,,26.0,,38.5,47.0,26.0,44.0
2015-08-03,36.0,51.0,15.0,15.0,37.0,29.0,47.0,23.0,49.0,8.0,9.0,41.0,17.0,42.0,34.0,45.0,24.5,17.0,1.0,,50.0,6.0,29.0,,19.0,22.0,36.0,44.0,,31.0,39.0,13.0,11.0,33.5,3.5,2.0,7.0,10.0,30.0,5.0,12.0,,,,27.0,25.0,3.5,20.0,23.0,40.0,15.0,25.0,47.0,,22.0,,34.0,37.0,43.0,48.0
2015-08-04,23.5,40.0,17.0,1.0,35.0,3.0,47.0,29.5,51.0,16.0,7.0,31.5,23.0,48.0,32.0,38.0,14.0,18.0,2.0,,48.5,6.0,36.0,,35.0,27.0,42.0,39.0,,47.0,45.0,4.0,11.0,40.0,27.0,9.0,9.0,8.0,30.0,5.0,19.0,,,,27.0,39.0,12.0,19.0,16.0,47.0,13.0,21.0,35.0,,24.5,,32.0,44.0,26.0,43.0
2015-08-05,28.0,38.0,30.0,10.0,37.0,3.0,40.0,25.0,50.0,12.0,1.0,7.5,22.0,29.5,25.0,43.0,32.0,9.0,6.0,,48.0,5.0,34.0,,28.0,13.0,45.0,50.0,,43.0,46.0,2.0,14.0,24.0,11.0,4.0,18.0,15.0,21.0,7.5,27.0,,,,34.0,39.0,16.0,22.0,34.0,49.0,17.0,20.0,48.0,,24.0,,45.0,30.0,38.0,43.0
2015-08-06,33.5,33.5,36.0,5.0,44.0,1.0,35.0,32.5,49.0,8.0,9.0,10.0,19.0,32.0,38.0,37.0,15.5,13.0,2.0,,44.0,16.0,34.0,,22.0,27.0,49.0,46.0,,40.0,44.0,13.0,4.0,25.0,24.0,6.0,11.0,7.0,17.0,11.0,25.0,,,,40.5,25.0,3.0,17.0,19.0,49.0,26.0,22.0,42.0,,34.5,,47.0,37.0,29.0,42.0
2015-08-07,27.0,34.5,22.0,4.0,13.0,15.0,22.0,31.0,52.0,6.0,22.0,1.0,28.0,35.5,45.0,47.0,10.0,14.0,10.5,,39.0,17.0,48.0,,38.0,32.0,45.0,47.0,,44.0,43.0,7.0,9.0,28.0,15.0,5.0,22.0,19.0,17.0,3.0,8.0,,,,22.0,36.0,2.0,32.0,11.0,35.0,27.0,42.0,50.0,,37.5,,40.0,39.0,24.0,29.0
2015-08-10,39.0,30.0,31.0,17.0,15.0,5.0,33.0,38.5,51.0,7.0,16.0,22.0,3.0,35.0,42.5,38.0,27.0,12.0,14.0,,51.0,19.0,36.0,,25.0,34.5,45.0,49.0,,45.0,45.0,5.5,3.0,22.0,17.0,10.0,19.0,12.0,25.0,9.0,3.0,,,,40.0,25.0,1.0,23.0,12.0,45.0,31.0,24.0,44.0,,34.5,,42.5,39.0,8.0,40.0
2015-08-11,32.0,32.0,32.0,9.5,40.0,15.0,45.0,21.0,52.0,12.0,7.0,2.0,4.0,41.0,42.0,49.0,20.0,1.0,14.0,,35.0,31.0,49.0,,35.0,28.0,43.0,39.0,,50.0,35.0,9.5,5.0,6.0,19.0,16.0,14.0,8.0,25.0,13.0,25.0,,,,29.0,20.0,3.0,19.0,28.0,43.0,25.5,34.0,46.0,,13.0,,32.0,38.0,23.0,47.0
2015-08-12,39.0,23.0,19.0,5.0,29.0,15.0,45.0,43.0,38.0,10.0,2.0,2.0,26.0,23.0,36.0,52.0,22.5,28.5,11.0,,35.0,15.0,36.5,,45.0,34.0,42.0,48.0,,42.0,47.0,2.0,7.0,15.0,30.0,15.0,8.0,4.0,14.0,8.0,21.0,,,,36.0,28.5,12.0,42.0,25.0,37.5,20.0,29.0,47.0,,18.0,,49.0,33.0,6.0,41.0
2015-08-13,34.0,29.0,22.0,6.0,24.0,8.0,37.0,47.0,43.0,3.0,15.0,4.0,43.0,26.0,51.0,47.0,44.5,25.0,18.0,,35.0,9.0,46.5,,25.0,20.0,46.0,41.0,,41.0,20.5,2.0,13.0,9.0,29.0,17.0,12.0,8.0,15.0,21.0,11.0,,,,34.0,32.0,1.0,28.0,5.0,48.0,30.0,23.0,38.0,,18.0,,45.0,32.0,41.0,35.0
2015-08-14,26.0,21.0,15.0,15.0,43.0,34.0,50.0,47.0,36.0,5.0,2.0,17.0,6.0,17.0,49.0,47.0,44.0,4.0,34.5,,37.0,32.0,45.0,,25.0,35.0,49.0,39.0,,40.0,31.0,6.0,10.0,12.0,25.0,21.0,1.0,9.0,12.0,20.0,25.0,,,,36.0,25.0,3.0,8.0,13.0,35.0,38.0,12.0,41.0,,19.0,,31.0,28.5,28.0,52.0
2015-08-17,41.0,28.5,43.0,1.0,45.5,6.0,45.0,25.0,45.0,3.0,8.0,15.0,14.0,27.0,35.0,48.0,39.0,22.0,22.0,,37.0,12.0,35.0,,18.0,38.5,51.0,42.0,,32.0,29.0,11.0,5.0,26.0,4.0,15.0,9.0,7.0,20.0,13.0,18.0,,,,43.0,19.0,2.0,32.0,10.0,28.0,31.5,26.0,42.0,,20.0,,36.0,48.0,29.0,49.0
2015-08-18,29.0,17.0,47.0,23.0,9.0,6.0,40.0,49.0,47.0,19.0,4.0,35.0,8.0,40.0,36.0,44.0,31.0,29.5,16.0,,25.0,21.0,45.0,,38.0,39.0,49.0,42.0,,27.0,32.5,3.0,2.0,15.0,7.0,11.0,10.0,17.0,12.0,1.0,23.0,,,,25.0,19.0,5.0,36.0,14.0,21.0,45.0,27.0,32.0,,13.0,,40.5,30.0,42.0,49.0
2015-08-19,28.0,17.0,34.5,13.5,40.0,1.0,34.0,36.0,45.0,20.0,5.0,14.0,4.0,41.0,30.0,48.0,28.0,42.0,14.0,,26.0,43.0,48.0,,29.5,38.0,43.0,36.0,,23.0,18.0,3.0,7.0,2.0,6.0,11.0,11.0,16.0,9.0,10.0,24.0,,,,23.0,32.0,8.0,36.0,26.5,35.5,24.0,38.0,45.0,,19.0,,49.0,46.5,29.0,50.0
2015-08-20,24.0,32.0,36.5,4.0,42.0,27.0,39.5,34.0,48.0,16.0,8.0,16.0,2.0,42.0,37.0,49.0,3.0,41.0,17.0,,21.5,27.0,48.0,,23.0,29.0,47.0,40.0,,13.5,31.0,1.0,12.0,11.0,28.0,16.0,10.0,6.0,7.0,9.0,22.0,,,,22.0,20.0,5.0,36.0,24.0,22.0,40.5,34.0,50.0,,15.5,,41.0,33.0,44.0,47.0
2015-08-21,34.0,27.0,4.0,9.0,38.0,22.0,36.0,26.0,48.0,46.0,16.0,38.0,22.0,45.5,41.0,50.0,47.0,38.0,24.0,,25.0,32.0,49.0,,43.0,29.0,40.0,34.0,,11.0,28.5,1.0,12.0,4.0,4.0,6.0,19.0,8.0,2.0,10.0,16.0,,,,15.0,24.0,7.0,20.0,27.0,44.0,17.5,28.0,44.0,,12.0,,45.0,40.0,20.5,29.0
2015-08-24,21.0,14.0,18.5,13.0,33.0,44.0,40.0,7.0,43.5,38.0,16.0,28.0,20.5,35.0,31.0,48.0,47.0,51.0,18.5,,21.0,43.0,33.0,,33.0,43.0,49.0,39.0,,25.0,35.0,10.0,3.0,4.0,8.0,12.5,2.0,24.0,9.0,5.0,18.0,,,,23.0,23.0,1.0,23.5,28.0,41.5,23.0,27.0,40.0,,12.0,,47.5,36.0,6.0,45.0
2015-08-25,37.0,23.0,23.0,4.0,31.0,1.0,30.0,26.0,38.0,36.5,7.0,29.0,22.0,33.0,12.0,39.5,50.0,43.0,6.0,,32.0,49.0,44.0,,26.0,40.0,48.0,39.0,,32.0,46.0,3.0,10.0,2.0,8.0,12.0,15.5,4.0,20.0,14.0,16.0,,,,23.0,18.0,11.0,40.0,35.0,7.0,16.0,22.0,45.5,,28.0,,48.0,37.0,24.0,42.5
2015-08-26,8.0,19.0,14.0,33.0,37.0,33.0,30.0,7.0,41.5,35.0,19.0,24.5,28.0,32.0,25.0,43.5,29.0,47.0,26.0,,21.0,51.0,49.0,,18.0,44.0,40.0,48.0,,2.0,16.0,1.0,5.0,3.0,14.0,6.0,10.0,9.0,27.0,11.0,26.0,,,,43.0,21.0,4.0,42.0,40.0,37.0,16.0,11.0,39.0,,24.0,,49.0,35.0,14.0,51.0
2015-08-27,18.0,11.0,14.0,16.0,40.5,50.0,35.0,2.0,37.0,26.0,13.0,35.0,30.0,23.0,36.0,37.5,27.0,38.0,24.5,,21.0,51.0,41.0,,25.0,41.0,47.0,48.0,,18.0,25.0,5.0,8.0,9.5,25.0,15.0,2.0,6.0,12.0,7.0,19.0,,,,44.0,30.0,4.0,40.5,43.0,21.0,9.5,28.0,46.0,,26.0,,43.0,37.0,2.0,43.0
2015-08-28,32.5,34.5,10.0,26.0,22.0,45.0,37.0,4.0,46.0,15.0,18.0,41.0,22.0,17.0,34.0,41.5,18.0,44.0,1.5,,38.0,51.0,48.0,,49.0,22.0,31.0,48.0,,25.5,23.0,9.0,8.0,11.0,14.0,28.0,13.0,7.0,16.0,1.5,25.0,,,,22.0,27.0,12.0,37.0,35.0,35.0,3.0,5.0,39.0,,41.0,,35.0,30.0,6.0,49.0
2015-08-31,35.0,29.0,26.0,14.0,10.0,32.0,45.0,7.0,47.0,38.0,11.0,24.0,31.0,27.0,42.0,34.0,33.0,41.0,14.0,,12.0,39.0,38.5,,34.0,50.0,41.5,50.0,,16.0,23.0,4.0,9.0,1.0,44.0,20.0,2.0,17.0,20.0,8.0,14.0,,,,35.0,23.0,5.0,6.0,31.0,26.5,3.0,23.0,49.0,,18.0,,37.5,41.0,32.5,49.0
2015-09-01,24.0,1.0,14.0,30.0,6.0,36.0,37.0,3.0,49.0,50.0,26.0,19.0,21.0,49.0,33.0,41.0,35.0,41.0,32.0,,17.0,37.0,38.0,,47.0,46.5,29.0,44.5,,35.0,27.0,8.0,2.0,6.0,19.0,25.0,11.0,18.0,6.0,4.0,12.0,,,,30.5,13.5,9.0,46.5,29.0,23.0,14.0,21.0,44.0,,26.0,,44.0,11.0,15.0,44.0
2015-09-02,24.0,14.0,38.0,30.0,15.0,28.0,29.0,16.0,43.0,41.0,25.0,20.0,21.0,39.0,18.5,34.0,36.0,46.0,22.0,,12.0,49.0,41.0,,34.5,31.0,25.5,50.0,,6.0,31.0,2.0,5.0,1.0,9.0,13.0,7.0,4.0,16.0,11.0,37.0,,,,45.0,33.0,3.0,48.0,40.0,39.0,7.0,10.0,25.5,,18.0,,39.5,46.0,22.0,50.0
2015-09-04,29.0,15.0,20.5,22.0,12.0,37.0,39.0,11.0,31.5,12.0,15.0,28.0,19.0,41.0,29.0,41.0,42.0,47.0,5.0,,8.0,37.5,49.0,,36.0,35.0,31.0,44.0,,26.0,33.0,1.0,13.0,3.0,6.0,27.0,2.0,16.0,22.0,4.0,37.0,,,,47.0,24.0,9.0,39.0,22.0,44.0,32.0,19.0,10.0,,21.0,,49.0,47.5,6.0,51.0
2015-09-07,10.0,2.0,31.0,30.0,13.0,31.0,30.0,15.0,48.0,35.0,18.0,27.0,19.0,49.0,17.0,34.5,40.0,44.0,19.0,,12.0,40.0,48.0,,46.0,38.0,31.0,51.0,,25.0,2.0,5.0,13.0,6.0,11.0,44.0,9.0,2.0,4.0,8.0,40.0,,,,43.0,25.5,7.0,23.0,42.0,32.0,22.0,26.0,32.0,,30.0,,45.0,36.0,16.0,26.0
2015-09-08,12.0,5.0,25.0,42.0,9.0,41.5,26.0,15.0,47.0,23.0,21.0,36.0,29.0,51.0,33.0,38.0,30.0,45.0,7.0,,3.0,35.0,48.5,,49.0,38.5,34.0,31.0,,35.0,8.0,11.0,17.0,1.0,12.0,46.0,2.0,4.0,22.0,10.0,27.0,,,,41.0,31.0,18.0,26.0,20.0,42.5,38.0,15.0,23.0,,42.0,,43.0,20.0,15.0,5.0
2015-09-09,12.0,8.0,10.0,44.0,2.0,37.0,31.0,15.0,51.0,25.0,20.0,27.0,30.0,19.0,30.0,40.0,32.0,46.0,25.0,,3.0,35.0,43.0,,34.5,49.0,36.0,40.5,,37.0,16.0,1.0,12.0,10.0,5.0,33.0,4.0,18.5,40.0,7.0,24.0,,,,6.0,27.0,16.0,49.0,28.0,38.0,10.0,25.0,47.0,,22.0,,50.0,19.0,14.5,41.0
2015-09-10,2.0,14.0,39.0,46.0,1.0,34.0,51.0,17.0,42.0,26.0,29.0,31.0,35.0,48.0,47.0,34.0,34.0,33.0,27.0,,5.0,38.0,44.0,,47.0,49.5,23.0,42.0,,39.0,17.0,9.0,8.0,6.0,19.5,36.0,3.0,4.0,24.0,12.5,23.0,,,,11.0,32.0,10.0,30.0,18.0,13.0,7.0,13.0,44.0,,19.0,,24.0,19.0,22.0,43.5
2015-09-11,17.0,11.0,25.0,31.0,9.0,37.5,49.0,19.0,31.0,45.0,21.0,27.0,23.0,42.0,34.5,41.5,40.0,43.0,28.0,,1.0,34.0,46.0,,38.0,48.5,25.0,50.5,,31.0,15.0,7.0,9.0,13.0,17.0,28.0,3.0,9.0,40.0,2.0,20.0,,,,22.0,15.0,5.5,41.0,23.0,38.0,5.5,4.0,46.5,,15.0,,11.0,35.0,27.0,44.0
2015-09-14,31.0,3.0,21.0,40.0,10.0,40.0,50.0,6.0,41.0,29.0,18.0,24.0,4.0,25.0,36.0,48.0,47.0,51.0,11.0,,26.0,26.0,41.5,,23.5,36.5,14.0,46.5,,31.0,23.0,2.0,11.0,1.0,18.0,17.0,5.0,10.0,37.0,16.0,20.0,,,,38.0,8.0,13.0,48.0,24.0,42.0,7.0,15.0,41.5,,29.0,,44.0,38.0,35.0,35.0
2015-09-15,21.0,12.0,38.0,39.5,9.0,37.0,39.0,17.0,25.0,34.0,8.0,20.0,11.0,29.0,33.0,42.0,45.0,49.0,29.0,,17.0,36.0,46.0,,44.0,35.5,34.0,43.0,,25.0,13.0,4.0,9.0,4.0,4.0,23.0,1.0,5.0,20.0,16.0,41.0,,,,26.5,24.0,14.0,48.0,47.0,37.0,3.0,15.0,49.0,,29.5,,39.0,6.0,26.5,34.0
2015-09-16,16.0,8.0,26.0,39.5,14.0,39.0,48.0,7.0,40.0,32.0,26.0,31.5,9.0,28.0,32.0,37.0,32.0,48.5,41.0,,2.0,43.0,38.5,,24.0,37.0,19.0,46.0,,28.5,12.0,4.0,10.0,1.0,16.0,23.0,6.0,5.0,33.0,14.0,28.0,,,,3.0,22.0,18.0,48.0,41.0,26.0,11.0,12.0,41.5,,29.0,,49.0,45.0,24.0,36.5
2015-09-17,16.0,12.0,28.0,33.0,21.0,39.0,44.0,14.0,35.0,40.0,17.0,28.0,7.0,34.0,31.5,46.0,47.0,41.0,36.0,,23.0,18.0,39.0,,8.0,39.5,25.0,50.0,,33.0,1.0,11.0,4.0,9.0,13.0,10.0,5.0,15.0,28.0,3.0,44.0,,,,19.5,33.0,2.0,44.0,23.5,22.0,22.0,6.0,50.0,,26.0,,45.0,40.0,30.0,38.0
2015-09-18,18.0,3.0,33.0,43.0,5.0,44.0,30.0,1.0,44.0,50.0,20.0,30.5,18.0,49.0,12.0,33.0,35.0,44.0,37.0,,8.0,45.0,46.0,,27.0,39.0,28.0,48.0,,28.0,17.0,2.0,15.0,12.0,16.0,3.0,5.0,8.0,23.0,8.0,30.0,,,,20.5,10.0,12.0,33.0,27.0,27.0,39.0,23.0,40.0,,26.5,,46.5,14.0,43.0,35.0
2015-09-21,24.0,5.0,19.0,37.0,8.0,39.0,34.0,9.0,47.0,23.0,3.0,21.5,36.0,14.0,27.0,49.0,26.0,48.0,32.0,,12.0,31.0,32.0,,18.5,36.0,43.0,48.0,,22.0,38.0,3.0,17.0,7.0,19.0,10.0,13.0,15.0,26.0,27.0,41.5,,,,2.0,48.0,7.0,42.0,49.0,32.0,2.0,8.0,42.0,,25.5,,43.0,22.0,27.0,41.0
2015-09-22,16.0,3.0,45.0,27.0,21.0,42.0,29.0,1.0,33.5,48.5,10.0,26.0,25.0,38.0,37.0,40.0,33.0,43.0,11.0,,7.0,38.5,47.0,,33.5,19.0,46.0,50.0,,9.0,42.0,14.0,21.0,13.0,27.0,3.0,8.0,16.0,27.0,25.0,18.0,,,,5.0,30.0,2.0,16.0,29.5,44.0,5.0,21.5,40.0,,32.0,,38.0,12.0,48.0,34.0
2015-09-23,24.0,14.0,8.0,30.0,2.0,45.0,44.0,9.0,36.0,37.0,7.0,12.0,11.0,32.0,39.5,18.0,31.0,43.0,25.5,,16.0,46.0,32.0,,24.5,21.0,47.0,51.0,,14.5,38.0,9.0,4.0,3.0,30.0,19.0,1.0,14.0,22.0,33.0,48.0,,,,29.0,46.0,6.0,27.0,39.0,45.0,20.0,17.0,37.0,,25.0,,40.0,5.5,32.5,48.0
2015-09-24,5.0,22.0,31.0,47.0,12.0,42.0,35.0,2.0,51.0,29.0,9.0,38.0,20.0,27.0,43.0,27.0,32.0,47.0,35.5,,8.0,38.0,45.0,,31.0,16.0,27.0,47.0,,10.0,16.0,10.0,5.0,13.0,15.5,3.0,1.0,22.0,26.0,13.0,35.0,,,,20.0,30.5,25.0,38.0,38.0,7.0,19.0,4.0,42.0,,49.0,,35.0,17.0,41.0,45.0
2015-09-25,25.0,5.0,35.0,40.0,4.0,32.0,24.0,18.0,46.0,23.0,1.0,32.0,13.0,49.0,18.0,34.0,35.0,42.0,38.0,,9.0,52.0,46.0,,39.0,31.0,37.0,45.0,,3.0,35.0,15.0,12.0,3.0,9.0,8.0,11.0,5.0,15.0,21.0,14.0,,,,27.0,23.0,7.0,42.0,30.0,31.0,20.0,23.0,28.0,,50.0,,38.0,16.0,47.0,47.0
2015-09-29,22.0,12.0,42.0,27.0,24.0,39.0,19.5,19.0,48.0,29.0,10.0,35.0,13.0,48.0,38.0,50.0,37.5,44.0,22.0,,14.0,35.0,46.0,,50.0,16.0,18.0,42.0,,7.0,18.0,5.0,2.0,8.0,10.0,4.0,6.0,24.0,18.5,15.0,29.0,,,,33.5,26.0,1.0,36.5,45.0,31.0,29.5,3.0,37.0,,33.0,,42.0,10.0,34.0,52.0
2015-09-30,27.0,24.0,23.0,45.0,36.0,31.5,17.0,29.0,43.0,18.0,14.0,32.0,10.0,35.0,36.0,40.5,39.0,52.0,42.0,,21.0,43.0,39.0,,47.0,30.0,45.0,47.0,,16.0,30.0,27.0,13.0,2.0,2.0,8.0,18.0,5.0,25.5,14.0,10.0,,,,30.0,3.0,7.0,5.0,28.0,12.0,27.0,8.0,20.0,,39.0,,42.0,2.0,51.0,50.0
2015-10-02,18.0,25.5,25.0,27.0,20.0,28.5,9.0,25.0,47.0,16.0,14.0,30.0,7.0,28.0,34.0,30.0,23.0,46.0,38.0,,9.0,41.0,38.0,,34.0,30.0,44.0,49.0,,5.0,34.0,17.5,3.5,15.0,2.0,8.0,1.0,5.0,13.0,20.0,30.0,,,,22.0,23.0,11.0,37.0,40.0,46.0,41.0,3.5,11.5,,45.0,,47.0,42.0,48.0,50.5
2015-10-05,25.0,26.5,30.0,41.0,14.0,35.0,21.0,28.0,38.5,35.0,6.0,30.0,31.0,6.0,49.0,33.0,10.0,48.0,47.0,,18.0,50.0,30.0,,45.0,21.0,38.0,42.0,,8.0,24.0,13.0,3.0,14.0,4.0,11.0,2.0,8.0,45.0,16.0,1.0,,,,20.0,19.5,5.0,25.5,36.5,33.5,41.0,22.0,16.0,,35.0,,43.0,12.0,47.0,51.0
2015-10-06,10.0,41.0,12.0,46.0,12.0,41.0,31.0,23.0,41.5,19.0,7.0,43.0,19.0,37.0,47.0,41.0,36.0,50.0,39.0,,19.0,49.0,29.0,,42.0,24.0,32.0,51.0,,1.0,34.0,7.0,13.5,15.0,8.0,12.0,8.0,2.0,26.0,15.0,5.0,,,,42.0,25.0,3.0,19.0,22.0,40.5,36.0,4.0,22.0,,30.5,,22.0,27.0,34.0,39.0
2015-10-07,15.0,45.0,11.0,37.0,20.0,46.0,42.0,33.0,44.0,2.0,8.0,21.0,29.0,21.0,48.0,37.0,39.0,42.0,38.0,,48.0,50.0,25.0,,29.0,33.0,33.0,46.0,,4.0,30.0,12.0,9.0,1.0,7.0,16.5,9.0,3.0,19.0,25.5,13.0,,,,7.0,30.0,23.0,16.0,17.0,35.0,39.0,4.0,15.0,,30.0,,48.5,23.0,33.0,48.0
2015-10-08,30.5,40.0,9.0,34.5,15.0,30.0,11.0,26.0,44.0,6.0,7.0,20.0,28.0,38.0,40.5,23.0,42.0,48.5,47.5,,42.5,50.0,47.5,,9.0,19.0,25.0,44.0,,26.0,37.0,4.0,5.0,3.0,24.0,20.5,8.0,11.0,23.0,18.0,22.0,,,,1.0,15.0,14.0,39.5,13.0,33.0,46.0,2.0,17.0,,33.0,,34.0,35.0,42.0,50.0
2015-10-09,25.0,23.0,18.0,39.0,2.0,40.0,24.0,29.5,45.0,3.0,1.0,35.0,33.0,23.0,42.0,18.0,45.0,49.0,50.0,,26.0,41.0,37.0,,33.0,23.0,36.0,45.0,,12.0,18.0,8.0,6.0,4.0,15.0,38.0,10.0,5.0,14.0,21.0,22.0,,,,7.0,40.0,13.0,32.0,15.0,28.5,44.0,9.0,31.0,,11.0,,49.0,34.0,31.5,52.0
2015-10-12,35.0,30.0,30.0,51.0,20.0,37.0,8.0,20.0,31.0,7.0,4.0,26.0,24.0,16.0,33.0,26.0,32.5,49.0,48.0,,33.0,50.0,38.0,,42.0,36.0,43.0,46.0,,6.0,21.0,13.0,3.0,9.0,17.0,22.0,1.0,5.0,20.0,14.0,27.0,,,,13.0,24.5,12.0,44.0,9.0,41.0,12.0,2.0,33.0,,23.0,,39.0,38.0,42.0,46.5
2015-10-13,40.0,44.0,34.0,47.5,18.0,40.0,19.0,23.0,44.5,5.0,8.0,40.0,12.5,14.0,39.0,27.5,25.0,44.0,45.0,,46.0,35.0,48.0,,2.0,26.5,44.0,49.0,,10.0,30.5,20.0,4.0,3.0,6.0,19.0,1.0,7.0,15.0,9.0,26.0,,,,21.0,14.0,11.0,32.0,24.0,29.0,19.0,15.0,45.0,,25.0,,38.0,32.0,39.0,44.5
2015-10-14,20.0,20.0,28.0,31.0,16.0,32.0,14.0,12.0,47.0,7.0,9.0,39.0,10.0,30.0,45.0,17.0,37.0,49.0,48.0,,43.0,40.0,35.0,,37.0,3.0,43.0,44.5,,14.0,23.0,14.0,4.0,6.0,7.0,27.0,4.0,17.0,24.5,11.0,25.0,,,,1.0,34.0,22.0,26.0,23.0,39.0,33.0,2.0,46.0,,19.0,,37.0,33.5,47.0,50.0
2015-10-15,16.0,37.5,39.5,40.0,20.0,24.0,17.0,13.0,30.5,10.0,8.0,36.0,7.0,41.0,49.0,22.5,28.0,51.5,46.0,,34.0,15.0,7.5,,42.5,31.0,47.0,44.5,,1.0,46.0,5.5,15.0,3.0,12.0,21.0,4.0,17.0,34.0,10.0,26.0,,,,30.0,5.5,22.0,25.0,18.0,33.0,26.0,2.0,44.0,,28.0,,44.0,35.0,40.0,47.0
2015-10-16,31.0,39.0,37.0,50.0,27.0,38.5,20.0,17.0,25.5,14.5,7.0,45.0,23.0,20.0,47.0,26.0,31.0,51.0,47.0,,41.5,47.5,35.0,,39.0,37.0,42.5,42.0,,12.0,17.0,14.5,2.0,3.0,5.0,19.0,4.0,6.0,25.0,13.0,1.0,,,,21.5,10.0,8.0,9.0,18.0,27.0,29.0,11.0,48.0,,32.0,,39.5,29.0,39.0,45.0
2015-10-19,28.0,49.5,24.0,49.0,29.0,37.0,34.0,17.0,34.0,28.0,20.0,45.0,11.0,33.0,46.0,27.0,34.0,48.0,45.0,,41.0,46.0,17.5,,39.0,34.5,44.0,41.0,,6.0,35.0,22.0,1.0,9.0,8.0,14.0,10.0,3.0,23.0,21.0,12.0,,,,18.5,3.0,5.0,16.0,6.0,16.0,26.0,12.0,42.0,,3.0,,27.0,22.0,39.0,46.0
2015-10-20,10.0,40.0,35.0,45.0,19.0,41.0,40.0,8.0,24.0,28.0,1.0,50.0,12.0,20.0,27.0,36.0,33.0,51.0,49.0,,44.0,24.0,42.0,,44.0,31.5,30.0,27.0,,6.0,37.0,13.0,9.0,3.0,14.0,23.0,5.0,15.5,17.0,2.0,7.0,,,,18.0,11.0,14.0,25.0,24.5,32.0,39.0,3.0,39.0,,21.0,,40.0,30.0,45.0,48.0
2015-10-22,31.0,37.0,10.0,47.0,17.0,38.0,21.0,3.0,31.0,36.5,11.0,26.0,16.0,18.0,45.0,33.0,31.0,50.0,49.0,,41.0,43.0,42.0,,43.0,37.5,40.0,29.0,,13.0,32.0,9.0,7.0,12.0,19.0,14.0,4.0,5.0,23.0,20.5,6.0,,,,8.0,25.0,25.0,21.0,30.0,24.0,34.0,1.0,15.0,,2.0,,33.5,40.0,51.0,49.0
2015-10-23,32.0,48.0,6.0,43.0,19.5,38.0,31.0,3.0,33.5,45.0,9.0,42.0,8.0,15.0,40.0,17.0,30.0,45.0,50.5,,45.5,34.0,42.0,,49.0,37.0,38.0,26.5,,7.0,30.0,10.0,23.0,4.0,16.0,1.5,1.5,13.0,28.0,21.0,12.0,,,,21.0,15.0,23.0,10.0,30.0,26.0,32.0,5.0,21.0,,16.0,,30.0,36.0,47.0,49.0
2015-10-26,25.0,48.5,21.0,29.0,17.0,38.0,36.0,12.0,32.0,28.0,9.0,43.5,20.0,38.5,38.0,31.5,32.0,49.0,50.0,,38.5,42.0,41.0,,45.0,34.0,46.0,32.0,,4.0,47.0,8.0,19.0,11.0,16.0,5.0,6.0,2.0,21.0,18.0,7.0,,,,2.0,14.0,24.0,10.0,26.0,37.0,13.0,2.0,26.0,,15.0,,28.0,34.0,42.5,47.0
2015-10-27,27.0,51.0,9.0,49.0,29.0,24.0,37.0,9.0,36.0,34.5,15.0,40.0,12.0,22.0,34.5,36.0,45.0,45.0,47.0,,52.0,36.0,46.0,,42.0,48.0,42.0,32.0,,11.0,28.5,8.0,18.0,4.0,20.0,3.0,5.5,1.0,17.0,22.0,5.5,,,,18.0,13.0,31.0,8.0,32.0,16.0,14.0,24.5,2.0,,27.0,,38.0,20.0,41.0,38.0
2015-10-28,27.0,43.0,24.0,39.5,34.0,8.0,34.0,16.0,46.0,31.0,11.0,38.0,17.0,30.0,37.0,34.0,23.0,51.0,11.0,,40.0,44.0,47.0,,49.0,36.0,44.0,42.0,,5.0,31.0,17.0,7.0,3.0,14.0,8.0,2.0,6.0,4.0,11.0,23.0,,,,21.0,25.0,14.0,1.0,30.0,12.5,38.5,20.5,19.0,,22.0,,27.0,33.5,48.0,50.0
2015-10-29,19.0,37.0,14.0,38.5,8.5,1.0,34.0,7.0,43.5,52.0,20.0,36.0,23.0,10.0,42.0,33.0,28.0,45.0,51.0,,41.0,41.0,48.0,,49.0,28.0,38.0,46.0,,21.0,23.0,17.0,12.0,15.0,13.0,4.5,4.5,6.0,24.0,8.5,3.0,,,,33.0,30.5,23.0,27.0,30.0,16.0,25.0,2.0,11.0,,32.0,,18.0,38.5,44.0,47.0
2015-10-30,34.0,51.0,8.0,40.0,10.0,4.0,28.0,3.0,45.0,39.0,18.0,31.0,20.0,12.0,36.0,24.0,49.0,50.0,28.0,,48.0,43.0,47.0,,47.0,37.5,41.0,44.0,,17.0,34.0,23.0,2.0,6.0,10.0,16.5,5.0,12.0,24.0,7.0,14.0,,,,26.0,17.0,29.0,15.0,32.5,1.0,42.0,10.0,21.0,,23.0,,27.0,31.0,39.5,35.0
2015-11-02,40.0,45.0,2.0,43.0,33.0,21.0,23.5,6.0,35.0,42.0,2.0,30.0,28.0,8.0,37.0,31.0,36.0,49.0,47.0,,51.0,39.0,48.0,,49.0,31.0,33.0,47.0,,25.0,24.5,14.0,8.0,18.0,2.0,14.0,12.0,7.0,26.0,5.0,11.0,,,,16.0,21.0,27.0,4.0,33.0,10.0,44.0,22.0,18.0,,14.0,,18.0,37.0,41.0,24.0
2015-11-03,12.0,38.5,3.0,32.5,24.0,15.0,17.0,9.0,42.0,45.5,4.0,31.0,10.0,19.0,40.5,24.0,32.5,51.0,43.0,,51.0,39.0,37.0,,49.0,26.5,46.0,40.0,,16.0,37.0,14.0,6.0,24.0,11.0,28.0,1.0,2.0,22.0,8.0,14.0,,,,31.0,37.0,21.0,7.0,35.0,34.0,38.0,17.0,5.0,,21.0,,38.0,29.0,35.5,38.0
2015-11-04,28.0,50.0,22.0,44.5,18.5,22.0,47.5,7.0,37.5,37.0,13.0,17.5,10.5,23.0,39.0,19.0,44.0,49.0,31.0,,43.0,38.0,41.0,,39.5,32.0,37.0,35.0,,8.0,40.5,15.0,3.0,12.0,5.0,25.0,4.0,6.0,26.0,2.0,14.0,,,,31.0,46.0,21.0,9.0,28.0,35.5,47.0,17.0,1.0,,15.0,,10.5,26.0,36.0,39.0
2015-11-05,23.0,51.0,11.0,38.0,19.0,20.0,23.0,9.0,44.5,44.0,7.0,18.0,5.0,27.0,40.0,23.0,48.5,50.0,42.0,,49.0,43.0,45.0,,46.0,28.0,42.0,25.5,,11.0,32.0,16.0,1.0,13.0,6.0,31.0,8.0,15.0,33.0,12.0,25.5,,,,33.0,38.0,22.0,3.0,31.0,33.0,34.0,2.0,4.0,,17.0,,13.0,27.0,35.5,41.0
2015-11-06,20.0,45.0,12.0,49.0,32.0,14.0,36.0,8.0,52.0,41.0,7.0,23.0,1.0,22.0,32.0,19.0,38.0,46.0,37.0,,27.0,46.0,48.0,,43.5,36.0,31.0,50.0,,14.0,29.0,18.0,2.0,17.0,4.0,29.0,10.0,3.0,33.0,9.0,34.0,,,,37.0,21.0,23.0,20.0,36.0,29.5,33.0,11.0,6.0,,13.0,,24.0,5.0,42.0,39.0
2015-11-09,3.0,48.0,17.0,48.0,19.0,14.0,29.0,5.0,43.0,30.0,8.0,38.0,20.0,11.0,41.0,16.0,45.0,49.0,25.0,,44.0,49.0,51.0,,40.0,29.0,41.0,35.5,,34.5,32.0,27.0,1.0,19.0,3.0,21.5,9.0,6.0,26.0,10.0,34.0,,,,23.0,26.0,30.5,13.0,39.0,36.0,33.0,3.0,7.0,,12.0,,15.0,26.0,37.0,30.0
2015-11-10,9.0,51.0,11.0,31.0,19.0,23.5,42.5,7.0,31.5,38.0,12.0,28.0,16.0,19.0,43.0,16.0,35.5,46.0,34.0,,45.0,35.5,39.0,,50.0,28.0,44.0,46.5,,26.0,41.0,38.0,2.0,22.0,3.0,32.0,5.0,14.0,18.0,1.0,17.0,,,,31.0,40.0,20.0,10.0,28.5,32.0,45.0,6.0,4.0,,13.0,,8.0,24.0,42.0,35.5
2015-11-11,7.0,45.0,23.0,25.0,14.0,17.0,23.0,11.0,38.0,46.0,13.0,26.0,21.0,18.0,37.0,3.0,39.0,49.0,20.0,,46.0,27.5,50.0,,43.0,39.5,43.0,45.0,,23.0,28.0,21.5,4.0,18.0,12.0,35.0,6.0,1.0,29.0,8.0,35.0,,,,33.0,35.5,15.0,4.0,36.0,36.5,43.0,8.0,2.0,,10.0,,21.0,31.0,44.0,50.0
2015-11-12,17.0,49.0,36.0,46.0,7.5,13.0,26.0,6.0,40.5,34.0,10.0,28.0,7.5,3.0,37.0,26.0,43.0,51.0,48.0,,32.0,14.0,47.0,,24.0,44.0,38.0,44.0,,29.5,32.0,25.5,2.0,24.0,4.0,39.0,5.0,21.0,21.0,15.0,31.0,,,,20.0,28.0,15.0,9.0,38.0,33.0,44.0,17.0,11.0,,1.0,,25.0,13.0,41.0,32.0
2015-11-13,18.5,43.0,29.0,31.0,12.0,16.0,19.0,9.0,49.5,44.0,13.0,45.5,5.0,3.0,31.0,21.0,29.0,49.0,44.0,,27.0,49.0,51.0,,40.0,35.5,37.0,47.0,,19.5,26.5,10.0,2.0,16.0,11.0,32.0,4.0,24.0,24.0,6.0,37.0,,,,24.0,33.0,17.0,8.0,40.0,39.0,43.0,14.0,1.0,,7.0,,20.5,33.0,30.0,39.0
2015-11-16,27.0,44.0,42.0,36.0,7.0,19.0,22.0,1.0,46.0,44.0,14.0,24.0,12.0,2.0,24.5,30.0,35.0,48.0,43.0,,37.0,50.0,51.0,,41.0,38.0,37.5,48.0,,24.0,8.0,9.0,5.0,21.0,10.0,17.5,3.0,15.0,22.0,23.0,35.5,,,,19.0,28.0,19.0,11.0,35.0,40.0,33.0,7.0,13.0,,4.0,,25.0,31.0,39.0,31.0
2015-11-17,29.0,46.0,21.0,34.5,18.0,25.0,41.5,1.0,49.0,36.0,2.0,21.0,9.0,6.0,30.5,32.0,28.0,51.0,50.0,,43.5,44.0,49.0,,47.5,39.0,32.0,38.0,,21.0,3.0,13.0,4.0,18.0,11.0,24.0,5.0,18.5,30.0,16.0,31.0,,,,34.0,37.0,15.0,12.0,38.0,36.0,28.0,7.0,10.0,,8.0,,15.0,25.0,39.0,37.0
2015-11-18,13.0,49.0,38.0,30.0,3.5,8.0,27.0,1.0,35.0,17.0,3.0,23.0,15.0,4.0,40.5,17.0,20.0,47.0,41.0,,41.0,45.0,44.0,,47.0,40.0,52.0,24.5,,41.0,3.5,25.0,11.0,38.5,9.0,27.5,10.0,22.0,37.5,7.0,26.0,,,,16.0,41.0,22.0,12.0,33.0,35.0,48.0,19.0,26.0,,6.0,,14.0,31.0,36.0,30.0
2015-11-19,25.5,46.0,32.0,35.0,23.0,16.5,49.0,8.0,20.0,34.0,9.0,32.5,22.0,5.0,27.0,29.5,47.0,47.5,44.0,,39.0,35.5,42.0,,46.0,40.0,50.0,18.0,,25.0,14.0,15.0,1.0,19.0,6.0,32.5,3.0,12.0,38.5,4.0,37.0,,,,10.0,36.0,15.5,19.5,43.0,33.0,40.0,7.0,17.0,,11.0,,2.0,30.0,24.0,24.0
2015-11-20,3.0,51.0,38.0,38.0,17.0,19.0,22.5,5.0,37.0,43.0,9.0,34.5,6.0,14.0,33.0,22.0,34.5,40.0,29.5,,29.0,45.0,45.0,,48.0,40.0,49.0,47.0,,16.0,24.0,15.0,2.0,21.0,1.0,27.0,7.0,11.0,36.0,4.0,34.0,,,,28.0,44.0,22.0,10.0,39.5,25.0,47.0,29.0,12.0,,8.0,,13.0,19.0,33.0,31.0
2015-11-23,15.0,47.0,22.0,35.0,21.0,12.0,44.0,6.0,36.0,35.0,2.0,24.0,11.0,5.0,29.0,25.0,47.0,44.0,33.0,,33.0,45.0,42.0,,51.0,44.5,45.0,49.0,,16.0,16.0,18.0,8.0,33.0,9.0,38.5,10.0,13.0,37.0,1.0,25.0,,,,13.0,32.0,22.0,4.0,49.0,29.0,42.0,20.0,7.0,,18.0,,3.0,27.0,36.0,24.0
2015-11-24,15.0,47.0,32.0,35.0,10.0,29.0,49.0,6.0,42.0,39.0,18.0,37.0,13.0,5.0,43.0,23.0,24.0,31.0,36.0,,35.0,47.0,42.0,,50.0,19.5,45.0,49.0,,24.0,11.0,15.0,9.0,38.5,4.0,18.0,8.0,7.0,31.0,3.0,23.0,,,,20.0,41.0,13.0,12.0,45.5,29.0,31.0,26.0,1.0,,20.0,,2.0,26.0,39.0,31.0
2015-11-25,1.0,46.0,28.0,32.0,3.0,30.0,48.0,9.0,34.0,19.5,12.0,25.0,24.0,7.0,44.0,19.0,51.0,40.0,44.0,,37.5,40.5,22.0,,48.0,41.0,8.0,52.0,,22.0,17.0,19.0,13.0,31.0,4.0,33.0,23.0,16.0,36.0,5.5,22.0,,,,10.0,40.0,5.5,14.0,46.0,29.0,37.0,27.0,11.0,,25.0,,2.0,15.0,42.0,46.0
2015-11-26,17.0,48.0,31.0,30.0,5.0,20.0,37.0,4.0,39.0,22.0,19.0,37.5,9.0,14.0,40.0,24.0,51.0,41.5,38.0,,33.0,47.0,39.5,,41.0,47.0,44.0,51.0,,28.0,10.0,38.0,8.0,31.0,1.0,22.0,37.0,12.0,28.0,10.0,27.0,,,,20.0,39.0,2.0,15.0,40.5,12.0,41.5,17.0,7.0,,23.0,,6.0,3.0,15.0,27.0
2015-11-27,12.0,48.5,25.0,36.0,4.0,17.0,40.0,2.0,17.0,26.0,9.0,39.0,33.0,18.5,42.0,25.0,47.5,44.5,21.5,,28.0,22.0,51.0,,15.5,42.5,48.0,46.0,,43.0,7.0,39.0,1.0,13.0,10.0,22.0,34.0,11.0,35.0,15.0,30.0,,,,14.0,29.0,5.0,22.0,44.0,42.0,36.5,33.0,6.0,,26.0,,8.0,3.0,21.0,33.0
2015-11-30,10.0,40.0,27.0,23.5,27.0,4.0,35.0,8.0,41.0,16.0,27.0,20.0,13.0,2.0,38.0,30.0,47.0,43.5,38.5,,7.0,27.0,49.0,,40.5,46.0,46.0,48.0,,47.0,12.0,20.0,6.0,36.0,1.0,23.5,32.5,13.0,18.5,9.0,27.0,,,,21.5,43.0,33.0,11.0,42.0,39.0,36.0,17.0,5.0,,38.5,,3.0,17.0,27.0,19.0
2015-12-01,15.0,32.5,37.0,34.0,13.0,5.0,43.0,6.0,43.5,25.0,1.5,25.0,22.0,17.0,41.5,27.0,51.0,41.0,22.5,,24.0,13.0,45.0,,47.0,46.5,37.0,48.0,,34.0,7.0,28.0,8.0,41.0,11.0,33.0,32.0,1.5,37.0,3.0,38.5,,,,12.0,40.5,3.0,18.5,47.0,31.0,43.5,20.0,9.0,,27.0,,10.0,16.0,19.0,20.0
2015-12-02,11.5,40.0,38.0,34.5,25.0,15.0,47.0,8.0,50.0,29.0,12.0,23.0,17.0,7.0,32.0,38.0,45.5,44.0,22.0,,18.5,43.0,48.0,,50.0,33.5,40.5,47.5,,26.0,11.0,22.0,9.0,35.0,6.0,31.0,29.0,5.0,39.0,2.0,39.0,,,,24.0,42.0,3.0,18.0,25.0,26.0,14.0,13.0,1.0,,22.0,,4.0,14.0,39.0,28.0
2015-12-03,6.0,40.0,31.0,33.0,11.5,14.0,47.0,10.0,26.0,21.0,20.0,33.0,27.0,16.0,42.0,35.0,50.0,42.0,23.0,,25.0,41.5,47.0,,49.0,47.0,37.0,49.0,,23.0,7.0,31.0,5.0,24.0,8.0,19.0,45.0,3.5,38.0,1.0,39.0,,,,11.5,34.0,3.5,18.5,15.5,35.0,22.0,26.0,9.0,,32.0,,13.0,2.0,19.0,37.0
2015-12-04,12.0,36.5,27.0,35.0,22.0,15.0,50.0,3.0,36.0,25.5,20.0,27.0,20.0,14.0,41.0,30.0,48.5,41.5,33.5,,9.0,46.0,46.0,,51.0,39.5,33.0,47.0,,36.0,5.0,8.0,6.0,32.0,9.0,18.0,37.0,12.0,43.0,4.0,40.0,,,,40.0,42.0,7.0,17.0,27.0,29.0,21.0,23.5,1.0,,27.5,,11.0,2.0,19.0,23.0
2015-12-07,17.0,41.0,38.0,35.0,27.5,11.0,41.0,6.0,51.0,30.5,19.0,27.0,38.0,14.0,31.0,33.0,48.5,44.0,25.0,,9.0,33.0,47.5,,45.0,47.0,29.0,42.0,,23.0,1.0,17.0,9.0,7.0,2.0,21.0,36.0,3.0,41.0,5.0,43.0,,,,17.0,46.0,11.0,29.0,27.0,14.0,45.0,24.0,8.0,,25.0,,14.0,4.0,22.0,24.0
2015-12-08,13.5,26.0,41.0,29.0,31.0,9.0,49.0,1.0,52.0,21.0,21.0,29.5,23.0,2.0,37.0,42.0,47.5,30.0,33.0,,18.0,34.0,45.0,,47.0,44.0,40.0,49.5,,32.0,3.0,28.0,8.0,41.0,4.0,19.0,45.0,17.0,31.0,7.0,43.0,,,,6.0,12.0,13.0,15.0,34.0,18.0,35.0,11.0,5.0,,15.0,,23.0,10.0,37.0,26.5
2015-12-09,3.0,40.0,40.0,28.5,12.0,31.0,41.0,8.0,44.0,35.0,11.0,29.0,24.0,19.0,36.0,31.0,51.0,45.0,21.0,,18.0,40.0,50.0,,39.0,27.0,46.0,47.0,,24.0,2.0,30.0,4.0,29.5,6.0,20.0,37.0,5.0,42.0,15.0,46.0,,,,1.0,19.5,15.0,14.0,17.0,21.0,47.0,11.0,7.0,,38.0,,19.5,9.0,27.0,27.0
2015-12-10,12.0,48.0,33.0,25.0,33.0,22.0,51.0,1.0,48.0,42.0,19.5,16.0,30.0,8.0,36.0,35.0,49.0,43.0,18.0,,2.0,45.5,46.0,,43.5,38.0,40.0,51.0,,11.0,7.0,24.0,6.0,24.0,4.0,40.0,38.0,3.0,28.0,16.0,35.0,,,,4.0,43.0,17.0,15.0,22.0,22.0,25.0,10.0,9.0,,27.0,,16.0,14.0,32.0,29.0
2015-12-11,23.0,23.0,28.0,3.0,11.0,1.0,21.0,5.0,51.0,38.0,9.0,32.0,7.0,25.0,14.5,36.5,49.0,38.0,26.0,,14.0,36.0,43.0,,47.0,49.0,41.0,46.5,,17.0,19.0,34.0,2.0,24.5,8.0,19.5,44.0,6.0,38.0,14.0,40.0,,,,10.0,46.0,28.0,30.0,18.0,34.5,44.0,16.0,12.0,,29.0,,23.0,4.0,31.5,34.0
2015-12-14,19.5,47.0,36.0,6.0,21.0,17.0,17.0,4.0,48.0,42.0,6.0,23.0,10.0,26.0,27.0,16.0,49.0,48.0,37.0,,15.0,34.0,50.0,,47.0,40.0,45.0,42.0,,30.0,33.0,3.0,9.0,12.0,6.0,19.0,31.0,11.0,16.0,38.0,26.5,,,,1.0,35.5,30.0,21.0,24.0,44.0,31.5,13.0,7.0,,29.0,,23.5,2.0,42.0,42.0
2015-12-15,33.0,44.5,41.0,30.0,24.0,11.0,48.5,5.0,51.0,37.5,15.5,33.5,22.0,23.0,38.0,21.0,47.0,38.0,40.0,,7.0,33.0,36.5,,46.5,42.0,19.0,49.0,,14.0,8.0,31.0,11.0,10.0,1.0,26.0,44.0,34.0,4.0,9.0,31.0,,,,2.0,38.0,13.0,26.0,49.0,16.0,30.0,18.0,3.0,,17.0,,23.0,6.0,15.0,40.0
2015-12-16,6.0,40.0,15.0,30.0,27.0,25.0,49.0,4.0,49.0,31.5,9.0,42.0,17.0,22.5,38.0,18.0,45.0,42.0,13.0,,2.0,49.0,18.5,,47.0,38.0,36.0,42.0,,16.0,26.0,31.0,5.0,24.0,2.0,10.0,32.5,2.0,19.0,28.5,24.0,,,,8.0,49.0,15.0,18.0,32.0,30.0,46.0,12.0,11.0,,37.0,,36.0,7.0,45.5,34.0
2015-12-17,28.0,24.0,31.5,24.0,44.0,7.0,51.0,2.0,45.0,39.0,10.0,27.0,3.0,18.0,37.0,21.0,48.0,37.0,33.5,,20.5,45.5,37.0,,48.0,38.0,39.0,47.0,,18.5,20.0,29.0,1.0,29.0,11.0,13.0,47.0,8.0,20.0,5.0,37.0,,,,4.0,29.0,15.0,32.0,16.0,41.0,22.0,8.0,13.0,,14.0,,34.0,6.0,25.0,43.0
2015-12-18,37.0,20.0,16.0,3.0,39.5,8.0,50.0,4.0,47.5,34.0,26.0,46.0,10.0,33.0,36.0,23.0,49.0,31.0,13.0,,6.0,43.5,44.0,,48.5,38.5,42.0,52.0,,18.0,27.0,25.0,6.0,7.0,25.0,31.0,35.0,10.0,1.0,16.0,28.0,,,,21.0,27.0,16.0,18.0,31.0,41.0,20.0,13.0,2.0,,13.0,,31.0,10.0,41.0,40.5
2015-12-21,36.5,14.0,28.0,22.0,36.5,11.0,48.0,5.0,47.0,21.0,9.0,39.0,28.0,31.0,19.0,24.0,44.0,40.0,27.0,,25.0,26.0,47.0,,46.0,37.0,39.0,50.0,,12.0,34.0,16.0,4.0,2.0,13.0,8.0,37.5,6.0,1.0,7.0,31.0,,,,21.0,23.5,10.0,33.0,32.0,44.0,21.0,18.0,14.0,,19.0,,46.0,3.0,48.0,49.0
2015-12-22,12.5,36.0,28.0,29.0,32.0,5.0,51.0,3.0,36.0,36.5,19.0,41.0,9.0,21.0,42.0,39.0,50.0,45.0,37.0,,32.0,20.0,48.0,,48.0,41.0,29.0,48.0,,4.0,17.0,23.0,16.0,2.0,1.0,20.0,44.0,10.0,7.0,6.0,37.0,,,,14.0,18.0,26.0,27.0,28.5,43.0,26.0,22.0,11.0,,11.0,,19.0,9.0,40.0,39.5
2015-12-23,32.0,16.0,41.0,30.0,36.0,5.0,26.0,4.0,40.0,40.0,13.0,22.0,8.0,37.0,40.5,19.0,45.0,40.0,44.5,,19.0,47.0,40.0,,47.0,44.5,43.0,49.0,,9.0,28.0,11.0,6.0,29.0,7.0,2.0,31.0,15.0,1.0,11.0,24.0,,,,26.0,26.5,19.0,24.0,23.0,46.0,25.0,16.0,3.0,,14.0,,32.0,10.0,48.0,43.0
2015-12-24,34.0,19.5,28.0,32.0,44.5,13.0,31.5,6.0,39.5,28.0,23.0,47.0,2.0,19.0,41.0,28.0,50.0,46.5,15.0,,17.0,43.0,43.0,,47.0,35.0,43.5,51.0,,8.0,13.0,25.0,7.0,33.0,2.0,4.0,33.5,2.0,10.0,8.0,34.0,,,,10.0,21.5,22.0,27.5,28.5,36.0,23.0,19.0,4.0,,15.0,,41.0,12.0,45.0,47.0
2015-12-28,31.0,12.0,31.0,13.0,42.0,19.0,48.5,8.0,21.0,29.5,23.0,35.0,10.0,37.0,37.0,30.0,47.0,39.0,1.0,,22.0,49.0,44.0,,44.5,42.0,40.0,42.0,,2.0,26.0,30.0,4.0,5.0,7.0,3.0,35.0,6.0,10.0,12.5,36.5,,,,15.0,10.0,20.0,25.0,35.5,40.0,28.0,25.5,16.0,,25.0,,19.0,18.0,50.0,51.0
2015-12-29,36.0,13.0,35.0,12.0,35.0,24.5,49.0,7.0,38.0,28.0,15.5,47.5,20.5,34.0,37.0,30.0,49.0,40.0,10.0,,2.0,27.5,46.0,,46.0,44.0,40.0,45.0,,5.0,25.0,3.0,9.0,21.0,13.0,6.0,17.5,4.0,1.0,12.0,30.5,,,,26.0,21.0,38.0,21.0,31.5,43.0,41.0,27.0,18.0,,8.0,,20.5,16.0,50.0,38.0
2015-12-30,41.0,37.0,28.0,29.0,36.0,2.0,48.0,7.0,34.0,12.0,9.0,48.0,33.0,30.0,43.0,22.0,50.0,37.0,10.0,,18.0,25.0,18.0,,46.0,34.0,44.0,47.0,,1.0,22.0,23.0,3.0,18.0,14.0,6.0,39.0,8.0,4.0,5.0,28.0,,,,40.0,11.0,43.0,36.0,23.0,47.0,25.0,25.0,16.0,,14.0,,18.0,13.0,39.0,36.0
2015-12-31,36.0,11.0,31.0,28.5,40.5,3.0,46.0,5.0,38.0,21.0,19.0,49.0,33.0,12.0,47.5,24.0,45.0,40.0,9.0,,17.0,27.0,33.5,,44.0,40.5,39.0,52.0,,1.0,25.0,2.0,4.0,19.0,7.0,15.0,26.5,6.0,8.0,17.0,46.0,,,,31.5,25.0,37.0,15.0,23.0,42.0,34.5,29.0,11.0,,12.0,,16.0,19.0,49.0,38.0
2016-01-04,37.0,25.0,37.0,40.0,44.0,14.0,51.0,11.0,25.0,20.0,19.0,30.0,24.0,31.0,27.0,35.0,48.0,48.0,4.0,,28.0,23.0,48.0,,47.0,17.0,40.0,45.0,,3.0,23.0,17.0,14.0,7.0,1.0,5.0,28.0,9.0,8.0,10.0,41.0,,,,37.0,12.0,41.0,6.0,33.0,49.0,18.0,32.0,20.5,,2.0,,28.0,14.0,32.0,43.0
2016-01-05,32.0,11.0,32.5,33.0,40.0,26.0,47.0,4.0,34.0,31.0,23.0,16.5,17.0,36.0,48.0,24.0,47.0,40.0,9.0,,19.0,43.0,42.5,,45.0,5.0,43.0,31.0,,3.0,41.0,23.5,13.0,11.0,2.0,1.0,16.0,7.0,8.0,6.0,27.5,,,,35.0,11.0,33.0,33.5,14.0,49.0,21.0,38.0,19.0,,21.0,,38.0,15.5,48.0,47.0
2016-01-06,40.0,11.0,38.5,21.0,46.0,34.0,47.0,5.0,34.0,34.0,30.5,47.0,29.0,28.0,34.5,24.0,49.0,42.5,29.0,,25.0,20.5,36.0,,49.0,21.0,41.0,46.5,,1.0,20.0,14.0,14.0,12.0,6.0,4.0,8.0,7.0,2.0,3.0,37.0,,,,25.0,11.0,42.0,17.0,9.0,45.0,35.0,16.0,14.0,,25.0,,17.0,21.5,35.0,50.0
2016-01-07,40.0,3.0,29.0,29.0,42.0,2.0,40.0,1.0,49.0,42.0,15.0,28.0,20.0,30.0,49.0,21.0,46.0,33.5,23.0,,10.0,41.0,25.0,,40.0,9.0,40.0,42.0,,4.0,35.0,22.0,13.0,8.0,19.0,10.0,15.5,6.0,5.0,15.0,27.0,,,,37.0,7.0,45.0,26.0,17.0,49.0,34.0,31.0,26.5,,12.0,,23.0,19.0,40.0,50.5
2016-01-08,35.0,10.0,12.0,36.0,47.0,26.0,39.5,16.0,46.0,29.5,13.0,51.0,21.0,27.0,44.0,20.0,39.5,43.0,15.0,,7.0,36.0,46.0,,32.0,17.0,43.0,48.0,,5.0,38.0,8.0,14.0,1.0,16.0,11.0,9.0,4.0,2.0,6.0,31.0,,,,33.0,20.0,49.0,23.0,27.0,37.0,29.5,30.5,25.0,,3.0,,44.0,21.0,21.0,51.5
2016-01-11,35.0,15.0,14.0,27.0,45.0,17.0,32.0,22.5,45.0,44.0,9.0,41.0,28.0,20.0,50.5,18.0,48.0,48.0,21.0,,6.0,35.5,37.0,,41.0,31.0,35.5,42.0,,5.0,38.5,12.0,11.0,21.0,37.5,1.0,6.5,3.0,2.0,12.0,20.0,,,,34.0,7.0,41.0,16.0,4.0,48.0,30.0,25.0,31.0,,10.0,,23.0,26.0,45.0,42.5
2016-01-12,34.0,6.0,15.0,17.0,48.0,10.0,34.0,7.0,51.0,40.5,8.0,26.0,20.0,28.0,51.0,25.0,30.0,43.0,19.0,,12.5,38.0,42.5,,46.0,23.0,49.0,40.0,,2.0,39.0,9.0,3.0,15.0,34.0,11.5,15.5,4.0,5.0,1.0,33.0,,,,41.0,13.0,26.0,36.0,31.0,46.0,35.0,23.0,24.0,,17.0,,41.0,18.0,25.0,46.0
2016-01-13,39.0,4.0,22.0,26.0,39.0,25.0,27.0,8.0,50.0,41.0,4.0,49.0,14.0,28.0,47.0,31.0,45.0,46.0,28.0,,15.0,37.0,18.0,,48.0,18.0,51.0,37.0,,2.0,39.0,13.0,1.0,4.0,10.0,8.0,20.0,6.0,7.0,18.0,34.0,,,,33.0,11.0,28.0,37.0,12.0,42.0,35.0,23.0,20.0,,16.0,,34.0,23.0,43.0,41.0
2016-01-14,25.0,10.0,13.0,21.0,46.0,18.0,44.0,9.0,47.0,21.0,32.5,44.0,28.0,29.5,35.0,36.0,50.0,36.0,24.0,,8.0,41.5,33.0,,28.0,30.0,48.0,39.0,,1.0,45.0,3.5,2.0,5.0,10.0,18.0,13.0,7.0,3.5,16.0,39.0,,,,13.0,5.0,45.5,27.0,21.0,47.0,38.0,24.0,24.0,,15.0,,41.0,18.0,32.0,48.0
2016-01-15,37.0,6.0,20.0,32.0,46.0,19.0,48.0,9.0,42.0,26.0,10.0,31.0,17.0,34.0,38.0,13.0,52.0,42.0,24.0,,16.0,41.0,36.0,,45.0,35.0,48.0,50.0,,4.0,42.0,21.0,12.0,6.0,23.0,16.0,26.5,3.0,1.0,6.0,11.0,,,,28.5,7.0,17.0,32.0,2.0,30.0,27.0,14.0,20.0,,34.0,,39.0,25.0,46.0,45.0
2016-01-18,36.0,11.0,29.0,35.0,45.0,27.0,42.0,14.0,46.0,39.0,27.0,48.0,19.0,16.0,45.0,9.0,50.0,35.0,39.0,,24.0,36.0,28.0,,41.0,21.0,47.0,43.0,,2.0,40.5,15.0,5.0,7.0,16.0,8.0,10.0,4.0,1.0,3.0,18.0,,,,27.0,7.0,39.0,24.0,24.0,31.0,35.0,19.0,10.0,,11.0,,26.0,33.5,41.0,49.5
2016-01-19,25.0,17.0,23.0,30.0,22.0,37.0,49.0,13.0,40.0,27.0,12.0,42.0,16.5,27.0,48.0,20.0,46.0,20.0,33.0,,27.0,49.0,31.0,,41.0,30.0,46.0,39.0,,9.0,48.0,14.0,2.0,8.0,18.0,5.0,22.0,6.0,3.0,10.0,4.0,,,,39.0,11.0,37.0,34.0,7.0,36.0,39.0,1.0,31.0,,16.0,,44.5,20.0,27.0,50.0
2016-01-20,26.0,11.0,40.0,24.0,43.0,36.0,48.0,6.0,49.0,25.0,8.0,38.0,20.0,16.0,49.0,16.0,49.0,38.0,29.0,,32.0,41.0,43.0,,45.0,29.0,48.0,35.0,,12.0,42.0,27.0,3.0,4.0,11.0,18.0,16.0,1.0,9.0,7.0,11.0,,,,20.0,2.0,23.0,31.0,5.0,23.0,37.5,35.0,17.0,,23.0,,36.0,14.5,33.0,51.0
2016-01-21,16.0,22.0,46.0,41.0,35.5,29.0,48.5,18.0,46.0,22.0,23.5,21.0,25.0,13.0,46.0,45.0,47.0,40.0,35.0,,28.0,44.0,1.5,,42.0,26.0,48.0,42.0,,7.0,22.0,19.0,9.0,5.0,17.0,13.0,4.0,1.5,3.0,10.0,8.0,,,,31.0,6.0,10.0,35.5,12.0,34.0,39.0,16.5,33.0,,16.0,,38.0,29.0,32.5,50.0
2016-01-22,36.0,4.0,36.0,41.0,36.5,32.5,47.0,11.0,49.0,39.5,18.0,36.5,21.0,19.0,50.0,14.0,52.0,34.0,22.0,,8.0,20.0,45.0,,38.0,27.0,48.0,45.0,,9.0,34.0,26.0,5.0,1.0,18.0,2.0,25.0,7.0,3.0,6.0,12.0,,,,33.0,15.0,22.0,41.0,13.0,38.0,39.0,15.0,30.0,,20.0,,10.0,27.0,31.0,46.0
2016-01-25,28.0,16.0,30.0,39.5,35.5,31.0,50.0,10.0,47.0,34.0,14.0,49.0,20.0,28.0,44.0,32.0,40.0,46.5,34.0,,11.0,19.0,33.0,,44.0,13.0,47.0,26.5,,9.0,47.0,4.0,7.0,4.0,19.0,15.0,5.0,1.0,2.0,23.0,4.0,,,,18.0,8.0,21.0,34.0,21.0,39.5,36.0,12.0,31.5,,30.5,,21.0,31.5,42.0,50.0
2016-01-26,26.0,13.5,21.0,42.0,35.0,32.0,51.0,27.0,50.5,17.0,22.0,35.0,24.0,15.5,44.0,32.0,43.0,44.0,26.0,,9.0,18.5,41.0,,41.0,19.0,49.0,33.0,,7.0,18.0,12.0,1.0,4.0,15.0,3.0,6.0,5.0,8.0,2.0,12.0,,,,35.0,10.0,31.0,44.0,21.0,47.0,38.0,25.0,26.0,,15.0,,49.0,39.0,28.0,37.0
2016-01-27,21.5,19.0,37.0,36.0,38.5,41.0,48.0,6.5,50.0,25.0,14.0,37.0,10.0,14.5,50.0,32.0,45.0,44.0,26.0,,30.0,40.0,43.0,,41.0,23.0,50.0,31.0,,9.0,24.0,16.0,2.0,1.0,17.0,6.5,11.0,4.0,3.0,5.0,12.0,,,,14.0,20.0,24.5,28.0,28.0,43.0,37.0,33.0,22.0,,8.0,,48.0,30.5,16.0,38.5
2016-01-28,18.0,17.0,20.0,24.0,44.0,39.0,50.0,19.0,51.0,5.0,11.0,36.0,13.0,23.0,44.0,24.0,46.0,51.0,22.0,,8.0,41.0,41.5,,38.0,30.0,50.0,34.0,,3.0,32.0,5.0,7.0,5.0,14.0,9.0,23.0,13.0,2.0,1.0,10.0,,,,28.5,11.0,33.5,30.5,23.0,48.0,35.0,24.0,33.0,,27.0,,44.0,36.0,20.0,40.0
2016-01-29,25.0,20.0,42.0,36.0,41.0,46.5,48.0,18.0,49.0,5.5,6.0,41.5,8.0,32.0,48.0,30.0,42.0,38.0,12.0,,18.0,48.0,34.0,,34.0,27.0,50.0,33.0,,2.0,28.0,9.0,1.0,26.0,11.0,10.0,14.0,3.0,4.0,6.0,19.5,,,,23.5,14.5,36.0,37.0,21.0,44.0,24.0,31.0,18.0,,21.0,,39.0,28.0,14.0,35.0
2016-02-01,23.5,3.0,44.0,38.0,38.0,41.0,46.0,21.0,47.0,14.5,11.0,43.0,9.0,26.5,46.0,26.0,48.0,51.0,21.0,,18.0,29.0,37.0,,32.0,35.0,47.0,33.0,,1.0,30.0,6.0,4.0,17.5,10.0,12.0,6.0,8.0,2.0,5.0,14.5,,,,24.0,18.0,40.0,28.0,21.0,49.5,31.0,26.0,26.5,,18.0,,42.0,35.0,14.0,39.0
2016-02-02,18.0,24.5,46.0,39.0,39.0,41.0,47.0,18.0,32.5,9.0,8.0,38.0,7.0,24.0,46.0,32.0,38.0,50.0,34.0,,26.0,50.0,16.0,,49.0,38.5,47.0,35.0,,4.0,41.0,10.0,2.0,14.0,1.0,3.0,11.0,20.0,6.0,5.0,13.0,,,,22.0,21.0,31.0,28.0,16.0,45.0,30.0,14.0,25.0,,21.0,,43.0,32.0,13.0,37.0
2016-02-03,23.0,28.0,42.0,33.0,32.0,43.0,49.0,16.0,41.0,7.0,10.0,36.0,12.0,27.0,42.0,15.0,48.0,43.0,43.0,,35.0,51.0,37.0,,45.5,37.0,49.0,29.0,,1.0,21.0,19.0,8.0,14.5,2.0,9.0,6.0,5.0,4.0,3.0,13.0,,,,23.0,17.0,29.0,16.0,19.0,46.0,27.0,33.0,11.0,,27.0,,42.0,26.0,23.0,38.0
2016-02-04,10.0,23.0,49.0,23.0,43.0,40.0,47.0,12.0,48.0,1.0,3.0,44.0,5.0,24.5,45.0,28.0,41.0,30.0,43.0,,26.0,47.0,28.0,,52.0,36.0,50.0,40.5,,14.0,34.0,18.0,8.0,12.0,7.0,11.0,9.0,4.0,2.0,6.0,16.0,,,,18.0,15.0,30.0,26.0,18.0,39.0,21.0,25.0,22.0,,38.0,,32.0,33.0,22.0,36.0
2016-02-05,24.0,22.5,43.0,39.5,35.0,29.0,51.0,16.0,41.0,9.0,3.0,37.0,11.0,24.0,47.0,35.0,37.0,37.0,39.0,,28.0,33.0,32.0,,50.0,42.0,47.0,25.0,,10.0,37.0,21.0,8.0,15.0,1.0,6.0,4.0,5.0,7.0,2.0,13.0,,,,25.0,19.0,28.0,15.5,16.0,46.0,14.0,26.0,16.0,,19.0,,50.0,32.0,40.0,40.0
2016-02-11,21.0,24.0,50.0,50.0,39.0,42.0,40.0,5.0,35.5,10.0,7.0,39.0,1.0,45.0,36.0,17.0,32.5,46.5,32.0,,26.0,47.0,30.0,,49.0,29.0,46.0,30.0,,14.0,34.0,22.0,6.0,8.0,9.0,4.0,13.0,13.0,3.0,2.0,16.0,,,,21.0,19.0,24.0,24.0,17.0,43.0,34.5,12.0,11.0,,19.0,,27.0,37.0,42.5,42.0
2016-02-12,30.0,33.0,45.0,47.0,22.0,42.5,47.0,21.0,48.0,7.0,6.0,27.0,18.0,30.0,35.0,15.5,41.0,38.0,31.0,,29.0,42.0,36.0,,48.0,39.0,51.0,26.0,,8.0,40.0,10.0,5.0,14.0,9.0,3.0,11.0,17.0,4.0,2.0,1.0,,,,22.0,16.0,25.0,28.0,12.0,43.0,14.0,14.0,21.0,,24.0,,48.0,36.0,28.0,43.0
2016-02-15,21.0,28.0,42.5,41.0,24.0,26.0,38.5,15.0,46.0,17.0,6.0,33.5,8.0,31.0,43.0,32.0,52.0,37.0,37.0,,34.5,40.0,51.0,,45.0,43.5,50.0,33.0,,3.0,25.5,12.0,5.0,18.0,1.0,4.0,13.0,27.0,9.0,2.0,7.0,,,,25.0,13.0,24.0,22.0,11.0,44.0,22.0,15.0,11.0,,30.0,,48.0,22.0,35.0,30.0
2016-02-16,27.0,35.0,33.5,21.0,30.0,37.0,45.5,12.0,51.0,11.0,3.0,34.0,15.0,22.0,31.0,31.0,43.0,37.5,26.0,,38.0,44.0,50.0,,47.0,42.0,51.0,35.0,,5.0,27.0,11.0,2.0,17.0,8.0,7.0,13.0,13.0,6.0,1.0,4.0,,,,17.0,19.0,36.0,22.0,24.0,43.0,23.0,15.0,9.0,,39.5,,48.0,24.0,36.5,34.0
2016-02-17,26.0,23.0,45.0,28.0,36.0,29.0,42.0,1.0,47.0,21.0,2.0,25.5,15.0,29.0,37.0,16.0,47.0,38.5,30.0,,28.0,42.0,49.0,,33.0,41.5,45.0,34.0,,10.0,39.0,25.0,3.0,22.0,9.0,8.0,17.0,19.5,18.0,7.0,6.0,,,,13.0,5.0,25.0,12.0,17.0,43.0,16.5,11.0,4.0,,33.0,,51.0,36.0,44.0,51.0
2016-02-18,26.0,34.0,44.0,19.0,35.0,30.0,42.0,6.0,51.0,23.5,8.0,28.0,11.0,41.0,36.0,19.0,48.0,38.0,25.0,,23.0,41.0,48.0,,46.0,43.0,45.0,33.0,,16.0,13.0,15.0,7.0,26.0,4.0,5.0,13.0,21.0,19.0,2.0,3.0,,,,13.0,9.0,28.0,31.0,15.0,43.0,21.0,10.0,1.0,,30.0,,51.0,36.0,38.0,43.0
2016-02-19,38.0,23.0,23.0,33.0,32.0,39.0,48.0,5.0,51.0,35.0,9.0,30.0,8.0,18.0,30.0,21.0,51.0,34.0,33.0,,42.0,39.0,50.0,,44.0,39.5,45.0,28.0,,2.0,42.0,22.0,1.0,12.0,10.0,4.0,14.0,20.0,3.0,7.0,6.0,,,,24.0,11.0,13.0,18.0,21.0,45.0,24.0,14.0,15.0,,27.0,,42.0,30.0,35.0,46.0
2016-02-22,46.0,28.5,19.0,39.0,34.0,45.0,43.0,3.0,51.0,39.0,4.0,23.0,6.0,17.0,29.0,31.0,44.0,38.0,24.0,,26.0,47.5,42.0,,45.0,31.0,48.0,32.0,,21.0,26.5,38.5,1.0,10.0,7.0,8.0,18.0,14.0,10.0,5.0,2.0,,,,19.0,11.0,12.0,15.0,24.0,41.5,15.0,41.0,12.0,,21.0,,40.0,34.0,27.0,48.0
2016-02-23,20.0,34.0,23.0,40.5,34.5,35.0,47.0,9.0,50.0,8.0,1.0,30.5,7.0,19.0,35.0,37.0,41.0,38.0,46.0,,31.0,41.0,36.0,,29.0,43.0,44.5,28.0,,24.0,46.0,31.0,3.0,14.0,2.0,5.0,13.0,6.0,18.5,4.0,10.0,,,,16.0,13.0,17.0,24.0,32.0,50.0,21.0,17.0,10.0,,25.0,,45.0,39.0,17.0,47.0
2016-02-24,35.5,30.0,49.0,34.0,31.0,31.0,47.0,7.0,51.0,12.0,10.0,27.0,9.0,25.0,40.0,25.0,36.0,37.5,36.5,,24.0,40.0,47.0,,50.0,39.0,43.0,32.0,,20.0,16.5,25.0,3.0,20.0,5.0,2.0,16.5,13.0,14.0,4.0,16.0,,,,22.0,12.0,24.5,6.0,26.0,42.0,8.0,15.0,1.0,,23.0,,45.0,36.0,39.0,49.0
2016-02-25,42.0,42.0,45.0,28.0,39.0,32.0,51.0,1.0,50.0,14.0,8.0,29.0,7.0,19.0,28.0,39.0,35.0,23.0,26.0,,22.0,41.0,25.0,,48.0,32.0,37.0,25.0,,14.0,38.0,19.0,5.0,19.0,4.0,3.0,9.5,13.0,18.0,2.0,9.5,,,,17.5,15.0,17.0,6.0,30.0,47.0,36.0,34.0,11.0,,20.0,,46.0,37.0,42.0,46.0
2016-02-26,37.0,19.0,46.0,39.0,34.0,32.5,40.0,9.0,47.0,13.0,7.0,19.0,8.0,36.5,41.0,38.0,28.0,34.0,33.0,,26.5,41.0,42.0,,49.0,36.5,45.0,26.0,,20.0,18.0,29.0,2.0,18.0,10.0,5.0,3.0,11.0,12.0,4.0,1.0,,,,16.0,21.0,18.0,14.0,22.0,49.0,24.0,27.0,6.0,,24.0,,51.0,40.0,30.0,46.0
2016-02-29,26.0,32.0,50.0,34.0,34.0,42.0,39.0,2.0,50.0,12.5,10.0,16.0,9.0,37.0,43.0,16.0,38.0,42.0,28.5,,21.0,47.0,43.0,,40.0,26.0,48.5,32.0,,21.0,38.0,22.0,5.0,21.5,4.0,1.0,19.0,13.0,17.0,3.0,14.0,,,,23.0,12.0,36.0,8.0,23.0,45.0,11.0,35.5,7.0,,6.0,,45.5,28.0,32.5,46.0
2016-03-01,25.0,24.0,48.0,38.0,34.0,46.0,47.5,12.0,51.0,16.0,1.0,9.0,3.0,15.0,40.0,35.0,38.0,33.5,28.0,,31.0,44.5,48.0,,50.0,26.0,38.0,30.0,,22.0,23.0,20.0,6.0,22.0,5.0,4.0,16.0,11.0,14.0,10.0,14.0,,,,35.0,8.0,19.0,19.0,34.0,44.0,18.0,40.0,7.0,,2.0,,29.5,38.0,35.0,41.0
2016-03-02,21.0,41.0,44.0,34.0,36.0,40.0,50.0,13.0,48.0,15.5,2.0,9.5,8.0,33.0,31.0,44.0,29.0,33.0,37.0,,44.0,42.0,40.0,,48.0,27.0,43.5,24.0,,18.0,19.0,21.0,4.0,13.0,3.0,5.0,15.0,13.5,13.0,6.0,9.5,,,,27.0,7.0,32.0,18.0,29.0,48.0,21.0,25.0,1.0,,16.0,,39.0,35.0,28.5,51.0
2016-03-03,27.0,35.5,40.0,28.0,40.0,30.0,49.0,12.0,49.0,28.0,2.0,21.0,1.0,25.0,49.0,19.0,30.0,35.5,29.5,,32.0,46.0,46.0,,43.0,34.0,39.0,25.5,,21.0,38.0,11.0,9.0,17.0,4.0,8.0,3.0,25.0,15.0,7.0,14.0,,,,31.0,16.0,12.0,15.0,18.0,47.0,23.5,12.0,6.0,,5.0,,48.0,37.5,44.0,49.0
2016-03-04,26.0,39.0,41.0,30.0,37.5,46.0,48.0,8.0,50.0,15.0,9.0,15.0,3.0,22.0,32.0,32.0,29.0,35.0,32.0,,41.0,45.0,48.0,,46.0,37.0,37.0,30.0,,19.0,33.0,19.0,7.0,19.0,2.0,5.0,1.0,19.0,28.0,4.0,11.5,,,,23.0,16.0,12.0,15.0,24.0,46.0,15.0,11.0,6.0,,26.0,,47.0,43.0,20.0,45.0
2016-03-07,37.0,39.5,45.0,29.5,45.0,30.0,39.0,20.5,46.0,11.0,8.0,14.0,4.0,32.5,43.5,47.5,43.0,27.0,31.0,,41.0,39.0,45.5,,26.0,36.0,35.0,29.5,,15.0,23.0,23.0,2.0,29.0,1.0,5.0,6.0,11.0,16.5,3.0,11.0,,,,19.0,16.0,22.5,12.0,25.0,52.0,11.0,20.0,7.0,,19.0,,46.5,40.0,27.0,43.0
2016-03-08,25.5,31.0,42.0,28.0,46.0,46.5,43.5,11.0,48.0,19.0,3.0,9.0,8.0,19.0,19.5,24.5,47.0,42.5,32.0,,37.5,45.0,41.0,,46.5,27.0,38.0,34.0,,26.5,34.0,24.0,1.0,29.0,7.0,2.0,12.0,28.0,15.0,4.0,12.0,,,,16.0,10.0,15.0,5.0,19.0,40.0,23.0,15.0,6.0,,24.0,,46.0,37.0,39.0,49.0
2016-03-09,17.0,33.0,39.0,25.5,45.0,43.0,41.0,7.0,45.0,14.0,5.0,28.0,1.0,33.0,42.0,13.5,39.0,32.5,30.0,,20.0,39.0,51.0,,45.0,37.0,46.0,25.0,,18.0,28.0,2.0,3.0,27.0,6.0,9.0,14.0,24.0,22.0,8.0,11.0,,,,17.0,4.0,17.0,10.0,30.0,39.0,20.0,22.0,12.0,,35.0,,48.0,41.0,46.0,52.0
2016-03-10,22.0,42.0,42.0,4.0,38.0,44.0,45.0,1.0,46.5,16.5,5.0,14.0,12.0,42.0,48.0,22.0,44.0,32.5,24.0,,32.0,37.0,51.0,,38.0,22.0,47.0,29.0,,27.0,10.0,2.0,7.0,31.0,3.0,6.0,21.0,28.0,19.5,9.0,18.0,,,,35.0,16.0,46.0,12.0,14.0,43.0,24.0,8.0,11.0,,26.0,,34.0,27.0,37.0,46.0
2016-03-11,20.0,39.0,45.5,20.0,50.0,47.0,39.0,5.0,47.0,9.0,6.0,26.0,8.0,38.0,41.0,45.5,38.5,40.0,31.0,,41.0,34.5,51.0,,33.5,28.0,49.0,44.0,,17.0,25.0,22.0,3.0,19.0,2.0,12.0,1.0,14.0,30.5,4.0,10.0,,,,26.0,16.0,10.0,22.0,13.0,42.0,19.0,17.0,7.0,,29.0,,36.0,30.0,41.0,18.0
2016-03-14,28.0,44.5,44.0,22.0,50.0,47.0,49.0,13.0,43.0,19.0,28.0,7.5,30.0,40.0,34.0,26.0,38.0,24.0,13.0,,31.0,27.0,49.0,,38.0,38.0,29.0,4.0,,18.0,25.0,9.0,6.0,44.5,9.0,5.0,11.0,27.0,30.0,1.0,2.0,,,,22.0,7.0,36.0,16.0,14.0,45.0,21.0,16.0,3.0,,13.0,,33.0,41.0,35.0,47.5
2016-03-15,37.0,43.0,46.0,22.0,44.0,34.0,41.0,7.0,31.0,21.0,12.0,11.0,17.0,22.0,36.0,37.0,45.0,25.0,24.0,,38.0,48.0,51.0,,48.0,32.0,49.0,27.0,,33.0,27.0,16.0,8.0,19.0,3.0,5.0,29.0,18.0,11.0,9.0,1.0,,,,20.0,6.0,38.0,17.0,15.0,44.0,12.0,2.0,4.0,,19.0,,40.0,34.0,30.0,46.0
2016-03-16,39.0,46.5,34.0,5.0,38.0,31.0,47.0,11.0,47.0,13.0,8.0,28.0,24.0,41.0,20.0,38.0,43.5,10.0,26.0,,37.0,40.0,51.0,,37.5,38.5,38.0,31.0,,26.5,25.0,21.0,7.0,44.0,12.0,4.0,3.0,16.0,28.0,6.0,15.0,,,,21.0,2.0,15.0,15.0,17.0,50.0,22.0,1.0,9.0,,26.0,,44.0,35.0,47.0,20.0
2016-03-17,49.0,43.0,44.0,14.0,35.0,40.0,51.0,14.0,46.0,21.0,10.0,30.5,32.0,33.0,16.0,30.0,40.0,27.0,19.0,,40.0,22.0,50.0,,47.0,37.0,29.0,19.0,,12.0,30.0,10.0,3.0,37.0,4.0,1.0,5.0,22.0,25.0,8.0,18.0,,,,35.0,12.0,24.0,10.0,2.0,45.0,16.0,7.0,6.0,,25.0,,43.0,29.0,37.0,49.0
2016-03-18,32.5,42.0,45.0,1.0,36.0,29.0,42.5,20.0,48.0,16.0,13.0,17.0,22.0,51.0,28.0,37.0,35.0,13.0,16.0,,38.0,31.0,48.0,,47.0,33.0,39.0,16.0,,27.0,42.0,7.0,5.0,33.0,4.0,10.0,24.0,32.0,45.0,2.0,9.0,,,,21.5,18.0,26.0,8.0,3.0,47.0,13.0,6.0,11.0,,28.0,,50.0,30.0,20.0,35.0
2016-03-21,23.0,49.0,48.0,10.0,45.0,21.0,46.0,6.0,44.0,9.0,11.0,19.0,24.0,42.0,33.0,36.0,29.5,19.0,7.0,,36.0,36.5,49.0,,35.0,39.0,25.5,33.0,,25.0,42.5,12.0,16.0,26.0,1.0,3.0,29.0,16.0,34.5,2.0,8.0,,,,22.0,13.0,42.0,17.0,26.0,48.0,17.0,4.0,5.0,,15.0,,33.0,43.0,37.0,30.0
2016-03-22,49.5,41.5,51.0,10.0,48.0,38.0,49.0,28.0,47.0,14.5,22.0,12.0,32.0,44.0,25.0,36.0,35.0,15.5,7.0,,28.0,31.0,32.0,,44.0,44.0,24.5,25.0,,18.0,38.0,3.0,6.0,33.0,5.0,1.0,12.0,24.5,28.5,8.0,18.5,,,,15.0,9.0,42.5,20.0,4.0,41.0,22.0,2.0,12.0,,19.5,,25.0,34.0,41.0,37.0
2016-03-23,29.5,38.5,46.0,6.0,40.5,27.0,48.0,18.0,49.0,19.0,24.0,11.0,35.0,17.0,13.0,37.0,36.0,20.0,13.0,,29.0,36.0,36.5,,45.5,44.0,40.5,18.0,,31.0,41.0,5.0,1.0,32.0,4.0,2.5,9.0,20.0,27.0,9.0,15.0,,,,26.0,7.0,46.5,21.5,8.0,49.0,22.5,2.5,13.0,,27.0,,39.0,34.0,45.0,35.0
2016-03-24,43.0,45.0,50.0,9.0,38.0,29.0,45.0,3.0,50.0,19.0,14.0,35.0,26.0,37.5,39.0,45.0,32.0,14.0,7.0,,22.0,35.0,39.5,,41.0,32.0,11.0,29.0,,24.0,25.0,12.0,16.0,30.0,2.0,1.0,11.0,28.0,32.0,4.0,25.0,,,,18.0,12.0,35.0,23.0,7.0,46.0,20.0,5.0,6.5,,19.0,,42.0,41.0,47.0,34.0
2016-03-29,46.0,35.0,50.0,1.5,44.5,39.0,50.0,14.5,47.0,13.0,10.0,25.0,29.5,22.0,21.0,42.0,43.0,13.0,21.0,,29.0,36.0,49.0,,30.0,20.0,31.0,21.0,,17.0,27.0,3.0,7.0,37.0,1.5,10.0,17.0,34.0,34.5,6.0,17.0,,,,12.5,4.0,34.5,37.0,8.0,43.0,29.5,5.0,9.0,,26.0,,34.0,36.5,42.0,40.0
2016-03-30,44.0,45.0,51.0,19.0,42.0,29.0,50.5,13.0,47.0,9.0,26.0,39.5,24.0,21.0,26.0,39.0,40.0,13.0,24.5,,20.5,26.0,42.0,,26.5,33.0,35.5,23.0,,32.0,37.0,4.0,1.0,38.0,8.0,10.0,2.0,14.5,32.0,7.0,20.0,,,,16.5,4.0,36.0,28.0,11.0,43.0,14.0,6.0,3.0,,15.0,,28.0,50.0,39.0,42.5
2016-03-31,38.0,48.5,47.0,17.0,42.0,35.0,37.0,4.0,45.5,14.0,18.0,32.5,21.0,20.0,29.0,44.0,40.0,25.0,20.0,,43.0,33.0,39.0,,46.0,1.0,36.0,20.5,,37.0,3.0,12.0,11.0,31.0,2.0,6.0,7.0,38.5,41.0,10.0,22.0,,,,13.0,8.0,24.0,24.0,9.0,50.0,26.0,15.0,4.0,,17.0,,36.0,27.0,31.0,51.0
2016-04-01,46.0,33.5,51.0,22.0,48.0,16.0,41.0,3.0,40.0,2.0,42.0,47.0,26.0,26.0,39.0,45.0,50.0,25.0,9.5,,22.5,37.0,43.0,,27.0,20.0,32.5,24.0,,39.0,26.5,1.0,19.0,35.0,5.0,7.0,4.0,13.0,13.0,17.0,44.0,,,,17.0,6.0,29.0,28.0,9.5,36.0,30.0,7.0,15.0,,11.0,,43.0,32.0,12.0,40.0
2016-04-05,26.0,32.0,44.0,26.0,45.0,17.0,48.5,5.0,48.0,3.0,13.0,49.0,27.5,33.0,42.0,31.5,31.5,37.5,9.0,,21.5,39.0,37.5,,40.0,23.0,50.0,16.0,,40.0,2.0,7.0,9.0,37.0,8.0,5.0,5.0,22.0,22.0,11.0,46.0,,,,28.0,1.0,20.0,18.0,13.0,33.0,30.0,20.5,13.0,,15.5,,41.0,27.0,37.0,46.0
2016-04-06,21.0,25.5,49.0,26.5,41.0,8.5,51.0,15.5,44.0,7.0,29.0,48.0,23.0,8.5,44.0,48.0,39.0,33.0,30.0,,10.0,39.0,40.5,,41.0,36.0,31.0,27.0,,13.0,22.0,2.0,14.0,34.0,2.0,5.0,2.0,29.0,17.0,15.0,5.0,,,,12.0,5.0,22.0,36.0,10.0,32.0,21.0,30.5,19.0,,18.0,,36.0,42.0,46.0,50.0
2016-04-07,34.0,22.0,52.0,19.5,47.0,31.0,46.0,6.5,39.0,14.0,22.0,33.0,35.0,14.0,22.0,41.0,50.0,48.0,9.0,,18.0,46.0,36.0,,44.0,37.0,28.0,25.0,,20.0,41.0,5.0,13.0,24.0,8.0,6.5,16.0,31.0,44.0,28.0,33.0,,,,1.0,2.0,24.0,28.0,11.0,46.0,10.0,16.0,3.0,,4.0,,12.0,35.0,41.0,30.5
2016-04-08,36.5,30.0,41.0,21.0,45.0,15.0,50.5,3.0,46.5,7.0,27.0,44.0,28.0,19.0,40.0,45.0,49.5,28.5,10.0,,27.0,37.5,46.0,,37.5,43.0,33.0,17.0,,23.0,42.0,5.0,15.0,32.5,8.0,2.0,12.0,26.0,29.0,11.0,36.0,,,,6.0,4.0,21.0,27.0,9.0,35.0,19.0,1.0,13.0,,15.0,,33.0,19.0,30.0,46.0
2016-04-11,42.0,31.0,50.0,13.0,42.0,5.0,52.0,15.0,44.0,1.0,30.0,21.0,20.0,33.5,27.5,39.0,46.0,15.0,6.0,,31.0,44.0,38.0,,32.0,24.0,32.0,12.0,,20.0,37.0,9.0,11.0,38.0,24.0,4.0,7.0,27.0,9.0,3.0,39.0,,,,22.0,2.0,26.0,36.0,17.0,31.0,15.0,18.0,8.0,,29.0,,43.0,43.5,36.0,49.0
2016-04-12,48.0,37.0,43.0,6.0,45.0,27.0,51.0,1.0,47.0,3.0,30.0,48.0,21.5,30.0,12.0,32.0,44.0,23.0,16.0,,33.0,39.0,49.0,,36.0,36.0,37.0,18.0,,22.0,29.0,4.0,8.0,26.5,10.0,2.0,8.0,27.0,17.0,22.0,31.5,,,,7.0,5.0,35.0,32.0,13.0,38.0,13.0,17.0,12.0,,19.0,,39.0,43.0,15.0,45.0
2016-04-13,51.0,20.0,50.0,24.0,31.0,18.5,35.0,4.0,47.0,1.0,17.0,44.0,39.0,37.5,15.0,29.0,48.0,44.0,31.0,,10.0,46.0,40.0,,39.0,21.0,30.0,32.0,,20.0,41.0,5.0,8.0,24.0,2.0,10.0,12.0,23.0,32.0,15.0,40.0,,,,3.0,9.0,17.0,38.0,6.0,38.0,7.0,13.0,28.0,,18.0,,28.0,41.0,32.0,38.5
2016-04-14,50.0,36.0,49.0,14.0,43.0,28.5,34.0,2.0,48.0,3.0,18.0,48.5,21.0,41.0,29.0,38.0,51.0,23.0,11.0,,26.0,42.0,42.0,,32.0,32.0,37.0,19.0,,1.0,28.5,4.0,8.0,34.0,20.5,6.0,5.0,27.5,7.0,16.0,43.0,,,,12.0,11.0,22.0,22.0,10.0,27.0,9.0,19.0,15.0,,29.0,,41.0,40.5,46.0,31.0
2016-04-15,49.0,19.0,42.0,34.0,39.0,41.0,46.0,5.0,48.0,2.0,21.0,47.0,29.0,26.0,29.5,42.0,39.5,30.5,4.0,,25.0,47.0,39.5,,27.0,25.0,44.0,31.0,,9.0,12.0,14.0,17.0,32.0,7.0,15.0,10.0,2.0,27.5,20.0,47.0,,,,2.0,12.0,26.0,17.0,12.0,35.5,6.0,43.5,23.5,,14.0,,8.0,38.5,29.0,34.0
2016-04-18,51.0,32.0,40.0,17.0,47.0,42.0,50.0,20.0,18.0,2.0,23.0,44.0,34.0,32.0,32.0,38.0,40.0,46.0,28.0,,29.0,45.0,49.0,,24.0,34.0,41.0,22.0,,3.0,13.0,5.0,7.0,32.0,6.0,12.0,14.0,8.0,21.0,4.0,47.0,,,,1.0,9.0,19.0,30.0,16.0,17.0,10.0,46.0,11.0,,32.0,,26.0,35.0,31.5,22.0
2016-04-19,45.0,30.0,46.0,38.0,33.0,21.0,32.0,9.0,47.0,25.5,15.0,45.0,26.0,44.0,12.0,49.0,48.0,51.0,11.5,,34.5,43.0,43.0,,18.0,29.0,44.0,16.0,,9.0,38.0,2.0,5.0,26.0,8.0,7.0,6.0,19.0,2.0,14.0,34.0,,,,4.0,2.0,21.0,27.0,12.0,35.5,22.0,34.0,23.0,,41.0,,41.0,30.5,20.0,17.0
2016-04-20,48.0,24.0,40.0,21.0,29.0,44.0,47.0,2.0,44.0,6.0,18.0,45.0,21.0,49.0,32.5,13.0,51.0,44.0,34.0,,28.0,41.0,36.0,,3.0,39.0,37.0,12.0,,17.0,36.0,22.0,15.0,22.0,7.0,19.0,10.0,8.0,5.0,16.0,32.0,,,,1.0,13.0,25.5,34.5,9.0,32.0,11.0,30.0,25.0,,4.0,,38.0,31.0,35.0,50.0
2016-04-21,42.0,28.5,46.0,39.0,44.0,33.0,51.0,9.0,42.0,1.0,20.0,43.0,27.0,30.0,42.5,14.5,50.0,39.0,18.0,,41.0,37.0,48.0,,27.0,36.0,35.5,22.0,,8.0,43.0,7.0,11.5,17.5,3.0,14.5,9.0,20.0,2.0,17.0,12.5,,,,6.0,4.0,22.0,25.0,5.0,29.5,21.0,24.0,19.0,,12.0,,36.0,32.5,31.0,50.0
2016-04-22,36.0,44.5,47.0,40.0,45.0,7.0,50.0,6.0,22.0,1.0,20.0,45.0,24.0,31.0,25.0,19.0,50.0,42.0,29.0,,48.0,44.0,41.0,,36.0,23.0,34.0,16.0,,9.0,26.0,9.0,4.0,27.0,2.0,14.0,10.5,41.0,5.0,16.0,32.0,,,,12.0,13.0,16.0,36.5,8.0,36.0,3.0,28.5,22.0,,25.0,,21.0,31.0,35.0,45.0
2016-04-25,38.0,30.0,43.0,40.0,38.0,7.0,34.0,16.0,30.0,4.0,35.0,46.0,21.0,11.0,39.0,26.0,43.0,46.0,27.5,,46.0,43.0,44.0,,29.5,13.0,48.0,17.0,,13.0,46.0,29.0,2.0,26.0,3.0,8.0,1.0,19.0,6.0,15.0,38.0,,,,9.0,12.0,37.0,21.0,9.0,31.0,16.0,21.0,5.0,,23.0,,23.0,34.5,35.0,47.0
2016-04-26,46.5,27.0,38.5,34.0,30.0,16.0,43.5,1.0,38.0,2.0,25.0,41.0,20.0,27.0,47.0,25.0,51.0,47.0,29.0,,38.0,46.5,48.0,,33.0,35.0,22.0,16.0,,13.0,26.0,16.0,12.0,6.0,8.0,3.0,4.0,20.0,7.0,10.5,33.0,,,,16.0,10.5,19.5,43.0,9.0,21.0,19.0,38.5,5.0,,23.5,,49.0,40.0,35.0,45.0
2016-04-27,52.0,29.5,43.0,51.0,46.0,26.5,35.0,1.0,31.5,4.0,14.0,49.0,31.0,19.0,33.0,24.0,46.0,43.0,16.0,,37.0,46.0,47.5,,30.0,39.0,19.0,13.5,,12.0,28.0,28.0,10.0,20.0,14.0,7.0,3.0,19.5,9.0,8.0,34.0,,,,17.0,6.0,34.0,23.0,5.0,20.0,11.0,42.0,2.0,,42.0,,37.0,29.0,28.0,46.0
2016-04-28,20.0,27.0,50.0,43.0,38.0,15.0,38.0,4.0,33.0,9.0,22.0,48.0,28.0,15.0,38.5,11.0,2.0,47.0,33.5,,32.0,47.0,51.0,,34.0,8.0,33.5,28.0,,20.0,24.0,23.0,10.0,18.0,11.0,14.5,24.0,33.0,5.0,13.0,43.0,,,,2.0,6.0,33.5,29.0,2.0,7.0,38.0,40.0,18.0,,18.0,,35.0,41.5,39.0,48.0
2016-04-29,34.0,28.0,47.0,45.0,28.0,13.0,46.0,2.0,35.0,26.0,25.0,42.0,20.0,29.0,38.0,6.5,50.0,43.0,15.0,,34.0,42.0,50.0,,33.0,21.0,46.0,17.5,,16.0,17.0,32.0,1.0,26.0,12.0,14.0,8.0,11.0,18.0,9.0,43.0,,,,5.0,4.0,23.5,21.0,3.0,10.0,33.5,46.0,6.0,,34.0,,34.0,24.0,39.0,50.0
2016-05-03,36.0,40.0,48.0,45.0,36.0,2.0,33.5,4.0,28.0,5.0,30.0,37.0,13.0,33.0,40.0,25.0,49.0,52.0,36.0,,44.0,42.0,49.0,,39.0,28.0,15.0,8.0,,9.0,22.0,26.0,7.0,23.0,11.0,3.0,1.0,16.0,12.0,10.0,30.0,,,,18.0,16.0,29.0,26.0,6.0,15.5,21.0,45.0,18.0,,32.0,,37.0,21.0,42.0,44.5
2016-05-04,41.0,20.0,43.0,34.0,28.0,18.0,44.0,11.0,21.0,15.0,27.5,46.0,13.0,29.0,46.0,40.0,51.0,49.5,30.0,,35.0,50.0,49.0,,36.0,10.0,23.0,9.0,,5.0,35.5,31.5,2.0,23.0,7.0,13.0,1.0,15.0,18.5,6.0,12.0,,,,4.0,8.0,31.0,24.0,3.0,15.0,36.0,46.0,22.0,,31.0,,36.0,31.0,42.0,33.0
2016-05-05,38.5,23.0,37.0,44.0,27.0,7.0,48.5,3.0,32.0,14.0,33.0,49.0,15.0,23.0,42.0,30.0,37.0,42.0,19.0,,40.0,51.0,48.0,,21.0,24.0,21.0,9.0,,13.0,36.0,40.0,1.0,23.0,8.0,15.0,2.0,11.0,19.0,4.0,37.0,,,,20.0,5.0,29.0,27.0,6.0,10.0,28.0,41.0,18.0,,43.0,,47.0,12.0,33.5,49.0
2016-05-06,47.0,24.0,43.0,44.0,36.5,22.0,45.0,6.0,40.0,14.0,9.0,40.0,25.0,22.5,40.0,22.5,30.0,47.0,32.0,,35.0,41.0,52.0,,30.0,16.0,30.0,13.5,,2.0,25.0,24.0,11.0,14.0,7.0,9.0,1.0,18.0,20.0,13.0,40.0,,,,5.0,4.0,28.0,9.0,3.0,19.0,31.0,50.0,15.5,,29.0,,46.0,33.0,46.0,40.0
2016-05-09,43.0,15.0,50.0,41.0,34.0,7.0,20.0,3.0,32.5,16.0,24.0,46.0,13.0,31.0,20.0,10.0,39.0,40.0,33.0,,21.5,48.5,47.0,,36.5,16.0,26.0,21.0,,18.0,29.0,27.0,11.0,28.5,8.0,22.0,6.0,12.0,14.0,2.0,40.0,,,,5.0,9.0,27.0,22.0,1.0,25.0,33.0,51.0,4.0,,39.0,,44.0,38.0,46.0,48.0
2016-05-10,38.0,26.0,43.0,38.0,46.0,3.0,20.5,1.0,28.0,18.0,14.0,49.0,17.0,35.0,42.0,15.5,32.0,49.0,32.0,,41.0,45.0,50.5,,40.0,11.0,24.0,18.0,,12.0,35.5,25.0,6.0,22.5,10.0,15.0,20.5,7.5,18.0,2.0,9.0,,,,7.5,4.0,36.5,33.0,5.0,23.0,44.0,49.0,14.0,,36.0,,26.0,29.0,35.0,47.0
2016-05-11,46.0,26.0,34.5,27.0,39.0,9.0,49.0,8.0,34.0,14.0,7.0,45.0,17.0,37.0,35.5,12.0,51.0,42.0,35.0,,43.5,47.0,52.0,,28.0,32.0,21.0,14.0,,2.0,24.0,24.0,10.0,21.5,3.0,13.0,20.0,11.0,19.5,5.0,41.5,,,,4.0,1.0,22.0,17.0,6.0,32.0,44.0,30.0,15.0,,31.0,,46.5,28.0,36.0,37.0
2016-05-12,40.0,37.0,49.0,28.0,35.0,30.0,37.0,8.0,35.0,17.0,14.0,39.5,33.0,27.5,18.5,20.5,45.0,44.0,36.0,,28.0,49.0,42.0,,31.0,3.0,36.5,21.0,,10.0,27.0,22.0,2.0,22.0,5.0,7.0,17.5,14.5,15.0,1.0,10.0,,,,4.0,6.0,36.0,25.0,11.0,24.0,46.0,50.0,15.5,,41.0,,51.0,10.0,23.0,47.0
2016-05-13,32.0,38.0,49.0,23.0,48.0,25.0,19.5,5.0,31.0,14.5,19.5,39.0,35.0,12.0,26.0,8.0,42.0,40.0,30.5,,45.0,47.0,49.5,,33.5,23.0,38.0,11.5,,9.0,30.0,26.5,2.0,23.0,10.0,6.0,14.0,4.0,17.5,3.0,26.0,,,,1.0,7.0,32.0,30.0,17.0,12.0,37.0,47.0,19.0,,42.0,,41.0,20.0,43.0,50.0
2016-05-16,49.0,39.0,46.0,26.0,31.0,13.0,36.0,10.0,43.0,26.0,14.0,45.0,27.0,16.0,20.0,13.0,49.0,8.0,25.0,,43.0,40.0,47.0,,37.0,17.5,37.0,20.0,,5.0,39.0,22.0,1.0,33.5,4.0,7.0,15.0,12.0,19.0,2.0,24.0,,,,9.0,3.0,38.0,32.5,19.0,6.0,41.0,37.0,23.0,,51.0,,27.0,26.0,36.0,41.5
2016-05-17,32.0,38.0,46.0,24.0,50.0,31.5,44.0,6.0,36.0,21.0,11.0,37.5,33.0,14.0,26.5,22.0,45.5,40.0,22.0,,34.0,48.0,30.5,,48.0,11.0,37.5,24.0,,8.0,21.0,16.0,7.0,19.0,2.0,1.0,19.5,11.0,21.5,3.0,29.0,,,,9.0,4.0,36.0,27.0,15.0,13.0,42.0,41.0,5.0,,52.0,,23.0,25.0,47.0,44.0
2016-05-18,34.0,37.0,49.0,9.0,44.0,40.0,26.0,6.0,35.0,27.0,17.0,42.0,29.0,23.0,18.0,7.0,44.0,20.0,15.0,,36.5,52.0,51.0,,32.5,15.0,41.0,35.5,,2.0,30.0,32.0,5.0,28.0,4.0,3.0,15.0,12.0,19.0,9.0,26.0,,,,14.0,1.0,41.0,35.0,8.0,26.0,44.0,47.0,11.0,,48.0,,39.0,20.0,18.0,28.0
2016-05-19,22.0,25.0,29.5,40.0,42.5,23.0,41.5,2.0,50.0,25.0,20.0,46.0,34.0,8.0,42.5,17.0,50.0,28.0,30.5,,38.5,51.0,47.0,,37.0,12.0,43.0,45.0,,3.0,25.5,14.0,6.0,22.0,7.0,1.0,17.0,4.0,20.0,5.0,20.0,,,,9.0,10.0,19.0,31.0,15.0,27.0,40.0,39.0,12.0,,46.5,,31.5,12.0,36.0,33.0
2016-05-20,16.0,33.0,44.5,34.0,32.0,39.0,34.5,5.0,43.5,20.0,15.5,47.0,24.0,12.0,41.0,24.0,50.0,16.0,25.0,,39.0,47.0,48.0,,30.0,29.0,40.0,36.0,,2.0,24.0,20.0,10.0,17.0,8.0,4.0,24.0,3.0,30.5,7.0,42.0,,,,9.0,1.0,30.0,15.0,11.0,20.5,34.0,34.0,6.0,,50.0,,21.0,14.0,45.0,38.0
2016-05-23,20.5,21.0,48.0,45.0,41.0,36.0,25.0,7.0,33.0,23.0,16.0,38.5,29.0,2.0,22.0,17.0,42.0,42.0,29.5,,33.0,40.5,49.0,,31.0,9.0,40.0,47.0,,11.0,14.0,18.0,4.0,25.0,5.0,10.0,22.5,3.0,25.5,8.0,26.0,,,,11.0,6.0,33.0,42.0,19.0,13.0,37.0,37.0,1.0,,51.0,,27.5,16.0,43.0,51.0
2016-05-24,17.0,23.0,50.0,41.0,39.0,33.0,37.5,7.0,40.0,14.0,19.0,43.0,17.0,12.0,21.0,29.0,33.0,43.0,30.0,,38.0,36.0,47.0,,31.0,33.0,48.0,45.0,,14.0,19.0,25.0,6.0,17.0,1.0,13.0,29.0,2.0,40.0,9.0,10.0,,,,4.0,8.0,29.0,22.0,5.0,25.0,35.0,35.0,3.0,,49.0,,19.0,11.0,48.0,46.0
2016-05-25,31.5,13.0,43.0,35.0,52.0,25.0,30.0,8.0,45.0,20.0,7.0,49.0,21.0,28.0,19.5,19.0,38.0,32.0,33.0,,30.0,51.0,47.0,,30.5,25.5,41.0,43.0,,1.0,10.0,27.0,2.0,21.5,6.0,16.0,19.0,11.0,30.0,3.0,11.0,,,,13.0,5.0,39.0,31.0,9.0,16.0,42.0,39.0,4.0,,49.0,,33.0,19.0,43.0,37.0
2016-05-26,34.0,12.0,51.0,25.0,43.0,35.0,19.0,3.0,39.0,29.0,22.0,50.0,21.5,25.5,41.0,31.0,35.5,33.0,14.0,,21.0,49.0,46.0,,29.0,9.5,47.0,45.0,,6.0,1.0,43.0,11.0,18.0,5.0,13.0,15.0,9.5,22.0,4.0,18.0,,,,16.0,8.0,30.0,31.0,2.0,27.0,39.0,48.0,7.0,,44.0,,29.0,21.0,43.0,35.0
2016-05-27,22.5,34.0,46.0,35.0,47.0,40.0,36.5,2.0,42.0,17.0,15.5,52.0,13.0,26.0,33.0,13.5,42.0,31.0,28.0,,21.0,23.0,51.0,,37.0,16.5,37.0,32.0,,10.0,29.5,30.0,5.0,22.0,3.0,20.0,15.0,6.0,16.0,1.0,15.0,,,,11.0,9.0,34.0,38.0,8.0,22.0,42.0,39.0,7.0,,50.0,,28.0,4.0,47.5,43.0
2016-05-30,24.0,25.0,37.0,31.0,48.0,34.0,20.5,7.0,38.0,11.0,13.0,45.0,29.0,21.0,51.0,24.0,45.0,27.0,19.5,,19.0,44.0,45.0,,32.0,27.5,40.0,42.0,,13.0,15.0,15.0,5.0,11.0,4.0,9.0,28.0,3.0,31.0,1.0,37.0,,,,8.0,12.0,37.0,25.0,2.0,19.0,49.0,42.0,6.0,,51.0,,34.0,16.5,47.0,34.0
2016-05-31,31.0,26.0,40.0,33.0,49.0,27.0,34.0,10.0,47.0,18.0,16.0,44.0,36.0,20.5,30.5,19.0,29.0,26.5,9.0,,38.0,41.0,51.0,,34.0,29.0,44.0,46.0,,11.0,22.0,15.0,8.0,27.0,4.0,12.0,31.0,6.0,30.0,5.0,38.0,,,,13.0,1.0,17.5,21.0,2.0,15.0,33.0,43.0,7.0,,46.0,,43.0,3.0,49.0,26.5
2016-06-01,24.0,30.0,49.0,50.0,43.0,30.0,36.0,4.0,23.5,25.0,11.0,40.0,15.0,1.0,20.0,18.0,31.5,16.0,16.0,,38.0,45.0,40.0,,37.0,25.0,33.0,48.0,,21.0,30.0,40.0,13.0,17.0,3.0,9.0,35.0,6.0,32.0,6.0,27.5,,,,16.0,2.0,6.0,39.0,8.0,27.0,25.0,43.0,12.0,,51.0,,46.0,10.0,49.0,30.0
2016-06-02,40.0,28.0,45.0,45.0,44.5,32.0,24.0,3.0,42.5,33.5,31.0,40.0,22.5,10.0,17.5,19.0,46.0,12.0,20.0,,31.0,38.0,49.0,,51.0,27.0,46.0,42.0,,16.0,23.0,2.0,6.0,28.5,4.0,9.0,34.0,1.0,35.0,13.0,41.5,,,,7.0,5.0,15.5,19.0,16.0,16.0,29.0,25.0,11.0,,41.0,,36.0,8.0,47.5,29.0
2016-06-03,33.0,23.0,43.0,17.0,50.0,39.0,33.0,11.0,22.0,40.0,25.0,49.5,18.0,13.0,24.0,30.0,43.5,18.0,19.0,,33.0,49.0,43.0,,47.0,35.0,35.0,31.0,,14.0,13.0,3.0,7.0,22.0,5.0,9.0,26.0,14.0,43.0,6.0,47.0,,,,17.0,1.0,7.0,29.5,4.0,26.0,36.0,27.0,10.0,,39.0,,28.0,2.0,48.0,37.0
2016-06-06,43.0,26.0,44.5,24.0,43.0,25.0,36.5,8.0,32.5,33.5,31.0,46.0,22.0,11.0,43.0,11.0,45.0,40.0,19.0,,34.0,41.5,49.0,,39.0,20.5,36.0,20.0,,16.0,11.0,16.5,14.0,28.0,6.0,5.0,29.0,3.0,38.0,2.0,39.0,,,,14.0,7.0,15.0,18.5,9.0,21.0,35.0,38.0,1.0,,51.0,,31.5,4.0,45.0,22.0
2016-06-07,32.0,36.0,47.0,21.0,49.0,28.0,33.0,3.0,49.0,18.0,13.0,39.0,28.0,15.0,39.0,9.0,40.5,37.0,19.0,,32.0,50.0,46.0,,44.0,27.0,37.0,23.0,,16.0,23.0,2.0,12.0,10.0,8.0,6.0,27.0,7.0,36.5,4.0,36.0,,,,5.0,1.0,21.0,23.0,11.0,21.0,39.0,45.0,14.0,,49.0,,28.0,17.0,40.0,28.0
2016-06-08,33.0,35.0,41.0,36.5,51.0,37.0,41.0,1.0,50.0,28.0,18.0,46.0,15.0,6.0,27.0,16.0,35.0,19.0,23.0,,33.0,42.0,50.0,,47.0,29.0,33.0,25.0,,16.0,11.0,10.0,9.0,24.0,4.0,18.0,28.0,3.0,44.5,2.0,44.0,,,,19.5,5.0,15.0,32.0,13.0,25.0,28.5,32.0,7.0,,43.0,,13.0,8.0,47.0,34.0
2016-06-10,30.5,28.0,47.5,29.0,42.0,44.0,21.0,5.0,47.0,17.0,12.0,43.0,18.5,14.0,28.0,46.0,39.0,25.0,30.0,,36.0,36.0,43.0,,42.0,48.5,41.0,18.0,,25.0,9.0,13.0,4.0,21.0,6.0,2.0,33.0,1.0,27.5,10.0,38.0,,,,15.0,8.0,15.5,19.0,7.0,31.0,29.0,32.0,3.0,,49.0,,23.0,11.0,51.0,33.0
2016-06-13,23.0,28.5,38.0,41.5,47.0,38.0,43.0,4.0,44.0,22.0,16.0,50.0,25.0,13.0,24.0,35.0,31.5,20.0,28.0,,40.0,39.0,48.0,,16.0,46.0,46.0,41.0,,13.0,12.0,17.0,10.0,9.0,8.0,2.0,23.0,3.0,29.0,1.0,44.0,,,,19.0,5.0,23.0,27.0,12.0,31.0,31.0,32.5,16.0,,38.0,,6.0,7.0,49.0,34.0
2016-06-14,24.5,34.0,38.0,38.5,41.0,29.0,5.0,6.0,36.0,24.0,3.0,51.0,18.0,7.0,50.0,44.0,14.0,36.0,31.0,,50.0,46.0,48.0,,31.0,48.0,48.0,43.0,,27.0,23.0,4.0,18.0,23.0,14.0,9.0,34.5,2.0,18.0,10.0,39.0,,,,14.0,1.0,28.0,11.0,15.0,25.0,30.0,21.0,11.0,,34.0,,8.0,19.0,43.0,31.0
2016-06-15,33.0,33.0,42.0,47.5,50.0,28.0,36.0,4.0,50.0,21.0,16.0,45.0,37.0,7.0,21.0,24.0,26.0,31.0,1.0,,18.0,40.0,43.0,,48.0,33.0,49.0,38.0,,20.0,3.0,8.0,16.0,29.0,12.0,10.0,29.0,2.0,19.5,5.0,46.0,,,,13.0,6.0,11.0,27.0,13.0,40.0,32.0,20.0,9.0,,46.0,,24.0,19.0,41.0,36.0
2016-06-16,38.0,36.0,42.0,40.0,47.5,36.0,17.0,1.0,46.0,24.5,2.0,47.5,7.0,4.0,18.0,29.0,37.0,35.0,27.0,,29.0,39.0,48.0,,35.5,39.0,45.5,50.0,,16.0,6.0,20.0,23.0,20.0,13.0,12.0,27.0,5.0,24.0,9.0,45.0,,,,16.0,3.0,27.0,21.0,11.0,43.0,14.0,23.0,8.0,,36.0,,18.0,10.0,48.0,37.0
2016-06-17,39.5,24.0,34.0,51.0,48.0,35.5,30.0,25.0,44.0,22.5,8.5,47.0,29.0,4.0,44.0,39.0,43.0,35.0,31.0,,12.0,37.0,43.5,,19.0,45.0,41.0,38.0,,27.0,10.0,2.0,17.0,13.0,5.0,10.0,14.0,7.0,28.0,19.0,24.0,,,,20.5,5.0,15.5,24.0,15.5,42.0,26.0,19.5,8.0,,49.0,,3.0,1.0,43.0,42.0
2016-06-20,9.0,35.0,38.0,45.0,36.0,47.0,50.0,19.0,50.0,27.0,21.0,44.5,30.5,4.0,45.0,29.0,23.0,13.0,31.0,,26.0,45.0,42.5,,16.0,44.0,41.0,29.0,,8.0,12.0,2.0,26.0,27.0,1.0,6.0,37.0,7.0,30.5,5.0,12.0,,,,18.0,3.0,22.0,40.5,25.0,40.0,15.0,17.0,10.0,,40.0,,22.0,12.0,49.0,31.0
2016-06-21,11.0,37.0,30.0,49.0,40.0,29.0,39.0,7.0,50.0,27.0,2.0,51.0,11.0,5.0,29.5,19.0,33.5,40.0,23.5,,29.0,37.5,44.0,,42.0,48.0,35.0,46.0,,20.0,9.0,1.0,27.0,29.0,11.0,4.0,17.0,3.0,38.0,13.0,14.0,,,,14.0,6.0,34.0,19.0,24.0,41.0,23.0,17.0,8.0,,46.0,,26.0,17.0,43.0,37.0
2016-06-22,39.5,28.5,36.0,40.0,40.0,39.0,33.0,7.0,51.0,26.5,9.0,48.0,23.0,14.0,31.0,41.0,39.0,42.0,28.0,,25.0,32.0,40.0,,41.0,46.5,37.0,35.5,,20.5,4.0,1.0,24.0,16.0,11.0,3.0,17.0,6.0,28.0,16.0,35.0,,,,22.0,2.0,19.0,9.0,15.0,44.0,12.0,24.5,9.0,,49.0,,12.0,5.0,49.0,30.5
2016-06-23,13.0,26.0,35.0,47.0,45.0,31.5,45.0,16.0,47.0,26.0,8.0,39.0,34.0,11.0,49.5,25.0,35.0,38.0,23.0,,20.0,41.0,46.0,,37.0,41.5,37.0,45.0,,28.0,2.0,7.0,28.0,25.0,9.0,4.0,5.0,3.0,36.0,31.0,17.0,,,,15.0,12.0,1.0,20.0,22.0,37.0,18.0,6.0,10.0,,41.0,,18.0,14.0,47.0,31.0
2016-06-24,17.0,36.0,22.0,40.0,40.0,44.0,31.0,15.0,50.0,20.5,1.0,37.0,21.0,3.0,50.0,18.0,33.0,39.0,12.0,,27.5,31.0,45.0,,40.5,44.0,48.0,35.0,,25.0,2.0,9.0,26.0,26.0,12.0,8.0,5.0,7.0,39.0,18.0,35.0,,,,25.0,13.0,4.0,15.0,10.0,43.0,18.0,6.0,13.0,,47.0,,31.0,22.0,48.0,33.0
2016-06-27,16.0,25.0,29.0,33.0,39.0,27.0,34.0,11.0,50.0,22.5,5.0,41.0,33.0,2.0,51.0,37.0,42.0,36.0,3.0,,22.5,26.0,44.0,,47.0,47.0,43.0,32.0,,20.0,6.0,1.0,28.0,18.0,15.0,10.0,16.0,4.0,39.0,19.0,29.5,,,,18.0,16.0,9.0,25.5,13.0,42.0,7.0,8.0,12.0,,46.0,,42.0,34.0,43.5,32.0
2016-06-28,19.0,32.0,31.0,46.0,41.0,36.0,43.0,3.0,49.0,20.0,12.0,50.0,29.0,8.0,48.0,27.0,29.5,38.0,9.0,,18.0,24.0,30.0,,44.0,43.0,51.0,29.5,,14.0,16.0,7.0,25.0,29.5,34.0,13.0,21.0,4.0,24.5,5.0,27.0,,,,10.0,6.0,15.0,2.0,17.0,41.0,11.0,1.0,28.0,,45.0,,33.0,39.0,47.0,37.0
2016-06-29,16.0,31.0,21.0,47.0,36.0,29.0,40.0,7.0,43.0,21.0,9.0,40.0,29.0,14.0,22.0,33.0,42.0,48.0,23.0,,27.0,32.0,41.0,,46.0,43.0,50.0,36.5,,15.0,11.0,5.0,20.0,36.0,17.0,10.0,25.0,1.0,12.0,15.0,27.0,,,,3.0,32.0,15.0,8.0,2.0,44.0,6.0,4.0,23.0,,52.0,,37.5,25.0,47.0,37.0
2016-06-30,16.5,24.0,23.0,41.5,43.5,33.5,42.0,20.0,35.0,24.0,5.0,42.0,13.0,9.0,50.0,28.5,34.0,29.0,33.0,,36.5,39.0,49.0,,45.5,40.0,50.0,29.0,,18.0,8.0,1.0,21.0,21.0,31.5,10.0,22.0,4.0,2.0,17.0,25.0,,,,7.0,18.5,13.0,9.0,13.0,45.0,3.0,6.0,27.5,,49.0,,48.0,36.0,30.0,33.0
2016-07-04,35.5,22.0,24.0,39.0,35.0,23.0,43.0,16.0,42.0,18.0,9.5,29.5,33.0,7.0,44.0,19.0,28.5,48.0,27.5,,25.0,40.0,51.0,,45.0,39.0,47.0,33.0,,17.0,22.0,8.0,29.0,35.0,13.0,4.0,13.0,5.0,9.5,25.0,1.0,,,,6.0,13.0,18.0,3.0,11.0,49.0,15.0,2.0,39.0,,50.0,,43.0,33.0,41.0,29.5
2016-07-05,15.0,35.0,37.0,32.0,36.0,28.5,44.0,17.0,45.0,21.0,13.0,38.0,24.0,6.0,51.0,21.5,38.0,34.0,8.0,,28.0,40.0,49.0,,43.0,31.0,45.5,20.0,,7.0,2.0,9.0,35.0,25.0,32.0,2.0,10.0,4.0,22.0,27.5,2.0,,,,15.0,21.0,18.0,12.0,11.0,49.0,15.0,5.0,25.5,,48.0,,41.0,31.0,46.5,40.0
2016-07-06,30.0,31.0,22.0,44.0,43.5,31.5,41.0,12.0,41.0,18.0,19.0,37.0,30.0,8.0,48.0,17.0,33.0,43.0,19.0,,29.0,49.0,49.0,,39.0,32.0,37.0,29.5,,14.0,4.5,6.0,32.5,22.0,15.0,9.0,12.0,3.0,1.0,7.0,24.0,,,,13.0,33.0,16.0,2.0,10.0,42.0,24.0,4.5,21.0,,47.0,,47.5,37.0,45.0,35.0
2016-07-07,22.0,28.0,35.0,41.5,38.0,12.5,39.5,34.0,45.5,18.0,3.0,38.0,24.0,2.0,36.0,21.0,35.0,46.0,14.0,,27.5,41.0,49.0,,45.0,33.5,51.0,33.0,,5.0,6.0,1.0,21.0,24.0,34.0,11.0,12.5,8.0,21.0,28.0,17.0,,,,10.0,35.0,17.0,4.0,9.0,52.0,21.0,7.0,14.0,,49.0,,38.0,21.0,39.0,40.0
2016-07-08,17.0,32.5,27.0,43.0,43.5,24.0,41.0,19.0,47.0,22.0,15.0,35.0,31.0,7.0,43.5,33.0,38.0,44.0,8.0,,26.0,46.0,45.0,,38.5,36.5,51.0,31.0,,1.0,2.0,9.0,27.0,22.0,17.0,13.0,4.0,5.0,13.0,23.0,26.0,,,,3.0,36.0,10.5,6.0,10.5,52.0,18.5,12.0,25.5,,48.0,,39.0,30.0,19.0,32.0
2016-07-11,17.0,30.0,14.0,40.0,38.0,31.0,42.0,31.0,45.0,15.0,10.0,38.0,31.0,3.0,52.0,25.0,32.0,38.0,22.0,,20.0,40.0,47.0,,48.0,39.0,49.0,30.0,,4.0,5.0,2.0,35.0,16.0,24.0,6.0,8.0,1.0,25.0,17.0,26.0,,,,11.0,23.0,19.0,9.0,12.0,51.0,18.0,7.0,14.0,,45.0,,45.0,22.0,36.5,38.0
2016-07-12,31.0,24.5,25.0,45.0,41.0,14.5,42.5,10.0,48.5,23.0,9.0,36.0,35.0,5.0,49.0,31.5,39.0,36.0,27.0,,14.0,44.0,47.0,,32.0,36.0,48.0,32.0,,3.0,4.0,7.0,38.0,16.0,28.0,8.0,11.0,1.0,16.0,20.0,20.0,,,,18.0,28.0,22.0,5.0,2.0,39.0,20.0,12.0,12.0,,44.0,,40.0,29.0,47.0,33.0
2016-07-13,22.0,38.0,33.5,31.0,40.0,14.0,39.0,17.0,46.0,22.0,12.0,43.0,18.0,11.0,52.0,25.0,32.0,26.0,15.0,,13.0,44.0,45.0,,47.0,28.0,48.0,25.0,,3.0,5.0,6.0,24.0,25.0,31.0,7.0,1.0,4.0,31.0,27.0,16.0,,,,10.0,36.0,9.0,21.0,2.0,50.0,21.0,8.0,28.0,,49.0,,39.0,38.0,41.5,41.0
2016-07-14,18.0,40.0,17.0,28.0,42.0,10.0,50.0,2.0,44.0,17.0,12.0,37.5,35.0,4.0,30.0,37.0,34.0,38.5,7.0,,24.0,47.0,44.0,,16.0,31.0,46.0,23.5,,1.0,5.0,8.0,37.0,27.5,19.5,6.0,11.0,3.0,26.0,16.0,30.0,,,,16.0,39.0,9.0,20.0,13.0,49.0,31.0,22.0,21.0,,46.0,,51.0,23.0,42.0,36.0
2016-07-15,7.0,34.0,26.0,38.0,31.5,16.0,39.0,16.0,47.0,24.0,1.0,33.0,27.0,15.0,45.0,20.0,41.0,41.0,13.0,,20.0,38.5,45.0,,48.0,31.0,50.5,37.0,,8.0,4.0,2.0,22.0,12.0,26.0,9.0,11.0,5.0,26.0,34.0,6.0,,,,13.0,32.0,19.0,10.0,20.0,52.0,26.0,3.0,24.0,,49.0,,42.0,38.0,36.0,31.0
2016-07-18,11.0,34.0,33.0,41.0,34.0,8.0,48.0,13.0,45.0,15.0,3.0,36.0,15.0,10.0,22.0,38.0,32.0,51.0,29.0,,16.0,38.0,43.0,,35.0,35.0,46.0,49.0,,6.0,1.0,4.0,19.0,22.0,21.0,2.0,7.0,9.0,26.0,19.0,26.0,,,,5.0,34.0,15.0,21.0,12.0,47.0,25.0,23.0,29.0,,43.0,,51.0,36.0,32.0,38.0
2016-07-19,19.0,37.0,23.0,41.0,30.0,17.0,49.0,3.0,44.0,14.0,10.0,38.0,25.0,1.0,14.0,25.0,23.5,47.0,20.0,,5.0,39.0,51.0,,39.0,42.0,42.0,39.0,,6.0,15.0,8.0,23.0,35.0,28.0,4.0,9.0,2.0,29.0,33.0,12.0,,,,7.0,28.0,19.0,24.0,11.0,45.0,19.0,32.0,14.0,,48.0,,46.0,37.5,34.0,39.0
2016-07-20,36.0,31.0,27.0,41.0,49.0,15.0,43.0,7.0,45.0,13.0,8.0,45.0,19.0,6.0,48.0,22.0,23.0,39.0,20.5,,1.0,47.0,45.0,,38.0,28.0,52.0,35.0,,4.0,13.0,9.0,23.0,24.0,26.0,10.0,2.0,3.0,31.0,23.0,16.0,,,,5.0,24.0,18.0,13.0,11.0,37.0,26.0,34.0,21.0,,50.0,,43.0,34.0,39.0,29.0
2016-07-21,22.5,33.0,35.0,43.0,37.0,15.0,46.0,10.0,34.0,18.0,4.0,36.5,11.0,12.0,47.0,25.0,31.0,42.5,29.0,,3.0,45.0,45.0,,36.0,39.0,51.0,46.5,,6.0,2.0,9.0,19.0,22.0,21.0,8.0,5.0,1.0,38.0,26.0,16.0,,,,7.0,17.0,24.5,21.0,15.0,43.0,25.0,31.0,14.0,,44.0,,49.0,31.0,28.0,30.0
2016-07-22,20.5,31.5,35.0,39.0,34.0,16.0,45.0,15.0,42.0,13.0,9.0,46.5,18.0,2.0,48.0,23.0,37.0,38.0,28.0,,22.0,39.0,50.0,,36.5,39.0,52.0,47.0,,7.0,10.0,13.0,26.0,18.0,31.5,8.0,6.0,1.0,25.0,24.0,3.0,,,,4.0,21.0,13.0,18.0,5.0,45.0,34.0,27.0,12.0,,44.0,,43.0,31.0,24.0,37.0
2016-07-25,21.0,15.0,30.0,39.0,45.0,9.0,44.0,12.0,28.5,32.0,6.0,45.5,16.5,14.0,48.0,24.0,27.0,42.0,18.0,,7.0,47.5,45.0,,40.0,35.5,49.0,46.0,,3.0,27.0,8.0,23.0,24.0,27.0,11.0,1.0,4.0,39.0,28.0,10.0,,,,2.0,29.5,18.0,19.0,5.0,33.0,30.0,36.0,16.0,,44.0,,50.0,35.0,35.0,16.0
2016-07-26,20.0,15.5,23.0,34.0,41.0,14.0,47.0,18.0,49.0,23.0,11.0,50.0,34.0,5.0,45.0,25.0,33.0,36.5,26.0,,9.0,44.0,45.0,,36.0,30.0,49.0,44.0,,1.0,4.0,13.0,38.0,12.0,40.5,10.0,8.0,7.0,33.0,30.0,21.5,,,,2.0,22.0,17.0,27.0,3.0,41.0,16.0,25.5,23.0,,43.0,,46.5,33.0,29.0,6.0
2016-07-27,23.0,20.0,16.0,43.0,40.0,23.0,47.0,14.0,31.0,25.5,6.0,41.0,13.0,7.0,39.0,28.0,42.0,45.0,35.0,,23.0,45.0,45.0,,36.5,31.0,50.0,42.5,,5.0,1.0,12.0,18.0,32.0,16.0,2.0,8.0,3.0,32.0,9.0,16.0,,,,4.0,32.5,20.0,20.5,10.0,40.0,27.0,36.5,11.0,,47.5,,49.0,23.5,36.0,29.0
2016-07-28,24.0,26.0,29.0,40.0,40.0,16.0,50.0,4.0,30.0,14.0,2.0,48.0,9.0,6.0,45.0,31.0,31.0,45.0,27.0,,18.0,42.0,45.0,,36.0,38.5,50.0,42.0,,1.0,25.5,10.0,14.0,14.0,11.0,3.0,5.0,7.0,32.0,17.5,22.0,,,,8.0,33.0,18.0,28.0,12.0,37.0,33.0,39.0,20.0,,48.5,,47.0,22.5,35.0,21.0
2016-07-29,25.0,28.0,22.0,35.0,30.5,11.5,35.0,11.5,31.5,22.0,6.0,41.5,5.0,10.0,46.0,19.0,35.0,35.0,31.0,,8.0,52.0,44.0,,41.0,36.5,46.0,49.0,,4.0,30.0,7.0,14.0,22.0,14.0,1.0,2.0,9.0,28.5,21.0,23.5,,,,3.0,38.0,19.0,16.0,16.0,47.5,35.5,38.0,15.0,,48.0,,51.0,26.0,35.0,40.0
2016-08-01,19.0,22.0,29.0,38.0,37.0,14.0,40.0,2.0,33.0,9.0,6.0,50.0,19.0,3.0,49.0,17.0,30.0,47.0,25.0,,26.0,49.0,45.0,,30.0,37.5,47.5,39.0,,11.0,24.0,13.0,10.0,16.0,17.5,4.0,7.0,5.0,32.0,30.0,37.5,,,,8.0,26.0,12.0,26.0,1.0,41.0,32.5,31.5,17.0,,47.0,,46.0,34.5,42.0,19.0
2016-08-03,22.0,25.0,27.5,35.0,35.5,9.0,39.0,17.0,37.0,20.0,6.0,49.0,12.0,4.0,45.0,5.0,42.0,43.5,32.0,,24.0,50.0,41.0,,27.5,30.0,48.0,48.5,,13.0,24.0,8.0,11.0,20.0,14.0,2.0,7.0,1.0,36.0,31.0,29.0,,,,3.0,19.0,15.0,16.5,17.0,44.0,31.0,35.0,11.0,,46.0,,48.0,43.0,39.0,22.0
2016-08-04,34.0,15.0,40.0,35.0,36.0,11.0,29.0,4.0,32.0,21.5,13.0,52.0,10.0,8.0,41.0,33.0,40.0,50.0,27.0,,6.0,45.0,31.0,,39.0,22.0,42.0,47.5,,9.0,34.0,12.0,16.0,7.0,23.0,1.0,5.0,2.0,26.0,19.0,28.0,,,,14.0,27.0,17.0,22.0,3.0,46.0,27.0,35.0,24.0,,46.0,,50.0,38.5,36.0,19.5
2016-08-05,18.5,21.0,37.5,37.0,35.0,15.0,38.0,12.0,28.0,24.0,4.0,42.5,13.0,3.0,47.0,24.0,34.0,37.0,29.0,,1.0,49.5,44.0,,42.0,32.0,48.0,46.0,,2.0,40.0,14.0,17.5,11.0,23.0,6.0,9.0,7.0,30.0,25.0,31.0,,,,5.0,9.0,16.0,27.0,9.0,44.0,22.0,36.0,19.0,,47.0,,50.0,42.0,22.0,26.5
2016-08-08,22.0,25.0,48.5,41.0,35.5,15.0,35.5,16.0,29.0,29.0,9.0,43.0,4.0,2.0,48.0,29.0,34.0,37.0,36.0,,2.0,50.0,42.0,,44.0,33.0,48.0,43.5,,2.0,34.0,10.0,11.0,12.0,14.0,8.0,5.0,7.0,28.0,15.5,27.0,,,,17.0,24.0,19.0,20.0,21.0,40.0,25.0,33.0,6.0,,50.0,,47.5,37.0,15.0,31.5
2016-08-09,10.0,31.0,43.5,39.0,31.0,14.0,49.0,26.0,47.0,14.0,6.0,44.0,23.0,3.0,51.0,18.0,38.0,41.0,35.0,,5.0,49.0,39.0,,27.0,34.0,44.5,28.0,,9.0,23.0,8.0,2.0,12.0,17.0,1.0,7.0,4.0,34.5,22.5,31.0,,,,11.0,17.0,24.0,26.0,20.0,38.0,37.0,39.0,17.0,,50.0,,45.0,29.0,15.0,25.0
2016-08-10,15.0,19.0,44.0,33.0,37.0,19.0,42.0,13.0,45.0,32.0,8.0,38.0,16.0,1.0,51.0,23.0,35.5,46.0,12.0,,4.0,48.0,38.5,,13.5,36.0,47.0,48.0,,9.0,25.0,7.0,15.0,3.0,21.5,6.0,5.0,2.0,28.0,10.0,31.0,,,,11.0,22.0,33.0,25.0,29.5,40.0,37.0,40.0,22.0,,44.0,,50.0,30.0,17.0,27.0
2016-08-11,32.0,34.0,41.0,19.5,37.5,1.0,44.0,10.0,49.0,29.0,7.0,41.0,3.0,12.0,43.0,20.0,37.0,46.0,31.0,,2.0,51.0,44.0,,25.0,32.0,47.0,45.0,,16.0,20.0,4.0,25.0,23.0,8.0,9.0,6.0,5.0,35.0,11.0,35.0,,,,14.0,17.0,18.0,15.0,27.0,25.0,38.5,37.5,13.0,,46.0,,47.0,21.5,27.0,30.0
2016-08-12,14.0,29.0,35.0,26.5,44.0,6.0,15.0,13.0,38.0,29.0,16.0,39.5,18.0,9.0,49.0,11.0,34.0,46.0,32.0,,3.0,45.0,45.5,,41.0,34.0,51.0,30.0,,8.0,38.0,20.5,18.0,11.0,5.0,4.0,2.0,1.0,27.0,11.0,39.0,,,,7.0,22.0,18.0,24.0,25.0,42.0,44.5,36.5,27.0,,21.0,,49.0,29.0,26.0,47.0
2016-08-15,21.0,24.0,42.0,48.0,42.0,5.0,44.0,29.0,51.0,5.0,7.0,42.0,25.5,11.0,47.0,21.0,35.0,45.0,27.0,,17.0,35.0,28.0,,31.0,18.0,37.0,31.0,,24.0,5.0,10.0,15.0,13.0,1.0,3.0,9.0,2.0,35.0,8.0,36.0,,,,12.0,21.0,18.0,38.0,30.0,43.5,33.5,36.0,45.0,,15.0,,50.0,15.0,26.0,40.0
2016-08-16,31.0,24.0,34.0,40.0,39.0,18.0,44.5,17.0,48.0,27.0,13.0,33.5,15.0,2.0,48.5,21.0,29.0,48.0,17.0,,3.0,50.0,37.5,,23.0,32.0,49.0,42.0,,12.0,29.0,11.0,19.0,9.0,1.0,6.0,7.0,5.0,37.0,9.0,30.0,,,,4.0,20.0,36.0,26.5,21.0,48.0,25.0,30.0,9.0,,40.0,,41.0,13.0,38.0,41.0
2016-08-17,12.0,24.0,35.0,41.0,46.0,10.0,40.0,23.0,51.0,35.0,5.0,28.0,12.0,4.0,47.0,32.0,34.0,47.0,40.0,,20.0,42.0,15.0,,20.5,31.5,35.0,42.0,,9.0,28.0,8.0,18.0,14.0,3.0,1.0,6.0,2.0,34.5,12.0,29.0,,,,7.0,18.0,30.0,36.0,16.0,44.0,39.0,43.0,23.0,,17.5,,50.0,21.0,33.0,42.0
2016-08-18,14.0,31.0,28.5,44.0,37.0,1.0,39.0,12.0,47.0,34.0,17.0,26.0,11.0,4.0,45.0,8.0,48.0,49.0,24.0,,24.0,35.0,16.0,,29.0,48.0,48.5,31.0,,10.0,26.0,19.0,22.0,5.0,6.0,7.0,3.0,9.0,40.0,2.0,22.0,,,,15.0,13.0,22.0,41.0,46.0,44.5,31.0,37.0,47.0,,18.0,,39.0,23.0,29.0,37.0
2016-08-19,2.0,27.0,23.5,41.0,32.0,7.0,31.0,18.0,46.0,43.0,14.0,47.0,5.0,11.0,49.0,22.0,33.0,46.0,23.5,,21.0,30.5,46.0,,20.0,32.0,48.0,35.0,,15.0,24.0,8.0,22.0,5.0,12.0,3.0,1.0,4.0,36.0,9.0,33.0,,,,9.0,17.0,37.0,30.0,17.0,40.5,14.0,43.0,44.0,,42.0,,39.0,19.5,44.0,26.0
2016-08-22,19.0,31.0,24.0,40.0,45.0,2.0,37.0,10.0,44.0,40.5,16.0,46.0,12.0,2.0,46.0,5.0,50.0,51.5,26.0,,25.0,40.5,42.5,,14.0,34.0,32.0,30.0,,17.0,32.0,18.0,23.0,4.0,2.0,9.0,8.0,6.0,17.0,20.0,23.0,,,,7.0,11.0,15.5,13.0,41.0,32.0,34.0,45.0,35.0,,25.0,,40.0,27.0,47.0,44.0
2016-08-23,32.0,21.0,23.0,39.5,39.0,13.0,31.5,18.0,43.0,6.0,28.0,10.0,32.0,1.0,40.0,17.0,35.0,45.0,27.0,,31.5,49.0,49.0,,20.0,36.0,50.0,21.0,,12.0,47.0,9.0,16.0,13.5,3.0,5.0,10.0,2.0,19.0,7.0,38.5,,,,4.0,44.0,8.0,34.0,19.0,42.0,30.0,27.0,29.0,,20.0,,30.0,34.0,49.0,36.5
2016-08-24,31.0,31.5,48.0,43.5,36.0,9.0,48.5,41.0,28.5,9.0,25.0,37.0,15.0,12.0,46.0,5.0,45.0,51.0,33.0,,21.5,35.0,44.0,,21.0,35.0,30.0,28.0,,28.0,31.0,10.0,21.0,19.0,3.0,6.0,4.0,2.0,14.0,8.0,24.5,,,,8.0,16.0,1.0,19.0,25.0,31.0,15.0,39.0,14.0,,38.0,,42.5,47.0,51.0,28.5
2016-08-25,32.0,28.0,46.0,42.0,42.0,7.0,46.0,28.0,7.0,44.0,15.0,36.0,19.0,17.0,41.0,3.0,49.0,52.0,47.0,,24.0,37.0,33.5,,15.0,38.0,49.0,30.0,,28.5,39.0,13.0,28.0,10.0,7.0,11.0,2.0,5.0,21.0,4.0,31.0,,,,22.0,13.5,1.0,22.0,33.0,36.0,17.0,36.0,16.0,,15.0,,47.5,8.0,42.0,26.0
2016-08-26,20.0,36.0,26.0,47.0,45.0,8.0,43.0,42.0,39.0,24.0,38.0,44.0,3.0,5.0,47.0,10.0,48.0,51.0,29.0,,17.5,45.0,24.0,,18.0,33.0,35.0,18.0,,2.0,33.0,32.0,41.0,11.0,14.0,1.0,6.0,4.0,11.5,8.0,18.0,,,,30.0,13.0,25.0,15.0,26.0,37.0,46.0,32.0,21.0,,27.0,,29.5,21.0,7.0,47.0
2016-08-29,48.0,20.0,38.0,39.0,51.0,5.0,29.0,7.0,36.0,34.0,30.0,13.0,15.0,22.5,36.0,3.0,43.0,51.0,24.0,,2.0,48.0,27.0,,36.0,13.0,7.0,13.0,,30.0,48.5,15.0,19.0,16.0,4.0,7.0,1.0,12.0,35.0,10.0,43.0,,,,41.0,45.0,31.5,26.0,25.0,42.0,39.0,40.0,15.0,,20.0,,29.5,9.0,36.0,30.0
2016-08-30,25.5,12.0,36.0,44.0,38.0,16.0,50.0,20.0,46.5,33.0,4.0,33.0,9.0,31.0,43.0,2.0,36.5,30.0,39.0,,18.0,50.0,14.0,,34.0,36.0,28.0,24.0,,16.0,46.0,8.0,44.0,13.0,21.0,1.0,7.0,11.0,8.0,3.0,40.0,,,,33.0,5.0,6.0,27.5,14.0,49.0,34.5,37.0,30.0,,22.0,,40.0,22.0,48.0,19.0
2016-08-31,22.0,34.0,46.0,44.0,25.0,4.0,44.5,12.5,46.0,10.0,18.0,30.0,21.0,23.0,36.0,6.0,37.5,47.0,42.0,,15.0,51.0,21.0,,31.0,27.0,48.0,17.0,,26.0,43.0,23.0,25.0,4.0,11.0,1.0,11.0,8.5,12.0,3.0,49.0,,,,21.0,11.0,7.0,15.0,30.0,2.0,38.5,39.0,29.0,,33.0,,38.0,29.0,43.0,45.0
2016-09-01,11.0,25.0,46.0,47.0,27.0,21.0,50.0,44.0,49.0,12.0,14.5,40.0,24.0,20.0,36.0,3.0,36.0,47.0,44.0,,22.0,39.5,18.5,,33.0,34.5,5.0,15.0,,17.5,47.0,8.0,28.0,4.0,7.0,10.0,2.0,6.0,1.0,9.0,26.0,,,,18.5,15.0,28.0,18.0,41.0,33.5,36.0,17.5,38.0,,32.0,,32.0,21.5,43.0,48.0
2016-09-02,20.0,30.0,43.0,39.0,28.5,8.0,40.0,29.5,45.0,6.0,24.0,45.0,17.0,21.5,46.5,5.0,43.0,33.0,34.0,,20.5,50.0,15.0,,50.0,40.0,25.0,3.0,,30.0,48.0,10.0,12.5,6.0,3.0,1.0,13.0,3.0,15.0,9.0,37.5,,,,33.0,13.0,17.0,11.0,23.0,38.5,27.0,18.0,45.5,,38.0,,32.5,41.0,29.0,33.0
2016-09-05,17.0,33.5,41.0,49.0,33.0,34.0,40.0,14.5,49.0,18.0,22.5,48.0,26.0,22.0,45.0,13.5,44.0,51.0,8.0,,11.0,46.0,26.0,,36.0,28.0,37.5,22.0,,29.0,31.5,6.0,16.0,3.0,1.0,8.0,5.0,11.0,2.0,4.0,27.0,,,,14.0,8.0,26.0,20.0,11.0,44.0,33.0,16.0,36.0,,36.0,,41.0,29.0,47.0,36.5
2016-09-06,13.0,9.0,49.0,30.0,37.0,48.0,27.0,1.0,43.0,6.5,19.0,10.0,45.0,29.0,37.0,4.0,42.0,44.0,23.5,,31.0,36.0,26.0,,49.0,35.0,26.5,17.0,,34.0,48.0,21.5,12.0,18.0,20.0,5.0,6.5,3.0,14.0,2.0,33.0,,,,16.0,25.0,8.0,12.0,23.0,41.0,41.0,12.0,43.0,,34.0,,22.0,30.0,37.0,45.5
2016-09-07,30.5,21.0,49.0,13.0,35.0,28.0,45.0,7.0,40.0,26.0,9.0,42.0,15.0,37.0,49.0,12.0,27.0,31.0,36.5,,21.0,35.0,21.0,,40.0,29.0,30.5,47.0,,32.5,45.0,4.0,12.0,8.0,18.0,2.0,13.0,5.0,6.0,3.0,26.5,,,,1.0,25.0,41.0,15.0,17.0,39.0,33.0,21.0,30.5,,48.0,,10.0,24.0,50.0,46.0
2016-09-08,43.0,4.0,36.0,48.0,32.0,25.0,45.0,29.0,45.0,13.0,11.0,40.0,20.0,41.5,28.0,9.0,31.5,36.0,34.0,,20.0,34.5,14.0,,37.5,26.0,35.0,45.5,,14.5,47.0,4.0,11.0,12.0,20.0,6.0,16.0,8.0,18.0,1.5,29.0,,,,6.0,16.0,5.0,32.0,35.5,41.0,49.0,1.5,25.0,,49.0,,22.0,40.0,28.5,34.5
2016-09-09,39.0,22.0,20.0,48.0,45.0,3.0,49.0,6.5,51.0,19.0,15.0,28.0,12.0,40.0,39.0,6.5,41.0,24.0,35.0,,30.0,41.0,11.0,,47.0,24.0,43.0,22.0,,36.5,32.0,15.0,19.0,17.0,15.0,5.0,1.0,9.0,19.0,2.0,25.0,,,,11.0,27.0,33.0,11.0,42.5,41.5,45.0,9.0,36.0,,24.0,,4.0,41.0,33.0,36.0
2016-09-12,32.0,20.0,36.0,15.0,48.0,30.0,41.0,7.0,46.0,12.0,12.0,28.0,21.0,43.0,42.0,3.0,44.0,40.0,22.0,,27.0,50.0,34.0,,51.0,24.0,26.0,20.0,,33.0,43.0,17.0,10.0,15.0,9.0,10.0,5.0,1.0,17.0,14.0,38.0,,,,5.0,24.5,19.0,2.0,25.5,45.0,41.0,7.0,33.0,,37.0,,5.0,43.0,31.5,36.0
2016-09-13,33.5,12.0,28.0,43.0,36.5,22.0,42.5,11.5,47.0,25.5,28.0,39.0,42.0,44.0,42.5,14.0,46.5,42.0,34.0,,18.0,40.0,2.0,,45.0,28.0,50.0,42.0,,21.0,49.0,18.0,21.0,11.5,8.0,2.0,8.0,4.0,25.5,16.0,6.0,,,,2.0,5.0,22.0,7.0,31.0,29.0,51.0,15.0,31.0,,36.0,,17.5,31.0,9.0,23.5
2016-09-14,26.0,24.0,41.0,32.0,49.0,16.0,50.0,28.5,40.0,20.0,14.0,19.0,34.5,16.0,35.0,2.0,44.0,46.0,34.5,,34.0,40.0,3.0,,42.0,45.0,35.0,22.0,,31.0,46.0,14.0,22.0,5.0,13.0,4.0,11.0,7.0,14.0,6.0,26.0,,,,18.0,9.0,17.0,1.0,39.0,47.0,46.0,8.0,37.5,,30.5,,11.0,28.0,26.0,39.0
2016-09-15,48.5,16.0,19.0,32.0,47.0,42.0,49.0,37.5,48.0,15.0,15.0,35.0,44.0,45.0,38.0,5.0,40.0,43.0,27.0,,28.0,26.0,43.0,,2.0,27.0,47.0,32.5,,6.0,31.0,20.0,23.0,8.0,7.0,11.0,3.0,10.0,15.0,1.0,29.5,,,,9.0,3.0,25.0,21.0,12.0,32.0,36.0,30.0,18.0,,38.0,,12.0,46.0,34.5,21.0
2016-09-19,37.0,35.0,12.0,47.0,31.0,49.0,51.0,38.5,48.5,3.0,32.5,23.0,43.5,30.0,42.5,13.0,48.0,44.0,29.0,,29.0,35.0,1.0,,16.0,18.0,26.0,47.0,,20.0,41.0,8.0,19.0,7.0,13.0,10.0,5.0,5.0,8.0,3.0,41.0,,,,14.0,2.0,21.0,13.0,19.0,39.0,44.0,24.0,32.0,,25.5,,26.0,15.0,29.0,37.0
2016-09-20,38.0,29.0,22.0,42.0,39.0,48.0,26.5,1.5,29.0,7.0,22.5,24.0,50.0,34.5,42.0,7.0,44.0,15.0,44.0,,35.0,47.0,20.0,,9.0,50.0,51.0,46.0,,28.5,40.0,15.0,7.0,1.5,24.0,5.0,20.0,4.0,16.0,12.0,39.0,,,,16.0,3.0,32.0,10.0,19.5,33.0,31.5,14.0,42.0,,33.0,,20.0,23.5,9.0,36.0
2016-09-21,34.0,24.0,18.0,31.0,51.0,47.5,43.0,8.0,27.5,23.0,12.5,38.0,43.5,44.0,42.0,37.0,47.0,49.0,3.0,,22.0,44.0,20.0,,39.0,42.0,49.0,40.0,,29.0,32.0,31.0,27.0,8.0,15.0,1.0,15.0,2.0,7.5,5.0,34.5,,,,11.0,4.0,15.0,8.0,18.0,37.0,36.0,11.0,28.0,,31.0,,14.0,24.0,18.0,11.0
2016-09-22,26.0,7.0,13.0,40.0,47.0,46.0,43.0,7.0,29.0,25.0,20.5,30.0,42.5,37.0,41.0,11.0,24.0,46.5,49.0,,33.0,44.0,15.0,,4.0,3.0,5.0,48.0,,22.0,36.0,25.0,20.0,5.0,17.0,2.0,35.0,11.0,12.0,15.0,19.0,,,,28.0,19.0,2.0,39.5,9.0,33.0,46.0,7.0,30.5,,40.0,,23.0,38.0,30.0,47.5
2016-09-23,43.0,11.0,31.5,25.0,50.0,38.0,36.0,6.0,15.0,37.0,17.0,26.5,33.0,46.0,37.0,2.0,46.0,50.0,33.0,,31.0,42.0,23.0,,29.0,48.0,18.0,35.0,,24.0,26.5,20.0,22.5,18.0,7.0,4.5,6.0,3.0,15.0,1.0,44.0,,,,14.0,14.0,29.0,27.0,12.0,48.0,45.0,9.0,22.0,,40.5,,9.0,36.0,7.0,46.0
2016-09-26,8.0,25.0,6.0,37.0,42.0,10.0,42.0,20.0,31.5,33.0,2.0,28.0,38.0,35.0,47.0,30.0,21.0,16.0,30.5,,4.0,12.0,27.5,,30.0,45.0,50.0,49.0,,44.0,36.0,24.5,27.0,14.0,1.0,10.0,18.0,9.0,12.0,4.0,39.0,,,,30.0,20.0,3.0,7.0,16.0,48.0,37.0,28.0,16.0,,38.0,,18.0,47.0,41.0,50.5
2016-09-27,39.0,10.0,21.0,48.0,49.0,39.0,30.0,18.0,35.0,35.0,5.0,39.0,39.0,42.0,36.0,18.0,51.0,8.0,42.0,,26.0,21.0,29.0,,44.0,45.0,1.5,45.0,,24.0,46.0,18.0,8.0,14.0,3.0,6.0,11.0,3.0,18.0,1.5,33.0,,,,21.0,13.0,16.0,12.0,22.0,28.0,32.0,25.5,24.0,,27.0,,8.0,43.0,45.0,37.0
2016-09-28,49.5,2.0,8.0,33.0,47.0,49.0,39.5,37.0,46.0,33.0,39.0,24.0,42.0,33.0,24.0,27.0,43.0,16.0,24.0,,24.0,41.0,42.5,,13.0,49.0,18.0,37.5,,27.0,51.0,11.0,4.0,16.5,8.0,10.0,33.0,1.0,8.0,6.0,4.0,,,,31.5,4.0,14.0,29.0,25.5,14.0,30.0,19.0,12.0,,36.5,,18.0,45.0,25.0,21.0
2016-09-29,49.0,28.5,33.0,47.0,44.0,38.0,40.0,26.0,4.0,13.0,30.0,38.0,10.0,46.0,27.0,29.0,23.0,5.0,50.0,,24.0,39.0,36.0,,30.0,42.0,9.0,31.0,,16.0,46.5,12.0,18.0,7.0,15.0,20.0,4.0,10.0,17.0,9.0,1.0,,,,24.0,13.0,4.0,21.0,22.5,34.0,48.0,35.0,2.0,,49.0,,16.0,40.0,42.5,36.0
2016-09-30,34.0,13.0,19.0,38.5,48.5,45.0,40.0,12.0,25.5,18.0,15.0,27.0,25.0,44.0,42.0,40.0,51.0,4.0,45.0,,18.0,29.0,24.0,,40.0,50.0,36.0,39.0,,11.0,39.0,17.0,14.0,6.0,1.0,5.0,7.0,10.0,33.0,3.0,2.0,,,,42.0,8.0,25.0,9.0,33.0,29.0,41.0,29.0,21.0,,48.0,,21.0,30.5,19.0,34.5
2016-10-03,16.0,3.0,13.0,45.0,42.0,30.0,42.0,3.0,33.0,28.5,4.0,31.5,26.0,50.0,36.0,21.0,39.0,13.0,22.0,,19.0,39.0,17.0,,43.0,42.5,27.0,43.0,,29.0,44.5,6.0,24.0,1.0,12.0,8.0,6.0,11.0,10.0,9.0,33.0,,,,28.0,24.0,3.0,15.0,49.0,46.0,51.0,47.0,20.0,,36.0,,20.0,27.0,35.0,28.0
2016-10-04,26.0,2.0,15.0,14.0,42.0,38.0,32.0,2.0,49.0,37.0,6.0,31.0,28.0,47.0,47.0,14.0,32.5,8.0,38.0,,19.0,35.0,26.0,,43.0,33.0,40.0,40.0,,22.0,12.0,8.0,28.5,10.0,3.0,11.0,24.0,5.0,15.0,17.0,23.0,,,,24.0,15.0,2.0,9.0,42.0,31.0,45.0,45.0,19.0,,49.0,,22.0,51.0,49.0,28.5
2016-10-05,25.0,2.0,17.0,33.5,41.0,41.0,36.0,5.0,43.0,41.0,12.0,24.0,23.0,14.0,22.5,43.0,38.0,26.0,30.5,,6.0,11.0,1.0,,33.0,47.0,35.5,50.0,,11.0,34.0,4.0,18.0,7.0,21.0,14.0,20.0,16.0,3.0,9.0,9.0,,,,42.0,28.0,20.5,10.0,45.0,38.0,51.0,48.0,24.0,,30.0,,30.0,33.0,39.5,48.0
2016-10-06,27.0,12.0,15.0,31.5,39.0,40.0,41.0,3.0,48.0,21.0,1.0,22.0,36.0,45.0,29.0,41.0,46.0,12.0,27.0,,14.5,24.0,10.0,,29.0,40.0,35.5,49.0,,7.0,33.0,18.0,21.0,6.0,17.0,4.0,8.0,2.0,11.0,5.0,32.5,,,,23.5,24.0,13.0,11.0,40.5,35.0,51.0,37.0,18.0,,47.0,,26.0,30.0,44.0,45.0
2016-10-07,12.0,3.0,17.0,39.0,42.0,22.0,35.5,9.0,43.0,9.0,2.0,30.0,26.0,25.0,43.5,46.0,29.0,30.0,17.0,,17.0,32.0,17.0,,44.5,39.5,35.0,29.0,,11.0,40.0,7.0,20.0,1.0,9.0,15.0,26.0,5.0,13.0,13.0,23.0,,,,41.0,35.0,3.0,5.0,46.0,46.0,51.0,32.0,26.0,,42.0,,29.0,31.0,36.0,51.0
2016-10-11,6.5,20.0,26.0,21.0,38.0,43.0,48.0,3.0,51.0,47.0,11.0,24.0,41.0,17.5,36.0,23.0,22.0,9.0,10.0,,23.0,36.0,29.0,,34.0,51.0,44.0,41.0,,13.0,35.0,6.5,1.0,5.0,14.5,8.0,13.0,4.0,17.0,12.0,17.0,,,,26.0,46.0,20.0,2.0,44.0,41.0,35.0,42.0,29.0,,31.0,,34.0,34.5,46.0,30.0
2016-10-12,16.0,23.0,28.0,22.0,46.0,42.0,26.0,7.0,49.0,40.0,13.0,24.0,37.0,31.5,19.0,46.0,34.5,16.0,9.0,,21.0,36.5,27.5,,33.5,47.0,33.5,36.0,,15.0,32.0,4.0,15.0,3.0,2.0,6.0,18.0,1.0,19.0,12.0,30.0,,,,8.0,41.0,22.0,10.0,5.0,33.0,46.5,37.0,13.0,,48.0,,46.0,34.0,45.0,43.0
2016-10-13,24.0,21.0,21.0,45.0,41.5,26.5,44.0,11.0,40.0,39.5,8.0,30.0,30.0,45.0,41.5,32.0,33.0,24.0,18.0,,14.0,36.0,25.0,,37.0,44.0,17.0,17.5,,11.0,15.0,13.0,6.0,2.0,1.0,3.0,8.0,4.0,21.0,10.0,17.0,,,,39.0,37.0,27.0,5.0,34.0,47.0,46.5,8.0,27.0,,50.0,,39.0,30.5,50.0,42.0
2016-10-14,28.0,11.0,7.0,46.0,44.0,8.0,19.0,3.0,34.0,34.0,27.0,16.0,36.5,44.0,45.0,33.0,48.0,39.0,4.0,,18.0,36.0,22.0,,27.0,44.0,18.0,34.0,,14.0,26.5,12.0,1.0,13.0,5.0,2.0,21.0,6.0,21.0,10.0,41.0,,,,35.0,47.0,20.0,9.0,49.0,38.0,47.0,51.0,17.5,,41.0,,28.0,30.0,22.0,26.0
2016-10-17,22.0,27.0,16.0,37.0,48.0,2.0,20.0,5.0,41.0,48.0,8.0,16.0,34.0,42.0,46.0,38.0,42.0,39.0,6.0,,29.5,46.0,10.0,,25.0,44.0,31.0,33.0,,16.0,31.0,3.0,9.0,1.0,19.0,4.0,7.0,12.0,15.0,11.0,32.0,,,,35.0,16.0,20.0,12.0,44.0,30.0,49.0,51.0,26.5,,28.0,,22.0,35.5,27.0,42.0
2016-10-18,22.0,19.0,17.0,41.5,48.0,11.0,38.0,8.0,39.0,33.0,2.0,25.0,29.0,33.0,43.0,46.0,44.0,36.0,4.0,,11.5,23.0,18.0,,39.0,40.5,25.0,45.0,,15.0,25.0,3.0,13.0,1.0,7.0,9.0,19.0,6.0,18.0,10.0,27.0,,,,37.5,36.5,30.0,14.0,52.0,27.0,35.0,50.0,20.0,,44.0,,41.0,38.0,3.0,37.0
2016-10-19,21.0,10.5,46.5,47.0,36.0,18.0,38.5,14.0,48.0,37.0,7.0,17.0,29.0,38.0,51.0,41.0,44.0,34.0,4.0,,18.0,33.0,30.0,,37.0,37.0,20.0,45.0,,14.5,25.0,3.0,10.0,2.0,5.0,12.0,24.5,1.0,18.0,6.0,27.0,,,,28.5,8.0,22.0,9.0,38.0,37.0,50.0,51.0,21.0,,28.5,,34.0,27.0,12.0,45.0
2016-10-20,28.0,1.0,31.0,46.5,48.0,7.0,34.5,3.0,49.0,40.0,14.0,19.0,28.0,38.0,41.0,45.0,44.0,32.0,16.0,,20.0,28.5,16.0,,40.0,37.0,22.5,38.0,,18.0,39.0,15.0,12.0,5.0,2.0,5.0,8.0,10.0,22.0,8.0,25.0,,,,36.0,30.0,33.0,11.0,47.0,27.0,51.0,43.0,22.0,,46.5,,12.0,24.5,4.0,34.0
2016-10-24,25.0,5.0,30.0,47.0,45.0,22.5,41.0,13.0,46.0,44.0,7.0,23.5,19.0,31.5,28.0,45.5,48.0,43.5,2.0,,13.0,33.5,25.5,,35.0,41.0,23.0,28.0,,4.0,44.5,1.0,9.0,9.0,3.0,17.0,17.0,8.0,20.0,6.0,22.0,,,,39.0,16.0,18.0,11.0,37.0,28.0,49.0,48.0,13.0,,38.0,,25.0,33.5,37.0,42.0
2016-10-25,7.0,1.0,30.0,46.0,45.0,2.0,45.0,18.5,50.0,43.5,21.0,33.5,40.0,37.5,48.0,50.0,36.0,33.0,3.0,,4.0,18.0,27.0,,30.0,42.0,20.0,42.0,,12.5,40.0,11.0,9.0,10.0,8.0,5.0,14.0,15.0,16.0,6.0,25.0,,,,24.0,28.0,18.0,12.5,20.0,22.0,39.0,36.0,25.5,,46.5,,41.5,30.0,34.0,34.5
2016-10-26,16.0,20.0,23.5,35.0,45.0,21.0,36.0,2.0,48.0,46.0,13.0,25.0,32.0,29.0,42.5,39.0,47.0,40.5,7.0,,16.0,36.0,26.0,,32.5,36.0,24.0,42.0,,15.0,30.0,5.0,8.0,13.0,6.0,3.0,28.5,10.0,1.0,4.0,23.0,,,,29.0,24.0,21.0,11.0,43.0,13.0,51.0,49.0,9.0,,49.0,,32.0,40.0,23.0,36.0
2016-10-27,14.0,18.0,21.0,35.0,38.5,19.0,37.0,8.0,49.0,31.5,4.0,24.5,30.0,34.0,47.0,40.0,45.0,34.5,1.0,,14.0,44.0,43.0,,44.5,34.0,23.0,30.0,,12.0,29.0,9.0,3.0,18.0,2.0,7.0,25.0,10.0,6.0,5.0,21.5,,,,30.0,31.0,19.0,11.0,41.5,12.0,51.0,45.0,27.5,,49.0,,41.0,24.0,21.0,38.0
2016-10-28,12.0,30.0,19.0,46.0,33.0,5.0,27.0,8.0,48.0,27.0,3.0,20.0,23.0,40.0,50.0,47.0,37.0,45.0,4.0,,27.0,18.0,44.0,,29.0,39.0,24.5,33.0,,9.0,22.0,7.0,10.0,12.5,6.0,16.0,41.5,1.0,2.0,12.0,14.5,,,,19.0,42.5,27.0,15.0,43.0,23.0,32.0,47.5,37.0,,44.0,,41.0,32.0,34.0,21.0
2016-10-31,23.0,32.0,13.0,39.0,36.0,25.0,17.0,2.0,44.0,43.0,6.0,36.0,14.0,35.5,52.0,50.0,31.0,31.0,1.0,,22.5,16.0,46.0,,48.0,33.0,14.0,43.0,,5.0,17.0,7.0,10.0,26.0,3.0,13.0,21.0,9.0,4.0,8.0,17.0,,,,36.0,36.5,33.0,19.0,44.0,13.0,49.0,46.0,22.0,,37.0,,31.0,39.0,29.0,28.0
2016-11-01,14.0,25.0,22.0,29.5,29.0,1.0,26.0,4.0,48.0,30.0,2.5,27.0,15.0,36.0,48.0,38.0,40.0,35.0,6.0,,7.0,13.0,42.0,,24.0,47.0,29.0,40.0,,5.0,12.0,2.5,8.0,20.0,9.0,12.0,31.5,15.0,10.0,16.5,18.0,,,,34.0,38.0,22.0,20.0,48.0,35.5,46.0,51.0,26.0,,48.0,,47.0,34.0,28.0,43.0
2016-11-02,1.5,22.0,20.0,48.5,16.0,17.0,23.0,3.0,50.5,26.0,7.0,51.0,13.0,37.5,47.0,42.0,38.0,35.0,18.0,,12.0,32.0,45.0,,49.0,48.5,23.0,31.0,,13.0,24.5,16.0,8.0,30.0,10.0,20.0,23.0,5.0,6.0,9.0,4.0,,,,36.0,36.5,31.0,1.5,42.0,33.0,44.0,41.5,23.0,,30.0,,40.0,27.0,11.0,37.0
2016-11-03,15.0,11.0,12.0,31.5,41.0,20.0,24.0,3.0,45.5,39.0,5.0,17.0,17.0,22.0,37.0,46.0,37.0,40.5,4.0,,17.0,46.0,51.0,,48.0,36.0,27.0,23.0,,6.0,29.0,2.0,7.0,34.0,1.0,9.0,43.0,19.0,10.0,8.0,12.0,,,,30.0,45.0,23.5,14.0,48.0,36.0,29.0,39.0,41.5,,34.0,,23.5,28.5,20.0,38.5
2016-11-04,16.0,27.0,21.0,48.0,24.0,14.0,27.0,11.0,44.0,39.0,1.0,44.0,16.0,47.0,47.0,40.0,43.0,31.5,7.0,,19.0,28.0,35.5,,42.0,38.0,35.0,31.0,,2.0,11.0,6.0,9.0,22.0,4.0,11.0,26.0,19.0,8.0,5.0,13.0,,,,20.0,32.0,38.0,3.0,50.0,27.5,45.0,51.0,38.5,,34.0,,22.0,38.0,19.5,25.5
2016-11-07,14.0,26.0,18.0,48.0,46.5,8.0,24.0,2.0,50.0,49.0,4.0,46.0,11.0,31.0,47.0,43.0,41.0,29.0,18.5,,14.0,36.0,36.5,,24.0,28.0,34.0,31.0,,9.0,24.0,6.0,5.0,23.0,7.0,19.0,18.0,18.0,11.0,3.0,19.0,,,,21.0,38.0,40.0,1.0,35.0,11.0,46.0,47.0,41.0,,37.0,,39.0,28.0,18.5,35.0
2016-11-08,17.0,31.0,32.0,35.0,45.0,12.0,26.0,11.0,50.0,40.0,12.0,38.0,19.0,31.0,50.0,35.0,42.0,23.5,5.0,,24.0,29.5,49.0,,41.0,39.5,32.0,18.0,,4.0,41.0,8.0,10.0,22.0,3.0,14.0,25.0,15.0,6.0,7.0,1.0,,,,23.0,39.0,37.0,2.0,47.0,32.5,45.5,45.0,30.0,,29.5,,9.0,23.0,27.5,16.0
2016-11-09,18.0,26.0,26.0,30.0,23.5,5.0,23.0,10.0,29.0,48.5,1.0,43.0,16.0,27.0,46.0,38.5,48.0,20.0,12.0,,21.0,24.5,51.0,,25.0,41.0,38.0,43.0,,9.0,31.0,7.0,8.0,20.5,6.0,14.0,34.0,15.0,4.0,11.0,2.5,,,,21.0,42.0,33.0,2.5,39.0,36.0,50.0,46.0,30.0,,40.0,,27.0,35.0,14.0,31.0
2016-11-10,3.0,31.5,8.0,32.0,32.0,1.0,29.5,10.0,43.5,48.0,9.0,31.0,23.5,19.0,47.0,45.0,43.0,27.5,4.0,,20.5,24.0,50.0,,46.0,19.0,35.0,38.0,,18.0,17.0,13.0,5.0,26.0,2.0,24.0,35.0,12.0,6.0,7.0,15.0,,,,26.0,45.0,22.0,16.0,44.0,14.0,51.0,42.0,28.0,,40.0,,37.0,33.0,10.0,40.0
2016-11-11,11.0,24.0,22.0,39.0,39.0,4.0,29.0,7.0,44.0,50.0,12.0,31.0,28.5,18.0,49.0,45.0,33.0,31.0,16.0,,14.5,24.0,47.0,,49.0,28.5,37.0,27.0,,11.0,26.0,17.0,9.0,25.5,2.0,11.0,41.0,15.0,5.0,6.0,1.0,,,,37.0,36.5,30.5,3.0,45.0,27.0,51.0,40.0,23.0,,22.5,,27.0,37.0,8.0,40.0
2016-11-14,16.0,27.0,19.0,40.0,38.0,4.0,34.0,2.0,48.5,44.0,6.0,40.0,14.0,26.0,42.5,41.0,37.0,21.0,8.0,,20.0,26.0,52.0,,50.0,26.0,37.0,29.5,,23.0,32.0,3.0,1.0,43.0,5.0,13.0,41.0,15.0,10.0,7.0,10.0,,,,21.0,32.0,29.0,10.0,46.0,14.5,50.0,49.0,34.0,,27.0,,19.0,41.0,14.0,22.0
2016-11-15,11.0,25.0,23.0,44.0,43.0,4.0,32.5,12.0,50.0,42.0,7.0,36.0,29.5,24.0,45.5,45.0,40.5,20.0,2.0,,14.0,30.0,47.0,,24.0,34.0,27.0,40.0,,20.0,27.0,18.0,3.0,32.0,15.0,10.0,46.0,18.0,6.0,5.0,1.0,,,,35.0,30.0,23.5,8.0,49.0,16.5,49.0,44.0,23.0,,37.0,,13.0,37.0,9.0,31.0
2016-11-16,16.0,36.0,28.0,40.0,20.0,2.0,7.0,13.0,44.0,36.0,3.0,46.5,30.0,23.0,50.0,44.0,32.0,20.0,6.0,,19.0,21.5,47.0,,32.0,50.0,45.5,41.0,,10.0,40.0,15.0,9.0,34.5,5.0,16.0,35.0,12.0,4.0,8.0,1.0,,,,20.0,34.0,38.0,24.0,44.0,22.0,48.0,30.0,27.0,,37.0,,14.0,36.0,11.0,25.0
2016-11-17,4.0,30.5,16.0,35.0,30.5,2.0,31.0,13.0,38.0,37.5,17.0,47.5,3.0,18.0,33.0,43.0,49.0,44.0,1.0,,21.0,29.5,44.0,,49.0,29.0,23.0,36.0,,21.0,42.0,14.0,8.0,37.5,9.0,16.5,35.0,21.0,7.0,5.0,26.0,,,,44.5,42.0,17.0,10.0,38.0,20.0,48.0,41.0,34.0,,15.0,,11.0,25.0,6.0,31.0
2016-11-18,9.0,33.0,35.0,47.0,24.0,2.0,38.5,10.0,37.5,42.0,11.0,45.0,3.5,26.5,38.5,35.0,40.5,16.0,1.0,,26.0,38.5,49.0,,51.0,16.0,36.0,30.0,,15.0,40.0,29.0,6.0,32.5,7.0,11.0,29.0,15.0,8.0,5.0,15.0,,,,23.0,42.0,32.0,19.0,43.0,20.0,47.0,43.0,32.0,,29.0,,16.0,20.0,3.5,22.0
2016-11-21,11.0,28.5,34.0,46.5,21.5,12.0,37.0,6.0,48.5,30.0,15.0,24.0,9.0,39.0,48.0,36.0,42.0,46.0,8.0,,26.0,20.0,50.0,,39.0,28.0,35.0,37.0,,19.0,23.0,31.0,4.0,42.0,9.0,2.0,30.0,18.0,1.0,5.0,18.0,,,,30.0,24.0,26.5,18.0,45.0,15.0,48.0,44.0,30.0,,47.0,,7.0,16.0,3.0,12.0
2016-11-22,8.0,38.0,29.0,47.0,26.0,4.0,33.5,1.0,46.0,39.0,5.0,20.0,22.0,23.0,26.0,39.0,42.5,44.0,17.0,,24.0,34.0,49.0,,40.0,28.0,35.0,46.0,,30.0,48.0,26.0,6.0,42.0,10.0,3.0,35.0,15.5,2.0,7.0,14.5,,,,25.0,15.0,18.0,9.0,36.0,12.0,50.0,45.0,21.5,,29.0,,11.0,33.0,15.0,18.0
2016-11-23,10.0,38.0,27.0,41.0,28.5,7.0,28.0,2.0,50.0,39.0,4.0,37.0,14.0,24.0,31.0,38.0,45.0,47.0,3.0,,12.0,31.0,49.5,,44.0,24.0,30.0,32.0,,38.0,42.0,34.0,8.0,34.0,1.0,21.0,42.5,10.0,5.0,6.0,12.0,,,,21.5,21.0,18.0,10.0,37.0,14.0,51.0,31.5,30.0,,39.0,,20.5,17.0,16.0,26.0
2016-11-24,10.0,40.0,21.5,46.0,28.0,23.0,27.0,1.0,47.0,36.0,8.0,26.0,14.0,19.0,46.0,46.0,41.0,22.0,9.0,,37.0,43.5,47.0,,31.0,19.0,32.0,18.0,,29.0,40.0,27.0,6.0,23.0,13.0,16.0,38.0,19.0,4.0,2.0,12.0,,,,42.0,35.0,32.0,17.0,42.5,29.5,50.0,23.0,39.0,,47.0,,5.0,7.0,3.0,11.0
2016-11-25,8.0,42.0,26.0,44.5,36.0,16.0,38.0,2.0,28.5,47.5,14.0,38.0,17.5,14.0,37.0,33.0,42.0,22.0,22.0,,38.0,21.0,46.0,,49.0,12.0,29.0,42.0,,26.0,41.0,33.0,6.0,35.0,9.0,3.0,48.0,27.5,1.0,7.0,23.0,,,,23.0,24.0,10.0,19.0,42.5,41.0,51.0,22.0,28.0,,30.0,,4.0,12.0,5.0,11.0
2016-11-28,11.0,43.5,21.0,37.5,29.0,12.0,37.0,1.0,40.5,46.0,2.0,50.0,23.0,10.0,32.5,41.0,22.0,21.5,26.0,,33.0,50.0,43.0,,45.0,8.0,32.0,41.5,,26.0,43.0,33.0,9.0,18.0,5.0,7.0,35.0,31.0,3.0,6.0,17.0,,,,20.0,27.0,19.0,17.0,47.0,23.0,47.0,41.0,35.5,,27.0,,13.0,14.0,4.0,22.5
2016-11-29,8.0,30.5,25.0,41.0,47.0,14.0,23.0,9.0,49.0,43.0,2.0,49.0,26.0,19.0,31.5,42.5,27.0,24.0,20.0,,37.0,51.0,46.0,,42.0,15.0,33.0,33.0,,30.0,38.0,35.0,4.0,29.5,12.0,5.0,50.0,34.0,6.0,3.0,1.0,,,,19.0,20.0,11.0,16.0,35.0,30.0,46.0,15.0,38.0,,35.0,,10.0,15.5,7.0,17.0
2016-11-30,1.0,44.0,13.0,34.0,35.0,6.0,37.0,14.0,49.0,40.0,10.0,48.0,22.0,4.0,25.0,46.0,40.0,37.0,25.0,,22.0,50.0,45.0,,45.0,15.0,42.0,36.5,,29.0,36.0,35.5,2.0,30.5,5.0,3.0,40.0,28.0,9.0,7.0,19.0,,,,25.0,20.0,8.0,22.0,37.0,11.0,49.0,15.0,33.0,,31.0,,17.0,26.0,12.0,18.0
2016-12-01,12.0,45.0,29.0,22.0,19.0,13.0,3.5,2.0,34.0,30.5,9.0,41.0,17.0,1.0,25.0,36.0,18.0,42.0,20.0,,33.5,30.0,49.0,,50.0,34.0,41.0,38.0,,28.5,47.0,24.0,6.0,29.0,14.0,40.5,45.0,26.0,3.5,11.0,7.0,,,,38.0,18.0,25.0,9.0,47.0,31.0,51.0,14.0,41.0,,9.0,,18.0,32.0,5.0,35.0
2016-12-02,3.0,43.5,1.0,38.0,14.0,12.0,17.0,17.0,43.0,35.0,2.0,49.0,23.0,7.0,23.0,30.5,21.0,34.0,19.5,,33.0,47.0,50.0,,42.0,42.0,38.0,42.5,,32.0,37.5,27.5,6.0,35.0,23.0,5.0,40.0,27.0,9.0,4.0,10.0,,,,31.5,29.0,19.0,11.0,48.5,22.5,48.0,8.0,41.0,,27.0,,15.0,32.0,13.0,27.5
2016-12-05,13.0,45.0,20.0,43.5,33.0,7.0,23.0,11.0,41.0,38.0,5.0,50.0,30.0,4.0,30.0,28.0,32.0,20.0,10.0,,49.0,47.0,44.0,,47.0,49.0,42.0,41.0,,16.0,40.0,35.0,3.0,43.0,17.0,20.5,25.0,17.0,8.0,2.0,6.0,,,,33.0,19.5,1.0,27.0,34.0,17.0,38.0,9.0,36.0,,26.5,,13.0,25.0,12.0,23.0
2016-12-06,4.0,40.5,12.0,20.0,37.5,16.0,32.5,15.0,31.5,34.0,18.0,49.0,23.0,5.0,32.0,27.0,40.0,24.0,28.0,,38.5,49.0,48.0,,51.0,48.0,43.0,41.0,,28.0,35.0,13.5,2.0,41.0,1.0,6.0,44.0,27.0,7.5,3.0,11.0,,,,33.0,21.0,18.0,7.5,37.0,18.0,42.0,9.0,34.5,,36.0,,13.5,20.0,10.0,28.0
2016-12-07,10.0,48.0,25.5,35.5,29.5,15.0,32.0,16.0,48.0,45.0,19.0,47.0,23.0,1.0,20.0,30.0,37.0,22.0,26.0,,32.0,42.0,47.0,,50.0,23.5,44.5,39.0,,40.0,35.0,43.0,3.0,37.0,8.0,2.0,42.0,29.0,11.0,4.0,7.0,,,,6.0,16.0,23.0,14.0,30.0,20.0,43.0,5.0,38.0,,24.0,,12.0,13.0,9.0,27.0
2016-12-08,20.5,44.0,14.0,35.0,40.0,16.0,22.0,19.0,50.0,37.0,32.0,50.0,29.0,2.0,19.0,24.0,30.0,12.0,11.0,,28.5,48.0,46.0,,37.0,47.0,47.0,45.0,,39.0,29.0,34.0,5.0,45.0,12.0,8.0,33.0,43.5,4.0,1.0,6.0,,,,7.0,3.0,22.5,11.0,37.0,20.0,37.0,9.0,26.0,,25.0,,15.0,30.0,17.0,33.0
2016-12-09,26.5,38.0,26.0,42.0,35.0,1.5,36.0,14.0,45.0,34.0,3.0,44.5,13.0,10.0,13.0,25.0,39.0,30.0,19.0,,51.0,49.0,27.0,,49.0,31.0,47.0,38.5,,46.0,32.0,30.5,5.0,41.0,12.0,1.5,47.0,29.0,16.0,8.0,6.0,,,,39.0,9.0,19.0,7.0,31.0,26.0,30.0,4.0,22.0,,13.0,,29.5,22.0,19.0,19.0
2016-12-12,37.0,49.0,9.0,12.0,27.0,20.0,43.0,8.0,45.0,30.0,27.0,51.5,23.0,5.0,29.0,17.5,37.0,39.0,7.0,,33.5,41.0,15.0,,49.0,21.5,45.0,38.5,,48.0,39.0,41.0,4.0,42.0,2.0,11.0,27.5,25.0,6.0,3.0,13.0,,,,36.0,12.0,24.0,16.0,16.0,37.0,35.0,1.0,28.0,,37.0,,33.0,13.0,20.0,26.0
2016-12-13,6.0,49.0,26.0,19.0,10.0,14.0,40.0,16.0,46.0,40.0,9.0,44.0,34.0,3.0,23.0,21.0,37.0,44.0,6.5,,28.5,51.0,33.0,,45.0,33.0,40.0,23.0,,43.0,28.0,27.0,1.0,42.0,2.0,10.0,49.0,16.0,13.0,16.0,5.0,,,,32.0,28.0,34.0,5.0,32.0,37.0,29.0,12.0,6.0,,43.0,,18.0,29.0,21.0,32.0
2016-12-14,38.0,49.0,26.0,31.5,20.0,7.0,45.0,20.0,45.0,36.0,8.0,42.0,24.0,5.0,2.0,6.0,17.0,42.0,14.0,,36.0,43.0,29.0,,37.5,3.0,48.0,46.5,,45.5,26.0,39.0,1.0,43.0,24.0,10.0,49.0,24.0,4.0,13.0,14.0,,,,29.0,38.0,35.0,10.0,32.0,38.5,10.0,16.5,23.0,,35.5,,20.0,20.0,14.0,27.0
2016-12-15,39.0,28.0,29.0,39.5,16.0,12.0,44.0,16.0,48.0,38.0,35.0,40.0,33.0,5.0,24.0,14.0,33.0,40.5,20.0,,23.5,45.0,24.0,,51.0,10.0,47.0,50.0,,48.0,23.5,41.0,3.0,39.0,7.0,14.0,50.0,13.5,6.0,4.0,1.5,,,,34.0,27.0,11.0,8.0,31.0,31.0,20.0,1.5,24.0,,24.0,,19.0,25.0,9.0,30.0
2016-12-16,27.5,49.0,31.0,43.0,11.0,16.0,39.0,13.0,50.0,36.5,3.5,38.0,20.0,3.5,27.0,8.0,32.0,11.0,25.0,,44.5,47.0,44.0,,52.0,11.0,50.0,33.0,,47.0,32.0,21.0,6.0,38.0,23.0,15.0,41.0,39.0,1.0,12.0,2.0,,,,27.0,6.0,5.0,24.0,25.0,29.0,18.0,11.0,37.0,,34.5,,17.5,28.5,20.0,35.5
2016-12-19,41.0,39.5,27.0,44.0,15.0,16.0,43.0,28.0,49.0,35.0,19.0,49.0,30.0,4.0,26.0,7.0,38.0,40.0,13.0,,28.0,46.0,40.0,,35.5,34.0,51.0,46.0,,48.0,18.0,38.5,5.0,33.0,2.0,6.5,46.0,20.0,3.0,9.0,1.0,,,,23.0,21.0,23.0,7.0,34.0,26.0,11.0,10.0,30.0,,14.0,,19.0,18.0,12.0,28.0
2016-12-20,42.0,39.0,9.0,23.0,15.0,4.0,39.0,5.0,46.0,31.0,35.0,42.0,27.0,24.0,31.0,22.0,44.0,15.0,25.0,,45.5,48.0,45.0,,37.0,11.0,51.0,37.5,,33.0,43.5,40.0,18.0,43.0,16.0,10.0,27.0,34.5,2.0,13.0,1.0,,,,13.0,6.0,8.0,7.0,46.0,19.0,3.0,12.0,23.0,,38.0,,27.5,30.0,19.0,33.0
2016-12-21,43.0,48.5,20.0,44.0,5.0,11.0,6.0,13.0,24.0,32.0,48.0,49.0,18.0,3.0,29.5,17.5,46.0,24.5,13.0,,39.0,45.0,50.0,,41.0,42.0,45.5,38.0,,19.0,25.0,34.0,23.0,39.5,8.0,16.0,36.0,11.0,1.0,9.0,14.0,,,,4.0,6.0,2.0,20.0,28.0,35.0,28.0,10.0,32.0,,43.0,,26.0,25.5,29.0,33.0
2016-12-22,40.0,45.0,29.5,33.0,6.0,8.0,43.0,18.0,39.0,3.5,26.0,41.0,34.5,15.0,25.5,11.0,46.0,34.0,29.0,,36.0,48.0,43.5,,50.0,21.0,50.0,36.0,,24.0,44.0,35.5,21.0,50.0,13.0,2.0,38.0,21.0,3.5,16.0,9.0,,,,1.0,5.0,12.0,14.0,10.0,25.5,20.0,7.0,18.0,,42.0,,23.0,27.0,27.0,34.0
2016-12-23,22.0,27.0,23.0,14.0,12.0,14.0,41.0,14.0,38.0,42.5,36.5,34.0,19.0,10.0,20.0,36.0,42.0,45.0,4.0,,19.0,39.0,37.0,,49.0,8.0,48.0,44.0,,31.0,35.0,30.0,23.0,47.0,27.0,11.0,28.0,46.0,2.0,6.0,1.0,,,,19.0,3.0,5.0,15.0,34.0,7.5,21.5,8.0,23.0,,48.0,,33.0,36.0,26.0,44.0
2016-12-28,36.5,48.0,30.0,37.0,11.0,1.5,33.0,5.0,33.0,21.0,27.5,33.0,28.0,4.0,15.0,22.0,37.5,25.0,37.0,,26.0,47.0,41.0,,51.0,20.0,50.0,31.0,,45.0,42.0,13.0,18.0,46.0,27.0,1.5,17.5,15.0,9.0,15.0,8.0,,,,6.0,17.0,12.0,23.0,34.0,31.0,24.0,3.0,50.0,,43.0,,8.0,43.0,10.0,39.0
2016-12-29,45.5,45.0,24.0,17.0,17.0,6.0,33.0,24.0,43.0,36.0,46.0,27.0,13.0,2.0,34.0,29.0,42.0,23.0,30.0,,19.5,48.0,39.0,,46.0,15.0,45.0,48.5,,39.0,37.5,13.0,13.0,32.5,3.0,6.0,23.0,7.0,11.0,10.0,19.5,,,,9.0,6.0,1.0,21.0,15.0,43.0,23.0,4.0,40.0,,42.0,,34.0,26.0,47.0,29.0
2016-12-30,48.0,26.0,17.0,31.0,22.0,6.0,30.0,5.0,17.0,27.0,30.0,25.5,25.5,4.0,32.0,32.0,38.0,30.0,31.0,,15.0,41.0,43.0,,51.0,21.0,43.5,30.0,,46.0,34.0,2.0,10.0,49.0,1.0,3.0,42.0,10.0,14.0,18.0,7.0,,,,12.0,10.0,14.0,36.0,46.0,40.0,20.0,8.0,38.0,,46.0,,47.0,16.0,45.0,24.5
2017-01-03,39.0,43.0,1.0,21.0,26.0,7.0,41.0,15.0,27.0,18.0,33.0,31.5,14.0,34.0,25.5,42.0,44.0,39.5,28.5,,26.0,38.0,44.5,,51.0,2.0,49.0,48.0,,39.0,44.0,21.0,15.0,49.0,5.0,10.0,33.0,16.0,12.0,4.0,3.0,,,,8.0,16.0,18.0,9.0,33.0,11.0,23.0,6.0,30.5,,40.0,,45.0,26.0,27.0,29.5
2017-01-04,32.0,37.0,8.0,23.0,28.0,14.0,31.5,16.0,35.0,25.5,18.5,25.0,6.0,19.0,39.0,36.0,42.0,41.0,17.0,,27.0,48.0,45.0,,49.0,3.0,45.0,31.0,,47.0,36.0,11.0,11.0,51.0,2.0,7.0,44.0,21.0,12.0,5.0,1.0,,,,14.0,11.0,27.0,23.0,42.0,35.5,4.0,9.0,45.0,,47.0,,30.0,18.0,32.0,25.0
2017-01-05,36.5,37.0,13.0,19.5,19.0,11.5,33.0,24.0,40.0,23.0,30.0,32.0,32.0,2.0,4.5,26.0,36.0,16.0,45.0,,31.0,43.0,38.0,,45.0,16.0,46.0,47.5,,31.0,27.0,9.0,15.0,50.0,17.0,2.0,45.0,4.0,2.0,10.0,8.0,,,,11.5,25.0,6.0,21.0,48.0,29.0,21.0,7.0,38.0,,47.5,,41.0,25.5,43.0,21.0
2017-01-06,42.0,48.0,3.0,13.0,28.0,40.0,27.5,6.0,48.0,25.0,27.0,29.0,18.0,14.0,9.0,35.0,43.0,17.0,35.0,,43.0,37.0,43.0,,50.5,23.0,46.5,42.0,,34.0,38.0,19.0,20.0,50.0,2.0,4.0,31.0,18.0,9.0,7.0,17.0,,,,1.0,26.0,11.0,34.0,22.0,35.0,9.0,5.0,42.5,,48.0,,17.0,12.0,28.0,26.5
2017-01-09,51.0,41.0,3.0,23.0,26.5,6.0,31.0,7.0,49.0,19.0,25.0,27.5,14.0,22.0,19.0,43.0,28.0,1.0,40.0,,33.0,44.0,43.0,,46.0,19.0,47.0,46.0,,39.0,35.0,14.0,15.0,39.5,14.0,2.0,40.0,23.5,10.0,9.0,17.0,,,,8.0,33.0,11.0,36.0,12.0,30.0,4.0,5.0,47.0,,36.0,,27.0,25.0,36.0,27.0
2017-01-10,25.0,39.5,15.0,8.0,31.0,44.0,31.0,11.0,41.0,21.0,16.0,31.0,7.0,25.0,29.0,39.0,49.0,41.0,41.0,,31.5,38.0,49.0,,51.0,12.0,47.0,44.0,,44.0,20.5,8.0,13.0,46.0,25.0,5.0,34.0,18.0,4.0,9.0,12.0,,,,1.5,18.0,22.0,16.0,28.0,28.5,3.0,1.5,9.0,,44.0,,36.0,29.0,22.0,33.0
2017-01-11,31.0,34.0,28.0,9.0,23.0,21.0,31.0,21.0,47.0,31.0,39.0,31.0,19.0,30.0,35.0,49.0,50.0,38.0,13.0,,11.0,28.0,35.0,,48.0,3.0,44.0,36.0,,41.0,46.0,3.0,14.0,51.0,17.0,1.0,6.5,14.0,8.0,11.0,18.0,,,,5.0,10.0,24.0,16.0,22.0,36.0,6.5,3.0,31.0,,40.0,,43.0,21.0,45.0,42.0
2017-01-12,42.0,31.0,5.0,8.0,38.0,30.0,21.0,31.0,42.5,20.0,24.5,32.0,23.0,17.0,29.0,42.0,48.0,10.0,41.0,,28.5,29.0,28.0,,44.0,4.0,43.0,44.0,,43.0,39.0,12.0,8.0,48.0,16.0,1.0,15.0,6.0,3.0,2.0,18.0,,,,7.0,13.0,10.0,27.0,18.0,47.0,21.0,12.0,39.5,,46.0,,34.5,23.0,49.0,31.5
2017-01-13,31.0,6.0,12.0,5.0,39.0,21.0,33.0,18.0,43.0,31.0,49.5,17.5,16.0,18.5,39.5,43.0,49.0,27.0,43.0,,4.0,29.0,46.0,,50.0,10.0,48.0,45.0,,39.0,36.0,26.0,16.0,42.5,12.0,9.0,22.5,12.0,16.0,1.0,8.0,,,,2.0,21.0,24.0,31.0,26.0,39.0,14.0,7.0,36.0,,30.0,,30.0,3.0,43.0,33.0
2017-01-16,24.0,12.0,7.0,3.5,47.0,36.0,26.0,8.0,38.0,23.0,37.0,17.0,22.0,27.0,34.0,44.0,42.0,42.0,24.5,,20.0,39.0,47.0,,50.0,3.5,50.5,49.0,,28.0,32.0,25.0,29.0,41.0,8.0,2.0,36.0,18.0,17.0,7.0,10.0,,,,1.0,13.0,18.0,23.0,14.0,40.0,5.0,10.0,35.0,,42.0,,31.0,14.0,34.0,47.0
2017-01-17,33.0,14.0,2.0,11.0,39.5,27.0,46.0,18.0,41.0,24.0,32.5,20.0,17.0,2.0,35.5,47.0,33.5,33.0,48.0,,22.5,33.0,41.0,,38.0,17.0,50.0,43.0,,31.0,31.0,11.0,19.0,44.0,16.0,9.0,23.0,11.0,13.0,4.0,8.0,,,,6.0,19.0,23.0,25.0,29.5,37.5,7.0,5.0,29.0,,44.0,,39.5,2.0,49.0,42.0
2017-01-18,46.0,14.0,2.0,5.0,41.0,30.0,12.0,36.0,29.0,40.0,28.0,25.5,21.0,2.0,40.0,20.0,46.0,24.0,30.0,,20.0,34.0,50.0,,48.0,24.0,51.0,40.0,,43.0,47.0,21.0,27.0,43.0,22.0,9.0,12.0,18.0,17.0,11.0,7.0,,,,6.0,10.0,14.0,31.0,26.0,37.0,2.0,8.0,18.0,,41.0,,39.0,3.0,42.0,40.0
2017-01-19,38.0,15.0,7.0,8.0,41.0,35.0,13.0,29.0,24.0,37.0,35.0,28.0,9.0,2.0,39.0,19.0,46.0,24.0,32.0,,20.0,46.0,36.5,,45.5,31.0,50.0,46.0,,28.5,40.0,13.0,31.0,38.0,22.0,6.0,40.0,19.0,24.0,1.0,5.0,,,,11.0,13.0,16.0,4.0,31.0,37.5,3.0,10.0,32.0,,44.5,,23.0,17.0,44.0,46.0
2017-01-20,46.0,6.0,22.0,23.0,36.0,18.0,10.5,15.5,19.0,25.0,29.0,32.0,4.0,19.0,34.5,31.0,39.0,33.0,48.0,,45.0,19.0,40.0,,47.0,7.0,47.5,40.0,,37.0,50.0,10.5,39.0,51.0,29.0,5.0,43.0,32.0,13.0,12.0,1.0,,,,3.0,7.0,16.0,18.0,27.0,23.0,2.0,9.0,25.0,,47.0,,37.0,16.0,34.0,38.0
2017-01-23,39.5,2.0,15.0,29.0,33.0,29.0,21.0,22.0,14.0,27.0,18.0,40.0,12.0,23.0,33.5,36.0,36.0,40.0,33.0,,25.0,27.0,38.5,,42.0,10.0,46.5,24.0,,47.0,49.0,6.0,37.0,45.0,23.0,3.0,42.0,17.0,9.0,13.0,8.0,,,,1.0,7.0,18.0,36.5,5.0,49.0,4.0,10.0,41.0,,36.5,,21.0,14.0,46.0,51.0
2017-01-24,24.5,4.0,3.0,35.0,31.0,25.5,14.0,26.0,44.0,22.0,31.0,35.0,33.0,22.5,46.0,13.0,39.0,47.0,37.0,,27.0,7.0,32.5,,42.0,21.5,51.0,24.0,,17.0,43.0,14.0,51.0,41.0,19.5,23.5,38.0,10.0,13.0,15.0,2.0,,,,1.0,20.0,9.0,29.0,8.0,47.0,6.0,11.0,37.0,,41.0,,29.0,5.0,44.0,49.0
2017-01-25,30.0,6.0,7.0,42.0,39.0,33.0,14.0,34.5,35.0,40.0,19.5,21.0,31.0,13.0,31.0,19.0,45.0,25.0,39.0,,21.0,22.0,51.0,,42.0,27.0,49.0,23.0,,46.0,42.0,4.0,41.5,48.0,14.0,1.0,32.5,17.0,19.0,2.0,5.0,,,,3.0,25.0,11.0,35.0,12.0,44.0,15.0,9.0,27.0,,46.0,,10.0,8.0,35.5,44.0
2017-01-26,33.0,20.0,2.0,29.0,36.0,29.5,16.0,5.0,35.0,35.0,22.0,15.0,41.0,26.0,45.0,39.0,37.5,48.0,44.0,,24.5,15.0,40.5,,46.0,28.0,47.0,51.0,,28.0,39.5,13.0,40.0,22.0,5.0,3.0,27.0,25.0,18.0,7.0,8.0,,,,4.0,1.0,9.0,25.0,12.0,18.0,11.0,10.0,31.0,,45.0,,40.5,15.0,44.0,48.0
2017-01-27,49.5,19.0,12.0,20.0,27.0,21.0,18.0,2.0,30.0,25.0,33.0,30.0,24.0,32.0,25.0,31.0,43.0,51.0,40.0,,43.0,16.0,48.0,,44.0,5.0,43.5,35.0,,38.0,48.0,15.0,15.0,43.0,7.0,11.0,39.0,1.0,15.0,12.0,10.0,,,,4.0,35.0,28.0,29.0,8.0,46.0,3.0,6.0,8.0,,43.0,,23.5,23.0,46.0,36.0
2017-02-01,36.0,9.0,23.0,25.0,24.0,29.0,15.0,7.0,31.0,33.0,4.0,19.5,22.0,16.5,33.0,26.0,34.5,48.0,49.0,,35.5,12.0,44.0,,47.0,29.0,43.0,38.0,,47.0,48.0,1.0,25.0,33.0,14.0,6.0,2.0,18.0,33.0,3.0,11.0,,,,10.0,41.0,20.0,43.0,16.5,23.0,5.0,13.0,37.5,,41.0,,41.5,7.0,44.0,40.0
2017-02-02,33.0,22.0,7.0,12.0,26.0,34.0,24.0,21.0,34.0,39.5,19.0,19.0,3.0,19.0,40.0,30.0,39.0,50.0,38.0,,35.5,23.0,34.5,,43.0,34.5,45.0,29.0,,40.0,50.0,5.0,30.0,41.0,16.0,10.0,31.0,14.0,11.0,7.0,1.0,,,,13.0,22.0,16.0,8.0,15.0,43.0,2.0,7.0,34.0,,41.0,,46.0,4.0,46.0,47.0
2017-02-03,22.0,5.0,13.0,21.0,34.0,23.0,18.0,8.0,37.0,32.0,24.0,18.5,27.0,25.0,36.0,50.0,14.0,42.5,33.5,,25.0,30.0,47.0,,32.0,21.5,49.0,45.0,,43.0,46.0,10.0,24.0,45.0,15.0,1.0,40.0,11.0,18.0,7.0,11.0,,,,2.0,36.0,27.5,9.0,4.0,41.0,6.0,3.0,33.0,,40.0,,38.0,16.0,48.0,38.0
2017-02-06,45.0,12.0,17.0,4.0,40.0,24.0,32.0,15.0,28.0,27.0,9.0,15.5,35.0,33.0,23.0,13.0,29.5,43.0,43.0,,51.0,18.0,47.0,,49.0,25.5,45.0,40.0,,37.5,44.0,7.0,15.0,31.0,1.0,2.0,35.0,15.0,20.0,3.0,10.0,,,,8.0,27.0,19.0,31.0,12.0,36.0,5.0,25.0,22.5,,40.0,,49.0,6.0,40.0,50.0
2017-02-07,34.0,26.0,17.0,8.0,42.0,32.0,40.0,15.0,40.0,37.0,17.5,13.0,34.0,13.0,43.0,40.0,29.0,30.0,43.0,,47.0,22.0,33.5,,47.0,27.0,48.0,22.0,,39.0,44.0,4.0,8.0,34.0,10.0,6.0,49.0,23.0,24.0,2.0,1.0,,,,5.0,10.0,8.0,30.0,19.0,13.0,3.0,24.0,32.0,,50.0,,21.0,15.0,29.0,48.0
2017-02-08,24.0,2.0,25.0,5.0,42.0,22.0,39.5,17.0,27.5,30.0,15.0,30.0,34.0,18.5,28.5,42.0,27.0,51.0,34.0,,49.0,44.0,41.0,,47.0,26.0,38.0,47.0,,32.0,41.0,8.0,22.0,27.0,6.0,12.5,40.0,17.5,2.0,10.0,9.0,,,,7.0,27.5,2.0,23.0,11.0,31.0,4.0,12.5,18.0,,37.5,,44.0,14.0,37.0,49.5
2017-02-09,34.0,29.0,13.0,2.0,19.0,17.0,33.5,21.0,17.0,26.0,13.0,45.0,43.5,21.5,41.0,13.0,8.0,49.0,32.0,,49.0,29.5,43.0,,50.0,27.0,35.0,45.0,,32.0,35.0,17.0,32.5,25.0,5.0,15.0,42.0,2.0,24.0,11.0,19.0,,,,6.0,28.0,4.0,37.0,8.0,38.0,10.0,24.0,6.0,,38.5,,47.0,2.0,44.0,43.0
2017-02-10,37.0,23.0,17.0,3.0,34.5,15.5,27.0,17.0,42.0,20.0,20.0,20.0,44.0,10.0,31.0,38.0,12.0,41.5,16.0,,45.5,31.0,48.0,,51.0,41.0,37.0,47.0,,40.0,38.0,26.0,21.0,28.0,10.0,2.0,33.5,5.0,24.0,9.0,5.0,,,,1.0,43.0,7.0,46.0,4.0,24.0,14.0,27.0,9.0,,45.5,,39.0,12.0,31.0,49.0
2017-02-13,24.0,44.0,13.0,10.0,52.0,41.0,41.0,21.5,32.0,40.0,27.0,19.0,48.0,7.5,33.0,43.0,25.0,30.0,32.0,,50.0,45.0,30.0,,44.0,46.0,40.5,33.0,,39.0,28.0,7.0,35.0,16.0,9.0,19.0,5.5,12.0,4.0,3.0,17.0,,,,2.0,24.0,12.0,19.0,7.0,35.0,1.0,9.0,28.0,,47.0,,26.0,16.5,23.0,35.5
2017-02-14,35.5,21.0,11.0,20.0,46.0,44.0,2.0,15.0,28.5,40.0,17.0,48.0,40.0,15.0,22.0,38.0,46.0,38.5,26.0,,48.0,25.0,44.0,,51.0,44.0,38.0,33.0,,33.0,29.0,12.0,39.0,2.0,3.5,7.0,16.5,5.0,33.0,8.0,19.0,,,,10.0,32.0,13.0,22.0,2.0,34.5,16.0,5.0,9.0,,38.0,,28.0,25.0,29.0,45.0
2017-02-15,32.0,41.0,10.0,4.0,45.0,34.0,48.0,28.0,29.0,17.0,2.0,40.0,27.0,17.0,38.0,38.0,25.0,39.0,48.0,,46.0,31.0,15.0,,50.0,51.0,30.5,35.5,,24.0,21.0,21.0,41.0,5.0,8.0,11.0,14.0,1.0,9.0,6.0,22.0,,,,3.0,37.0,14.0,19.0,7.0,35.5,17.0,34.0,24.0,,38.5,,48.0,12.0,25.0,39.0
2017-02-16,43.0,41.0,2.0,17.0,24.0,22.0,33.0,23.0,39.5,41.0,6.0,30.0,47.0,25.0,47.0,17.0,34.0,47.0,44.0,,51.0,32.0,44.0,,41.0,47.0,23.0,23.0,,29.0,32.5,18.0,43.0,4.0,17.0,1.0,12.0,13.0,14.0,8.0,12.0,,,,7.0,32.5,25.0,29.0,3.0,35.0,5.0,14.0,12.0,,38.0,,18.5,9.0,31.0,48.0
2017-02-17,38.0,31.0,20.0,27.0,40.0,17.0,3.0,30.5,39.0,46.0,22.0,16.5,37.0,24.0,32.0,18.0,34.0,37.5,44.5,,49.0,22.0,49.0,,40.0,47.0,47.0,44.0,,26.0,24.0,11.0,41.0,4.0,12.0,1.0,14.0,16.0,3.0,9.0,26.5,,,,5.0,30.0,7.0,18.0,11.0,43.0,8.0,5.0,20.0,,30.0,,37.0,10.0,33.0,49.0
2017-02-20,43.0,49.0,35.5,19.0,39.0,7.0,11.5,21.0,32.0,36.0,9.0,34.0,26.0,34.0,28.0,25.0,21.0,51.0,44.5,,47.0,42.0,46.0,,46.0,34.0,37.0,32.0,,31.0,42.5,16.0,37.0,5.0,1.0,4.0,13.0,17.0,6.0,11.0,17.5,,,,2.0,35.0,17.0,30.0,13.0,42.0,8.0,3.0,23.0,,22.0,,24.0,9.5,47.0,29.5
2017-02-21,39.5,42.0,14.0,26.5,28.0,5.0,22.0,11.0,40.0,18.0,7.0,32.0,50.5,26.0,32.0,4.0,47.5,47.0,45.0,,47.0,34.0,46.0,,41.5,31.0,38.0,43.0,,17.0,37.0,10.0,19.0,19.0,9.0,1.0,17.0,19.0,16.0,2.0,13.0,,,,6.0,35.0,11.0,22.0,3.0,44.0,8.0,25.0,35.0,,31.0,,51.0,31.0,30.0,23.0
2017-02-22,41.0,49.0,38.0,30.0,48.0,23.5,14.0,17.0,27.0,28.0,19.0,13.0,28.0,22.0,21.0,12.0,31.0,48.0,45.0,,50.0,17.0,33.0,,8.0,39.0,28.0,30.0,,35.0,42.0,2.0,11.5,33.0,6.0,7.0,14.0,11.0,1.0,9.0,24.0,,,,3.0,41.0,22.0,44.0,4.0,49.0,5.0,16.0,44.0,,30.0,,38.0,19.0,41.0,47.0
2017-02-23,44.0,46.0,27.0,28.0,25.5,1.0,47.5,18.0,40.0,44.0,34.0,22.0,26.5,24.0,37.0,6.0,14.0,50.0,52.0,,50.0,22.0,37.0,,35.0,37.5,47.0,39.0,,23.0,30.0,8.0,17.0,25.0,6.0,12.0,18.0,17.0,12.0,5.0,2.0,,,,9.0,30.0,11.0,34.0,14.0,47.0,4.0,19.0,21.0,,43.0,,10.0,3.0,35.0,41.0
2017-02-24,46.0,42.0,20.0,33.0,34.0,8.0,13.0,35.0,25.0,20.0,21.0,48.0,5.0,24.0,28.0,2.0,39.0,44.0,47.0,,46.0,27.0,35.0,,32.0,43.0,31.0,40.5,,10.0,33.5,3.5,20.0,36.0,7.0,12.0,16.0,29.0,10.0,2.0,28.0,,,,17.0,26.0,3.0,42.0,13.0,50.0,15.0,5.0,35.0,,20.0,,20.0,10.0,48.0,48.0
2017-02-27,46.5,38.0,9.0,20.0,30.5,14.0,26.0,12.0,2.0,28.0,38.0,45.0,21.0,41.5,16.0,24.0,32.0,50.0,49.5,,44.0,27.0,41.0,,27.0,42.0,28.0,21.0,,33.0,34.0,5.5,18.0,33.0,4.0,11.0,29.0,17.5,1.0,3.0,10.0,,,,14.0,26.0,11.0,36.5,5.5,46.0,7.0,10.0,30.0,,45.5,,48.0,18.0,43.0,38.0
2017-02-28,45.0,50.0,41.0,21.0,31.0,11.0,15.5,12.0,9.0,37.0,27.0,26.0,35.0,39.0,12.0,16.0,33.0,48.0,48.0,,45.0,9.0,22.0,,28.5,39.0,48.0,27.0,,24.0,27.0,2.0,25.0,31.0,1.0,8.0,17.0,3.0,6.0,6.0,14.0,,,,21.0,45.0,35.0,46.0,5.0,42.0,16.0,19.0,31.0,,28.0,,35.0,4.0,40.0,50.0
2017-03-01,31.0,50.0,43.0,30.0,49.0,1.0,22.0,19.5,16.5,23.0,17.0,41.0,29.0,34.0,15.0,15.0,26.0,39.0,40.0,,38.0,11.0,30.0,,8.0,47.0,49.0,20.0,,34.0,35.0,3.0,26.0,36.0,24.0,7.0,28.0,2.0,6.0,8.0,13.0,,,,28.0,33.0,23.0,48.0,10.0,47.0,19.5,4.0,12.0,,37.0,,44.0,4.0,31.0,47.5
2017-03-02,24.0,42.5,10.0,10.5,9.0,4.0,24.0,27.0,29.0,20.0,18.0,48.0,12.0,34.0,4.0,10.0,49.0,49.0,42.0,,35.0,16.0,25.5,,37.5,47.0,45.0,39.0,,39.5,21.0,7.0,23.0,35.0,1.0,12.0,28.0,4.0,2.0,14.0,22.0,,,,30.0,33.0,19.0,43.0,6.0,46.0,27.0,32.0,14.0,,32.0,,48.0,17.0,39.0,42.0
2017-03-03,39.0,48.0,15.0,26.0,23.0,6.0,50.0,24.0,37.0,18.0,22.0,33.0,34.0,39.0,3.0,9.0,27.0,43.0,48.0,,33.5,12.0,28.5,,42.0,41.0,50.5,39.0,,43.0,10.0,18.0,28.0,30.0,23.5,13.0,16.0,38.0,4.0,1.0,2.0,,,,6.0,41.5,9.0,49.0,6.0,26.5,33.0,15.5,11.0,,28.0,,46.5,22.0,28.0,13.0
2017-03-06,46.0,32.0,15.0,6.0,36.0,11.0,44.0,24.0,32.0,50.0,34.0,12.0,45.0,48.0,24.0,26.5,50.0,38.0,50.0,,37.0,16.0,34.5,,37.0,34.0,39.0,40.0,,35.0,8.0,5.0,21.0,30.5,13.0,2.0,30.0,5.0,3.0,8.0,19.0,,,,10.0,19.0,14.0,43.0,1.0,24.0,25.0,6.0,22.0,,20.0,,40.0,29.0,18.5,48.0
2017-03-07,40.0,42.0,3.0,7.0,49.5,2.0,36.0,35.0,36.0,43.0,32.0,21.0,41.0,25.0,19.0,10.0,23.0,12.0,45.0,,44.0,23.0,46.5,,40.0,40.0,37.0,48.0,,30.0,50.0,5.0,10.0,27.0,15.0,7.0,14.0,20.0,6.0,3.0,1.0,,,,14.0,31.0,11.0,34.5,13.0,48.0,27.0,24.0,18.0,,32.0,,36.5,24.0,38.0,17.0
2017-03-08,33.0,26.0,1.0,22.0,44.0,15.0,47.0,9.0,38.0,22.0,38.0,27.0,42.0,4.0,14.0,19.0,47.5,33.0,45.0,,35.0,41.0,30.0,,46.0,10.0,38.0,48.0,,37.0,40.5,8.0,2.0,21.0,12.0,10.0,33.5,17.0,6.0,4.0,43.0,,,,14.0,18.0,7.0,44.0,3.0,35.0,16.5,27.0,24.0,,15.0,,50.0,27.0,29.0,37.0
2017-03-09,45.0,43.0,3.0,7.0,46.0,2.0,35.0,37.0,41.0,22.0,39.0,24.0,41.0,26.0,15.0,33.0,50.0,33.5,48.5,,51.0,36.0,15.0,,49.0,40.0,32.0,47.0,,22.0,16.0,29.0,4.0,27.0,8.0,13.0,13.0,27.5,4.0,6.0,41.0,,,,1.0,30.0,19.5,32.0,11.0,22.0,15.0,18.0,10.0,,24.0,,28.0,14.0,8.0,48.0
2017-03-10,42.0,37.0,16.0,25.0,19.0,5.0,48.0,39.5,50.0,33.0,22.0,33.0,51.0,19.0,23.0,31.0,47.0,47.5,40.0,,23.0,42.0,42.0,,28.0,37.0,47.0,38.0,,46.0,11.0,10.0,3.0,28.0,8.0,2.0,44.0,26.5,1.0,18.0,27.0,,,,7.5,32.0,4.0,24.0,11.0,8.0,13.0,22.0,5.0,,17.0,,18.0,30.0,13.0,41.0
2017-03-13,48.0,44.0,30.0,18.0,51.0,13.0,51.0,40.0,39.5,24.0,27.0,20.0,44.0,25.5,21.0,9.0,31.0,49.0,41.0,,47.0,26.0,38.0,,21.0,44.0,43.0,35.5,,34.0,25.0,16.0,12.0,29.0,2.0,5.0,25.0,18.0,2.0,10.0,32.0,,,,11.0,28.0,4.0,24.0,7.0,38.0,8.0,13.0,2.0,,6.0,,38.0,21.0,35.0,36.0
2017-03-14,39.0,35.0,19.0,27.0,34.0,7.0,48.0,35.0,23.0,30.0,50.0,15.0,37.0,26.5,21.0,21.0,45.0,50.0,37.0,,42.0,39.0,35.0,,16.0,47.0,39.0,37.0,,33.5,17.0,18.0,3.0,12.0,5.0,7.0,30.0,23.5,8.0,1.0,51.0,,,,11.0,30.0,2.0,15.0,10.0,44.0,23.0,19.0,12.0,,26.0,,41.0,7.0,4.0,43.0
2017-03-15,50.0,42.0,42.0,36.0,42.0,10.0,25.5,27.0,23.0,25.0,12.5,15.0,40.0,33.0,44.0,2.0,49.0,43.0,50.0,,44.5,22.0,24.0,,30.0,37.0,47.0,32.0,,34.5,28.0,16.0,4.0,31.0,5.0,8.0,29.5,3.5,14.0,1.0,21.0,,,,21.0,6.0,4.0,44.0,12.5,46.0,10.0,31.0,17.0,,19.0,,32.5,9.0,22.0,35.5
2017-03-16,47.0,48.0,34.5,21.0,43.0,18.0,51.0,13.0,36.0,10.0,35.0,30.0,27.0,38.0,21.0,2.0,50.0,29.0,41.0,,50.0,31.0,37.0,,30.0,40.0,47.0,17.0,,35.5,22.0,9.0,10.0,24.5,12.0,2.0,29.0,4.0,5.0,16.0,33.0,,,,9.0,26.0,2.0,26.0,7.0,43.0,15.0,25.0,18.0,,13.0,,46.0,29.0,44.0,6.0
2017-03-17,36.0,52.0,33.0,33.0,33.0,15.5,22.0,27.0,14.5,6.0,26.0,2.0,39.5,42.0,25.0,9.0,46.0,47.0,45.0,,40.0,22.0,41.0,,20.0,21.5,49.0,24.0,,42.5,44.0,19.0,12.0,38.0,6.0,1.0,35.0,17.0,15.0,4.0,29.0,,,,3.0,25.5,19.0,40.0,13.0,41.0,5.0,8.0,10.0,,11.0,,47.0,30.0,49.0,27.0
2017-03-20,11.0,48.0,45.0,25.0,35.0,23.0,48.0,11.0,40.0,22.5,32.0,28.0,41.5,34.0,13.0,18.0,45.0,51.0,25.0,,50.0,32.0,40.0,,43.0,28.0,47.0,17.5,,41.0,31.0,16.0,1.0,31.0,18.0,8.0,37.0,3.0,13.0,4.0,34.0,,,,7.0,26.5,22.0,11.0,2.0,47.0,5.5,14.0,5.5,,22.0,,32.0,8.0,38.5,25.0
2017-03-21,48.0,30.0,45.0,21.0,50.0,20.0,41.0,1.0,31.0,37.0,22.0,14.5,44.0,29.0,10.0,19.0,46.0,51.0,46.5,,38.0,40.0,35.0,,34.0,37.0,47.5,27.0,,31.0,39.0,11.0,4.0,16.0,7.5,9.0,6.0,15.0,3.0,2.0,17.0,,,,12.0,35.0,25.0,13.0,6.0,42.0,23.0,17.0,5.0,,27.0,,46.0,23.0,38.0,28.0
2017-03-22,32.0,48.0,17.0,44.0,49.0,16.0,33.5,20.0,47.0,44.0,21.0,29.0,31.0,29.0,27.0,26.0,39.0,51.0,47.5,,50.0,7.0,35.0,,3.0,38.0,38.0,30.0,,34.0,28.0,4.0,8.0,14.0,6.0,13.0,25.0,15.0,1.5,10.0,11.0,,,,5.0,1.5,12.0,7.0,21.0,39.0,41.0,23.0,25.0,,17.0,,44.0,18.0,37.0,42.0
2017-03-23,49.0,37.0,52.0,36.0,51.0,3.0,13.0,31.5,32.0,41.0,28.0,23.0,39.0,33.0,14.0,16.0,40.0,44.0,35.0,,40.5,9.0,24.0,,35.0,42.0,36.0,19.0,,37.0,26.0,1.0,9.0,31.0,11.0,5.0,14.0,2.0,7.0,4.0,6.0,,,,18.0,15.0,21.0,23.0,14.0,43.0,32.0,26.0,10.0,,18.0,,27.0,47.0,48.0,45.0
2017-03-24,30.0,33.0,22.5,40.5,44.0,23.0,49.0,13.0,39.0,41.0,33.0,13.0,28.0,38.0,45.0,19.0,46.0,49.5,25.5,,43.0,33.0,34.0,,23.0,38.5,43.0,16.0,,29.5,36.0,10.0,7.0,27.0,2.0,9.0,20.0,8.0,3.0,4.0,14.0,,,,24.0,5.0,29.0,16.0,10.0,43.5,20.0,1.0,21.0,,13.0,,42.0,37.5,6.0,48.0
2017-03-27,24.0,21.0,49.0,16.0,50.0,23.0,38.0,32.0,34.0,40.0,26.0,6.0,30.5,45.0,13.0,33.0,47.0,44.5,43.0,,30.0,24.0,27.0,,22.0,36.0,42.0,30.0,,26.0,31.0,11.0,3.0,40.0,1.0,7.0,9.0,5.0,2.0,4.0,19.0,,,,10.0,43.0,17.0,19.0,20.0,44.0,13.0,11.0,8.0,,15.0,,36.0,46.5,40.0,50.0
2017-03-28,38.0,34.0,49.0,29.0,49.0,5.0,26.0,34.0,24.0,51.0,31.0,8.0,32.5,41.0,12.0,46.0,18.0,27.0,15.0,,31.0,23.0,12.0,,14.0,41.0,48.0,44.0,,36.0,34.0,15.0,4.0,37.0,3.0,7.0,22.5,17.0,2.0,6.0,20.0,,,,19.0,12.0,23.0,29.0,12.0,51.0,26.0,1.0,26.0,,9.0,,44.0,42.0,46.0,39.0
2017-03-29,24.0,19.0,33.0,45.0,45.0,17.0,44.0,17.5,47.0,35.5,25.0,3.0,43.0,32.0,38.0,33.0,45.0,50.0,15.0,,28.0,37.0,30.0,,16.0,37.0,49.0,34.0,,41.0,48.0,21.0,6.0,28.0,10.0,5.0,18.0,7.0,8.0,9.0,25.0,,,,15.0,2.0,11.5,21.0,11.0,42.5,21.0,4.0,32.0,,1.0,,23.0,20.0,39.5,47.0
2017-03-30,10.0,37.0,4.0,32.0,51.0,13.0,44.0,24.0,36.0,33.0,46.0,2.0,34.0,39.0,41.0,41.0,33.0,49.0,4.0,,19.0,38.5,12.0,,17.5,24.5,46.0,44.0,,29.0,45.0,6.0,15.0,42.0,11.0,1.0,26.0,22.0,8.0,4.0,30.0,,,,21.0,18.0,14.0,17.0,7.0,42.0,35.0,9.0,24.0,,15.0,,29.0,36.0,27.0,52.0
2017-03-31,26.0,18.0,36.0,33.0,43.0,10.0,45.0,19.0,47.0,37.0,28.0,7.0,32.0,30.5,41.0,32.0,44.0,40.0,50.0,,30.0,18.0,24.0,,10.0,44.0,52.0,28.0,,27.0,40.0,14.0,6.0,22.0,12.0,8.0,18.5,1.0,2.0,4.0,15.5,,,,12.0,23.0,20.0,10.0,20.0,35.0,16.0,5.0,33.0,,3.0,,38.0,43.0,48.0,50.0
2017-04-03,36.0,23.0,40.0,14.0,44.5,13.0,29.0,34.0,47.0,39.5,37.0,4.0,32.0,34.0,20.0,45.0,51.0,35.0,18.0,,18.0,22.0,33.0,,32.0,45.0,51.0,31.0,,17.0,25.0,27.0,6.0,48.0,7.0,23.0,8.0,5.0,2.0,13.0,27.0,,,,14.0,20.5,10.0,3.0,17.0,45.0,35.0,1.0,15.0,,9.0,,49.0,24.0,42.0,34.0
2017-04-05,29.0,24.5,38.5,30.0,46.0,15.5,47.0,19.0,31.0,33.5,40.0,5.0,31.0,29.0,43.0,35.0,47.0,37.0,24.0,,12.0,48.5,35.5,,16.5,38.0,45.0,50.0,,6.0,22.0,21.0,2.0,30.0,4.0,8.0,11.0,9.0,7.0,35.0,21.0,,,,18.5,20.0,3.0,16.0,16.0,43.0,32.5,1.0,14.0,,10.0,,45.5,48.0,34.0,30.0
2017-04-06,21.0,10.0,44.0,2.0,48.0,21.0,37.0,10.0,49.0,28.0,38.0,18.0,40.5,25.5,26.0,35.0,39.5,40.0,42.0,,26.0,43.0,34.0,,17.0,34.0,51.0,46.0,,10.0,13.0,31.0,2.0,22.5,6.0,4.0,23.0,5.0,7.0,20.0,12.0,,,,15.0,2.0,28.0,14.0,28.0,41.0,31.0,8.0,19.0,,22.0,,30.0,49.0,46.0,46.0
2017-04-07,32.0,36.0,41.5,17.0,48.0,13.0,36.5,21.0,45.0,39.5,30.0,8.0,17.5,32.0,23.0,37.0,43.5,44.0,10.0,,10.0,30.0,36.0,,29.0,41.0,51.0,47.0,,4.0,22.0,9.0,6.0,24.0,2.0,15.0,26.0,5.0,13.0,18.0,22.0,,,,7.0,13.0,27.0,2.0,31.0,39.0,34.0,2.0,16.0,,23.0,,33.0,45.0,50.0,47.0
2017-04-10,17.0,19.0,24.5,21.0,36.0,39.0,38.0,10.0,49.0,32.0,18.0,9.0,44.0,25.0,32.5,39.5,45.0,46.0,37.5,,34.0,47.0,31.0,,36.0,49.0,49.0,41.0,,23.0,14.0,34.0,2.0,9.0,14.0,1.0,25.5,7.0,4.0,30.0,17.0,,,,6.0,18.5,3.0,11.0,40.0,45.5,12.0,5.0,14.0,,27.0,,27.5,30.5,46.0,22.0
2017-04-11,5.0,28.0,47.0,23.0,48.5,13.0,29.0,31.0,42.0,34.0,28.0,20.0,42.0,26.0,41.0,32.5,47.0,42.0,14.0,,8.0,45.0,25.0,,17.5,46.0,50.0,38.5,,33.0,14.0,22.0,2.0,7.0,5.0,3.0,35.0,18.0,11.0,16.0,15.0,,,,9.0,25.0,10.0,5.0,28.0,45.0,14.0,1.0,22.0,,30.0,,34.0,36.0,42.0,44.0
2017-04-12,20.0,1.0,39.0,23.0,42.0,14.0,49.0,29.0,49.0,37.0,22.0,18.0,49.0,20.5,43.0,34.0,49.0,40.0,36.0,,30.0,26.0,35.5,,28.0,40.0,47.0,46.0,,39.0,15.0,23.0,7.0,6.0,3.0,5.0,36.5,12.0,8.0,19.0,25.0,,,,10.0,12.0,4.0,2.0,40.0,12.0,9.0,14.0,18.0,,31.0,,33.0,37.0,44.0,22.0
2017-04-13,30.0,25.0,46.0,41.0,37.0,22.0,50.0,30.0,39.0,32.5,4.0,25.5,18.0,45.0,21.0,24.0,50.0,26.5,41.0,,9.0,45.0,20.0,,33.0,36.0,45.0,47.0,,47.0,29.0,15.0,8.0,7.0,10.0,2.0,44.0,3.0,6.0,21.0,11.0,,,,1.0,13.0,5.0,18.0,19.0,45.0,23.0,11.0,15.0,,37.0,,20.0,36.5,32.0,31.0
2017-04-18,31.0,27.0,30.5,24.0,15.0,17.0,36.0,41.0,49.0,45.0,26.0,20.0,15.0,12.5,10.0,31.0,41.0,35.0,47.0,,17.0,38.0,21.0,,47.0,38.0,30.0,40.0,,27.0,23.0,26.0,9.0,6.0,3.5,13.0,49.0,1.5,8.0,7.0,17.0,,,,27.0,33.0,11.0,5.0,24.0,44.0,16.0,1.5,37.0,,3.5,,37.0,47.0,50.0,40.0
2017-04-19,26.0,32.0,33.0,17.0,46.0,12.0,50.0,39.0,44.0,38.5,16.0,36.5,21.0,19.0,28.0,28.5,42.0,36.0,12.0,,16.0,37.0,38.0,,46.5,50.0,48.0,26.5,,35.0,23.0,31.0,3.0,18.0,6.0,13.0,25.0,9.0,7.0,5.0,4.0,,,,22.0,26.0,16.0,1.0,41.0,48.0,13.0,2.0,8.0,,11.0,,28.0,39.0,41.5,44.5
2017-04-20,29.5,23.5,46.0,31.0,46.0,20.0,48.0,34.5,45.0,39.0,22.0,32.0,50.0,12.0,19.0,31.5,49.0,25.0,46.0,,13.0,38.0,17.0,,39.0,44.0,14.0,30.0,,40.0,10.0,25.0,3.0,11.0,5.0,1.0,38.0,7.0,6.0,2.0,4.0,,,,8.0,9.0,15.0,17.0,26.0,42.0,27.0,23.0,19.0,,25.0,,28.0,35.0,37.5,39.0
2017-04-21,29.0,18.0,48.0,25.0,49.0,44.0,42.0,20.0,51.0,33.5,13.0,31.0,50.5,19.0,40.0,22.0,42.0,18.0,38.0,,10.0,28.0,28.0,,24.0,45.0,46.0,20.0,,33.5,2.0,25.0,3.0,4.0,5.0,11.0,44.5,8.0,13.0,24.0,1.0,,,,7.0,10.0,6.0,10.0,40.0,46.0,31.0,18.0,17.0,,27.0,,31.0,36.0,35.0,33.0
2017-04-24,35.0,39.0,30.0,36.0,41.0,16.0,47.0,24.0,49.0,47.0,5.0,27.5,34.0,1.0,37.0,16.0,50.0,31.5,14.0,,27.5,33.0,31.0,,30.0,43.0,34.0,21.0,,25.0,6.0,22.0,3.0,10.0,12.0,7.0,52.0,8.0,16.0,14.0,2.0,,,,4.0,22.0,9.0,23.0,44.0,45.0,36.0,17.5,28.5,,39.0,,20.0,42.0,11.0,43.0
2017-04-25,32.0,35.0,32.0,32.0,45.0,22.0,39.0,29.0,51.0,49.0,22.5,49.0,45.0,17.0,41.0,8.0,49.0,17.0,39.5,,19.0,38.0,31.0,,13.0,43.0,32.0,30.0,,26.0,4.0,22.0,6.0,1.0,3.0,10.0,39.0,8.0,11.0,13.0,2.0,,,,15.0,17.0,19.0,13.0,30.5,47.0,37.0,5.0,8.5,,42.0,,22.0,45.0,28.5,27.0
2017-04-26,26.0,24.0,33.0,39.0,44.0,14.0,38.0,36.0,41.0,48.0,7.0,39.5,35.0,12.0,38.0,23.5,50.0,10.0,45.0,,20.0,8.5,34.5,,18.0,33.0,50.0,32.0,,23.0,10.0,28.0,1.0,2.0,4.0,8.0,44.0,5.0,16.0,19.0,16.0,,,,14.0,3.0,19.0,14.0,43.0,47.0,26.0,6.0,26.0,,37.5,,28.0,49.0,37.0,39.0
2017-04-27,39.0,21.0,18.0,31.5,35.5,21.0,46.0,21.0,46.0,44.0,17.0,31.0,12.0,13.0,25.0,28.5,52.0,31.0,34.0,,3.0,49.0,34.5,,42.5,46.0,21.5,35.0,,28.0,15.0,24.5,1.0,5.0,9.0,10.0,42.0,2.0,12.0,4.0,18.0,,,,12.0,29.0,22.0,6.0,31.5,50.0,37.0,8.0,28.0,,38.0,,7.0,49.0,36.0,37.0
2017-04-28,26.0,22.5,14.0,44.0,32.0,23.0,50.0,45.0,37.0,42.0,3.0,27.5,28.0,4.0,22.5,18.0,44.0,29.0,48.0,,12.0,31.0,51.0,,49.0,41.0,31.0,39.0,,24.0,2.0,22.5,11.0,1.0,6.0,7.0,39.0,9.0,14.0,17.0,5.0,,,,25.0,16.0,22.0,17.5,35.0,49.0,36.0,8.0,19.0,,42.0,,9.0,33.0,43.0,32.0
2017-05-02,25.5,22.0,36.0,47.0,30.0,24.0,36.0,23.0,37.0,30.5,17.0,37.0,26.0,3.0,17.0,20.0,49.0,27.0,37.0,,11.0,45.0,14.0,,32.0,51.0,43.5,33.0,,30.0,7.0,29.0,1.0,6.0,5.0,2.0,41.0,8.0,4.0,20.0,9.0,,,,29.0,10.0,17.0,14.0,40.5,43.0,48.0,11.0,20.0,,42.0,,14.0,46.5,32.0,50.0
2017-05-04,36.5,46.0,16.0,44.0,25.0,36.0,34.0,34.0,44.0,34.0,17.0,17.0,30.5,20.0,11.0,21.0,50.0,2.0,23.5,,12.0,39.0,48.0,,32.0,25.0,49.0,40.0,,20.0,24.0,7.0,7.0,1.0,5.0,4.0,39.0,9.0,6.0,11.0,13.0,,,,27.0,3.0,14.5,15.0,37.0,46.0,42.0,19.0,28.0,,34.0,,25.0,48.0,44.0,35.0
2017-05-05,29.0,19.0,19.0,41.0,37.0,22.0,50.0,24.0,46.0,45.0,15.0,37.0,29.0,24.0,33.0,30.0,49.0,5.0,33.0,,8.0,44.0,22.0,,48.0,45.0,28.0,37.0,,37.0,27.0,12.0,7.0,10.0,6.0,4.0,17.0,3.0,2.0,15.0,31.0,,,,9.0,1.0,13.0,11.0,38.0,48.0,25.0,15.0,21.0,,37.0,,17.0,40.0,48.5,43.0
2017-05-08,30.5,48.0,1.0,47.0,30.0,25.5,43.5,28.0,44.0,41.5,14.0,17.0,23.0,36.0,31.0,12.0,48.0,18.0,26.0,,35.0,41.0,23.0,,38.0,40.0,39.0,37.0,,35.0,16.0,19.0,11.0,13.0,4.0,2.0,48.0,15.0,9.0,8.0,23.0,,,,5.0,6.0,7.0,3.0,39.0,37.0,19.5,10.0,23.5,,34.0,,20.0,49.5,50.0,35.0
2017-05-09,1.0,22.0,11.0,45.5,20.0,42.0,18.0,34.0,30.0,50.0,31.0,21.0,25.0,28.0,9.0,36.5,46.0,27.0,24.0,,27.5,40.5,37.0,,40.0,43.0,47.0,37.5,,20.5,14.0,6.0,5.0,4.0,2.0,8.0,49.0,7.0,10.0,3.0,14.5,,,,21.0,25.0,16.0,15.0,18.0,42.0,27.0,12.5,46.0,,41.0,,39.0,50.0,40.0,35.0
2017-05-10,2.0,36.0,15.0,38.0,21.0,37.0,43.0,34.0,41.0,49.0,23.0,17.0,32.0,17.0,24.0,19.0,50.0,22.0,31.0,,31.0,45.0,39.0,,44.0,40.0,47.0,37.0,,20.0,21.0,7.5,3.0,4.0,5.0,11.0,40.5,6.0,10.0,9.0,26.0,,,,12.0,27.0,15.0,7.5,34.0,45.0,15.0,1.0,33.0,,33.0,,26.0,48.0,50.0,14.0
2017-05-11,21.0,39.0,23.5,20.0,3.0,31.0,47.5,12.0,40.5,48.0,31.0,24.0,28.5,16.0,15.0,19.0,51.0,16.0,5.0,,37.0,21.0,45.0,,46.0,49.0,44.0,36.0,,15.0,11.0,14.5,9.0,26.0,4.0,1.0,46.0,2.0,7.0,11.0,32.0,,,,6.0,40.0,14.0,8.0,37.0,26.0,24.0,32.0,27.0,,45.0,,34.5,45.0,39.0,31.0
2017-05-12,20.0,26.0,28.0,26.0,34.5,24.0,51.0,31.0,46.0,48.0,23.0,33.0,40.0,21.0,28.5,15.0,44.0,9.0,40.5,,14.0,33.0,49.0,,44.0,49.0,27.0,40.0,,34.0,11.0,23.0,10.0,20.0,5.0,1.0,40.0,3.0,7.0,12.0,5.0,,,,3.0,44.5,17.0,15.0,22.0,14.0,35.0,8.0,30.0,,23.5,,42.5,33.0,44.5,2.0
2017-05-15,27.0,26.0,9.0,41.0,16.0,7.0,49.0,10.0,39.5,46.0,25.0,42.0,3.0,35.0,18.0,39.5,47.0,36.0,26.0,,16.5,44.0,30.0,,45.0,47.0,44.0,34.0,,19.0,11.0,13.0,1.0,12.0,6.0,5.0,45.0,4.0,2.0,13.0,18.0,,,,8.0,24.0,16.0,19.5,39.0,37.0,24.0,22.0,28.0,,42.0,,30.0,33.0,52.0,33.0
2017-05-16,22.0,40.0,8.0,13.0,25.0,27.5,49.0,29.0,39.0,39.0,10.0,46.5,19.5,16.0,36.0,39.5,48.0,34.5,41.0,,25.0,29.0,44.5,,47.0,36.0,39.0,31.0,,19.0,9.0,11.0,1.0,21.0,14.0,7.0,27.0,6.0,2.0,16.0,28.0,,,,12.0,32.5,4.0,3.0,25.0,41.5,44.0,16.0,25.5,,45.0,,5.0,29.0,51.0,20.0
2017-05-17,29.0,21.0,12.0,44.0,24.0,8.0,48.5,15.0,47.5,40.0,16.5,44.0,18.0,13.0,21.0,27.0,47.5,19.0,38.5,,23.0,39.0,45.0,,35.0,39.0,40.0,32.0,,30.0,4.0,31.0,5.0,28.0,1.0,6.0,49.0,2.0,3.0,8.0,21.0,,,,7.0,37.5,11.0,11.0,25.0,34.0,14.0,12.0,33.5,,47.0,,22.0,49.0,36.0,41.0
2017-05-18,11.0,28.0,18.0,48.0,25.0,22.0,50.5,26.5,45.0,32.0,15.0,47.0,7.0,25.0,40.0,25.5,50.0,29.0,36.0,,38.0,39.5,44.0,,42.0,42.0,49.0,35.0,,28.0,9.0,20.5,11.0,6.0,1.0,4.0,36.0,3.0,5.0,15.0,18.5,,,,8.0,42.0,2.0,14.0,24.0,33.5,31.0,19.0,24.5,,44.0,,29.5,11.0,36.0,13.0
2017-05-19,24.0,28.0,7.0,48.0,24.0,27.0,40.0,29.0,18.0,49.0,16.0,42.0,13.0,16.0,27.5,40.0,32.0,45.0,29.0,,25.0,45.0,45.0,,38.0,46.0,51.0,34.5,,16.0,6.0,6.0,9.0,32.0,12.0,11.0,41.0,4.0,3.0,25.5,18.0,,,,10.0,22.0,7.0,21.5,19.0,16.0,31.0,1.5,1.5,,42.0,,43.0,34.5,47.0,36.5
2017-05-22,17.0,25.0,1.0,51.0,3.0,7.0,47.0,26.0,37.0,21.0,26.0,41.0,13.0,29.0,40.5,38.5,40.5,42.5,37.0,,30.0,45.0,43.0,,47.0,20.0,41.0,8.0,,28.0,41.0,7.0,2.0,12.0,10.0,5.0,48.0,11.0,3.0,13.0,17.5,,,,7.0,39.0,15.0,27.0,19.0,30.0,16.0,22.0,24.5,,32.0,,37.0,29.0,33.5,45.0
2017-05-23,16.0,22.0,20.0,34.0,22.0,7.0,38.0,31.0,38.0,49.0,27.0,48.0,19.0,14.0,41.0,30.5,46.0,36.0,28.0,,29.0,32.0,35.0,,42.5,46.0,43.0,3.0,,22.0,14.0,11.0,8.0,16.0,5.0,1.0,45.0,6.0,12.0,16.0,26.0,,,,2.0,51.0,9.0,9.0,16.0,23.0,42.0,4.0,29.5,,41.5,,24.0,46.0,29.0,50.0
2017-05-24,19.0,24.0,12.0,37.0,24.0,9.0,20.0,6.0,43.0,51.0,27.0,26.0,20.0,30.0,29.5,42.5,34.0,46.0,16.0,,36.0,46.0,37.0,,50.0,48.0,49.0,21.0,,37.0,17.0,29.0,10.0,43.0,14.5,5.0,38.0,4.0,2.0,8.0,9.0,,,,8.0,46.0,17.0,12.0,26.0,26.0,15.5,1.0,3.0,,29.5,,34.5,39.0,39.5,33.0
2017-05-25,21.0,30.0,22.0,31.0,17.0,9.0,51.0,20.0,41.0,49.0,37.0,47.0,4.0,24.0,38.0,27.0,19.0,17.5,1.0,,39.5,23.5,43.0,,41.0,41.0,45.0,39.0,,34.0,26.0,13.5,11.0,33.0,17.0,8.0,35.0,2.0,3.0,6.0,42.0,,,,18.0,48.0,21.0,5.0,10.0,27.0,27.0,7.0,15.0,,46.0,,29.5,12.0,40.0,47.0
2017-05-26,10.0,30.0,39.0,38.0,48.0,8.0,36.0,16.0,24.0,48.5,23.0,49.0,20.0,28.0,39.0,30.0,24.0,24.0,5.0,,26.0,30.0,34.0,,41.0,45.0,45.0,36.0,,31.5,25.0,7.0,15.0,40.0,19.0,13.0,34.0,12.0,2.0,1.0,42.5,,,,11.0,47.0,16.0,4.0,3.0,29.0,9.0,6.0,21.0,,45.0,,21.0,14.0,41.0,50.0
2017-05-29,29.0,35.0,11.0,38.0,17.0,26.0,49.0,16.0,22.0,45.0,39.0,44.0,23.0,3.0,39.0,43.0,30.5,35.0,7.0,,29.0,32.0,32.0,,45.0,26.0,43.0,49.0,,21.0,40.0,1.0,10.0,50.0,16.0,4.5,18.0,2.0,12.0,9.0,44.0,,,,8.0,34.0,6.0,4.5,19.0,17.0,29.5,14.0,23.0,,22.0,,13.0,36.0,43.0,45.0
2017-05-31,20.0,27.0,21.0,35.0,34.0,6.0,44.0,7.0,36.5,42.0,26.0,48.0,22.5,21.5,44.0,18.0,30.0,27.0,10.0,,22.5,12.0,45.0,,43.0,30.0,50.0,23.0,,16.0,46.0,3.0,2.0,36.0,12.0,9.0,31.0,14.0,5.0,4.0,38.5,,,,17.0,37.0,11.5,15.0,1.0,25.0,38.5,8.0,27.0,,32.5,,40.0,48.0,48.0,39.0
2017-06-01,21.0,37.0,40.0,37.5,19.0,37.0,43.0,5.0,35.0,44.0,23.0,49.0,13.0,12.0,38.5,31.0,41.0,38.0,30.0,,33.0,26.0,42.0,,49.0,37.5,48.0,34.0,,21.0,16.0,12.0,1.0,42.0,14.0,5.0,26.0,16.0,17.0,2.0,3.5,,,,9.0,30.0,7.0,5.0,20.0,20.0,42.0,10.0,24.0,,28.0,,14.0,5.0,45.0,51.0
2017-06-02,29.0,26.0,32.5,45.0,33.0,15.0,37.5,11.0,30.0,50.0,32.0,44.0,36.0,19.0,44.0,39.5,23.0,43.5,26.0,,36.0,12.5,41.5,,17.0,41.5,51.0,23.0,,27.0,14.0,7.0,19.0,37.0,10.0,5.0,39.0,22.0,7.0,2.0,41.0,,,,1.0,45.0,17.0,6.0,3.0,8.0,39.5,13.0,15.0,,31.0,,22.0,5.0,48.0,26.0
2017-06-05,32.0,32.0,27.0,44.0,47.0,20.0,50.0,20.5,30.0,49.0,23.0,44.0,11.0,20.0,42.5,35.0,25.0,39.5,5.0,,27.5,26.5,41.0,,40.0,36.0,41.5,34.0,,31.0,21.0,11.0,8.5,39.0,17.0,10.0,37.0,14.0,7.0,1.0,49.0,,,,4.0,40.0,6.0,3.0,13.0,15.0,28.0,2.0,7.0,,17.0,,17.5,23.0,43.0,37.0
2017-06-06,19.0,27.0,31.0,42.0,33.5,16.0,44.0,18.5,37.0,44.0,35.0,48.0,22.5,8.0,41.0,48.0,23.0,36.5,30.0,,30.0,14.0,46.0,,42.0,31.0,49.0,29.0,,22.0,22.5,10.0,13.5,50.0,11.0,7.0,14.0,8.0,13.0,1.0,38.5,,,,3.0,34.0,2.0,5.0,19.5,32.0,31.5,4.0,6.0,,20.0,,23.0,27.0,43.0,47.0
2017-06-07,8.5,25.0,42.0,34.0,42.0,13.0,38.0,6.0,25.5,51.0,33.0,46.0,31.0,24.0,36.0,48.0,29.0,37.5,33.0,,18.5,15.0,46.0,,50.0,38.5,27.5,32.0,,31.0,17.0,4.0,15.0,38.0,3.0,12.0,19.0,21.0,11.0,5.0,46.0,,,,8.5,40.0,10.0,1.0,16.0,19.0,28.0,2.0,6.0,,27.0,,43.0,31.5,47.0,23.0
2017-06-08,1.5,27.5,51.0,44.0,36.0,10.0,38.0,7.0,20.0,40.0,29.5,46.0,18.5,35.5,31.5,48.0,39.0,42.0,3.0,,32.0,16.0,47.0,,47.0,23.0,20.0,34.0,,43.0,20.0,5.0,11.0,39.0,13.0,14.0,27.5,24.0,21.5,6.0,40.5,,,,3.0,38.0,25.0,7.0,17.0,9.0,35.0,1.5,12.0,,29.5,,41.0,26.0,48.0,17.0
2017-06-09,10.0,7.0,49.0,33.5,42.0,46.0,34.0,6.0,28.0,41.0,35.5,10.0,29.5,28.0,46.0,43.0,35.0,37.0,11.0,,18.0,21.0,43.5,,42.5,24.0,48.5,32.5,,39.0,38.0,2.0,5.0,47.0,17.0,14.0,23.0,32.0,26.0,8.0,36.5,,,,11.0,37.0,21.0,1.0,4.0,25.0,18.0,3.0,17.0,,12.5,,51.0,14.0,28.5,21.0
2017-06-12,6.5,29.5,47.0,28.0,28.0,22.0,28.0,18.0,44.0,47.0,38.0,40.0,22.0,25.0,48.0,32.5,42.0,44.5,25.0,,49.0,6.0,41.0,,38.0,34.0,47.0,36.0,,34.0,33.5,15.0,17.0,9.0,19.0,4.0,9.0,31.0,20.0,6.0,41.0,,,,2.0,50.0,14.0,1.0,8.0,24.0,15.0,3.0,11.0,,12.0,,31.0,14.0,42.0,21.5
2017-06-13,45.0,31.0,48.0,36.0,22.0,30.0,23.0,19.0,21.0,45.0,38.0,45.0,1.0,28.0,32.0,43.0,45.0,51.0,32.5,,45.0,8.0,39.0,,50.0,29.0,43.0,11.0,,31.5,15.0,15.0,3.0,42.0,9.0,12.0,22.0,19.0,24.0,4.0,36.5,,,,5.0,44.0,15.0,9.0,6.0,26.0,12.5,2.0,7.0,,26.0,,36.5,18.0,32.0,19.5
2017-06-14,29.0,42.0,46.0,45.0,34.0,18.0,7.0,10.0,7.0,44.0,37.0,44.5,22.0,18.0,32.0,48.0,29.0,33.0,37.0,,27.0,9.0,46.0,,42.5,38.0,39.0,28.0,,20.0,9.0,31.0,8.0,33.0,20.5,11.0,14.0,1.5,25.0,1.5,43.0,,,,5.0,50.0,4.0,18.0,16.0,26.0,14.0,13.0,3.0,,35.0,,41.0,24.0,21.0,47.0
2017-06-15,13.0,38.5,46.0,36.0,19.0,17.0,32.0,11.0,4.0,32.0,36.5,48.0,27.0,34.0,29.0,44.0,28.0,31.0,23.0,,45.5,12.0,40.0,,48.0,39.0,41.5,20.0,,34.5,25.0,1.0,2.0,48.0,16.0,10.0,21.0,30.0,14.0,5.0,37.0,,,,9.0,45.0,17.0,3.0,23.0,35.0,7.0,8.0,6.0,,15.0,,44.0,29.0,50.0,23.0
2017-06-16,46.0,28.0,39.0,35.0,49.0,18.0,37.0,12.0,10.0,26.0,36.5,35.0,29.0,18.0,39.0,41.0,40.0,42.0,5.0,,42.5,28.0,36.0,,46.0,40.5,51.0,47.5,,21.0,22.0,24.0,14.0,9.0,17.0,6.0,20.0,15.0,24.0,4.0,39.0,,,,12.0,31.0,9.0,2.0,3.0,15.0,9.0,1.0,7.0,,30.5,,41.0,23.0,45.0,38.0
2017-06-19,39.0,31.0,40.0,42.0,45.0,15.0,36.5,10.0,2.0,23.0,48.0,39.0,30.0,22.0,45.0,50.0,27.5,42.0,39.0,,39.0,18.0,34.0,,45.0,36.0,47.0,47.0,,8.0,24.0,24.0,4.0,32.5,12.0,5.0,11.0,20.0,25.0,5.0,49.0,,,,7.0,17.0,21.0,16.0,17.0,25.0,27.5,12.0,1.0,,3.0,,32.5,10.0,29.0,14.0
2017-06-20,38.5,33.0,34.0,30.0,44.0,9.0,22.0,10.0,2.0,22.0,37.5,41.5,20.0,37.5,38.0,51.0,37.0,44.5,14.0,,23.0,32.0,48.0,,43.0,43.0,29.0,41.0,,4.0,29.0,5.0,15.0,37.0,17.0,3.0,18.0,27.0,22.0,7.0,33.0,,,,14.0,21.0,1.0,34.0,5.0,19.0,18.0,8.0,12.0,,28.0,,47.0,11.0,49.0,51.0
2017-06-21,37.0,29.0,29.0,19.0,31.0,7.0,18.0,18.0,21.0,32.0,38.0,39.0,32.0,15.0,51.0,46.0,31.0,47.0,28.0,,41.0,17.0,50.0,,44.5,23.0,38.0,46.0,,6.0,31.0,21.0,15.5,38.0,11.0,10.0,12.0,23.0,4.0,9.0,41.0,,,,1.0,31.0,27.0,25.0,2.0,43.0,3.0,8.0,5.0,,13.5,,46.0,15.0,48.0,38.0
2017-06-22,39.0,37.0,27.0,29.0,33.0,4.0,22.0,31.0,33.0,32.0,39.0,50.0,21.0,11.0,48.0,42.0,29.5,48.0,27.0,,32.0,20.0,46.0,,39.0,42.0,40.0,50.0,,9.0,30.0,6.5,27.0,14.0,19.0,11.0,8.0,14.5,1.0,3.0,40.0,,,,18.0,36.0,24.0,21.0,2.0,15.0,12.0,5.0,6.5,,14.0,,38.0,16.0,46.0,45.0
2017-06-23,37.0,44.0,37.0,4.0,38.5,3.5,32.0,42.0,36.0,18.0,21.0,35.0,26.0,35.0,40.0,41.0,18.0,51.0,17.0,,46.0,21.0,48.0,,29.0,7.0,41.5,48.0,,6.0,27.0,17.0,12.0,31.0,13.0,8.0,24.0,31.0,1.0,11.0,46.0,,,,15.0,25.0,4.0,8.0,9.5,26.0,24.0,12.0,2.0,,21.0,,30.0,32.0,50.0,49.0
2017-06-26,42.0,43.0,32.0,15.0,46.0,4.0,36.0,17.0,30.0,12.0,37.0,43.0,21.0,37.0,41.0,48.0,28.0,40.0,31.0,,36.0,21.0,50.0,,44.0,46.0,40.0,32.0,,15.0,23.0,3.0,8.0,26.5,5.0,17.0,19.0,27.0,6.0,9.0,36.0,,,,2.0,15.0,25.0,7.0,11.0,28.0,20.0,1.0,9.0,,13.0,,30.0,27.0,48.0,47.0
2017-06-27,33.0,44.0,34.5,21.0,41.0,14.0,30.0,23.0,32.0,16.0,28.5,21.0,15.0,35.0,38.0,44.5,19.0,50.0,24.0,,47.0,12.0,51.0,,37.5,33.0,43.0,31.0,,19.0,13.0,7.0,38.5,36.0,2.0,6.0,27.0,32.0,16.0,9.0,44.0,,,,3.0,26.0,23.0,11.0,1.0,31.0,8.0,5.0,4.0,,10.0,,43.0,25.0,46.0,47.0
2017-06-28,44.0,35.0,30.0,19.0,19.0,28.0,31.0,25.0,38.0,11.0,36.0,25.0,32.5,26.0,47.0,48.0,27.0,47.0,34.0,,42.0,40.0,51.0,,34.0,50.0,3.0,45.0,,15.0,28.0,13.0,17.0,42.0,5.0,10.0,16.0,31.0,21.0,6.0,44.0,,,,8.0,23.5,19.0,1.0,3.0,44.0,2.0,9.0,6.0,,14.0,,23.0,11.0,36.0,37.0
2017-06-29,42.5,40.0,39.0,27.0,22.0,10.0,33.0,14.0,30.0,32.5,28.0,30.0,19.0,21.0,48.0,32.0,46.0,43.0,24.0,,38.0,7.0,43.0,,48.0,38.0,4.0,43.0,,9.0,37.0,5.0,16.0,30.0,18.0,18.0,15.0,26.0,24.0,1.0,26.0,,,,4.0,49.0,21.0,12.0,7.0,43.0,2.0,13.0,5.0,,10.0,,37.0,22.0,52.0,47.0
2017-06-30,41.0,34.0,33.0,12.0,29.0,4.0,49.0,22.0,34.0,13.0,39.0,37.0,40.5,24.0,30.0,44.0,44.5,51.0,33.0,,29.0,22.0,39.0,,47.0,33.5,46.0,38.0,,27.0,24.0,16.0,18.0,8.0,5.0,11.0,3.0,26.0,18.0,1.0,49.0,,,,16.0,20.5,13.0,24.0,5.0,39.0,10.0,9.0,2.0,,15.0,,34.5,6.0,48.0,38.0
2017-07-03,52.0,39.0,37.5,12.0,28.0,5.0,37.5,25.0,35.0,14.0,41.0,34.5,44.0,17.0,42.0,43.0,49.0,31.0,21.0,,37.0,4.0,47.0,,45.0,30.0,23.0,41.0,,19.0,35.0,14.0,9.0,18.0,12.0,7.0,6.0,17.0,23.0,1.0,38.0,,,,26.5,30.0,37.0,18.0,9.0,31.0,23.0,2.0,10.0,,3.0,,24.0,9.0,50.0,47.0
2017-07-04,49.0,30.5,28.0,27.0,45.0,9.0,42.0,20.0,30.0,26.0,34.0,49.0,43.0,30.0,43.5,36.0,39.0,47.0,23.0,,38.5,4.0,51.0,,45.0,45.0,40.0,37.0,,12.0,13.0,7.0,14.0,34.0,4.0,10.0,4.0,2.0,15.0,1.0,31.0,,,,5.5,19.0,21.0,24.0,8.0,30.0,18.0,14.0,20.0,,11.0,,31.0,22.0,26.0,47.0
2017-07-05,48.0,42.0,17.0,16.0,34.0,10.0,12.0,28.5,27.0,36.0,47.0,28.5,39.0,41.0,33.0,40.0,48.0,51.0,46.0,,32.5,21.0,43.0,,40.0,35.5,49.0,38.0,,11.0,17.5,6.0,1.0,29.0,2.0,3.0,9.0,24.5,19.0,13.0,28.0,,,,7.0,31.0,24.0,36.0,21.0,4.0,27.0,15.0,13.0,,4.0,,35.0,8.0,20.0,45.0
2017-07-06,48.0,27.0,29.5,27.0,37.0,24.0,47.0,31.0,35.0,27.0,43.5,41.0,41.0,32.0,39.0,44.0,48.5,37.0,20.0,,32.0,3.0,38.0,,47.0,31.0,45.0,39.0,,4.0,8.5,1.0,14.0,14.0,16.0,7.0,6.0,12.0,35.0,2.0,31.0,,,,11.0,20.0,16.0,10.0,8.5,22.0,26.0,5.0,18.0,,12.0,,34.0,20.0,51.0,38.5
2017-07-07,48.0,29.0,15.0,25.0,20.0,11.0,40.0,22.0,32.0,26.0,35.5,32.5,42.0,34.0,46.5,48.5,45.0,49.0,22.0,,33.0,23.0,44.0,,51.0,39.0,15.0,19.0,,7.0,1.0,11.0,22.0,11.0,5.0,9.0,20.0,5.0,29.0,3.0,37.0,,,,7.0,36.0,40.0,25.5,17.0,37.0,31.0,13.0,2.0,,5.0,,36.0,16.5,46.0,42.0
2017-07-10,46.0,21.0,16.0,22.0,27.5,28.0,46.0,35.0,33.0,22.0,42.0,36.0,44.5,42.5,40.0,13.0,44.0,46.0,35.0,,33.0,9.0,36.0,,46.0,37.5,50.0,10.0,,8.0,1.0,4.0,11.0,13.0,23.0,2.0,13.0,3.0,19.0,15.0,33.0,,,,7.0,31.0,28.0,41.0,25.0,19.0,28.0,5.0,19.0,,6.0,,47.0,17.0,41.0,28.0
2017-07-11,19.0,26.0,10.0,24.5,12.0,23.0,40.0,32.0,31.5,34.0,35.5,44.0,42.5,36.0,40.0,41.0,47.0,50.5,28.0,,42.0,16.0,37.0,,47.0,42.0,48.0,22.0,,17.0,11.0,3.0,5.0,9.0,19.0,1.0,13.0,6.0,21.5,15.0,35.0,,,,7.0,31.0,8.0,37.0,26.0,30.0,30.0,2.0,19.0,,4.0,,30.0,14.0,48.0,43.0
2017-07-12,37.0,24.0,21.0,40.0,28.0,28.0,49.0,20.5,51.0,16.0,33.0,52.0,41.0,38.0,36.0,31.0,44.0,46.0,35.0,,27.5,14.0,33.0,,40.0,32.0,41.0,3.0,,16.0,3.0,7.0,14.0,8.0,18.0,1.0,20.0,6.0,10.0,5.0,11.0,,,,36.0,28.0,11.0,44.0,25.0,26.0,28.0,13.0,2.0,,18.0,,37.0,11.0,48.0,46.0
2017-07-13,45.0,39.0,16.0,28.0,36.0,14.0,47.0,24.0,36.0,24.0,21.0,29.0,42.0,20.0,47.0,35.5,48.0,49.0,23.0,,18.0,31.0,35.0,,41.0,38.0,43.0,30.0,,15.0,6.0,2.0,3.0,9.0,7.0,3.0,12.0,5.0,26.0,17.0,32.5,,,,11.0,22.0,25.0,45.0,18.5,42.0,29.0,12.0,1.0,,10.0,,44.0,8.0,48.0,41.0
2017-07-14,36.0,25.0,26.0,28.0,16.0,11.0,45.0,31.5,45.0,19.0,35.5,49.0,44.0,32.0,43.0,42.5,47.0,30.5,17.0,,38.0,22.0,39.5,,42.0,28.5,49.0,22.0,,3.0,5.5,4.0,16.0,8.0,8.0,2.0,33.0,1.0,16.0,5.5,10.0,,,,12.0,22.0,33.0,36.0,17.0,25.0,25.0,13.0,38.0,,8.0,,47.0,18.5,38.0,46.0
2017-07-17,31.0,23.0,11.0,31.0,14.0,9.0,42.0,27.5,47.0,31.5,39.0,46.0,34.0,40.0,37.0,32.5,38.0,50.5,25.0,,45.0,4.0,45.0,,37.0,24.0,37.0,19.0,,7.0,12.0,2.0,17.0,15.0,3.0,13.0,33.0,6.0,18.0,6.0,20.0,,,,10.0,29.0,19.0,34.5,24.0,44.5,37.0,1.0,39.5,,22.0,,48.0,18.0,44.0,6.0
2017-07-18,39.0,27.0,13.0,29.0,34.0,14.0,43.0,9.0,40.5,20.0,21.0,45.0,28.0,32.0,34.0,38.0,37.5,49.0,30.0,,40.0,22.0,44.0,,42.0,30.0,50.0,20.0,,17.0,5.0,11.0,5.0,3.0,2.0,5.0,26.0,10.0,15.0,8.0,25.0,,,,7.0,24.0,31.0,42.0,14.0,36.0,23.0,1.0,36.5,,20.0,,44.0,13.0,50.0,47.0
2017-07-19,36.0,17.0,14.0,30.5,34.0,24.0,44.0,15.0,38.0,17.0,29.0,46.0,31.0,35.5,34.0,46.5,47.0,44.0,30.0,,34.0,20.0,2.0,,49.0,20.0,42.0,28.0,,5.0,6.0,1.0,8.0,16.0,3.0,24.0,29.0,11.0,12.0,9.0,9.0,,,,12.0,21.5,27.0,51.0,36.0,28.0,23.0,6.0,38.0,,3.0,,42.0,22.5,50.0,41.5
2017-07-20,46.0,26.0,36.0,27.0,30.0,16.0,42.0,17.0,27.0,24.0,28.0,45.0,36.0,31.5,29.5,37.0,18.0,50.0,21.5,,40.5,10.0,43.0,,39.0,40.0,49.0,14.0,,19.0,22.0,11.0,4.0,1.0,8.0,6.0,31.0,9.0,14.0,5.0,12.0,,,,14.0,19.0,7.0,50.5,22.0,44.0,30.0,3.0,42.0,,2.0,,42.0,39.0,30.0,47.5
2017-07-21,30.5,18.0,40.0,32.0,13.0,8.0,51.0,19.0,29.0,9.0,31.0,50.0,28.0,37.0,45.0,24.0,50.0,47.0,32.0,,38.0,16.0,44.0,,19.0,32.0,42.0,11.0,,29.0,3.0,5.0,16.0,8.0,12.0,3.0,34.0,6.0,8.0,20.0,30.0,,,,2.0,22.0,16.0,36.0,16.0,43.0,23.0,1.0,38.0,,26.0,,44.0,23.5,46.0,48.0
2017-07-24,47.5,14.0,17.5,42.0,34.0,10.0,49.5,27.0,36.0,6.0,44.0,49.0,42.0,33.0,34.0,27.5,38.0,47.0,19.0,,12.0,32.0,19.0,,45.0,50.0,31.0,23.5,,37.0,3.0,1.0,2.0,9.0,5.0,7.0,26.5,8.0,31.0,4.0,16.0,,,,22.5,33.0,21.0,45.0,11.0,25.0,39.0,17.0,22.0,,13.0,,31.0,16.0,39.0,33.0
2017-07-25,42.0,11.0,33.0,38.0,35.5,26.0,41.0,14.0,24.0,19.0,24.0,45.0,26.5,47.5,49.0,28.5,12.5,49.0,20.0,,30.5,21.5,37.5,7.0,41.5,38.0,50.0,33.0,,16.0,9.0,1.0,5.0,6.0,15.0,12.5,42.0,8.0,21.0,3.0,3.0,,,,16.5,32.0,28.0,34.0,28.0,35.0,41.0,10.0,45.0,,3.0,,19.0,19.0,48.0,51.0
2017-07-26,48.0,20.5,38.0,27.0,40.5,24.0,41.0,4.0,33.5,20.0,21.0,44.0,17.0,43.0,36.0,35.0,12.0,49.0,22.0,,36.0,37.0,34.0,29.0,51.0,33.0,49.0,23.0,,16.0,25.0,5.0,2.0,16.0,3.0,11.0,34.0,1.0,9.0,14.0,8.0,,,,6.0,34.0,10.0,33.5,7.0,46.0,39.0,14.0,44.0,,13.0,,30.0,25.0,51.0,46.0
2017-07-27,17.0,15.0,29.0,37.0,27.0,23.0,40.0,25.0,45.0,6.0,36.0,44.0,38.0,25.5,40.0,27.5,49.0,49.0,37.0,,32.0,30.5,35.5,16.0,40.0,51.5,43.0,2.0,,25.0,21.0,4.0,1.0,12.0,13.0,9.0,40.0,3.0,6.0,17.0,17.0,,,,20.0,19.0,6.0,41.0,11.0,51.0,27.0,8.0,28.5,,10.0,,39.5,21.0,51.0,47.5
2017-07-28,29.0,6.0,33.0,26.5,29.5,10.0,42.0,12.0,51.0,17.0,34.0,37.0,15.0,45.0,47.0,37.0,29.0,48.0,40.0,,36.0,32.0,42.5,18.0,48.0,33.0,49.0,11.0,,22.0,24.0,5.0,21.0,20.0,9.0,15.0,49.0,4.0,3.0,18.0,8.0,,,,22.0,26.0,14.0,45.0,7.0,38.5,37.0,2.0,1.0,,31.5,,32.0,44.0,34.0,16.0
2017-07-31,21.0,20.0,48.0,27.5,38.0,13.0,38.5,13.0,50.0,12.5,30.5,43.0,16.0,21.0,36.5,40.0,24.0,46.0,27.0,,37.0,27.0,1.0,20.0,49.0,32.0,27.0,14.0,,25.0,31.0,2.0,3.0,8.0,7.0,8.5,39.0,6.0,10.5,16.0,17.0,,,,33.5,32.0,27.0,37.0,13.0,39.0,40.0,5.0,46.0,,3.0,,52.0,52.0,31.5,44.0
2017-08-01,2.0,20.0,23.0,24.5,30.0,29.0,42.0,23.0,35.0,39.0,30.0,52.0,28.0,43.0,41.0,35.0,28.5,50.0,34.0,,43.0,19.0,20.0,5.0,52.0,12.0,33.0,15.5,,18.0,11.0,9.0,12.0,3.0,13.0,7.0,46.0,1.0,7.0,26.0,6.0,,,,11.0,24.0,4.0,43.0,15.0,45.0,40.0,19.0,29.0,,37.0,,47.5,45.0,25.0,48.0
2017-08-02,21.5,9.0,40.0,47.0,34.0,17.0,30.0,1.0,49.0,41.0,21.0,40.0,24.0,26.0,33.0,34.0,22.0,46.0,30.0,,45.0,19.0,43.0,22.0,50.0,39.0,46.0,5.0,,31.5,26.0,4.0,14.5,7.0,3.0,2.0,37.0,6.0,17.0,13.0,12.0,,,,8.0,34.0,10.0,38.0,25.0,26.5,52.0,27.0,11.0,,45.0,,51.0,17.0,13.0,36.0
2017-08-03,27.0,29.0,6.0,32.0,37.0,23.0,12.0,8.0,45.0,43.5,10.0,53.0,20.0,37.0,23.0,2.5,43.0,52.0,28.0,,39.0,24.0,27.0,15.0,44.5,49.0,41.5,4.0,,20.5,19.0,2.5,4.0,8.0,13.0,10.0,32.0,1.0,15.0,12.0,18.0,,,,27.0,44.0,24.0,48.0,30.0,39.0,40.0,6.5,39.0,,20.0,,45.0,30.0,34.0,48.0
2017-08-04,22.0,30.0,24.0,14.0,31.0,23.0,26.0,7.0,36.0,42.0,48.0,49.0,32.0,42.0,33.5,11.0,41.0,53.0,31.5,,34.0,7.0,34.0,11.0,50.0,46.0,49.0,14.0,,29.0,15.0,6.0,3.0,26.0,2.0,4.5,40.0,1.0,11.0,13.0,9.0,,,,22.0,16.0,19.0,45.0,18.0,39.0,48.0,19.5,27.0,,24.0,,37.0,4.5,37.0,45.5
2017-08-07,33.0,25.0,37.0,12.0,36.0,23.0,26.0,21.0,51.0,43.0,45.0,48.0,30.5,46.0,28.0,29.0,44.5,38.0,12.0,,30.0,4.0,32.0,22.0,49.0,50.0,51.0,5.0,,19.0,10.0,3.0,18.0,7.0,10.0,1.0,42.0,12.5,15.5,2.0,6.0,,,,9.0,32.0,16.5,45.0,15.0,22.5,36.0,28.0,10.0,,41.0,,38.0,32.0,17.0,42.0
2017-08-08,13.0,22.0,17.5,29.0,46.0,40.0,35.0,5.0,42.0,36.0,39.0,51.0,22.0,33.0,40.0,36.0,19.0,52.0,30.0,,47.0,12.0,13.0,26.0,49.0,41.5,36.5,10.0,,19.0,10.0,9.0,8.0,16.0,26.0,3.0,29.0,1.0,22.0,24.0,4.0,,,,7.0,28.5,2.0,41.0,45.5,6.0,35.5,15.0,42.0,,43.0,,49.0,16.0,23.0,34.0
2017-08-09,38.0,28.0,27.0,19.0,52.0,34.0,6.0,8.0,39.5,47.0,32.0,43.0,35.0,42.0,36.0,40.0,31.5,45.0,21.5,,46.0,11.0,32.0,22.0,51.0,48.0,40.0,22.0,,2.0,20.0,4.0,21.0,14.0,10.0,18.0,32.0,1.0,3.0,11.5,5.0,,,,17.0,22.0,7.0,52.0,16.0,9.0,50.0,25.0,17.5,,31.0,,36.0,16.0,29.0,43.0
2017-08-10,25.5,9.0,50.0,34.0,40.0,45.0,31.0,15.0,27.0,25.0,11.0,46.0,48.5,42.5,7.0,24.0,35.0,28.0,25.0,,11.0,16.0,43.0,24.0,51.0,40.0,44.0,38.0,,16.0,40.0,4.0,20.0,5.0,7.0,13.0,29.0,7.0,2.0,19.0,3.0,,,,21.0,34.0,1.0,53.0,10.0,31.0,36.0,15.0,43.0,,18.0,,50.0,48.0,21.0,34.0
2017-08-11,40.0,13.0,45.0,31.0,39.0,36.0,17.0,21.0,21.0,37.0,23.0,49.0,27.5,50.0,13.0,36.0,51.0,20.0,8.0,,48.0,14.0,33.0,21.5,34.0,36.0,43.0,9.0,,12.0,48.0,5.0,4.0,25.0,6.0,3.0,36.0,10.0,1.0,13.0,2.0,,,,26.5,32.0,17.0,42.0,20.0,25.0,31.0,17.0,47.0,,7.0,,45.0,34.0,28.0,48.0
2017-08-14,12.0,30.0,22.5,22.0,44.0,43.0,51.0,21.0,33.0,34.0,1.0,40.0,30.5,50.0,2.0,50.0,45.0,26.0,30.0,,37.0,9.5,33.5,32.0,42.0,43.0,41.0,16.0,,3.0,38.5,6.0,16.0,22.0,18.0,12.0,31.0,5.0,4.0,11.0,7.0,,,,17.0,19.0,8.0,46.0,26.0,11.0,37.0,16.0,19.0,,41.0,,35.0,29.0,49.0,39.0
2017-08-15,43.0,20.0,51.0,36.0,52.0,31.0,10.0,5.0,22.0,31.0,7.0,44.0,22.5,34.5,11.0,47.5,40.0,40.0,23.0,,29.0,5.0,38.0,25.0,35.0,43.0,2.0,19.0,,14.0,49.0,8.0,20.0,8.0,13.0,12.0,38.0,16.0,14.0,27.0,3.0,,,,22.5,25.0,1.0,5.0,25.0,35.0,45.0,18.5,46.0,,46.0,,35.0,48.0,23.0,44.0
2017-08-16,25.0,34.0,45.0,32.0,42.0,47.0,51.0,8.0,28.5,19.0,7.0,37.0,25.0,34.0,13.0,51.0,41.0,16.0,12.0,,4.0,19.0,42.0,28.0,42.0,39.0,31.0,35.0,,10.0,28.0,4.0,10.0,20.0,14.5,6.0,44.0,13.0,17.0,19.0,1.0,,,,26.0,8.0,4.0,30.0,29.0,47.0,22.0,2.0,41.5,,22.0,,43.0,39.0,48.0,49.0
2017-08-17,30.0,30.0,49.0,31.0,47.0,39.0,29.0,17.0,29.0,12.5,5.0,41.0,22.0,42.5,22.0,46.0,4.0,24.0,10.0,,5.0,13.0,39.0,25.0,42.0,34.0,47.0,28.5,,8.0,46.0,7.0,12.0,17.0,2.0,19.0,48.0,9.0,14.0,17.0,2.0,,,,35.0,40.0,18.0,52.0,25.0,29.0,39.0,2.0,42.5,,11.0,,36.5,47.0,22.0,33.0
2017-08-18,28.5,32.0,50.0,16.0,38.0,16.5,36.0,13.0,25.0,43.0,10.0,35.0,31.0,46.0,21.0,46.0,52.0,25.0,21.0,,24.0,2.0,34.0,35.0,47.0,39.0,44.0,22.0,,7.0,35.0,6.0,4.0,20.0,5.0,18.0,33.0,1.0,3.0,13.0,8.0,,,,49.0,32.0,9.0,12.0,13.0,40.0,37.0,16.0,16.0,,29.0,,51.0,43.0,28.0,45.0
2017-08-21,43.0,45.0,39.0,20.0,45.0,35.0,41.0,4.0,20.0,45.0,10.0,33.0,32.0,48.0,21.0,48.0,51.0,21.0,15.0,,2.0,16.0,50.0,34.0,52.0,36.0,40.0,25.0,,20.0,34.0,7.0,6.0,25.5,13.0,16.0,24.5,9.0,8.0,11.0,2.0,,,,33.0,26.0,14.0,3.0,38.0,43.5,31.0,11.0,4.0,,25.5,,39.0,31.0,28.0,30.0
2017-08-22,38.0,52.0,20.0,27.0,41.0,45.0,48.0,13.0,19.0,40.0,3.0,29.0,35.0,38.0,8.5,43.0,29.0,13.5,25.0,,7.0,10.5,51.0,36.0,49.0,33.0,47.0,23.0,,12.0,28.5,6.0,2.0,25.0,1.0,21.0,32.0,8.0,14.0,17.0,17.0,,,,10.0,31.0,21.0,46.0,27.5,38.0,43.0,5.0,4.0,,31.0,,48.0,46.5,35.0,18.5
2017-08-24,44.0,51.0,38.0,19.0,40.0,30.0,48.0,4.0,10.0,44.0,1.0,34.0,22.5,36.5,5.0,47.0,47.5,16.0,22.0,,44.0,14.0,48.0,25.0,37.0,25.5,53.0,29.0,,16.0,34.5,2.0,14.0,23.0,8.0,17.0,9.0,3.0,13.0,26.0,23.0,,,,39.0,41.0,12.0,9.0,18.0,30.0,32.5,7.0,7.0,,33.0,,49.5,38.0,41.0,27.0
2017-08-25,42.0,50.0,35.0,17.0,52.0,31.0,46.0,16.0,23.0,4.0,8.0,36.0,27.5,42.5,5.0,42.0,32.0,4.5,13.5,,28.0,12.0,38.0,38.0,43.0,1.0,23.0,17.0,,7.0,40.5,9.0,13.0,21.0,4.0,18.5,20.0,2.0,10.0,20.0,33.0,,,,49.0,51.0,49.0,47.0,22.0,29.0,35.0,18.5,9.0,,31.5,,43.0,40.0,31.0,24.0
2017-08-28,41.0,43.0,44.5,21.0,51.0,11.0,50.0,21.0,29.0,47.0,9.0,23.0,21.0,44.0,8.0,50.0,30.0,6.0,17.0,,46.0,11.0,32.0,41.0,50.0,33.5,35.5,36.5,,3.0,39.0,2.0,4.0,19.0,27.0,17.0,6.0,1.0,6.0,20.0,14.5,,,,38.0,27.0,30.0,19.0,16.0,33.0,29.0,12.0,12.0,,25.0,,52.0,37.0,39.0,34.5
2017-08-29,49.0,51.0,34.0,11.0,49.0,35.0,33.0,20.0,27.0,33.0,9.0,27.5,19.0,51.0,8.0,42.0,48.0,17.0,24.0,,2.0,14.0,41.0,37.0,26.0,39.0,44.0,31.0,,7.0,45.0,1.0,15.0,16.0,24.0,28.0,11.0,3.0,11.0,4.0,34.0,,,,45.0,13.0,15.0,41.0,30.0,48.0,22.0,20.0,6.0,,5.0,,25.0,36.0,41.0,32.0
2017-08-30,47.0,50.0,31.0,25.0,50.5,37.0,47.0,20.0,19.0,43.0,4.0,23.0,29.0,31.0,3.0,52.0,23.0,14.0,10.0,,18.0,14.0,48.0,31.0,39.0,41.0,46.0,34.0,,8.0,46.0,1.0,5.0,15.0,25.0,24.0,19.5,2.0,9.0,7.0,6.0,,,,12.0,16.0,22.0,20.0,21.0,33.0,37.0,32.0,14.0,,40.0,,36.0,31.0,47.0,43.0
2017-08-31,33.0,50.0,41.5,37.0,51.0,20.0,43.0,10.0,30.0,44.0,4.0,12.0,36.0,31.0,8.0,28.0,53.0,4.0,34.0,,37.0,20.0,49.0,41.0,46.0,47.0,39.0,34.0,,23.0,48.0,6.0,14.0,8.0,2.0,37.0,26.0,2.0,12.0,7.0,20.0,,,,20.0,24.0,22.0,32.0,14.0,2.0,12.0,16.5,16.0,,27.0,,45.0,19.0,40.0,29.5
2017-09-01,46.0,40.0,39.5,27.0,50.0,22.5,43.0,14.0,25.0,36.0,4.0,25.0,30.0,46.0,15.0,29.0,20.0,22.0,37.0,,20.0,16.0,50.0,43.0,45.5,30.0,36.0,24.0,,5.0,43.0,2.0,17.0,3.0,8.0,49.5,21.0,11.0,6.0,1.0,8.0,,,,42.0,33.0,13.0,50.5,26.0,31.0,42.0,7.0,12.0,,10.0,,45.5,17.0,35.0,33.0
2017-09-04,34.0,44.0,33.0,25.0,47.0,17.0,51.0,6.0,9.0,46.0,4.0,28.5,32.0,39.0,14.0,53.0,42.5,25.0,29.5,,10.5,20.0,42.0,45.0,37.5,46.0,50.0,21.0,,2.0,49.0,7.0,10.5,19.0,14.0,42.0,1.0,5.0,8.0,12.0,18.0,,,,34.0,38.0,15.0,21.0,15.0,18.0,33.5,27.0,3.0,,36.0,,43.0,32.0,28.0,23.0
2017-09-05,31.0,42.0,40.0,6.0,42.5,25.0,51.0,4.0,33.0,51.0,10.0,22.0,36.0,46.0,15.0,48.0,45.0,3.0,24.0,,31.0,21.0,50.0,34.0,8.0,28.0,45.0,30.0,,2.0,34.0,5.0,11.0,16.0,18.0,36.0,17.0,1.0,20.0,13.0,11.5,,,,25.0,26.0,15.0,28.0,9.0,40.0,47.0,22.0,7.0,,41.0,,50.5,40.5,15.0,35.0
2017-09-06,32.5,41.0,31.0,15.0,50.0,40.0,35.0,7.0,19.0,46.0,12.0,29.0,27.5,43.0,25.0,41.0,20.0,4.0,10.0,,36.5,13.0,45.0,30.0,37.0,49.5,44.0,18.0,,7.0,48.5,2.0,17.0,11.0,15.0,43.0,22.0,1.0,9.0,3.0,27.0,,,,49.0,47.0,27.0,15.0,23.0,31.0,22.0,24.0,6.0,,32.0,,47.5,31.0,41.0,5.0
2017-09-07,26.0,45.5,37.0,29.0,50.0,19.0,38.0,5.0,29.0,43.0,7.0,10.0,32.0,45.0,12.0,51.0,43.0,1.0,41.0,,30.0,23.0,47.0,19.0,22.5,42.0,46.0,17.0,,5.0,38.0,9.0,8.0,25.0,21.0,33.5,15.0,12.0,15.0,2.0,22.0,,,,5.0,11.0,22.0,47.0,14.0,34.0,38.0,23.0,3.0,,37.0,,50.0,41.0,35.0,26.0
2017-09-08,45.0,34.0,46.0,23.0,28.0,32.5,47.5,11.0,25.0,27.0,4.0,11.0,22.0,48.0,10.0,45.0,52.0,18.0,23.0,,5.0,19.0,44.0,31.0,46.0,41.0,53.0,39.0,,2.0,39.0,6.0,3.0,14.0,24.0,20.0,7.0,8.0,13.0,16.0,14.0,,,,9.0,48.0,20.0,41.0,28.0,30.0,34.5,30.0,1.0,,27.0,,50.0,34.5,23.0,37.0
2017-09-11,8.0,47.0,42.0,30.0,39.0,28.0,51.0,14.0,25.0,44.5,1.0,14.0,15.0,37.0,17.0,49.0,44.0,18.0,33.0,,35.0,20.0,49.0,38.0,47.0,34.0,53.0,29.0,,2.0,34.0,3.0,8.0,10.0,22.0,50.0,6.0,12.0,17.0,4.0,24.0,,,,37.0,7.0,18.0,39.0,20.0,27.0,42.0,5.0,11.0,,47.0,,21.5,38.0,31.0,24.0
2017-09-12,14.0,46.0,23.0,20.0,45.0,16.0,41.0,8.0,30.0,52.0,1.0,22.0,17.0,41.0,16.0,50.0,35.0,6.0,27.0,,39.0,13.0,28.0,38.0,48.0,18.0,53.0,39.0,,2.0,30.0,3.0,11.0,13.0,18.0,30.0,10.0,5.0,19.0,8.0,26.0,,,,48.0,4.0,26.5,43.0,43.0,23.0,29.0,28.0,7.0,,39.5,,45.5,39.0,37.0,34.0
2017-09-13,3.5,51.0,37.5,1.0,43.0,19.0,24.0,12.0,39.0,53.0,24.0,20.0,31.0,34.5,22.5,47.0,32.0,22.0,31.0,,37.5,29.0,47.0,49.0,42.0,34.0,48.0,28.0,,7.0,33.0,9.0,14.0,16.0,16.0,47.0,5.0,2.0,20.0,3.5,7.0,,,,38.0,11.0,21.0,13.0,27.5,6.0,16.0,33.5,10.0,,44.0,,35.0,43.0,43.0,24.0
2017-09-14,30.0,51.0,26.0,18.0,47.0,23.0,49.0,13.0,43.0,53.0,9.0,15.0,14.0,32.0,23.0,45.0,41.0,26.0,34.0,,45.0,27.0,44.0,45.0,31.0,2.0,49.0,26.0,,4.0,38.0,10.0,8.0,1.0,15.0,39.0,6.0,11.0,18.0,3.0,21.0,,,,37.5,12.0,21.0,46.0,40.0,7.0,31.0,28.0,5.0,,38.5,,35.0,19.0,30.0,23.0
2017-09-15,24.0,48.0,35.0,31.0,26.0,18.0,24.0,20.0,34.5,3.5,5.0,16.0,48.0,34.0,16.0,43.0,40.5,47.0,41.5,,24.0,20.0,43.0,47.0,32.0,25.0,44.0,30.5,,6.0,46.5,7.0,11.0,19.0,14.0,21.0,10.0,3.5,2.0,13.0,38.0,,,,10.0,8.0,42.0,48.0,37.5,8.0,36.0,27.0,14.0,,1.0,,49.0,36.0,50.5,28.0
2017-09-18,30.0,44.0,30.0,15.0,36.0,23.0,39.0,7.0,38.5,49.0,4.0,13.0,35.0,48.0,38.0,50.0,29.0,20.0,33.0,,11.0,42.0,50.0,34.5,22.0,20.0,44.0,41.5,,20.0,47.0,5.0,8.0,16.0,14.0,27.0,31.5,3.0,19.0,2.0,12.0,,,,38.0,25.0,22.0,49.0,41.0,9.0,19.0,5.0,10.0,,1.0,,34.5,46.0,30.5,23.0
2017-09-19,36.0,39.0,7.0,27.0,29.5,23.0,26.0,10.0,38.0,47.0,13.0,18.0,22.0,44.5,31.0,51.0,44.0,2.0,37.0,,41.0,34.0,39.5,47.0,39.0,25.0,44.5,33.5,,16.0,51.0,3.0,5.5,8.0,13.0,20.0,18.0,9.0,16.0,4.0,14.0,,,,21.0,11.0,26.0,38.0,19.0,5.5,21.0,32.0,1.0,,33.0,,49.0,50.0,42.0,36.0
2017-09-20,27.5,44.5,25.0,22.0,43.0,17.0,17.0,9.0,4.0,49.0,1.0,20.5,31.0,38.0,44.5,42.5,51.0,6.0,26.0,,35.0,47.5,50.0,37.0,41.5,39.0,48.0,22.0,,18.0,27.0,5.0,6.0,23.0,15.0,30.0,13.0,2.0,14.0,9.0,17.0,,,,41.0,3.0,11.0,36.0,29.0,12.0,25.5,30.0,7.5,,33.0,,51.0,46.0,43.0,21.0
2017-09-21,12.0,50.0,17.0,23.0,48.0,4.0,25.0,21.0,15.0,45.0,20.0,27.0,34.0,36.0,31.0,52.0,26.0,4.5,30.0,,37.0,37.5,49.0,39.0,43.0,41.0,40.5,44.0,,12.0,45.0,4.0,8.0,5.0,15.0,27.0,25.0,9.0,31.5,10.0,29.0,,,,18.0,7.0,13.0,48.0,29.0,12.0,2.0,32.0,1.0,,35.0,,46.0,17.0,50.0,17.0
2017-09-22,5.0,44.0,26.0,20.0,50.0,31.0,33.0,16.0,9.0,20.0,11.0,18.0,28.0,44.0,24.0,43.5,48.0,43.0,41.0,,34.0,33.0,50.0,46.5,35.5,23.0,46.0,37.5,,13.0,49.0,3.0,7.0,10.0,27.0,1.0,15.0,2.0,22.5,14.0,29.0,,,,38.0,9.0,19.0,33.5,36.0,18.0,7.0,44.5,4.0,,7.0,,48.0,25.0,34.0,26.0
2017-09-25,12.0,12.5,46.0,4.0,48.0,46.0,33.0,23.5,18.5,41.0,20.5,33.0,40.0,42.5,43.0,48.0,36.5,26.0,8.0,,37.0,45.0,52.0,33.5,14.0,8.5,49.0,34.0,,12.0,37.0,16.0,9.0,14.0,21.5,23.0,25.0,4.0,25.0,7.0,30.0,,,,15.5,1.0,19.0,41.0,40.0,19.0,8.0,5.0,2.0,,28.0,,32.0,47.0,38.0,25.0
2017-09-26,14.0,45.0,22.0,22.0,53.0,2.0,27.0,16.0,34.0,43.0,7.0,32.0,26.0,14.0,36.0,49.5,41.5,40.0,28.0,,5.5,40.0,48.0,37.5,35.0,4.0,48.5,45.5,,12.0,35.0,8.0,10.0,22.0,10.0,46.5,14.0,3.0,39.0,5.5,36.0,,,,21.0,9.0,26.0,28.0,19.5,19.0,50.0,16.0,1.0,,27.0,,34.0,44.0,30.0,28.0
2017-09-27,10.0,52.0,32.5,14.5,52.0,2.0,15.5,27.0,2.0,48.0,14.0,26.5,46.0,11.0,29.0,49.0,40.5,43.0,37.0,,39.5,42.0,43.0,24.0,32.0,30.0,45.0,37.0,,17.0,34.0,2.0,5.0,33.0,27.0,25.5,21.0,4.0,17.5,8.0,19.0,,,,44.0,7.0,10.0,46.0,23.5,22.0,44.0,18.0,6.0,,13.0,,20.0,14.0,38.0,41.5
2017-09-28,7.0,48.0,4.0,11.0,52.0,20.0,42.0,14.0,36.0,34.0,1.0,26.0,40.5,16.0,22.0,46.0,51.0,44.0,14.0,,24.5,40.5,49.0,38.0,40.0,4.0,47.0,33.5,,27.0,43.5,9.0,12.0,5.5,7.0,39.5,16.0,10.0,47.0,4.0,30.0,,,,31.0,14.0,28.0,36.0,24.0,19.0,31.0,17.5,2.0,,28.0,,31.0,25.0,45.0,21.5
2017-09-29,14.0,50.0,25.0,8.0,48.0,5.0,5.0,1.0,33.0,29.0,18.0,31.0,43.0,14.0,27.0,45.0,23.0,39.0,48.0,,31.0,41.0,46.5,25.0,34.0,2.5,42.0,5.0,,30.0,40.0,2.5,12.0,50.0,7.0,23.0,37.0,8.0,21.0,10.0,22.0,,,,36.0,18.0,52.0,36.5,38.5,11.5,18.0,23.0,11.0,,20.5,,44.0,17.5,41.0,37.0
2017-10-03,3.0,26.5,20.0,10.0,46.0,17.0,18.0,22.0,19.0,50.0,8.0,49.0,45.0,50.0,22.0,40.0,38.0,41.0,43.0,,33.5,23.0,46.0,45.0,4.0,42.5,30.0,7.0,,15.0,34.0,2.0,1.0,47.0,21.0,5.5,10.0,4.0,26.0,13.0,29.0,,,,38.0,15.0,24.0,41.0,33.5,16.0,11.5,49.0,9.0,,28.0,,36.0,33.0,36.0,27.0
2017-10-04,2.0,40.0,17.0,14.0,50.0,35.0,25.0,7.0,40.0,44.0,9.0,47.0,48.0,47.0,23.0,46.5,47.0,50.0,37.0,,42.0,28.0,31.5,31.0,28.0,24.5,39.0,7.0,,18.0,34.0,3.0,4.0,21.0,21.0,14.0,12.0,5.0,7.5,1.0,23.0,,,,52.0,26.0,29.0,13.0,31.0,17.0,9.0,27.5,12.0,,14.0,,31.0,50.0,37.0,38.5
2017-10-06,9.0,39.0,50.0,1.0,48.0,24.5,46.5,12.0,28.0,30.0,14.0,32.0,20.0,50.0,39.0,31.0,23.0,3.0,26.0,,48.0,43.0,49.0,38.0,11.0,32.0,42.0,12.0,,17.0,32.0,5.0,2.0,20.0,20.0,10.0,42.0,4.0,40.0,7.0,6.0,,,,20.0,23.0,12.5,23.0,41.0,15.0,18.0,45.0,16.0,,36.0,,50.0,34.0,35.0,37.0
2017-10-09,9.0,31.0,37.0,16.0,47.0,7.0,25.5,17.0,48.0,31.0,12.0,29.0,40.0,52.0,21.5,37.0,40.0,28.0,24.0,,48.0,27.0,47.0,38.0,22.0,49.0,43.0,8.0,,23.5,27.0,5.0,1.0,17.0,13.0,11.0,42.5,6.0,39.5,2.0,4.0,,,,43.0,25.0,19.0,37.5,30.0,10.0,20.0,48.5,3.0,,16.0,,48.0,33.5,33.5,15.0
2017-10-10,21.0,42.0,46.0,1.0,49.0,21.0,45.0,17.5,32.0,34.0,4.0,45.5,19.0,47.0,25.0,49.0,36.0,15.0,24.0,,31.0,33.5,31.5,40.0,27.0,42.0,31.0,8.0,,27.0,13.0,5.0,13.0,10.0,7.0,18.0,47.0,2.0,43.0,8.5,3.0,,,,28.0,5.0,24.0,10.0,28.0,35.5,14.0,36.0,15.0,,19.0,,49.5,52.0,38.0,40.0
2017-10-11,5.0,25.5,50.0,8.0,49.0,13.0,44.5,20.0,29.0,28.0,16.0,47.0,26.0,40.0,40.0,52.0,34.0,25.0,38.0,,38.0,33.0,41.5,40.5,18.0,38.0,31.0,18.0,,19.0,21.0,5.0,9.0,11.0,12.0,28.0,23.5,14.0,39.0,3.0,7.0,,,,49.0,16.5,10.0,2.0,43.0,25.0,5.0,44.5,1.0,,33.0,,52.0,38.0,24.0,30.0
2017-10-12,30.0,21.0,41.0,3.0,46.0,8.5,40.5,19.0,43.0,16.0,12.0,40.0,34.0,31.0,51.0,48.0,37.0,29.0,24.0,,38.0,10.5,47.0,45.0,22.0,41.5,41.5,26.0,,33.0,15.0,10.0,7.0,8.5,4.0,1.5,24.0,13.0,17.0,6.0,20.0,,,,48.0,41.5,27.0,1.5,37.0,34.0,17.0,47.0,5.0,,24.0,,52.0,29.5,23.0,19.5
2017-10-13,21.0,36.0,13.0,6.0,44.0,14.0,29.0,12.0,41.0,40.0,10.0,36.0,34.0,49.0,47.0,42.0,45.0,26.0,25.0,,40.0,39.0,47.0,33.5,19.0,45.0,31.0,10.0,,29.0,18.0,1.0,4.0,30.0,22.0,3.0,33.5,2.0,28.0,15.0,21.0,,,,51.0,30.0,13.0,20.5,42.0,25.5,8.0,51.0,5.0,,10.0,,51.0,27.5,28.0,10.0
2017-10-16,15.0,12.0,27.0,9.0,50.0,6.0,33.5,12.0,24.0,27.0,28.0,48.0,35.0,24.0,52.0,1.0,31.5,24.5,18.0,,30.0,37.0,43.0,24.0,18.0,38.0,32.0,26.0,,42.0,20.0,10.0,4.0,48.0,2.0,7.0,34.0,9.0,38.5,5.0,28.0,,,,43.0,18.0,42.0,44.0,42.0,22.0,14.0,16.0,3.0,,35.0,,44.0,45.0,47.0,10.0
2017-10-17,18.0,33.0,37.0,25.0,33.5,7.0,36.0,12.5,43.0,29.0,20.5,46.0,45.0,36.0,49.0,39.0,40.0,10.0,22.0,,50.0,41.0,44.0,15.0,8.0,50.0,32.5,28.0,,28.0,18.0,1.0,10.0,24.0,3.0,10.0,35.0,2.0,20.0,4.0,19.0,,,,36.0,21.0,15.0,30.0,35.0,6.0,13.0,47.0,5.0,,49.0,,53.0,32.0,34.0,13.5
2017-10-18,18.0,29.0,38.0,2.0,44.0,5.0,47.0,21.0,24.0,22.0,37.0,51.0,26.0,51.0,49.0,27.0,33.0,20.0,14.5,,40.0,15.0,47.0,34.0,17.0,38.0,10.0,27.5,,34.5,20.0,1.0,10.0,11.0,14.0,3.0,42.0,5.0,31.0,7.0,10.0,,,,42.5,7.0,35.5,34.5,52.5,25.5,6.0,39.5,15.0,,24.0,,40.5,37.5,28.0,41.0
2017-10-19,25.0,20.0,47.0,19.0,34.0,6.0,46.5,12.0,37.0,14.0,18.0,42.5,25.5,45.0,51.0,37.0,45.0,40.5,24.0,,48.0,10.0,40.0,11.0,5.0,20.0,27.5,25.0,,23.0,43.0,4.0,8.0,37.0,1.0,3.0,31.0,2.0,18.0,10.0,16.0,,,,35.5,12.0,29.5,29.0,30.0,51.0,7.0,40.0,14.0,,41.5,,49.0,24.0,32.0,34.0
2017-10-20,15.0,7.0,47.0,9.0,23.0,3.0,34.0,38.5,36.5,21.0,5.0,40.0,11.0,28.0,44.5,48.0,44.0,32.0,13.0,,45.0,18.0,43.0,50.5,2.0,39.0,37.0,28.0,,30.0,30.5,4.0,15.0,27.0,1.0,7.0,33.0,12.0,17.0,9.0,24.0,,,,27.0,23.0,20.0,26.0,33.0,22.0,6.0,49.0,13.0,,42.0,,51.0,35.0,39.0,39.0
2017-10-23,25.0,16.5,40.0,15.0,36.0,8.0,40.5,15.0,40.0,15.0,4.0,30.0,15.0,30.0,47.0,50.0,49.0,39.5,5.0,,46.0,20.0,50.0,47.0,32.0,22.0,23.0,26.0,,24.0,12.0,7.0,1.0,21.0,2.0,13.0,42.0,9.0,34.5,6.0,3.0,,,,41.0,14.0,23.0,28.0,28.0,52.0,20.0,39.0,11.0,,37.0,,45.0,38.0,36.0,35.0
2017-10-24,25.5,8.0,50.0,9.0,24.0,5.0,30.0,20.0,39.0,34.0,11.5,43.0,51.0,44.0,48.0,43.0,47.0,21.0,22.0,,39.0,11.0,45.0,45.5,17.0,31.0,28.0,18.0,,46.0,19.0,12.0,2.0,13.0,4.0,6.0,35.0,15.0,31.0,7.0,1.0,,,,47.5,37.0,12.0,23.0,18.0,49.0,37.0,30.5,3.0,,34.0,,35.0,27.5,29.5,32.0
2017-10-25,33.0,9.0,48.0,14.0,41.0,9.0,44.5,16.0,47.0,28.0,2.0,46.0,40.5,41.0,51.0,42.5,35.0,20.0,11.0,,34.0,7.0,44.0,43.0,38.0,1.0,31.5,29.0,,27.5,16.0,23.0,5.0,14.5,8.0,3.0,26.5,12.0,18.0,4.0,6.0,,,,31.0,17.0,28.0,31.0,15.5,50.0,19.0,37.0,26.0,,47.0,,44.0,28.0,21.0,44.0
2017-10-26,17.0,12.0,42.0,7.0,18.0,8.0,30.0,14.0,32.0,38.0,12.0,44.0,40.0,33.0,52.0,48.0,23.0,10.0,17.0,,43.0,42.0,34.0,23.0,30.0,12.5,40.5,27.0,,46.0,20.0,26.0,3.0,25.0,1.0,4.0,32.0,6.0,30.0,9.0,2.0,,,,37.0,15.0,19.0,24.0,40.0,50.0,5.0,37.0,22.0,,46.0,,47.0,52.0,17.0,39.0
2017-10-27,1.0,37.0,42.0,4.0,28.5,21.0,45.0,14.0,28.0,44.5,7.0,39.0,38.0,19.5,51.0,18.0,30.0,25.0,10.0,,40.0,41.5,47.0,39.0,17.0,6.0,39.0,36.0,,41.0,16.0,24.0,3.0,13.0,2.0,11.0,29.0,9.0,48.0,8.0,5.0,,,,32.0,26.0,13.5,19.0,23.0,27.0,14.0,42.0,23.0,,46.0,,51.0,39.5,31.0,36.0
2017-10-30,6.0,20.0,47.5,13.0,50.0,3.0,48.0,15.0,36.0,35.5,10.0,34.5,44.0,48.0,31.0,49.0,42.0,19.0,10.0,,21.0,17.0,29.0,38.0,9.0,44.0,36.0,31.0,,46.0,32.0,28.0,12.0,17.0,2.0,5.0,26.5,21.0,40.0,7.0,1.0,,,,13.0,23.0,36.0,24.5,4.0,10.0,16.0,21.0,28.0,,42.0,,50.0,35.0,28.0,50.0
2017-10-31,9.0,23.0,48.0,7.0,13.0,6.0,36.0,37.5,15.0,42.0,11.0,39.0,21.0,48.0,26.0,47.0,42.0,23.0,17.0,,29.0,22.0,22.5,49.0,17.0,45.5,13.0,34.5,,41.0,25.0,28.0,3.0,13.0,9.0,5.0,35.0,9.0,44.5,4.0,1.0,,,,21.0,29.0,32.0,31.0,19.0,39.0,2.0,28.5,40.5,,39.5,,45.0,51.0,25.5,37.0
2017-11-01,13.0,5.0,50.0,5.0,34.0,2.0,42.0,36.0,46.0,32.5,3.0,49.0,45.0,45.0,49.0,43.0,39.0,17.0,15.0,,32.0,19.0,22.0,26.0,12.0,43.0,29.0,26.0,,27.0,15.0,9.0,7.0,20.0,8.0,1.0,17.0,22.0,32.0,5.0,14.0,,,,13.5,23.0,34.0,32.0,27.0,37.5,11.0,41.0,29.0,,38.0,,53.0,40.0,18.0,49.0
2017-11-02,19.0,11.0,41.0,4.0,51.0,8.0,46.0,16.5,37.0,45.0,13.0,32.0,11.0,28.0,30.0,35.5,48.0,37.5,7.0,,19.0,22.0,17.0,23.0,26.0,48.0,40.0,26.0,,42.0,23.0,8.0,1.0,42.0,3.0,12.0,28.0,17.0,25.0,5.0,15.0,,,,32.0,6.0,33.0,38.0,13.0,44.0,2.0,35.0,41.5,,42.0,,48.0,38.0,22.0,52.0
2017-11-03,9.0,20.0,44.0,7.0,45.0,2.0,33.0,9.0,43.0,52.0,1.0,27.0,17.0,29.5,37.0,50.0,39.0,12.0,6.0,,28.0,39.0,3.0,27.5,19.0,47.0,14.0,25.0,,28.0,27.0,14.0,14.0,38.0,11.0,16.0,37.0,3.0,33.5,18.0,5.0,,,,50.0,23.0,43.0,32.0,16.0,40.5,9.0,23.0,48.0,,37.0,,48.0,42.5,22.0,32.0
2017-11-06,19.0,13.0,41.0,3.0,44.0,1.0,31.0,5.0,44.5,37.0,16.0,41.5,25.0,31.0,38.5,37.0,46.5,11.0,8.0,,35.0,23.0,26.0,18.0,19.0,40.0,21.0,25.0,,32.0,29.0,7.0,15.0,29.0,4.0,10.5,11.0,13.0,29.0,2.0,19.0,,,,47.0,25.0,41.0,38.0,5.0,48.0,9.0,35.0,49.0,,43.0,,47.0,44.0,22.0,51.0
2017-11-07,28.0,4.0,50.0,13.0,20.0,1.0,40.0,35.0,49.0,41.0,20.0,49.0,49.0,18.5,46.0,45.0,40.5,16.0,12.0,,13.0,32.0,35.0,42.0,29.0,25.0,24.0,48.0,,41.5,11.0,22.0,8.0,16.0,2.0,3.0,31.0,5.0,22.0,9.0,16.0,,,,26.0,8.0,25.0,31.5,6.0,44.0,8.0,22.0,37.0,,38.5,,29.0,40.0,33.0,41.5
2017-11-08,18.0,10.0,48.5,12.0,37.0,4.0,33.0,26.0,40.0,45.0,23.0,45.0,49.5,11.0,12.0,42.5,41.0,16.0,21.0,,26.5,35.0,32.5,43.0,30.0,43.0,32.0,50.0,,22.0,6.0,5.0,16.0,46.0,1.0,7.0,15.0,10.0,33.0,3.0,19.0,,,,38.0,7.0,23.0,25.0,13.0,46.0,2.0,47.5,29.0,,30.0,,30.0,31.5,22.0,50.0
2017-11-09,17.0,23.0,39.0,15.0,38.0,1.0,47.0,41.0,46.5,31.5,10.0,50.0,46.5,26.0,31.5,38.0,47.0,44.0,19.0,,26.5,26.0,14.0,43.0,6.0,43.0,17.0,31.0,,40.5,2.0,18.0,4.0,17.0,8.0,11.0,31.0,13.0,23.0,9.0,12.0,,,,38.0,3.0,36.0,6.0,21.0,43.5,6.0,30.5,32.0,,30.0,,34.0,47.0,24.0,43.0
2017-11-10,9.0,27.0,30.0,6.0,21.0,5.0,30.0,18.0,46.0,46.0,15.0,37.0,52.0,31.0,30.0,48.0,47.0,42.5,3.0,,30.0,44.0,36.0,44.0,21.0,44.0,28.0,48.0,,34.0,11.0,11.0,14.0,19.0,7.0,1.0,24.0,2.0,21.0,15.0,9.5,,,,40.0,13.0,21.0,4.0,18.0,42.0,8.5,39.0,24.0,,27.0,,49.0,42.5,34.0,39.0
2017-11-13,4.0,6.0,20.0,5.0,37.5,12.0,15.0,15.0,53.0,28.0,17.0,48.0,38.0,40.0,45.0,17.0,44.0,35.5,16.0,,40.0,39.0,47.0,37.0,20.0,46.0,26.0,29.0,,32.0,7.0,10.0,8.0,40.0,2.0,3.0,12.0,9.0,25.0,21.0,24.0,,,,12.0,34.0,39.5,1.0,31.0,46.0,22.0,29.0,20.0,,23.0,,49.0,44.5,35.0,51.0
2017-11-14,4.0,3.0,19.0,5.0,34.0,44.0,52.0,17.0,37.0,49.0,23.5,51.0,15.0,2.0,47.0,35.0,37.0,27.5,12.0,,14.0,44.0,24.0,47.0,42.0,50.0,28.0,49.0,,40.0,1.0,40.0,22.0,30.0,8.5,15.0,7.0,28.0,18.0,26.0,19.0,,,,37.5,8.0,25.0,10.0,6.0,50.0,30.0,15.0,34.0,,33.0,,11.0,19.0,31.0,38.0
2017-11-15,13.0,31.0,6.0,15.0,41.0,18.0,27.0,2.0,52.0,45.0,13.0,48.0,49.0,30.0,37.0,26.0,41.5,30.0,5.0,,29.0,27.0,41.0,45.0,45.0,45.0,23.0,45.0,,42.0,1.0,22.0,11.0,21.0,4.0,3.0,19.0,9.0,19.0,25.0,34.0,,,,27.0,15.0,18.0,7.0,12.0,50.0,6.5,31.0,33.0,,36.0,,10.0,35.0,38.0,47.5
2017-11-16,21.0,14.0,18.0,7.0,34.0,10.0,37.0,11.0,42.0,35.5,14.0,43.0,51.0,11.0,41.0,30.0,53.0,16.0,13.0,,42.0,3.0,23.0,44.0,21.0,45.0,29.0,47.0,,31.5,5.0,24.0,19.0,35.0,3.0,1.0,27.5,26.0,8.0,31.5,5.0,,,,3.0,31.0,19.0,17.0,25.0,45.0,40.0,7.0,28.5,,50.0,,31.0,42.0,40.0,50.0
2017-11-17,10.0,24.0,33.0,1.0,13.0,9.0,27.0,10.0,52.0,37.0,20.0,43.0,48.0,13.0,44.0,24.0,30.0,44.0,8.0,,13.0,46.0,38.0,37.0,28.0,20.0,46.0,50.0,,32.0,3.0,28.0,4.0,33.5,26.0,15.0,17.0,7.0,15.0,20.0,42.0,,,,5.0,27.0,17.0,6.0,2.0,45.0,27.5,20.0,44.0,,42.0,,37.0,41.0,33.5,50.5
2017-11-20,14.5,28.0,17.0,34.0,19.0,6.0,37.0,13.0,22.0,33.5,19.0,49.0,33.0,22.0,38.0,5.0,51.0,39.0,1.0,,40.0,50.0,13.0,50.0,25.5,47.0,9.0,47.0,,18.0,11.0,46.0,9.0,28.0,7.0,42.5,4.0,3.0,49.0,31.0,39.0,,,,9.0,24.0,26.0,13.0,2.0,38.0,31.0,15.0,28.0,,41.0,,21.0,26.0,43.0,42.0
2017-11-21,6.0,22.0,28.0,9.0,37.0,8.0,20.0,5.0,26.0,32.0,37.0,35.0,12.0,17.0,38.0,24.0,46.5,47.0,19.0,,47.0,48.5,26.0,49.0,29.0,40.0,48.0,26.0,,17.0,12.5,3.0,9.0,43.0,1.0,3.0,20.0,12.0,44.0,13.0,29.0,,,,35.0,40.5,14.0,16.0,5.0,38.0,33.0,3.0,44.0,,41.0,,21.0,37.0,52.0,46.0
2017-11-22,3.0,21.5,19.0,23.0,19.0,5.0,41.0,3.0,47.5,25.0,29.0,49.5,38.0,22.0,30.0,34.5,50.0,53.0,18.0,,40.0,44.0,3.0,6.0,38.0,46.0,24.0,48.0,,46.0,9.0,12.0,14.0,14.0,6.0,27.5,13.0,36.5,20.0,2.0,31.0,,,,28.0,33.5,20.0,17.0,8.0,49.0,35.0,11.0,44.5,,31.0,,10.0,36.0,41.0,40.0
2017-11-23,14.0,12.0,48.0,6.0,47.0,22.0,31.0,26.0,41.0,26.0,6.0,46.0,29.5,23.5,37.0,25.5,53.0,41.0,26.0,,30.0,34.0,20.0,33.0,39.0,2.0,47.5,43.0,,7.0,6.0,15.0,1.0,26.0,10.0,3.0,13.0,31.0,17.0,22.0,17.0,,,,33.0,26.0,38.0,26.0,3.0,44.0,17.0,9.0,49.5,,35.0,,10.0,41.0,50.0,49.0
2017-11-24,17.0,8.0,37.0,2.0,45.0,12.0,46.0,2.0,38.0,39.0,14.0,20.0,23.0,2.0,7.0,22.0,49.0,35.0,17.0,,25.0,26.0,8.0,43.0,50.5,25.0,39.5,43.0,,35.0,32.0,20.0,4.0,42.0,11.0,30.0,4.0,28.0,9.0,12.0,35.0,,,,27.0,15.0,43.0,36.0,22.0,47.0,15.0,7.0,49.0,,41.0,,20.0,36.0,42.0,48.0
2017-11-27,26.0,33.0,36.5,17.0,39.5,21.0,40.0,2.0,39.0,22.0,29.5,45.0,36.0,11.0,11.0,44.0,45.0,10.0,7.0,,5.0,31.0,2.0,48.0,45.0,34.5,25.0,14.0,,37.0,32.0,12.0,6.0,2.0,8.0,14.0,23.0,25.5,19.0,3.0,31.0,,,,17.0,19.0,38.0,23.0,17.0,49.0,30.5,47.0,47.0,,11.0,,42.0,36.0,51.0,45.5
2017-11-28,14.0,39.0,47.0,10.0,47.0,9.0,37.0,2.0,38.5,29.5,31.0,51.0,46.0,7.0,15.0,32.5,51.5,20.0,3.0,,5.0,5.0,16.0,45.0,45.0,35.0,25.5,39.0,,31.0,23.0,25.0,7.0,13.0,5.0,1.0,22.0,18.0,21.0,20.0,32.0,,,,46.0,16.0,24.0,36.0,10.0,40.0,28.0,11.5,43.0,,33.0,,30.0,20.0,46.0,47.0
2017-11-29,15.5,28.5,10.0,18.0,51.0,14.0,24.0,8.0,32.5,40.0,18.0,49.0,38.5,26.0,35.0,12.0,41.0,42.0,6.0,,27.0,22.0,32.0,45.0,50.0,33.5,11.0,28.0,,41.0,29.0,45.0,3.0,13.0,7.0,4.0,22.0,2.0,22.0,14.0,22.5,,,,42.0,35.0,38.0,33.0,4.0,43.0,25.0,8.0,45.0,,43.0,,1.0,19.0,49.0,36.0
2017-11-30,21.0,47.0,46.0,2.0,51.0,28.0,43.0,25.0,24.0,39.0,35.0,49.0,30.5,16.0,25.0,45.0,28.0,33.0,6.0,,48.0,12.0,16.0,51.0,35.0,21.0,7.0,30.0,,40.5,37.0,25.0,1.0,8.0,3.0,22.0,21.0,5.0,6.0,13.0,12.0,,,,30.0,37.0,19.0,5.0,10.0,42.0,14.0,26.0,47.0,,37.0,,10.5,34.0,50.0,39.0
2017-12-01,26.0,23.0,48.0,19.0,45.0,31.0,37.0,14.0,39.5,26.0,3.0,35.0,28.0,41.5,12.0,39.0,47.0,29.0,10.0,,51.0,5.0,20.0,43.5,49.0,36.0,16.0,34.0,,28.0,10.0,29.0,6.0,16.5,12.0,3.0,7.0,9.5,21.0,2.0,27.0,,,,18.0,44.0,46.0,18.0,3.0,45.0,8.0,15.0,43.0,,32.0,,30.0,33.0,51.0,49.0
2017-12-04,19.0,12.0,31.0,10.0,19.0,7.0,26.5,15.0,36.0,19.0,10.0,42.0,30.5,16.0,23.0,46.0,44.0,32.0,1.0,,50.0,32.0,11.5,49.0,38.5,43.0,29.0,38.5,,29.0,46.0,44.0,7.0,15.0,5.0,13.0,25.5,3.0,27.5,4.0,36.0,,,,37.0,52.0,25.5,9.5,2.0,19.0,21.0,7.0,49.0,,24.0,,45.0,43.0,34.0,46.0
2017-12-05,49.0,35.0,12.0,14.0,51.0,42.5,32.0,37.0,47.0,2.0,32.0,51.0,44.0,34.0,26.5,8.0,44.0,24.0,4.0,,29.0,1.0,16.0,46.5,40.0,15.0,18.0,22.0,,31.0,7.0,37.0,17.0,13.0,3.0,7.0,37.0,27.0,20.0,8.0,25.0,,,,37.0,40.5,25.0,44.0,10.0,22.0,19.0,5.0,40.0,,20.0,,10.0,29.0,50.0,49.0
2017-12-06,47.0,23.0,44.0,12.0,35.0,38.0,46.0,5.0,49.0,19.0,21.0,43.0,33.0,35.0,17.0,13.0,10.0,20.0,6.5,,46.0,15.0,4.0,31.0,20.0,2.0,39.0,8.0,,23.0,53.0,28.0,18.0,10.0,2.0,14.0,32.0,9.0,22.5,26.0,30.0,,,,31.5,44.0,44.0,50.0,30.0,37.0,3.0,5.0,52.0,,15.0,,28.5,41.0,46.0,36.5
2017-12-07,46.0,36.0,45.0,3.0,24.0,42.0,38.0,17.0,52.0,18.0,40.0,27.0,48.0,28.0,16.0,28.0,48.0,29.0,5.0,,45.0,3.0,10.0,37.0,16.0,35.0,33.0,8.0,,25.0,12.0,20.0,3.0,25.0,9.0,13.0,48.0,30.0,21.0,14.0,21.5,,,,31.0,40.0,14.0,33.5,2.0,53.0,8.0,4.0,40.0,,25.0,,31.0,10.0,46.0,50.0
2017-12-08,14.0,22.0,27.0,3.0,43.0,26.5,27.0,32.5,46.5,40.5,25.0,44.0,48.0,30.0,21.0,19.0,30.0,25.0,6.0,,46.0,16.0,8.0,38.0,34.0,4.0,2.0,10.0,,6.0,12.0,1.0,4.0,10.0,8.0,15.0,48.0,13.0,27.0,21.0,19.0,,,,37.0,27.0,41.5,37.0,39.0,50.0,40.0,23.0,44.0,,16.0,,34.0,44.0,53.0,38.0
2017-12-11,26.0,4.0,49.0,6.0,46.0,30.0,28.0,16.0,33.0,34.5,34.0,36.0,41.5,43.0,20.0,20.0,31.0,17.0,5.0,,38.0,3.0,28.0,41.0,33.5,8.0,53.0,12.0,,14.0,18.0,17.5,14.0,1.0,11.0,8.0,47.0,10.0,27.0,23.0,15.0,,,,23.0,39.0,41.5,33.0,30.5,48.0,8.0,2.0,52.0,,30.0,,22.0,47.5,42.0,44.0
2017-12-12,18.0,21.0,49.0,7.0,53.0,40.5,35.5,21.0,41.0,16.0,43.5,41.0,28.0,6.0,9.0,3.0,41.0,15.0,2.0,,30.0,11.0,31.0,44.0,39.0,39.0,49.0,9.0,,22.0,24.0,25.0,15.0,12.5,1.0,6.0,41.0,17.0,23.0,5.0,28.0,,,,32.0,37.0,35.0,38.0,23.0,44.0,18.5,5.0,47.0,,26.0,,26.0,42.0,12.0,52.0
2017-12-13,5.0,29.5,45.0,17.0,21.0,34.5,49.0,31.0,42.0,30.0,26.0,52.0,37.0,7.0,24.0,22.0,30.0,33.0,2.0,,31.0,31.0,4.0,42.0,6.0,13.0,45.0,23.0,,13.0,14.5,22.0,8.0,13.0,4.0,11.0,19.0,10.0,7.0,26.5,19.0,,,,35.0,45.0,42.0,38.0,1.0,38.5,20.0,34.5,47.0,,16.0,,38.0,40.0,50.0,52.0
2017-12-14,38.0,36.0,51.0,19.0,49.0,47.5,39.5,43.0,39.0,16.0,48.0,45.0,25.5,8.0,23.5,9.0,36.0,15.0,1.0,,27.0,3.0,17.5,39.0,32.0,38.0,28.0,25.0,,16.0,6.0,4.0,9.0,2.0,6.0,12.0,29.0,14.0,24.0,20.0,6.0,,,,22.0,50.5,30.0,40.0,32.0,46.0,12.0,22.0,24.0,,10.0,,39.5,49.0,47.0,36.0
2017-12-15,19.0,27.0,50.5,12.0,53.0,44.0,42.0,42.0,43.0,21.0,31.0,30.0,27.0,26.0,16.0,9.0,20.0,26.5,4.0,,35.0,13.0,20.0,49.0,37.0,32.0,27.0,16.0,,4.0,38.0,19.0,1.5,8.0,6.0,3.0,37.0,14.0,10.0,23.0,15.0,,,,44.0,34.0,7.0,35.0,1.5,47.0,29.0,24.0,49.0,,11.0,,42.0,39.0,42.5,52.0
2017-12-18,33.0,29.0,50.0,5.0,46.0,46.0,16.0,24.5,34.0,23.0,9.0,48.0,11.0,48.0,12.0,11.0,20.0,26.0,8.0,,33.0,26.0,27.0,47.0,36.0,38.0,48.0,23.0,,39.5,27.0,14.0,3.0,15.0,8.0,2.0,37.0,5.0,17.0,19.0,11.0,,,,37.0,37.0,2.0,43.0,23.5,20.0,2.0,36.5,41.0,,16.0,,44.0,44.0,53.0,26.5
2017-12-19,16.0,41.0,42.0,20.0,50.0,37.0,39.0,29.0,51.0,25.0,10.0,40.0,36.0,40.0,5.0,16.0,3.0,20.0,16.0,,13.0,9.5,26.5,30.0,35.0,27.5,52.0,12.0,,23.0,22.5,7.0,1.0,18.0,4.0,2.0,35.0,7.0,27.0,21.0,22.0,,,,39.0,45.0,6.0,34.0,15.0,48.0,35.0,30.5,45.0,,10.0,,33.0,47.0,46.0,44.0
2017-12-20,38.0,23.0,45.0,4.0,48.0,33.0,48.0,29.0,25.0,16.0,33.0,46.0,31.0,49.0,25.0,22.0,17.0,39.0,10.0,,35.0,14.0,18.0,29.0,41.0,36.0,21.0,13.0,,27.0,31.0,8.0,5.0,7.0,12.0,3.0,23.0,6.0,1.0,2.0,9.0,,,,41.0,43.0,49.0,42.5,14.0,41.5,22.0,23.5,51.5,,13.0,,16.0,43.0,50.0,42.0
2017-12-21,20.0,25.0,50.0,23.0,34.0,40.0,27.0,37.0,39.0,19.0,30.0,16.0,50.0,39.0,3.0,1.0,15.0,11.0,10.0,,37.0,14.0,31.5,31.0,37.0,41.0,35.0,25.0,,22.0,29.0,13.0,7.0,6.0,3.0,16.0,50.0,2.0,20.0,5.0,8.0,,,,47.0,26.0,20.0,44.0,42.0,46.0,9.0,27.0,48.0,,12.0,,35.0,46.0,53.0,40.0
2017-12-22,36.0,45.5,46.5,11.0,32.0,50.0,5.0,32.0,49.0,21.0,21.0,34.5,16.0,25.5,22.0,20.0,47.0,27.5,8.0,,38.0,21.0,17.0,28.0,45.0,42.0,31.0,23.0,,16.0,28.0,17.0,2.0,14.0,11.0,1.0,43.0,13.0,9.0,10.0,3.0,,,,43.0,38.0,33.0,44.0,41.0,47.0,5.0,24.0,47.0,,7.0,,29.0,33.0,51.0,5.0
2017-12-27,32.0,35.0,50.0,2.0,41.0,27.0,40.0,48.0,47.0,25.0,38.0,35.0,14.0,38.0,12.0,20.5,23.0,19.0,9.0,,18.0,5.0,15.0,29.5,30.0,28.0,44.0,11.0,,26.0,13.0,18.0,3.0,1.0,11.5,6.0,49.0,4.0,21.0,29.0,8.0,,,,40.0,19.0,32.0,46.0,24.0,53.0,16.0,40.0,42.0,,7.0,,51.0,35.0,32.0,51.0
2017-12-28,51.0,7.0,50.0,7.0,52.0,29.0,33.0,37.0,32.0,27.5,31.0,50.0,23.0,48.0,15.0,43.0,24.0,19.0,16.0,,39.0,13.0,17.0,28.0,33.5,40.0,36.5,22.0,,31.0,41.0,21.0,11.0,4.0,7.0,1.0,39.0,6.0,10.0,3.0,2.0,,,,33.0,15.5,15.0,47.0,23.0,50.0,18.0,25.0,33.0,,13.0,,8.0,44.0,47.0,43.0
2017-12-29,14.0,24.0,47.0,15.0,27.0,31.0,31.0,14.0,38.0,38.0,53.0,49.0,33.0,42.0,3.0,48.0,7.0,26.0,28.0,,39.0,23.0,23.0,40.5,33.0,42.0,44.0,17.0,,10.0,27.0,1.0,10.0,8.0,19.0,5.0,14.0,6.0,21.0,4.0,2.0,,,,45.0,16.0,39.0,42.0,32.0,54.0,17.0,35.5,51.0,31.0,13.0,,10.0,42.0,50.0,21.5
2018-01-02,49.0,17.0,13.0,20.0,35.0,44.0,17.0,32.0,29.0,26.0,41.5,47.0,30.0,8.0,3.0,50.0,1.0,28.0,36.5,,53.0,25.0,31.0,29.0,38.0,45.0,47.0,40.0,,22.0,41.0,12.0,5.0,2.0,9.0,7.0,32.5,12.0,23.0,7.0,15.0,,,,41.0,14.0,29.5,9.0,27.0,52.0,4.0,14.0,43.0,42.0,18.0,,50.0,40.0,24.5,28.0
2018-01-03,40.0,29.0,35.0,5.0,48.0,39.0,23.0,32.0,45.0,28.0,20.5,48.0,31.5,40.5,5.0,44.0,12.0,19.0,8.0,,32.0,20.5,26.0,34.0,38.5,25.0,26.5,16.0,,43.0,2.5,1.0,7.0,3.0,15.0,10.0,27.0,13.0,23.0,10.0,3.0,,,,45.0,16.0,31.0,51.0,32.0,41.5,8.5,19.0,51.0,44.0,23.0,,26.0,52.0,44.0,48.0
2018-01-04,52.0,27.0,7.0,10.0,39.0,34.5,17.0,37.0,45.0,31.0,43.0,41.0,34.0,35.0,2.0,47.0,14.0,24.5,22.0,,43.0,25.0,36.5,30.0,50.5,50.0,52.0,16.0,,28.0,49.0,6.0,1.0,14.0,10.0,19.0,29.0,3.0,12.0,5.0,8.0,,,,10.0,22.5,15.0,33.0,26.0,28.0,18.0,12.0,47.5,41.5,32.0,,45.0,41.5,31.0,4.0
2018-01-05,50.0,27.0,53.0,7.0,38.0,39.0,33.0,40.0,33.0,44.0,48.0,35.0,39.5,33.0,12.0,44.0,6.0,29.5,27.0,,44.0,4.0,18.0,24.0,46.0,24.0,33.5,13.0,,30.0,21.0,23.0,5.0,8.0,10.0,1.0,23.5,11.0,2.0,17.0,9.0,,,,30.0,35.0,3.0,39.0,16.0,46.0,20.0,14.0,51.0,45.0,18.0,,43.0,49.0,26.0,15.0
2018-01-08,39.0,28.0,49.5,5.0,22.0,53.0,22.0,31.5,19.0,43.0,26.0,48.0,21.0,2.0,23.0,39.5,9.0,32.5,12.0,,10.0,8.0,38.0,40.0,45.0,46.0,18.0,2.0,,31.0,48.0,34.0,4.0,16.0,14.0,10.0,19.0,6.0,12.0,2.0,16.0,,,,40.0,19.0,42.0,27.0,40.0,50.0,28.0,38.0,48.0,26.0,32.0,,31.5,50.0,40.0,7.0
2018-01-09,47.0,22.5,37.0,2.0,27.0,29.0,16.0,42.5,47.0,39.0,38.0,32.0,27.0,53.5,6.0,50.0,7.0,28.0,12.5,,36.0,26.0,23.0,36.0,27.0,31.0,41.0,15.0,,32.5,52.0,17.0,19.0,7.0,21.0,9.0,28.0,10.0,12.0,1.0,11.0,,,,47.0,22.0,5.0,33.0,24.0,39.0,14.0,4.0,42.0,44.0,16.0,,50.0,51.0,41.0,3.0
2018-01-10,45.0,40.0,34.0,8.0,35.0,28.5,23.0,31.0,42.0,20.0,34.0,36.0,3.0,49.0,10.0,52.0,8.0,23.0,42.5,,10.0,46.0,28.0,38.0,6.0,45.0,52.0,24.0,,14.0,45.0,4.0,1.0,5.0,21.0,12.0,38.0,7.0,14.0,17.0,2.0,,,,41.0,19.5,23.0,33.0,27.0,49.0,15.0,12.0,52.0,25.0,18.0,,29.0,43.0,31.0,40.0
2018-01-11,44.0,14.0,49.0,4.5,16.0,26.0,28.0,17.0,51.0,30.0,13.0,51.0,11.0,46.0,8.0,49.0,20.0,22.0,34.5,,1.0,38.0,27.0,39.0,28.0,41.5,46.0,39.5,,25.0,30.5,22.0,10.0,7.0,4.0,7.0,47.0,11.0,18.0,2.0,3.0,,,,43.0,17.0,6.0,36.0,30.0,36.5,20.0,24.0,42.0,33.0,31.0,,39.0,53.0,51.5,16.0
2018-01-12,37.0,28.0,47.0,1.0,18.0,50.0,22.0,29.0,43.0,33.0,26.0,42.5,29.0,41.0,20.0,41.0,9.0,22.0,7.0,,49.0,47.0,15.0,13.0,25.0,31.0,49.0,45.0,,24.0,38.0,12.0,5.0,18.0,2.0,15.5,40.0,8.0,5.0,3.0,10.0,,,,51.0,15.0,11.0,5.0,31.0,53.0,24.5,27.0,51.5,31.0,32.0,,40.0,36.0,38.0,18.0
2018-01-15,38.0,19.0,33.0,6.0,18.0,36.0,9.0,36.0,26.0,36.0,29.0,44.0,24.5,51.0,14.0,44.0,4.0,27.0,13.0,,42.0,19.5,51.0,27.0,9.0,29.5,40.0,30.0,,10.0,1.0,37.0,2.0,4.0,7.0,12.0,26.0,22.0,10.0,3.0,15.0,,,,47.0,18.0,27.0,22.0,41.0,50.5,18.0,32.0,52.0,43.0,23.0,,49.0,49.0,38.0,47.0
2018-01-16,8.0,5.0,46.0,5.0,8.0,30.5,10.0,26.0,38.5,41.0,30.0,49.0,14.0,42.0,2.0,48.0,23.5,52.0,22.0,,50.0,46.0,44.0,38.0,32.0,27.0,50.0,43.0,,17.0,22.0,10.0,11.0,22.0,28.0,19.0,36.0,14.0,26.0,1.0,3.0,,,,13.0,5.0,8.0,16.0,33.0,47.0,17.0,21.0,51.0,33.5,23.0,,41.0,38.5,30.0,41.0
2018-01-17,34.0,21.5,43.0,11.5,23.0,30.0,24.0,39.5,31.0,39.0,29.0,8.0,4.0,49.0,3.0,50.0,15.0,27.0,9.0,,37.0,42.0,41.0,25.5,40.5,48.0,52.0,47.0,,11.0,34.0,5.0,9.0,21.0,22.0,17.0,36.0,5.0,19.0,13.0,1.0,,,,50.0,15.0,2.0,38.5,19.0,47.5,27.0,14.0,35.0,45.0,16.0,,10.0,33.0,48.5,35.0
2018-01-18,19.0,39.0,48.0,3.5,28.0,28.0,17.0,24.5,42.5,39.0,36.0,37.0,14.0,45.5,8.0,43.0,34.0,43.0,27.0,,52.0,32.0,30.5,32.0,28.0,53.0,46.0,40.0,,5.0,20.5,10.5,9.0,26.0,15.0,16.5,37.0,13.0,23.0,3.0,6.0,,,,46.0,10.0,7.0,21.0,16.0,52.0,2.0,20.0,50.0,32.0,13.0,,1.0,37.0,50.0,25.0
2018-01-19,29.0,31.0,51.0,1.0,23.0,10.0,9.0,46.0,35.0,44.5,44.0,15.0,21.0,43.0,11.0,39.0,32.0,36.0,13.0,,48.0,45.0,37.0,25.0,37.0,48.0,51.0,42.0,,24.0,31.0,13.0,21.0,19.0,17.0,5.0,29.0,26.0,8.0,4.0,2.0,,,,48.0,26.0,9.0,15.0,7.0,53.0,17.0,4.0,51.0,36.0,27.0,,4.0,36.0,35.0,20.0
2018-01-22,50.0,9.0,43.0,8.0,23.0,8.0,17.0,34.0,36.0,40.0,40.0,42.0,26.0,54.0,5.0,49.0,28.0,35.0,6.0,,16.0,24.5,46.0,32.0,21.0,27.0,43.0,39.0,,33.0,14.0,19.0,4.0,42.0,29.0,39.0,51.0,16.0,1.0,13.0,2.0,,,,30.0,11.0,22.0,24.5,3.0,52.0,14.0,21.0,48.0,37.0,12.0,,8.0,46.0,43.0,32.0
2018-01-23,41.0,30.0,46.0,7.0,14.0,35.0,20.0,20.0,10.0,29.0,49.0,46.0,25.0,53.0,13.0,26.0,34.0,35.0,14.0,,48.0,43.0,44.0,20.0,33.0,43.0,46.0,38.0,,34.0,22.0,30.0,2.0,16.0,37.5,27.0,38.5,21.5,5.0,5.0,3.0,,,,18.0,9.0,12.0,15.0,1.0,50.0,4.0,9.0,53.0,13.0,38.0,,26.5,32.0,45.0,25.0
2018-01-24,50.0,11.5,40.0,11.0,29.0,21.0,4.0,20.0,19.0,45.0,32.0,45.0,27.0,48.0,15.0,37.0,15.0,41.5,14.0,,46.0,42.0,35.0,19.0,37.0,37.5,42.0,33.0,,38.0,24.0,4.0,12.0,28.0,31.0,22.5,45.0,41.0,25.0,4.0,9.0,,,,29.0,18.0,6.0,1.0,8.0,52.0,7.0,2.0,54.0,52.0,33.0,,16.0,21.0,18.0,40.5
2018-01-25,36.0,16.0,46.0,14.0,31.0,11.0,6.0,24.0,14.0,49.0,39.0,51.0,21.0,52.0,15.0,51.0,6.0,30.0,23.0,,41.0,36.0,48.0,36.0,26.0,44.0,52.0,47.0,,8.0,40.0,30.0,2.0,19.0,23.5,8.0,37.0,15.0,11.0,6.0,1.0,,,,29.0,26.0,17.0,19.0,3.0,45.0,25.0,3.0,52.0,32.0,28.0,,14.0,32.0,43.0,32.0
2018-01-26,10.0,2.0,53.0,10.0,30.0,7.0,14.0,23.0,37.0,34.0,21.5,44.0,19.0,50.0,3.0,41.0,35.0,44.0,21.0,,48.0,49.0,34.0,31.0,29.0,30.0,52.0,39.0,,2.0,44.0,6.0,10.0,26.0,20.0,28.0,52.0,14.0,16.0,5.0,8.0,,,,26.0,23.0,14.5,17.0,12.0,47.0,17.0,2.0,37.0,46.0,28.0,,41.0,42.0,37.0,28.5
2018-01-29,23.0,28.0,47.0,12.0,30.0,42.0,16.0,14.0,19.0,39.5,47.5,51.0,24.0,41.0,12.0,51.0,42.0,22.0,22.0,,6.0,51.0,20.0,9.0,45.0,39.0,35.5,44.0,,9.0,26.0,29.0,6.0,20.0,37.0,4.0,35.0,1.0,14.0,4.0,2.0,,,,30.0,8.0,19.0,16.0,11.0,39.5,33.0,26.0,33.0,36.0,38.5,,4.0,48.0,49.0,51.0
2018-01-30,35.0,19.5,47.0,12.0,31.0,46.0,31.0,23.0,14.5,50.0,43.0,29.0,35.0,52.0,12.5,25.0,47.0,32.5,2.0,,40.0,50.0,44.0,23.0,36.0,48.5,28.0,36.0,,26.0,4.0,10.0,14.5,17.0,2.0,23.0,31.0,20.0,5.5,9.0,7.0,,,,40.0,30.0,8.0,14.0,4.0,12.0,25.0,22.0,46.0,47.0,17.0,,32.0,50.0,2.0,44.0
2018-01-31,47.0,33.0,24.0,24.0,14.0,49.0,23.0,45.0,6.0,50.0,30.0,40.0,36.0,26.0,2.0,32.5,46.0,37.0,5.0,,10.0,42.0,52.0,27.0,31.5,45.0,17.0,40.0,,27.5,3.0,32.5,25.0,2.0,22.0,12.0,52.0,37.0,16.0,17.0,7.0,,,,38.0,32.0,10.0,6.0,15.0,2.0,13.5,19.0,22.0,37.5,48.0,,9.0,22.0,50.0,44.0
2018-02-01,30.5,24.0,28.0,5.0,18.0,11.0,51.0,37.0,21.0,39.0,28.5,44.0,6.0,54.0,8.0,49.0,40.0,27.0,7.0,,32.0,15.0,47.0,21.0,38.0,44.0,44.0,12.0,,21.0,38.0,9.0,5.0,11.0,14.0,16.0,28.0,19.0,18.0,1.0,3.0,,,,39.0,35.0,24.0,25.0,13.0,43.0,36.0,2.0,35.0,47.0,52.0,,14.0,32.0,48.0,51.0
2018-02-02,33.0,23.0,32.0,7.0,34.0,27.0,21.0,45.0,10.0,49.0,40.0,35.0,24.0,47.0,6.0,53.0,27.0,32.0,19.0,,37.0,49.5,52.0,10.0,28.0,40.5,33.5,20.0,,43.0,47.0,4.0,19.5,16.0,24.0,22.0,48.0,2.0,4.0,15.0,12.0,,,,25.0,28.0,2.0,16.0,38.0,13.0,7.0,10.0,42.0,38.0,37.0,,3.0,47.0,12.0,43.0
2018-02-05,32.0,31.5,41.0,9.0,35.5,34.0,30.0,25.0,29.0,39.0,28.0,1.0,12.5,54.0,8.0,52.0,12.0,42.0,6.5,,44.0,45.0,49.0,32.0,41.0,50.0,6.0,42.0,,20.0,9.0,17.0,23.0,16.0,27.0,3.0,37.0,23.0,2.0,6.0,4.0,,,,26.0,20.0,14.0,17.0,25.0,11.0,14.0,20.0,33.0,52.0,40.5,,47.0,45.0,40.0,42.0
2018-02-06,25.5,25.0,33.0,31.0,4.0,8.0,6.0,49.0,32.0,44.0,51.0,45.0,25.5,51.5,13.0,49.0,2.0,35.0,8.0,,21.0,45.0,41.0,27.0,16.0,24.0,13.0,40.0,,28.0,53.0,7.0,30.0,18.0,34.5,14.0,34.0,18.0,10.0,4.0,10.0,,,,1.0,17.5,20.0,12.5,25.0,42.0,35.0,30.0,4.0,35.0,37.0,,44.0,46.0,51.5,36.5
2018-02-07,45.0,52.0,17.0,8.0,27.0,6.5,35.0,33.0,7.0,43.5,30.0,22.0,11.0,42.5,27.5,46.0,14.0,13.0,18.5,,21.0,50.0,45.0,9.0,29.0,28.5,50.5,32.0,,36.0,46.0,42.0,46.0,27.0,36.0,7.0,32.5,2.0,25.0,11.0,3.0,,,,19.0,21.5,6.0,15.0,1.0,43.0,31.0,3.0,17.0,44.0,20.0,,39.0,41.5,50.0,37.0
2018-02-08,35.0,46.0,36.0,21.0,33.0,2.0,8.0,44.0,2.0,50.0,23.0,34.0,30.0,45.0,47.0,53.0,13.0,24.0,29.0,,8.0,37.0,33.0,11.0,28.0,42.0,40.5,47.0,,18.0,39.0,18.0,34.0,15.0,37.0,11.0,8.0,2.0,30.5,8.0,4.5,,,,13.0,18.0,15.0,27.0,7.0,34.0,40.5,5.0,19.0,52.0,23.0,,49.0,44.0,51.0,23.0
2018-02-09,24.0,19.5,32.0,5.0,23.0,3.0,50.0,37.0,3.0,29.0,43.0,35.0,26.0,49.0,35.0,53.0,38.0,29.0,10.0,,8.0,45.0,35.0,20.5,15.5,5.0,20.0,16.0,,29.0,44.0,17.0,35.0,13.0,46.0,2.0,24.0,11.0,40.5,18.0,7.0,,,,21.0,8.0,14.0,2.0,12.0,49.0,47.0,39.0,27.0,47.0,25.0,,32.0,42.0,52.0,40.0
2018-02-12,30.5,48.0,26.0,15.0,2.0,22.0,29.0,34.0,8.0,40.0,2.0,26.0,12.0,52.0,31.0,29.0,20.5,8.0,4.0,,13.0,45.0,43.5,49.5,12.0,11.0,5.0,41.0,,14.0,41.0,28.0,48.0,36.0,45.0,5.5,44.5,25.0,30.0,28.0,17.0,,,,8.0,20.0,2.0,22.0,12.0,41.0,19.0,51.0,39.0,45.0,17.0,,34.0,47.5,45.0,33.0
2018-02-13,43.0,6.0,45.0,5.0,26.0,2.0,17.0,12.0,18.0,50.0,31.0,23.0,34.5,52.0,41.0,43.0,13.0,23.0,19.0,,3.0,42.5,34.0,40.0,36.0,1.0,38.0,27.0,,29.0,51.0,22.0,44.0,23.0,52.0,10.0,25.0,24.0,30.0,10.0,8.0,,,,15.0,16.0,6.0,28.0,24.5,51.0,11.0,5.0,30.0,48.0,40.0,,40.0,13.0,44.0,40.0
2018-02-14,38.0,26.0,32.0,6.0,20.0,3.0,44.0,41.0,18.0,49.0,47.0,43.0,41.0,51.0,50.5,31.0,32.0,25.0,5.0,,1.0,47.0,34.0,11.0,16.0,16.0,43.0,28.5,,28.0,53.0,2.0,38.0,24.0,23.0,4.0,7.0,13.0,34.0,11.0,8.0,,,,24.0,8.0,18.0,16.0,33.0,47.5,28.0,14.0,43.5,42.0,10.0,,25.0,21.0,49.0,37.0
2018-02-15,26.0,39.0,43.5,3.0,28.0,12.5,39.0,32.5,6.0,46.5,45.0,38.0,38.0,43.0,35.0,25.0,18.0,12.0,1.0,,2.0,51.0,41.0,24.0,9.5,17.0,36.0,41.0,,9.5,50.0,8.0,35.5,7.0,28.0,4.0,14.0,40.0,32.0,5.0,14.0,,,,20.0,27.0,16.0,12.0,21.0,50.0,27.0,26.0,34.0,53.0,19.0,,52.0,37.5,47.0,22.0
2018-02-20,34.0,45.0,28.0,23.0,24.0,20.0,25.0,38.0,1.0,45.5,42.0,44.0,33.0,44.5,49.0,41.0,20.0,18.0,12.0,,16.0,53.0,31.0,49.0,13.0,8.0,32.5,30.0,,10.0,52.0,5.0,34.0,18.0,16.0,3.0,13.0,36.0,31.0,13.0,6.0,,,,2.0,21.0,4.0,9.0,38.0,38.0,17.0,26.0,45.0,45.0,7.0,,49.0,29.0,43.0,28.0
2018-02-21,28.0,43.0,27.0,28.0,6.0,2.0,15.0,48.5,34.5,50.0,31.5,35.0,27.0,42.0,48.0,38.0,15.0,26.0,20.0,,4.0,51.0,28.0,45.0,22.0,20.0,40.5,31.0,,7.0,45.0,16.0,26.0,4.0,19.0,2.0,9.0,12.0,21.5,8.0,11.0,,,,15.0,32.0,9.0,2.0,35.0,35.0,45.5,20.0,37.0,50.0,13.0,,47.0,42.5,48.0,37.0
2018-02-22,30.0,30.5,42.0,11.0,25.0,36.0,25.5,45.0,13.0,36.0,45.0,47.0,41.0,31.0,48.5,25.0,7.0,31.0,3.0,,2.0,43.5,41.0,35.0,14.0,21.0,30.5,40.0,,1.0,25.0,4.0,25.0,8.0,21.0,5.0,33.0,26.0,9.0,18.0,10.0,,,,16.0,38.0,14.0,12.0,22.0,48.0,44.0,18.0,45.0,50.0,6.0,,53.0,48.0,37.0,18.0
2018-02-23,22.0,27.0,44.0,7.0,5.0,31.0,36.0,47.0,27.0,40.0,44.0,41.0,11.0,35.0,46.5,43.0,27.0,20.0,10.0,,22.0,50.0,40.0,29.5,14.0,36.0,40.5,31.0,,2.0,52.0,12.0,21.0,1.0,23.0,3.5,14.0,6.0,16.0,14.0,8.0,,,,8.0,32.0,17.0,3.5,17.0,47.0,21.0,34.0,40.0,46.0,24.0,,49.0,29.0,52.0,40.0
2018-02-26,44.0,34.0,45.5,8.0,13.0,17.0,43.0,28.0,25.0,48.0,32.0,44.0,11.0,46.0,41.0,23.0,31.5,6.0,4.0,,15.0,46.0,47.0,37.0,39.0,37.0,33.0,21.0,,31.0,53.0,10.0,25.0,21.0,22.0,1.0,7.0,4.0,12.5,18.0,6.5,,,,5.0,19.0,14.0,2.0,14.0,42.0,29.0,35.0,29.0,52.5,25.0,,51.0,46.0,38.0,31.0
2018-02-27,15.0,39.0,31.0,6.0,41.0,20.0,12.0,23.0,36.5,35.0,45.0,26.0,2.0,29.5,48.0,49.0,44.0,33.0,15.0,,3.0,48.0,50.0,13.0,29.0,31.5,45.0,17.5,,17.0,40.5,6.0,19.5,22.0,11.0,1.0,24.0,27.0,4.0,8.0,21.0,,,,10.0,28.0,3.0,13.0,8.0,51.0,27.0,44.0,36.0,46.5,35.0,,53.0,39.0,37.5,26.0
2018-02-28,24.0,39.0,14.0,7.0,18.0,16.0,52.0,30.0,35.0,39.5,32.0,33.0,27.0,27.0,47.0,42.0,47.0,42.0,6.0,,10.0,49.0,20.0,53.0,12.0,26.0,40.0,30.0,,2.0,30.5,3.0,19.0,39.0,17.0,11.0,7.0,1.0,21.5,5.0,8.0,,,,4.0,38.5,12.0,15.0,21.0,48.0,30.0,44.0,40.0,45.0,22.0,,47.0,35.0,28.0,36.0
2018-03-01,19.0,32.0,51.0,5.0,2.0,28.0,48.0,33.0,26.0,40.0,37.0,38.5,26.0,34.0,41.0,48.0,33.5,31.0,8.0,,22.0,47.0,38.0,42.0,10.0,33.5,46.0,25.0,,12.0,42.0,4.0,14.0,29.5,15.0,1.0,14.0,21.0,7.5,19.0,3.0,,,,6.0,23.0,17.0,10.5,20.0,50.0,25.0,31.0,34.0,44.0,13.0,,54.0,8.0,47.5,44.0
2018-03-02,8.0,39.0,39.0,19.0,41.0,11.0,49.0,35.0,35.0,34.5,14.0,34.0,28.0,28.0,47.0,29.0,32.5,44.0,3.0,,2.0,47.0,44.0,50.0,23.0,26.0,45.0,22.0,,9.0,44.0,6.0,22.0,17.0,16.0,5.0,2.0,22.0,19.0,10.0,13.0,,,,2.0,35.0,13.0,7.0,26.0,46.0,18.0,33.0,28.0,50.0,14.0,,53.0,38.0,38.0,36.0
2018-03-05,17.0,16.5,33.5,16.0,42.0,30.0,49.0,35.5,9.0,46.0,20.0,35.0,33.0,39.5,39.0,30.0,25.5,38.0,3.0,,11.0,43.5,38.0,46.0,23.0,30.0,47.0,33.0,,21.0,42.0,7.0,6.0,29.5,10.0,2.0,22.0,16.0,12.0,14.0,8.0,,,,1.0,42.0,22.0,5.0,13.0,48.0,4.0,25.0,26.5,49.0,20.0,,53.0,31.0,47.0,49.0
2018-03-06,13.0,51.0,22.0,31.0,25.0,2.0,50.5,22.5,36.5,43.0,22.0,37.0,19.0,25.0,39.0,33.0,40.5,37.0,32.0,,8.0,44.0,47.0,47.0,18.0,31.5,49.0,46.0,,15.0,35.0,5.0,13.0,17.0,11.0,1.0,16.0,6.0,8.0,3.0,4.0,,,,12.0,42.0,7.0,10.0,23.0,45.0,28.0,19.0,32.5,51.0,27.5,,52.0,38.0,37.0,28.0
2018-03-07,13.5,33.0,39.0,39.0,39.0,29.0,42.0,29.0,21.0,38.0,25.5,27.0,19.0,32.0,34.0,29.0,47.0,36.0,13.5,,17.5,42.0,45.0,48.0,22.0,17.0,49.0,51.0,,6.0,41.5,8.0,10.0,26.0,11.0,1.0,9.0,5.0,16.5,12.0,2.0,,,,3.0,33.5,7.0,4.0,23.0,43.0,20.0,35.0,39.0,49.0,28.0,,52.0,16.0,35.0,40.5
2018-03-08,7.0,42.0,35.0,38.0,40.0,31.0,49.0,28.0,20.0,28.0,17.0,28.0,25.0,31.0,44.0,26.0,42.0,35.0,20.0,,14.0,45.5,34.0,50.0,16.0,21.0,46.0,48.0,,10.0,33.5,4.0,6.0,22.0,11.0,3.0,24.0,5.0,20.0,12.0,2.0,,,,9.0,44.0,1.0,8.0,13.0,48.0,15.0,25.0,37.0,50.0,18.0,,52.0,46.0,40.5,34.0
2018-03-09,2.0,29.5,43.0,28.0,46.0,32.0,45.0,38.0,23.0,41.0,41.0,18.0,34.0,15.5,49.0,44.0,39.0,36.0,18.0,,1.0,44.5,46.0,36.0,16.0,21.0,48.0,42.0,,3.0,31.0,10.0,19.0,17.0,16.0,5.0,28.0,9.0,22.0,4.0,12.0,,,,7.0,39.0,6.0,11.0,23.0,50.0,14.0,25.5,25.0,50.5,8.0,,53.0,35.0,30.0,26.0
2018-03-12,7.0,39.0,29.5,27.0,31.0,24.0,50.0,27.5,36.0,36.0,39.0,26.0,15.0,19.0,46.0,44.0,36.0,32.0,17.0,,6.0,52.0,43.5,48.0,15.0,15.0,43.5,43.0,,2.0,39.0,3.0,21.0,39.0,17.0,9.0,21.0,1.0,15.0,10.0,11.0,,,,5.0,31.0,4.0,12.0,26.5,46.0,18.0,30.0,22.0,46.5,8.0,,49.0,38.0,41.0,34.0
2018-03-13,7.0,33.0,46.0,21.0,15.0,23.0,48.0,26.0,30.0,37.5,37.0,18.0,5.0,33.0,45.0,43.0,39.0,30.0,21.0,,11.0,51.0,42.5,47.0,30.0,8.0,43.5,41.0,,10.0,39.0,3.0,22.0,35.0,19.0,4.0,30.0,6.0,12.0,2.0,18.0,,,,1.0,35.0,15.0,9.0,15.0,52.0,13.0,41.5,18.0,48.0,24.0,,48.0,38.5,42.0,31.0
2018-03-14,16.0,29.5,38.0,35.0,21.0,24.5,51.0,4.0,13.0,38.0,25.5,36.5,10.0,19.0,43.0,39.0,41.0,30.0,31.0,,6.0,50.0,49.0,46.5,24.5,22.0,43.0,43.0,,9.0,31.5,3.0,18.0,22.5,15.0,1.0,28.0,13.0,28.0,5.0,11.0,,,,2.0,34.0,7.0,15.0,26.0,51.0,15.0,29.0,39.0,43.5,8.0,,48.0,45.5,30.5,50.0
2018-03-15,5.0,35.0,46.0,23.0,27.0,3.0,49.0,23.0,43.0,26.0,32.0,45.0,21.0,11.0,52.0,42.0,29.0,36.0,20.0,,9.0,39.5,40.0,35.0,27.0,19.0,49.0,34.0,,12.0,21.0,7.0,15.0,14.0,13.0,1.0,32.0,8.0,19.0,10.0,16.0,,,,3.0,44.0,5.0,17.0,47.0,52.0,26.0,32.0,36.0,49.0,3.0,,49.0,42.0,27.5,31.0
2018-03-16,4.0,40.0,49.0,19.0,30.0,28.0,48.0,13.0,34.0,37.0,20.0,51.0,15.0,20.0,43.0,49.0,25.0,36.0,33.0,,26.0,44.5,43.0,43.0,7.0,36.0,42.0,34.5,,17.0,21.0,2.0,17.0,18.0,5.0,6.0,12.0,11.0,9.0,30.0,14.0,,,,10.0,38.0,33.0,3.0,25.0,52.0,1.0,28.0,37.0,47.0,8.0,,50.5,42.0,24.0,22.0
2018-03-19,1.0,50.0,50.0,35.0,25.0,23.0,46.0,15.0,42.0,39.5,23.0,40.0,6.0,19.0,33.0,44.0,40.0,42.0,28.0,,4.0,47.0,37.0,51.0,20.0,22.5,47.5,43.0,,15.0,23.0,10.0,18.0,32.0,11.0,3.0,8.0,7.0,13.0,31.5,29.0,,,,9.0,41.5,26.0,19.5,12.0,53.0,2.0,39.5,29.5,38.5,5.0,,46.0,14.0,21.0,34.0
2018-03-20,4.0,42.0,50.0,31.0,34.0,22.0,47.0,21.0,37.0,34.0,39.0,50.0,4.0,11.5,49.5,47.0,28.5,26.0,41.0,,14.0,42.5,44.0,48.0,15.0,17.0,43.0,36.5,,2.0,20.0,1.0,19.0,4.0,14.0,8.0,23.0,17.0,6.5,11.5,30.0,,,,9.0,35.0,25.0,15.0,26.5,52.0,6.0,34.0,41.0,47.0,10.0,,46.0,29.0,29.0,23.0
2018-03-21,9.0,19.0,34.0,16.0,12.0,13.0,51.0,20.0,16.0,33.0,27.0,45.0,7.0,26.0,39.0,42.0,31.0,34.0,29.0,,4.0,49.0,19.0,43.5,45.0,20.0,50.0,36.0,,10.0,41.5,1.0,11.0,29.0,2.5,2.5,25.0,22.5,16.0,16.0,35.0,,,,8.0,45.0,25.0,20.0,31.0,52.0,4.0,38.0,27.0,48.0,6.0,,48.0,41.0,42.0,36.0
2018-03-22,12.0,35.0,51.0,11.0,21.0,1.0,49.5,35.5,27.0,38.0,32.0,38.0,27.0,3.0,51.0,34.0,29.0,32.0,38.0,,14.0,45.5,26.0,48.0,41.5,22.5,47.0,45.0,,21.0,41.5,10.0,8.0,17.0,7.0,2.0,5.0,12.0,6.0,9.0,16.0,,,,3.0,40.0,30.5,16.0,22.0,50.0,15.0,39.5,23.0,42.0,19.0,,46.0,33.0,38.0,29.0
2018-03-23,5.0,33.0,49.0,19.0,26.0,23.0,47.0,19.5,30.0,17.0,36.0,38.0,21.0,15.0,49.0,34.0,29.5,38.0,41.0,,3.0,45.0,28.0,48.0,32.0,32.0,46.0,51.5,,7.0,32.0,1.0,9.0,3.0,6.0,13.0,3.0,24.0,10.0,12.0,19.0,,,,11.0,35.0,14.0,38.0,25.0,53.0,8.0,28.0,15.0,44.0,21.0,,48.0,42.0,40.0,44.0
2018-03-26,11.0,24.0,47.0,24.0,28.0,20.0,50.0,17.0,39.0,28.0,16.0,32.5,4.0,2.0,46.0,39.0,36.0,47.0,12.0,,13.0,49.0,23.0,47.0,44.0,23.0,53.0,41.0,,14.0,36.0,1.0,6.0,36.0,4.0,8.0,32.0,15.0,19.0,7.0,10.0,,,,17.0,42.5,24.0,22.5,32.0,50.5,4.0,35.0,25.0,43.0,9.0,,43.0,38.0,40.0,30.0
2018-03-27,3.0,24.0,27.0,42.0,30.0,7.0,49.0,29.0,27.0,41.0,18.5,33.0,12.5,26.0,46.0,29.5,33.0,18.0,24.5,,2.0,52.0,19.5,40.0,47.0,39.0,46.0,42.0,,8.0,44.0,10.0,14.0,38.0,11.0,9.0,26.0,12.5,5.0,15.0,3.0,,,,19.0,42.5,18.0,24.0,34.0,53.0,1.0,42.0,26.0,45.0,6.0,,44.5,34.0,48.0,18.0
2018-03-28,4.0,45.0,21.0,29.0,23.5,11.0,51.0,31.0,42.0,33.5,20.0,30.0,18.0,29.0,40.0,18.0,31.5,49.0,27.0,,2.0,53.0,19.0,49.0,47.0,35.0,50.0,37.0,,7.0,34.5,6.0,8.0,26.0,13.0,20.0,14.0,12.0,15.0,9.0,4.0,,,,18.0,43.0,10.0,29.5,33.0,49.0,3.0,25.0,26.0,45.0,1.0,,45.0,36.0,39.5,39.0
2018-03-29,9.0,24.0,21.0,20.0,28.0,17.0,44.0,25.0,21.0,27.0,36.0,45.5,2.0,39.0,39.5,44.0,29.0,49.0,20.0,,10.0,43.0,15.0,50.0,46.0,32.0,50.0,37.0,,8.0,31.0,5.0,6.0,37.0,2.0,24.0,22.5,13.0,12.0,11.0,15.0,,,,4.0,48.0,16.0,31.0,32.0,45.5,2.0,18.0,30.0,34.0,6.0,,49.0,40.0,37.0,46.5
2018-04-03,7.0,21.0,21.0,26.0,21.0,7.0,45.0,38.0,42.0,39.0,24.0,45.0,13.0,13.0,30.0,41.0,38.0,7.0,46.5,,1.0,46.5,23.0,50.0,19.0,34.0,36.0,44.0,,19.0,44.0,4.0,5.0,35.5,12.0,9.0,27.0,17.0,15.0,10.0,26.0,,,,16.0,36.0,3.0,30.0,33.0,53.0,2.0,35.0,40.0,28.0,28.0,,50.0,11.0,49.5,42.0
2018-04-04,1.0,18.0,6.5,37.0,33.5,18.0,50.0,26.0,28.0,30.5,36.0,39.0,13.0,4.0,37.0,44.5,35.0,44.0,44.0,,5.0,49.0,33.0,52.0,2.0,38.0,41.5,40.0,,11.0,48.0,10.0,7.0,44.0,4.0,18.0,39.0,24.0,15.0,9.0,21.0,,,,13.0,25.0,17.0,48.0,31.5,46.0,4.0,23.0,26.0,40.0,13.0,,48.0,29.5,20.0,18.5
2018-04-06,21.0,38.5,21.0,18.0,37.0,28.5,49.0,12.0,20.5,31.5,35.0,26.0,38.0,16.0,48.0,50.5,34.0,48.0,40.0,,6.0,45.0,23.0,52.0,8.0,47.0,26.0,45.5,,10.0,41.5,9.0,5.0,34.0,26.0,10.0,31.0,12.0,1.0,16.0,16.0,,,,3.0,24.0,19.0,43.0,36.0,50.0,2.0,25.5,7.0,34.0,4.0,,45.0,13.0,46.0,29.0
2018-04-09,26.0,27.5,22.0,31.0,42.5,6.0,50.0,29.0,41.0,10.0,38.0,26.0,32.0,7.0,52.0,49.0,35.5,42.0,26.0,,7.0,46.0,17.0,45.0,14.5,44.0,35.5,49.0,,13.0,38.0,11.0,4.0,35.0,14.5,21.0,45.0,19.0,18.0,19.0,24.0,,,,2.0,40.5,3.0,43.0,24.0,43.0,12.0,17.0,1.0,48.0,9.0,,30.0,4.0,46.0,36.0
2018-04-10,10.0,16.0,23.0,36.0,28.5,6.0,44.0,30.5,38.0,31.0,45.0,29.0,13.0,22.0,51.0,24.0,42.0,47.0,48.0,,1.0,40.0,13.0,50.0,35.0,38.0,43.5,50.0,,9.0,33.0,11.0,8.0,41.0,3.0,24.0,29.0,15.0,17.0,18.0,24.0,,,,6.0,6.0,20.0,30.0,46.0,50.0,2.0,26.5,14.0,35.0,4.0,,41.0,17.0,37.0,31.0
2018-04-11,22.0,2.0,26.5,49.0,24.0,20.0,45.5,33.0,47.0,16.0,45.0,33.0,16.0,11.0,43.0,39.0,36.5,46.0,47.0,,13.0,40.0,18.0,48.0,34.0,10.0,49.5,30.5,,14.0,32.0,8.0,5.0,52.0,4.0,16.0,22.0,3.0,6.0,22.0,26.0,,,,7.0,1.0,29.0,34.5,37.0,41.0,9.0,29.0,19.0,53.0,12.0,,42.0,24.0,36.0,31.5
2018-04-12,32.0,13.0,25.0,13.0,27.0,26.0,47.5,39.0,38.0,5.0,47.0,25.5,16.0,2.0,44.0,36.0,19.0,42.0,50.0,,3.0,36.0,19.0,50.0,16.0,35.0,51.5,33.5,,9.0,44.0,7.0,5.0,34.0,13.0,24.0,23.0,21.0,10.0,30.0,1.0,,,,18.0,28.0,21.0,44.5,41.0,51.0,5.0,41.0,12.0,39.0,8.0,,44.0,14.0,42.0,32.5
2018-04-13,2.0,1.0,37.0,38.5,20.0,24.0,49.0,44.0,16.0,30.0,43.0,42.0,30.0,6.0,26.0,34.0,41.0,47.0,49.0,,13.0,27.0,8.0,51.0,33.0,37.0,51.0,36.0,,5.0,34.0,10.0,10.0,36.0,17.0,17.0,26.0,3.0,15.0,9.0,5.0,,,,6.0,22.0,19.0,42.0,28.0,43.0,14.5,26.0,22.0,46.0,12.0,,46.0,24.0,49.0,40.0
2018-04-16,34.0,18.0,35.0,20.0,42.0,23.0,46.5,23.0,25.5,7.0,46.0,34.5,14.0,14.0,31.0,45.0,34.0,49.0,52.0,,4.0,30.0,16.0,46.0,20.0,39.0,52.0,47.0,,11.0,35.0,2.0,1.0,11.5,26.0,23.0,45.0,9.0,15.0,37.0,15.0,,,,6.0,10.0,30.0,40.0,34.0,42.5,19.0,29.0,6.0,30.0,3.0,,43.0,7.0,46.0,25.5
2018-04-17,27.0,5.0,30.0,3.0,39.0,12.0,45.0,34.5,16.0,30.0,43.0,33.5,43.0,21.0,37.5,41.0,44.0,23.0,47.0,,32.5,23.0,22.0,43.0,10.0,36.0,31.5,51.0,,6.0,47.0,11.0,20.0,14.0,8.0,19.0,42.0,16.0,18.0,13.0,1.0,,,,2.0,9.0,16.0,46.0,43.0,50.5,24.0,32.0,27.0,35.0,5.0,,52.0,5.0,48.0,34.0
2018-04-18,37.5,1.0,30.5,15.0,31.0,11.0,46.0,39.0,33.5,18.0,47.0,26.0,30.0,7.0,43.0,49.5,26.0,36.0,53.0,,38.5,24.5,25.0,38.0,37.0,22.0,45.0,50.0,,2.0,48.0,10.0,5.0,12.5,8.0,21.5,35.0,3.0,7.0,15.0,4.0,,,,14.0,12.0,19.0,44.0,32.0,51.0,26.5,20.0,46.0,33.0,7.0,,42.0,25.0,44.0,22.0
2018-04-19,22.5,9.0,33.5,30.0,44.0,8.0,49.5,36.0,45.0,5.0,30.0,30.0,40.0,2.0,24.0,33.0,50.0,42.5,45.0,,47.5,16.0,20.0,39.0,30.0,30.5,47.0,50.5,,2.0,30.0,6.0,11.0,26.0,12.0,35.0,23.5,20.0,13.0,2.0,17.0,,,,10.0,3.0,14.0,44.0,41.0,44.0,7.0,27.0,30.0,17.0,20.0,,44.0,26.0,48.0,19.0
2018-04-20,13.0,4.0,28.0,12.0,44.0,8.5,48.5,17.0,26.5,5.0,32.0,33.0,29.0,43.0,27.0,32.0,51.0,48.0,36.0,,30.0,43.5,46.0,40.0,50.0,49.0,48.0,44.0,,9.0,38.0,2.0,1.0,30.0,5.0,26.0,28.0,15.0,7.0,14.0,11.0,,,,10.0,18.0,19.0,39.0,39.0,34.0,22.5,35.0,27.0,13.0,3.0,,32.5,21.0,43.0,19.0
2018-04-23,18.0,6.0,46.0,35.0,45.0,12.0,51.0,27.0,7.0,4.0,51.0,33.0,24.0,17.0,24.0,32.0,22.5,40.0,22.0,,29.0,39.0,25.0,48.0,40.0,39.0,46.0,48.0,,22.0,51.0,9.0,10.0,23.0,7.0,40.0,47.0,14.5,2.0,13.0,17.0,,,,22.5,3.0,11.0,33.0,30.0,33.5,14.5,28.0,27.5,52.0,1.0,,42.0,33.0,35.0,5.0
2018-04-24,26.0,14.0,32.0,7.0,24.0,3.0,43.0,29.5,51.0,2.0,41.0,37.0,49.0,18.0,17.0,42.5,16.0,27.0,24.0,,21.0,39.5,22.5,47.0,29.0,29.0,48.5,34.0,,20.0,52.0,4.0,9.0,32.0,7.0,35.0,27.5,20.0,1.0,11.0,14.0,,,,12.0,7.0,13.0,46.0,36.5,33.5,10.0,44.0,36.0,49.0,5.0,,44.0,41.0,49.0,21.0
2018-04-25,26.0,7.0,53.0,8.0,45.0,2.0,46.0,38.5,43.0,3.0,34.0,42.5,37.0,12.0,12.0,35.0,27.0,19.0,26.5,,22.0,46.0,19.0,32.0,51.0,35.0,40.0,19.0,,21.5,40.5,6.0,10.0,21.0,1.0,29.0,36.5,15.5,9.0,12.0,4.0,,,,37.5,5.0,14.0,41.0,32.0,43.0,16.0,28.0,23.0,45.0,18.5,,52.0,48.5,40.5,23.5
2018-04-26,32.0,2.0,43.0,25.5,29.0,3.0,47.0,16.0,14.0,19.0,27.0,40.0,37.5,9.0,17.0,34.5,39.5,33.0,19.0,,26.0,42.0,16.0,25.0,39.0,42.0,52.0,36.5,,5.0,35.0,6.0,4.0,45.0,9.0,42.0,40.0,13.0,8.0,15.0,11.0,,,,36.0,1.0,22.0,49.0,33.0,27.0,25.0,7.0,28.0,51.0,12.0,,49.0,46.0,53.0,21.0
2018-04-27,31.0,6.0,39.5,11.0,37.0,9.0,53.0,44.0,23.0,16.0,30.0,50.0,46.5,20.0,16.0,41.0,40.0,18.0,25.0,,29.0,31.0,23.0,43.0,34.0,40.0,50.0,19.0,,11.0,29.0,7.0,3.0,29.5,5.0,24.0,38.0,1.0,8.0,14.0,11.0,,,,34.0,4.0,2.0,48.5,34.0,19.0,31.0,17.0,46.0,47.0,20.0,,41.0,40.0,52.0,16.0
2018-04-30,13.0,7.0,40.0,14.0,30.0,3.0,53.0,20.0,28.0,25.0,16.5,39.5,40.0,16.0,29.0,28.0,41.0,44.0,45.0,,30.0,44.0,21.0,47.0,36.0,50.0,50.0,27.0,,27.0,40.5,8.0,5.0,29.0,4.0,35.0,40.0,2.0,9.0,13.0,10.0,,,,18.0,20.0,6.0,23.0,19.0,33.0,33.0,11.0,43.0,50.0,23.0,,27.5,45.0,47.0,1.0
2018-05-02,8.0,12.0,50.0,21.0,53.0,9.0,52.0,25.0,18.0,22.0,12.0,41.0,34.0,30.0,38.0,23.0,43.0,45.0,40.0,,34.0,31.5,12.0,49.0,38.0,43.0,48.0,27.0,,14.0,40.0,2.0,17.0,27.0,3.0,34.0,38.0,7.0,1.0,6.0,10.0,,,,19.0,4.0,5.0,41.0,26.0,32.0,28.0,15.0,39.0,51.0,17.0,,28.0,30.0,48.0,23.0
2018-05-03,23.0,8.0,50.0,14.0,49.0,9.0,47.0,29.0,31.0,20.0,20.0,37.0,36.0,11.0,31.0,17.0,47.5,53.0,39.0,,21.0,28.0,15.0,42.0,48.5,54.0,46.0,30.5,,17.0,37.5,2.0,7.0,40.0,6.0,20.0,47.0,5.0,4.0,11.0,11.0,,,,13.0,25.5,1.0,40.0,17.0,22.0,43.5,3.0,35.0,44.5,28.0,,26.5,32.0,45.0,28.0
2018-05-04,18.0,7.0,46.0,15.0,39.5,2.0,44.0,26.0,17.0,23.0,31.0,35.5,41.0,25.0,15.0,30.0,29.5,44.5,26.0,,31.5,44.0,29.5,45.0,41.0,47.0,51.0,23.0,,17.0,46.0,10.0,8.0,25.0,3.0,39.0,44.0,4.5,1.0,9.0,11.0,,,,12.0,14.0,4.5,31.0,29.0,50.0,21.5,6.0,28.0,43.0,18.0,,47.0,37.0,47.5,20.0
2018-05-07,18.0,13.0,46.5,14.0,39.5,5.0,51.0,36.0,16.0,19.0,28.0,42.5,32.0,17.0,38.0,42.0,39.5,35.5,41.0,,25.0,29.5,21.0,42.0,45.0,48.0,51.0,25.0,,14.0,41.0,7.0,2.0,22.0,6.0,25.0,30.0,8.0,3.0,9.0,11.0,,,,28.0,14.0,10.0,45.0,31.0,50.0,17.5,4.0,32.0,27.0,1.0,,46.5,36.5,51.0,22.0
2018-05-08,12.5,4.0,52.0,16.0,36.5,9.0,40.0,19.0,23.5,38.0,35.0,31.0,41.0,14.5,43.0,31.5,50.0,45.5,30.0,,21.0,31.0,20.0,50.0,43.0,39.0,50.0,29.0,,12.5,40.0,3.0,8.0,34.0,10.0,23.0,43.5,1.0,2.0,5.0,14.5,,,,16.0,27.5,7.0,33.5,24.0,34.0,40.0,6.0,46.0,51.0,11.0,,21.0,24.0,44.0,24.5
2018-05-09,8.0,14.5,49.0,12.0,45.5,3.0,35.0,27.0,24.0,33.0,30.0,35.0,43.0,35.0,46.0,15.0,46.0,41.0,30.0,,36.5,30.0,21.0,19.0,51.0,50.0,53.0,28.5,,15.0,43.0,2.0,7.0,18.0,10.0,16.0,35.5,12.0,1.0,5.0,4.0,,,,12.0,21.0,19.0,48.0,24.0,28.0,26.0,6.0,37.5,41.0,9.0,,32.0,46.0,37.0,25.0
2018-05-10,9.0,13.0,50.0,14.0,41.0,12.0,49.0,23.0,29.0,23.0,31.0,39.0,38.0,32.0,41.0,35.0,53.0,42.0,45.0,,29.0,26.0,34.0,45.0,48.0,52.0,46.0,23.0,,18.5,42.0,1.0,8.0,27.5,6.0,18.0,35.0,3.0,7.0,4.0,10.0,,,,11.0,25.0,15.0,31.0,18.0,22.5,28.5,5.0,32.0,49.5,2.0,,19.0,32.0,50.0,19.0
2018-05-11,23.0,6.0,45.0,12.0,46.0,1.0,48.0,17.5,29.0,24.0,20.0,45.0,30.0,30.0,32.5,27.5,51.0,52.0,30.0,,38.0,39.0,36.0,28.0,43.0,39.5,54.0,25.0,,17.0,45.0,15.0,9.0,23.0,8.0,14.0,29.5,2.0,5.0,10.0,4.0,,,,3.0,20.0,12.0,30.0,34.0,35.0,43.0,7.0,40.0,36.0,12.0,,25.5,32.0,50.0,17.0
2018-05-14,20.0,11.0,38.0,12.0,44.5,2.5,35.0,10.0,21.0,30.0,23.0,39.0,38.0,37.0,42.0,30.0,49.0,14.0,32.5,,39.5,47.0,38.0,52.0,44.0,50.0,49.0,25.0,,31.0,42.0,5.0,15.0,18.0,7.0,15.0,27.5,4.0,1.0,8.0,2.5,,,,6.0,24.0,17.0,27.0,18.0,35.0,45.5,9.0,28.0,53.0,15.0,,23.0,34.0,48.0,18.5
2018-05-15,17.0,10.0,48.0,14.0,45.0,2.0,38.0,21.0,27.5,41.0,39.0,42.5,46.0,20.0,49.5,21.0,52.0,26.5,34.0,,42.0,24.0,47.0,38.0,32.0,48.5,40.0,22.0,,23.0,32.0,5.0,1.0,14.0,4.0,20.0,33.0,6.0,7.0,12.0,3.0,,,,11.0,21.0,14.0,29.0,24.0,31.0,51.5,9.0,30.0,41.0,33.0,,26.0,31.0,48.0,8.0
2018-05-16,23.0,1.0,53.0,6.0,37.0,3.0,43.0,12.0,18.0,29.0,41.0,34.5,34.0,31.0,43.0,30.0,52.0,44.0,34.0,,47.0,42.5,43.0,46.0,49.0,46.0,51.0,24.0,,15.0,27.0,10.0,12.0,16.0,9.0,20.5,31.0,2.0,4.0,8.0,7.0,,,,17.0,12.0,19.0,22.0,34.0,26.0,41.5,5.0,34.0,40.0,28.0,,24.0,23.0,42.0,16.0
2018-05-17,12.0,21.0,54.0,18.0,46.0,5.0,29.0,12.0,17.0,44.0,26.5,48.0,32.5,37.0,35.0,26.0,50.5,53.0,36.0,,42.0,30.5,40.0,45.0,41.0,49.0,51.0,34.0,,19.5,31.0,3.0,15.0,12.0,4.0,21.0,38.0,7.0,6.0,11.0,1.0,,,,2.0,8.5,24.0,23.0,27.5,19.0,45.0,8.5,36.0,40.0,13.0,,31.0,19.0,33.5,25.0
2018-05-18,19.0,13.0,53.0,18.0,40.0,15.0,25.5,12.0,32.0,41.0,38.0,48.0,19.0,22.0,41.0,28.0,51.0,46.0,35.5,,34.0,32.5,27.0,51.0,42.0,49.0,47.0,22.0,,26.5,36.0,7.0,2.0,19.0,8.0,23.0,31.0,4.0,10.0,9.0,1.0,,,,6.0,5.0,11.0,28.0,25.0,20.0,39.0,3.0,34.0,44.5,25.0,,41.0,15.0,51.0,23.0
2018-05-21,6.0,13.0,54.0,29.5,45.0,17.0,33.0,19.0,13.0,42.0,38.5,45.0,24.5,26.0,33.0,51.0,53.0,47.0,36.0,,34.0,47.0,47.0,47.0,43.0,34.0,37.0,33.0,,13.0,23.0,4.0,5.0,18.0,9.0,33.0,38.0,3.0,11.0,2.0,1.0,,,,15.0,8.0,7.0,24.0,28.0,19.0,41.5,14.0,26.0,46.0,20.0,,30.0,20.0,49.0,10.0
2018-05-23,6.0,17.0,49.0,31.0,47.0,15.0,39.0,13.0,3.0,43.0,17.0,47.0,32.5,26.0,51.0,26.5,53.0,48.0,42.5,,35.5,38.0,52.0,46.0,37.5,42.0,31.5,34.0,,18.0,27.5,7.0,12.0,23.0,10.0,33.0,39.0,4.0,1.0,9.0,11.0,,,,8.0,5.0,15.0,21.0,21.0,20.0,43.0,2.0,18.0,42.0,26.0,,40.0,22.0,30.0,28.0
2018-05-24,9.0,14.0,51.0,21.0,43.0,19.0,33.0,11.0,4.0,36.5,21.0,43.0,49.0,28.0,53.0,29.0,52.0,42.5,37.5,,26.0,46.0,46.0,44.5,39.0,48.5,51.0,25.0,,31.0,33.5,2.0,15.0,19.0,1.0,25.0,37.0,7.0,3.0,12.0,5.0,,,,10.0,8.0,13.0,23.5,26.0,22.0,42.0,6.0,45.0,34.0,28.0,,18.0,24.0,34.0,16.0
2018-05-25,15.0,2.0,52.0,19.0,43.0,8.0,39.5,25.5,18.0,43.5,14.5,46.0,33.0,26.0,35.0,19.0,50.0,47.0,42.5,,33.0,35.0,39.0,50.5,39.0,49.0,47.5,26.0,,29.0,35.0,5.0,11.0,15.0,10.0,22.5,34.0,1.0,4.0,3.0,7.0,,,,12.0,6.0,19.0,27.0,31.0,9.0,21.0,12.0,39.0,42.0,21.0,,36.0,33.0,49.0,22.0
2018-05-28,7.0,6.0,33.5,20.0,41.0,18.0,37.0,11.0,31.0,37.0,10.0,48.0,37.0,26.0,50.0,38.0,47.0,44.0,41.5,,33.0,39.5,46.0,45.0,51.5,49.0,54.0,44.0,,22.0,29.0,3.0,11.0,17.0,8.0,25.0,29.5,4.0,1.0,2.0,9.0,,,,14.0,5.0,15.0,27.0,29.0,21.0,22.0,14.0,38.0,37.0,23.0,,22.0,20.0,42.0,17.0
2018-05-29,22.0,10.0,41.0,17.0,46.0,9.0,35.0,13.5,29.0,32.0,14.0,47.0,51.5,25.0,50.0,38.0,47.0,48.5,39.5,,31.0,35.0,44.0,44.0,44.0,47.5,49.5,23.0,,29.0,17.5,5.0,7.0,18.0,4.0,24.0,29.0,2.0,1.0,3.0,8.0,,,,13.0,14.0,6.0,18.0,14.0,27.0,44.0,17.0,35.0,46.0,36.0,,28.5,18.0,36.0,21.0
2018-05-30,8.0,2.0,35.0,26.0,48.0,11.0,32.0,16.0,23.5,28.0,9.0,50.0,40.0,22.5,39.0,48.0,34.0,38.0,40.0,,19.0,43.0,52.0,46.0,49.0,43.0,48.5,36.5,,25.0,19.0,4.0,10.0,17.0,1.0,30.0,33.5,3.0,7.0,5.0,6.0,,,,14.0,15.0,12.0,30.5,30.0,20.0,51.0,14.0,37.0,41.0,34.0,,42.0,25.5,18.0,21.5
2018-05-31,9.0,5.0,45.0,32.0,49.0,14.0,42.0,7.0,37.0,34.0,18.0,51.5,26.0,36.0,48.5,28.0,41.0,48.0,41.0,,13.0,37.0,51.0,50.0,40.5,52.0,51.5,29.0,,23.5,24.0,8.0,1.0,20.5,4.0,25.0,18.5,6.0,2.0,10.0,3.0,,,,13.5,20.5,17.0,30.5,16.0,21.0,37.0,18.0,29.0,45.0,13.0,,33.0,23.0,31.0,29.0
2018-06-01,12.0,11.0,46.5,27.0,19.0,21.0,41.0,6.0,30.0,44.0,19.0,49.5,49.0,24.0,46.0,34.5,37.0,52.0,34.0,,4.0,40.0,48.5,45.0,34.0,43.0,51.0,28.0,,28.0,17.0,3.0,2.0,15.0,1.0,23.0,38.5,7.0,5.0,9.0,8.0,,,,10.0,17.0,13.0,37.0,17.0,24.0,51.0,16.5,28.0,50.0,16.0,,32.0,30.0,27.0,31.0
2018-06-04,1.0,32.0,50.0,37.0,49.0,17.0,43.0,8.0,31.0,42.0,37.0,48.0,49.0,19.0,50.0,33.0,25.0,45.5,40.0,,24.0,29.0,43.0,23.0,35.0,52.0,53.0,35.0,,21.0,29.0,3.0,7.0,13.0,6.0,14.0,37.0,9.0,4.0,2.0,5.0,,,,11.0,26.0,11.0,35.0,15.0,23.0,40.0,11.0,20.0,45.0,14.0,,27.0,22.0,19.0,30.0
2018-06-05,7.0,15.0,51.0,25.0,46.0,15.0,37.0,6.0,26.0,36.0,34.0,47.0,50.5,30.0,48.0,37.0,41.0,47.0,42.0,,13.0,29.0,45.0,34.0,37.0,53.0,52.0,28.5,,24.0,20.0,5.0,3.0,4.0,8.0,11.0,35.5,2.0,8.0,1.0,10.0,,,,16.0,23.0,17.0,42.0,11.0,24.0,46.0,17.0,26.5,41.0,20.0,,36.0,25.0,34.0,28.0
2018-06-06,4.0,17.0,44.0,29.0,52.0,20.0,43.0,10.0,31.5,37.0,19.0,45.0,47.0,25.0,29.0,44.5,42.0,34.0,45.0,,27.5,41.0,53.0,19.0,22.0,47.0,50.0,34.5,,3.0,24.5,9.0,6.0,1.0,7.0,13.0,32.0,8.0,14.0,11.0,2.0,,,,5.0,32.0,18.0,40.0,28.0,23.0,41.0,16.0,16.0,47.0,41.0,,28.0,14.0,24.5,34.0
2018-06-07,15.0,18.0,48.0,30.0,53.0,22.0,38.0,12.0,41.0,39.0,36.0,41.0,45.0,24.0,47.0,34.0,50.0,47.0,36.0,,24.5,36.0,38.0,30.0,28.0,51.0,45.0,42.0,,3.0,27.0,2.0,4.0,11.5,6.0,8.0,25.0,7.0,19.0,9.0,1.0,,,,5.0,21.5,11.0,36.5,15.0,12.0,52.0,16.0,18.0,50.0,17.0,,30.0,31.0,24.0,32.5
2018-06-08,10.0,20.0,52.0,33.0,52.0,25.0,37.0,12.0,26.0,40.0,31.0,49.0,52.0,19.0,47.0,34.0,44.0,48.0,40.0,,25.0,39.0,42.0,46.0,39.0,37.0,50.0,26.0,,3.0,27.5,5.0,1.0,2.0,9.0,18.0,37.5,6.0,13.0,4.0,14.0,,,,7.0,20.0,16.0,27.0,20.0,8.0,43.0,13.0,11.0,42.0,19.0,,24.0,29.0,35.0,28.0
2018-06-11,23.5,20.0,52.0,23.5,43.0,29.0,40.0,18.0,28.0,41.5,40.0,50.0,37.0,29.0,46.0,36.0,47.0,46.0,48.0,,5.0,31.5,52.0,34.0,35.5,27.5,50.0,47.0,,6.0,16.0,4.0,2.0,1.0,7.0,8.0,20.5,11.0,14.0,3.0,10.0,,,,18.0,20.0,9.0,39.0,19.0,12.0,44.0,21.0,14.0,39.0,13.0,,30.0,38.0,31.0,29.0
2018-06-12,6.5,29.0,22.0,26.0,53.0,15.5,30.0,11.0,20.0,38.0,45.5,46.0,49.0,27.0,47.5,37.0,34.0,52.0,44.5,,23.0,34.0,51.0,44.0,25.0,50.0,42.5,32.0,,4.0,13.0,5.0,3.0,1.0,6.5,10.0,29.0,2.0,16.5,8.0,20.0,,,,9.0,37.0,23.0,37.0,20.0,12.0,45.0,19.0,13.0,42.0,43.0,,34.0,26.0,16.0,30.0
2018-06-13,15.0,20.0,44.0,27.0,41.0,29.5,34.0,16.0,24.0,32.0,45.0,53.0,42.0,17.0,41.0,33.0,41.0,48.0,37.0,,4.0,12.0,52.0,33.0,38.0,45.0,49.0,52.0,,8.0,5.0,2.0,20.0,6.0,9.0,10.0,12.0,3.0,17.0,1.0,7.0,,,,23.0,28.0,23.0,39.0,27.0,32.0,50.0,21.0,12.0,48.0,35.0,,27.0,30.0,26.0,14.0
2018-06-14,4.0,15.0,39.0,23.0,49.0,22.0,35.0,8.0,34.0,26.5,40.5,52.0,12.0,41.0,50.0,46.0,35.0,43.5,46.0,,18.0,44.0,54.0,25.0,31.5,52.0,42.0,37.0,,1.0,6.0,3.0,14.0,7.0,10.0,12.0,20.0,2.0,9.0,5.0,13.0,,,,17.0,32.0,27.0,43.0,15.0,25.0,39.0,19.0,17.0,36.0,34.0,,29.0,25.0,35.0,37.0
2018-06-15,13.0,25.0,39.0,28.0,50.0,33.0,33.0,4.0,36.0,39.5,17.0,54.0,14.0,26.5,48.0,42.0,37.0,48.0,33.5,,25.0,37.0,53.0,51.0,25.0,46.0,46.0,44.0,,1.0,6.0,10.0,14.0,7.0,9.0,21.0,8.0,2.0,12.0,5.0,3.0,,,,17.0,27.0,27.0,38.0,26.0,36.0,36.0,19.0,17.0,45.0,12.0,,19.0,34.0,28.0,21.0
2018-06-19,2.0,24.0,44.0,22.0,52.0,19.0,32.0,1.0,37.0,37.5,47.0,51.0,39.5,30.0,47.0,25.5,34.0,45.0,42.0,,16.0,45.0,38.0,48.0,32.0,51.0,54.0,7.0,,11.0,7.5,9.5,7.0,5.0,14.0,9.0,16.5,4.0,12.0,3.0,12.0,,,,28.0,37.5,19.0,42.0,35.0,18.5,29.0,16.0,20.5,31.0,42.0,,33.0,25.0,22.5,26.0
2018-06-20,20.0,24.5,44.0,31.0,53.0,8.0,40.0,12.0,42.0,35.5,29.0,45.0,10.0,15.0,50.0,32.0,41.0,46.0,40.5,,27.0,39.0,47.0,48.0,34.0,50.0,51.0,36.0,,9.0,17.0,4.0,6.0,3.0,11.0,16.0,24.0,1.0,14.0,2.0,6.0,,,,23.5,33.0,12.0,26.0,45.0,23.0,36.0,23.0,6.0,41.0,27.0,,29.0,20.0,38.0,16.0
2018-06-21,32.0,21.5,23.0,34.5,54.0,16.0,41.0,6.0,39.0,39.0,31.0,43.0,28.0,20.0,47.0,30.0,43.0,48.0,44.0,,25.0,29.0,48.0,51.0,8.0,43.0,53.0,25.0,,11.0,27.0,7.0,13.0,5.0,21.0,10.0,15.5,2.0,18.0,4.0,1.0,,,,26.0,13.5,3.0,46.0,41.5,36.0,44.0,27.0,14.0,39.0,15.0,,28.0,21.0,39.0,9.0
2018-06-22,23.0,17.0,39.5,20.0,52.0,30.0,32.0,9.0,45.0,30.0,18.5,45.5,43.0,12.0,46.0,35.0,41.5,46.0,26.5,,6.0,38.0,51.5,50.5,38.0,38.0,50.0,23.0,,4.0,5.0,2.0,3.0,7.0,13.0,29.0,30.0,1.0,11.0,8.0,10.0,,,,28.0,15.0,16.0,44.0,40.0,23.0,44.0,21.0,17.0,35.0,33.0,,31.0,26.0,45.0,15.0
2018-06-25,8.0,29.0,44.0,20.0,54.0,13.0,30.0,18.0,28.0,24.0,44.0,48.0,49.0,20.0,48.0,38.0,31.5,35.0,31.0,,8.0,31.5,50.0,41.5,37.0,23.0,51.0,44.0,,5.0,3.0,2.0,4.0,10.0,15.0,18.0,27.0,8.0,24.0,1.0,6.0,,,,17.0,27.0,11.0,35.0,40.0,33.0,43.0,22.0,13.0,41.0,13.0,,37.0,16.0,46.0,40.0
2018-06-26,23.0,26.0,38.0,27.0,50.0,20.0,42.0,12.0,46.0,32.0,21.0,53.0,33.0,22.0,51.0,33.0,15.0,50.0,35.0,,2.0,31.0,47.0,52.0,30.0,37.0,44.0,43.0,,10.5,5.0,8.0,1.0,4.0,17.0,21.0,25.0,13.0,17.0,6.0,3.0,,,,10.5,7.0,9.0,25.5,34.0,38.0,41.0,14.0,18.0,40.5,17.0,,42.0,34.0,38.0,44.0
2018-06-27,9.0,14.0,40.0,19.0,46.5,4.0,44.0,32.0,42.0,22.0,29.0,47.0,33.0,8.0,52.0,29.0,21.0,47.0,37.0,,5.0,22.0,52.5,49.0,48.0,24.0,51.0,35.0,,12.0,32.0,6.0,15.5,1.0,19.0,24.0,11.0,2.0,27.0,3.0,10.0,,,,19.0,25.0,17.0,41.0,32.0,29.0,35.0,13.0,35.0,45.0,7.0,,43.0,36.0,38.0,15.5
2018-06-28,6.0,21.0,39.5,10.0,40.5,19.0,43.0,12.0,47.0,29.0,41.0,45.0,28.0,22.0,47.5,34.0,13.0,43.0,34.0,,26.5,30.0,52.0,46.0,50.5,43.0,52.0,46.0,,3.0,34.5,4.0,6.0,8.0,16.0,18.0,15.0,8.0,20.0,11.0,6.0,,,,29.0,27.0,2.0,24.0,20.0,36.0,34.0,14.0,25.0,35.5,1.0,,48.0,33.0,19.0,32.5
2018-06-29,17.0,25.0,17.5,14.0,46.0,20.0,39.0,5.0,48.0,51.0,22.5,45.0,30.0,13.0,52.5,43.0,12.0,31.0,27.0,,3.0,23.0,52.0,43.0,36.5,16.0,45.0,47.0,,4.0,49.0,11.0,9.0,1.0,18.0,20.0,26.0,6.0,24.0,7.0,8.0,,,,36.0,36.0,10.0,40.0,29.0,31.0,43.0,15.0,25.0,41.0,2.0,,46.0,41.0,33.0,29.0
2018-07-03,14.0,32.0,33.0,22.0,44.5,18.0,36.0,19.0,44.0,29.5,22.5,46.0,32.5,24.0,53.0,33.0,24.0,43.5,15.0,,5.0,8.0,46.0,51.0,22.0,39.0,52.0,34.0,,12.0,12.0,3.0,6.0,9.0,12.0,18.0,27.0,1.0,26.0,4.0,10.0,,,,34.0,43.0,2.0,48.0,29.5,33.0,23.0,15.5,37.0,45.0,7.0,,44.0,48.0,42.0,26.0
2018-07-04,11.0,16.0,38.5,3.0,52.0,16.0,40.0,21.0,46.0,29.0,18.0,53.0,31.0,20.0,51.0,43.5,13.0,32.0,29.0,,10.0,9.0,45.0,43.0,31.0,28.0,50.0,39.0,,13.0,13.0,5.0,15.0,7.0,20.0,22.0,32.0,8.0,25.0,1.0,2.0,,,,37.0,29.0,4.0,24.0,36.0,25.0,38.0,18.0,40.0,41.0,6.0,,50.0,44.5,44.0,32.0
2018-07-05,14.0,22.5,32.5,1.5,46.5,9.0,40.0,14.0,44.0,31.0,18.0,52.0,28.5,16.0,50.0,33.0,25.0,41.0,44.0,,19.0,10.0,40.0,48.0,23.0,21.5,38.0,45.0,,6.0,37.0,4.0,19.0,14.0,12.5,10.0,28.0,5.0,27.0,8.0,7.0,,,,36.0,45.0,3.0,28.0,37.0,29.0,25.5,21.0,39.0,47.0,1.5,,50.0,43.0,42.5,22.5
2018-07-06,17.5,17.0,39.0,6.0,49.0,23.0,42.0,5.0,51.0,33.0,30.0,47.0,38.0,11.0,51.0,37.0,25.0,36.0,22.0,,19.5,21.0,42.0,48.0,15.0,32.0,47.0,39.0,,4.0,48.0,1.0,13.0,27.0,12.0,2.5,30.0,7.0,15.0,2.5,8.0,,,,34.0,25.0,15.0,28.0,25.0,37.5,23.0,9.0,21.0,50.0,10.0,,44.0,44.5,43.0,33.0
2018-07-09,10.0,13.0,34.0,3.0,47.0,18.0,21.0,8.0,35.5,19.0,26.0,52.0,29.0,27.0,50.0,42.0,21.0,37.0,33.0,,20.0,27.0,31.0,47.0,23.5,7.0,52.0,40.5,,4.0,35.0,9.0,14.0,23.0,17.0,16.5,30.0,5.0,6.0,2.0,1.0,,,,42.5,38.5,15.0,49.0,29.0,40.0,36.0,12.0,30.0,42.5,11.0,,49.0,38.5,49.0,44.0
2018-07-10,13.0,12.0,31.0,6.0,44.5,14.0,20.0,10.0,48.0,7.0,51.0,53.0,47.5,22.0,45.0,33.0,28.0,35.0,26.0,,22.0,9.0,41.0,40.5,29.0,26.0,50.0,38.0,,8.0,38.0,2.0,16.0,5.0,14.0,26.0,26.0,11.0,1.0,20.0,4.0,,,,34.0,48.0,18.0,28.0,32.5,40.0,30.0,17.0,19.0,43.0,3.0,,47.0,37.0,45.0,42.0
2018-07-11,8.0,42.0,24.0,3.0,44.0,24.0,31.0,28.0,37.0,39.0,32.0,43.0,15.0,27.5,53.0,41.0,27.5,40.0,29.0,,32.0,6.0,38.0,45.0,51.0,12.0,49.0,31.0,,7.0,49.0,4.0,5.0,16.0,15.0,17.0,35.0,11.0,20.0,18.0,2.0,,,,32.0,46.0,13.0,31.0,21.0,10.0,23.5,1.0,18.0,45.0,9.0,,52.0,43.0,40.0,27.5
2018-07-12,18.0,33.0,35.0,1.0,36.0,25.5,24.0,10.0,40.0,20.0,43.0,46.0,40.0,20.0,43.0,35.0,16.0,37.0,25.0,,15.0,20.0,38.0,46.5,42.0,25.0,46.0,29.0,,4.0,41.5,9.0,14.0,7.0,7.0,2.0,28.0,7.0,17.0,3.0,5.0,,,,43.0,31.0,11.0,46.0,27.5,30.0,24.0,12.0,27.0,42.0,13.0,,52.0,53.0,50.0,46.0
2018-07-13,12.0,31.5,25.5,10.0,28.0,17.0,28.0,4.0,37.0,15.0,44.5,52.0,39.0,33.0,50.0,42.0,30.0,27.0,26.0,,12.0,14.0,48.5,43.0,40.0,5.0,46.0,23.5,,9.0,29.0,7.0,6.0,20.0,19.0,28.5,32.0,1.0,8.0,25.5,3.0,,,,48.0,18.0,12.0,38.0,18.0,50.0,34.0,2.0,43.0,50.0,17.0,,41.5,45.0,38.5,31.0
2018-07-16,21.0,35.0,32.5,2.5,21.0,17.0,23.0,12.0,39.0,24.0,27.0,45.0,35.5,32.5,49.5,15.0,12.5,32.0,24.0,,20.0,6.0,40.0,42.0,37.0,9.0,45.0,28.0,,2.5,43.0,1.0,10.0,19.0,8.0,29.5,36.5,7.0,4.0,18.0,5.0,,,,48.0,29.0,12.0,36.0,29.0,48.0,35.5,16.0,50.0,53.0,20.0,,48.0,45.0,46.5,36.0
2018-07-17,16.0,40.5,13.0,8.0,30.0,28.0,22.0,2.0,46.0,21.5,33.0,41.0,38.0,23.0,52.0,27.0,23.0,34.0,20.0,,13.0,19.0,51.0,46.0,34.0,6.0,47.0,38.0,,10.0,47.0,7.0,1.0,28.5,16.0,21.0,23.0,3.0,5.0,13.0,4.0,,,,48.5,27.0,22.5,13.0,35.0,35.0,40.0,9.0,41.0,44.0,14.0,,51.0,49.0,42.0,41.0
2018-07-18,16.0,20.0,27.0,3.0,42.0,14.0,21.5,2.0,44.5,36.0,15.0,42.0,21.5,26.0,50.5,30.0,31.5,25.5,37.0,,15.0,6.0,38.0,52.0,26.0,10.0,53.0,22.0,,8.0,40.0,12.0,4.0,9.0,23.0,36.0,21.5,7.0,11.0,33.5,1.0,,,,47.0,33.0,5.0,35.0,48.0,40.5,26.0,15.0,39.0,43.0,20.0,,51.0,49.0,38.0,33.0
2018-07-19,13.0,13.0,18.0,2.0,31.5,27.0,26.0,7.0,48.5,41.5,35.0,45.0,19.0,17.0,49.0,40.5,19.5,17.0,32.0,,28.0,3.0,36.0,36.0,50.0,9.0,40.0,10.0,,6.0,49.0,1.0,13.0,7.0,26.0,22.0,33.0,19.0,4.0,23.0,5.0,,,,46.0,26.0,23.0,28.0,44.5,34.0,41.0,11.0,48.0,31.0,16.0,,53.0,40.5,43.5,39.0
2018-07-20,3.0,19.0,22.0,2.0,24.0,17.0,36.0,8.0,44.0,41.0,16.0,45.0,31.0,13.0,45.0,34.0,9.0,22.5,40.0,,21.0,14.0,33.0,50.0,43.0,1.0,49.0,29.0,,10.0,38.0,7.0,16.0,25.5,25.0,31.0,29.0,12.0,5.0,28.0,6.0,,,,45.0,33.0,4.0,31.0,34.0,30.5,16.0,12.0,48.0,42.0,22.0,,49.0,52.0,43.5,47.0
2018-07-23,24.0,2.0,28.0,4.0,13.0,22.0,28.5,11.0,48.0,43.5,38.0,49.0,30.0,39.0,30.0,36.0,15.0,21.0,38.5,,19.0,11.0,34.0,26.0,21.0,16.0,39.0,8.0,,1.0,46.5,6.0,5.0,19.0,32.5,40.0,34.0,8.0,11.0,31.0,3.0,,,,46.0,43.0,8.0,13.0,42.0,25.0,19.0,19.0,51.0,37.0,29.0,,51.0,51.0,48.0,41.0
2018-07-24,21.0,5.0,21.0,4.0,26.0,13.0,27.0,14.0,42.0,32.0,37.0,42.5,46.0,31.0,40.0,36.0,20.0,22.0,36.0,,11.0,1.0,37.0,47.0,43.0,6.0,29.5,15.0,,2.0,46.0,7.0,8.0,10.5,28.0,35.0,27.0,3.0,17.0,18.0,9.0,,,,38.0,29.0,15.0,27.0,41.0,42.0,21.0,13.0,46.0,41.0,29.0,,52.0,50.0,51.0,47.0
2018-07-25,20.0,7.0,13.0,6.0,5.0,23.5,26.0,4.0,46.0,25.0,31.0,47.0,41.0,34.0,44.0,44.5,16.0,20.0,46.0,,14.0,15.0,28.0,39.5,36.0,1.0,31.5,10.0,,11.0,46.0,9.0,8.0,35.0,30.0,26.5,41.0,13.0,3.0,41.0,2.0,,,,43.0,38.5,18.0,22.5,41.0,27.0,36.0,16.5,35.0,28.5,23.5,,53.0,51.0,49.0,47.0
2018-07-26,22.0,8.0,18.0,10.0,18.0,15.0,43.0,7.0,39.5,25.5,33.5,37.5,38.0,26.0,42.0,51.0,25.5,14.0,39.5,,33.0,12.0,37.0,43.5,41.0,9.0,39.0,2.0,,4.0,35.0,6.0,3.0,18.0,20.0,28.0,28.0,11.0,1.0,34.0,5.0,,,,44.0,32.0,15.0,19.0,36.5,40.0,25.0,15.0,47.0,41.0,24.0,,51.0,46.0,48.5,52.5
2018-07-27,32.0,4.0,25.0,15.0,21.0,3.0,35.5,18.0,39.0,39.0,32.0,44.0,37.0,30.0,36.0,31.0,34.0,23.5,42.0,,38.0,13.0,29.0,44.5,27.0,2.0,17.0,19.0,,6.0,50.0,8.0,1.0,22.0,10.0,22.0,26.0,9.0,7.0,36.0,5.0,,,,40.0,31.0,11.0,12.0,24.5,49.0,13.0,17.0,44.0,47.0,18.0,,54.0,51.0,52.0,44.5
2018-07-30,38.0,9.0,20.0,3.0,22.0,9.0,43.0,24.0,45.0,41.5,32.0,38.0,39.0,32.0,37.0,27.0,24.0,37.0,37.5,,13.0,12.0,29.5,48.0,36.0,1.0,26.0,17.0,,2.0,51.0,4.0,15.0,14.0,9.0,24.5,23.0,12.0,6.0,22.0,7.0,,,,52.0,47.5,5.0,27.0,28.0,46.0,18.0,30.0,50.0,35.0,20.0,,44.0,54.0,40.0,36.0
2018-07-31,12.0,11.0,22.0,15.0,4.0,28.0,31.0,20.0,33.0,25.5,51.0,53.0,45.5,39.0,43.0,48.0,25.0,16.0,30.0,,33.0,2.0,31.0,38.0,27.0,1.0,18.0,21.0,,7.0,50.0,5.0,6.0,26.0,20.0,40.0,42.0,3.0,8.0,23.0,10.0,,,,45.0,36.0,15.0,26.0,13.0,49.0,15.0,9.0,42.5,41.0,37.5,,51.0,29.0,45.0,42.0
2018-08-01,16.0,3.0,28.0,7.0,12.0,21.0,25.0,48.0,42.0,32.0,35.0,52.0,51.0,44.0,37.0,32.0,25.0,21.0,35.0,,10.0,10.0,31.0,46.0,26.0,1.0,19.0,15.0,,6.0,45.0,8.0,15.5,24.0,18.0,24.0,31.0,5.0,20.0,41.5,4.0,,,,41.5,36.0,2.0,27.0,10.0,40.0,27.0,12.0,50.0,39.0,29.0,39.0,53.0,48.0,46.0,44.0
2018-08-02,13.0,16.0,32.0,22.0,18.0,19.0,42.0,29.0,46.0,39.0,24.0,48.0,35.0,35.5,26.0,28.0,31.0,42.0,30.0,,16.0,9.0,39.0,50.0,42.0,2.0,27.0,25.0,,7.0,43.0,10.0,1.0,27.0,13.0,23.5,17.0,5.0,8.0,37.0,4.0,,,,44.0,41.0,3.0,39.0,6.0,51.0,27.0,11.0,52.0,51.0,19.0,54.0,46.0,14.0,40.0,36.0
2018-08-03,12.0,19.0,20.0,21.0,28.0,15.0,24.0,29.0,41.5,32.0,34.0,54.0,37.5,45.5,17.0,38.0,36.0,42.0,40.0,,32.0,4.0,45.5,30.5,39.0,10.0,27.0,24.0,,9.0,46.0,7.0,8.0,22.0,3.0,14.0,42.0,4.0,1.0,43.0,5.0,,,,48.0,27.0,12.0,25.5,10.0,52.0,20.0,17.0,48.0,52.0,17.0,43.5,51.0,5.0,36.5,45.0
2018-08-06,26.0,2.0,5.0,24.0,20.0,14.0,38.0,42.0,42.0,35.5,32.0,53.0,35.0,39.5,17.5,39.0,40.0,37.0,27.0,,44.0,10.0,42.5,28.5,43.0,9.0,28.0,25.0,,8.0,49.0,5.0,11.0,24.0,5.0,15.0,32.0,21.0,3.0,29.5,1.0,,,,26.0,23.0,17.0,16.0,6.0,51.0,12.0,13.0,47.0,30.0,24.0,54.0,43.0,45.0,53.0,49.0
2018-08-07,26.0,18.0,12.0,23.0,4.0,21.0,48.0,33.0,50.0,14.0,38.0,46.0,41.0,17.0,26.0,39.0,44.0,42.0,10.0,,35.0,13.0,46.5,21.0,33.0,5.0,23.0,15.0,,9.0,49.0,6.0,8.0,23.0,2.0,22.0,34.5,7.0,3.0,32.0,18.0,,,,39.5,37.0,14.0,29.0,1.0,43.0,29.0,11.0,48.0,43.0,27.0,53.0,26.0,46.0,53.0,49.0
2018-08-08,38.5,10.0,16.0,25.0,3.0,20.0,41.0,43.0,37.0,32.0,46.0,52.0,46.0,32.0,27.0,34.0,28.0,37.0,37.0,,18.0,6.0,31.5,20.0,40.0,11.0,19.0,15.0,,2.0,51.0,4.0,6.0,41.0,7.0,15.0,25.5,6.5,9.0,44.0,17.0,,,,38.0,35.0,23.0,28.0,12.0,48.0,1.0,13.0,49.0,37.5,22.0,55.0,50.0,42.0,23.0,45.0
2018-08-09,28.0,10.0,43.0,29.0,1.0,3.0,31.0,36.0,34.0,47.0,21.0,48.5,39.0,38.5,33.0,35.0,23.5,33.0,32.0,,16.0,9.0,37.0,26.0,20.0,11.0,23.0,12.0,,6.0,45.0,7.0,16.0,20.0,14.0,23.0,33.0,14.0,8.0,46.5,5.0,,,,46.0,2.0,27.0,31.0,12.0,49.0,3.0,20.0,50.0,49.0,26.5,54.0,43.0,50.0,53.0,45.0
2018-08-10,22.0,16.0,31.0,28.0,4.0,17.0,51.0,2.0,42.0,36.0,13.0,49.0,42.0,25.0,30.0,38.0,25.0,36.0,38.0,,14.5,14.5,45.0,22.0,32.0,10.0,21.5,18.0,,4.0,25.5,8.0,7.0,26.0,8.0,19.0,33.5,11.0,1.0,46.0,6.0,,,,29.0,42.0,3.0,40.0,12.0,36.0,29.0,25.5,47.0,48.5,38.0,53.0,48.0,44.0,52.0,51.0
2018-08-13,27.0,11.0,18.0,16.0,3.0,18.0,37.0,39.0,26.0,13.0,23.0,49.5,42.0,33.0,38.0,22.0,21.0,46.0,39.0,,19.0,14.0,51.0,41.0,48.0,1.0,18.0,16.0,,6.0,32.0,9.0,5.0,26.0,23.0,29.0,2.0,7.0,4.0,36.0,11.0,,,,11.0,35.5,8.0,35.0,32.0,44.0,26.0,39.0,48.0,43.0,43.0,52.0,52.0,30.0,48.0,43.0
2018-08-14,42.5,8.0,17.0,28.0,4.0,28.0,36.0,48.0,29.0,9.0,38.0,51.0,32.0,48.0,42.0,16.0,20.0,33.0,40.0,,24.5,19.0,40.0,41.0,36.0,2.0,46.5,12.0,,10.0,41.5,17.0,4.0,24.0,2.0,19.0,12.0,13.0,7.0,44.5,21.0,,,,14.0,2.0,6.0,12.0,34.0,50.0,24.0,22.0,50.0,40.5,30.0,54.0,51.0,28.0,38.0,36.0
2018-08-15,28.0,12.0,23.0,20.0,5.0,10.0,43.0,39.0,38.0,17.0,3.0,51.0,45.5,46.0,37.0,24.0,40.0,49.0,25.0,,29.0,20.5,53.0,37.5,46.0,2.0,25.0,18.0,,7.0,12.0,8.5,5.0,23.0,4.0,27.0,20.0,15.0,2.0,42.0,13.0,,,,14.5,32.0,8.0,37.5,15.0,43.5,32.0,29.0,48.0,47.0,35.0,44.0,51.0,27.5,40.0,47.0
2018-08-16,40.0,18.0,24.0,29.0,4.0,27.5,50.0,42.0,39.0,17.0,32.5,53.0,20.0,45.0,43.0,39.0,23.0,33.5,39.0,,19.0,10.0,39.0,46.0,37.5,9.0,38.5,14.0,,7.0,25.0,11.0,8.0,5.0,17.0,14.0,12.0,1.0,3.0,41.0,13.0,,,,28.0,36.0,2.0,27.0,33.5,48.0,6.0,24.5,49.0,45.0,23.0,41.0,49.5,21.0,47.5,46.0
2018-08-17,39.0,18.0,14.5,29.0,3.0,7.0,49.0,42.0,20.0,8.0,45.0,52.0,34.0,48.0,39.0,37.0,29.5,39.0,35.0,,24.0,6.0,54.0,25.0,37.0,2.0,35.0,22.5,,2.0,13.0,9.0,2.0,21.0,5.0,13.0,20.0,14.0,10.0,31.5,12.0,,,,25.0,43.5,16.0,28.0,24.0,50.0,35.0,31.5,48.0,34.0,38.5,42.0,50.0,36.5,50.0,14.0
2018-08-20,43.0,24.0,35.5,32.0,5.0,12.0,48.0,46.0,29.0,20.0,25.0,42.0,41.0,47.0,43.0,31.5,28.5,49.0,28.0,,21.0,19.0,52.0,39.5,47.0,1.0,33.0,7.0,,4.0,10.0,6.0,2.0,9.0,8.0,19.0,18.0,3.0,11.0,23.0,14.0,45.0,,,30.0,16.0,14.0,38.0,14.0,47.0,34.0,26.5,49.0,35.0,31.0,51.0,55.0,20.0,50.0,53.0
2018-08-21,34.0,25.0,44.0,28.0,1.0,7.0,52.0,50.0,18.5,12.0,22.5,45.0,32.0,39.0,32.0,36.0,35.0,39.0,34.0,,17.0,11.5,53.0,43.5,37.0,5.0,39.5,30.0,,6.0,17.0,3.0,4.0,23.0,2.0,17.0,12.0,9.0,8.0,31.0,21.0,37.0,,,46.0,14.0,15.0,47.0,11.0,50.0,29.0,21.0,52.0,49.0,26.0,53.5,47.0,28.0,42.5,28.5
2018-08-22,32.5,15.0,12.0,21.0,5.0,13.0,45.0,48.0,32.5,8.0,16.0,51.0,42.0,49.0,37.0,35.0,26.0,39.0,32.0,,28.0,28.0,50.0,31.0,42.0,16.0,37.0,25.0,,1.0,24.5,4.0,2.0,19.0,7.0,13.5,42.0,3.0,8.5,30.0,23.0,6.0,,,38.0,15.0,11.0,48.0,26.0,47.0,9.0,23.0,53.0,44.0,19.0,49.0,52.0,53.0,41.0,36.0
2018-08-23,21.0,2.0,39.0,16.0,12.0,5.0,53.0,35.0,10.0,4.0,25.0,29.0,54.0,45.0,37.0,32.0,28.0,48.0,28.0,,8.0,35.0,44.0,51.0,14.0,7.0,45.0,39.0,,14.0,27.5,1.0,16.0,18.0,14.0,19.0,20.0,9.0,6.0,11.0,33.0,24.0,,,41.0,37.0,3.0,44.0,21.0,42.0,28.0,25.0,51.0,51.0,31.0,34.0,51.0,53.0,46.0,31.0
2018-08-24,14.0,8.0,37.0,34.5,3.0,10.0,47.0,44.5,19.0,1.0,24.0,39.5,48.0,42.0,33.0,42.5,40.0,42.5,32.0,,20.0,24.0,46.0,25.5,45.0,16.0,49.0,14.0,,7.0,5.0,9.0,4.0,11.0,2.0,24.0,16.0,12.0,18.0,25.0,20.0,41.0,,,33.5,27.0,14.0,49.5,30.0,51.5,6.0,28.0,53.0,44.0,26.0,49.0,55.0,47.0,38.0,31.0
2018-08-27,25.0,5.0,35.0,34.0,8.0,12.0,53.5,33.0,19.0,8.0,1.5,47.0,50.0,40.0,38.0,38.0,40.0,36.0,29.5,,20.0,25.0,41.0,46.0,45.0,13.0,48.0,20.0,,15.0,20.0,5.0,1.5,13.0,11.0,26.0,29.0,10.0,3.5,27.0,22.0,7.0,,,22.0,3.5,17.0,49.0,26.5,49.0,33.0,16.0,45.0,50.0,31.0,54.5,45.0,52.0,44.0,33.0
2018-08-28,23.0,8.0,14.0,44.5,31.0,5.0,50.0,34.0,24.0,2.0,30.5,37.0,54.0,32.0,46.5,47.5,48.5,38.0,24.0,,37.0,24.0,38.0,52.0,42.0,40.0,46.0,22.0,,18.0,3.0,11.0,6.0,10.0,9.0,21.0,22.0,4.0,14.0,21.0,15.0,33.0,,,27.0,1.0,12.0,47.0,41.0,50.0,14.0,6.0,53.0,32.5,20.0,48.0,30.0,31.5,29.5,45.0
2018-08-29,34.0,4.0,37.0,36.0,8.0,17.5,41.0,37.0,18.0,1.0,29.5,33.0,47.0,39.0,47.5,50.0,47.0,40.0,21.0,,25.0,20.0,54.0,50.0,53.0,5.0,52.0,28.5,,13.0,8.0,3.0,14.0,24.0,9.0,11.0,19.5,8.0,12.0,27.0,22.0,32.0,,,16.0,5.0,2.0,49.5,23.0,44.0,27.5,15.0,44.0,51.5,24.0,37.0,51.0,33.0,43.0,30.5
2018-08-30,26.0,10.0,42.0,32.0,6.0,33.0,48.0,4.0,17.0,1.0,41.0,44.0,25.0,52.0,45.0,39.0,16.0,44.0,28.0,,22.0,24.5,49.5,37.5,36.5,12.0,50.0,39.5,,29.5,7.0,2.0,10.5,19.0,13.0,14.0,26.0,3.0,19.0,37.0,17.0,31.0,,,16.0,11.0,5.0,28.0,39.5,52.0,8.0,25.5,48.0,36.0,23.5,49.0,47.0,40.0,55.0,37.0
2018-08-31,39.0,2.0,40.0,19.0,27.0,21.0,36.0,12.5,48.0,13.0,43.0,30.0,44.0,46.0,37.0,50.5,31.0,38.0,26.0,,30.0,19.0,54.0,42.0,40.0,25.0,45.5,16.5,,23.0,15.0,9.0,10.0,1.0,12.0,15.0,21.0,8.0,3.0,19.0,4.0,40.0,,,35.0,33.0,6.0,46.0,20.0,46.0,31.0,5.0,7.0,48.0,32.5,46.5,54.0,41.0,51.0,15.5
2018-09-03,36.0,5.0,43.0,22.0,25.0,19.0,35.0,40.0,26.0,9.5,28.5,33.5,47.5,41.0,45.0,54.0,43.5,33.0,20.0,,11.0,28.5,33.0,38.0,48.0,29.0,50.0,7.5,,9.5,12.0,6.0,7.5,2.0,15.0,32.5,38.0,2.0,17.0,22.0,13.0,29.5,,,16.0,32.0,4.0,49.0,25.0,52.0,13.0,16.0,39.0,39.0,2.0,50.0,49.0,47.0,51.0,20.0
2018-09-04,24.0,5.0,27.5,33.0,9.0,19.0,46.0,19.0,35.0,1.0,38.0,41.0,27.0,45.0,53.0,54.0,41.0,34.0,12.5,,29.0,15.0,48.0,44.0,52.0,24.0,38.0,2.0,,17.0,18.0,3.0,14.0,4.0,12.0,9.0,36.0,11.0,31.0,26.0,6.0,16.0,,,21.0,9.0,7.0,41.5,41.0,55.0,29.0,21.0,34.0,40.5,25.5,46.0,52.5,46.0,47.0,34.0
2018-09-05,17.5,3.0,51.0,22.0,17.0,35.0,46.5,30.0,24.0,5.0,37.0,34.0,21.5,47.0,44.5,52.0,33.0,31.0,39.0,,6.0,20.0,46.0,52.0,48.0,28.0,41.0,7.0,,18.0,27.5,8.0,15.0,10.0,4.0,36.5,37.0,15.0,26.0,33.0,2.0,10.0,,,8.0,15.0,12.0,42.0,43.0,48.0,1.0,21.0,33.0,40.5,14.0,44.0,55.0,30.0,51.0,28.5
2018-09-06,26.5,2.0,46.0,25.0,8.0,39.0,38.0,15.0,36.0,7.0,45.0,41.0,18.0,50.0,53.0,49.0,38.5,36.5,16.0,,4.0,20.0,50.0,50.0,41.0,23.0,53.0,10.0,,19.0,11.0,9.0,12.0,1.0,17.0,13.0,33.0,3.0,20.5,13.0,6.0,34.5,,,30.0,24.0,5.0,29.0,29.0,53.0,40.0,20.0,41.0,49.5,30.0,35.0,37.0,33.0,53.0,24.0
2018-09-07,32.0,12.0,50.0,14.0,15.0,36.5,50.0,10.5,23.0,6.0,40.0,31.5,35.0,47.0,41.0,51.0,26.0,21.0,42.5,,16.0,26.0,37.0,48.0,26.5,23.0,54.0,9.0,,23.0,30.5,7.0,12.0,5.0,4.0,19.0,46.0,1.0,38.5,9.0,21.0,25.5,,,26.0,45.0,3.0,47.0,37.0,42.0,2.0,10.0,37.0,50.5,27.0,40.5,39.0,30.0,54.0,16.5
2018-09-10,37.0,12.0,35.0,15.0,21.0,39.0,35.0,39.0,22.0,5.0,46.0,38.0,29.0,52.0,36.0,43.0,30.0,28.0,34.0,,9.0,16.0,29.0,44.0,46.5,34.5,51.0,25.0,,29.0,14.0,4.0,3.0,7.0,12.0,30.0,34.0,10.0,20.0,17.5,2.0,24.0,,,19.0,8.0,6.0,48.0,43.0,46.5,1.0,11.0,39.0,52.0,16.0,33.0,55.0,53.0,47.0,25.0
2018-09-11,35.0,12.0,46.0,6.0,21.0,38.0,33.0,29.0,27.0,14.0,24.0,31.0,34.0,53.0,46.0,45.0,33.0,38.5,28.0,,7.0,9.0,30.0,52.0,49.0,25.5,51.0,16.0,,18.0,21.0,5.0,4.0,2.0,13.0,30.0,21.0,9.0,15.0,23.0,11.0,32.0,,,10.0,38.0,3.0,37.0,46.0,51.0,1.0,16.0,41.0,54.0,19.5,42.0,50.0,53.0,42.0,34.0
2018-09-12,34.0,4.0,30.0,10.0,22.5,44.0,20.5,29.5,45.0,1.0,42.0,29.0,39.0,55.0,48.5,40.0,19.0,34.0,13.0,,7.0,21.0,46.5,34.0,36.0,31.0,54.0,25.0,,23.0,27.0,5.0,2.0,6.0,17.0,17.0,43.0,11.0,23.0,9.0,8.0,51.0,,,20.0,37.0,14.0,43.0,33.0,47.0,3.0,16.0,40.0,53.0,22.0,13.0,21.0,52.0,52.0,46.0
2018-09-13,34.0,17.0,29.0,9.0,19.0,39.0,15.0,25.0,49.0,4.0,50.0,27.0,41.0,53.0,43.0,41.0,38.0,26.0,14.0,,6.0,19.0,29.0,30.0,28.0,21.0,48.0,33.5,,31.0,8.0,2.0,10.0,22.5,13.0,1.0,43.5,4.0,17.0,7.0,4.0,28.5,,,29.0,45.0,12.0,47.0,37.0,53.0,16.0,11.0,31.0,48.0,25.0,32.0,55.0,51.0,50.0,41.0
2018-09-14,27.0,22.0,31.0,1.0,34.0,35.0,13.0,22.0,16.0,5.0,45.0,32.0,23.5,56.0,40.0,42.0,41.0,31.0,8.0,,10.0,20.0,35.0,43.0,26.0,26.0,49.0,25.0,,18.0,17.0,4.0,7.0,3.0,13.0,13.0,45.0,6.0,11.0,9.0,15.0,37.0,,,32.5,45.0,2.0,45.0,38.0,51.0,29.0,20.0,40.0,50.0,32.0,48.0,54.0,53.0,47.0,18.0
2018-09-17,25.5,14.0,37.0,13.0,40.5,37.0,46.0,38.5,45.0,8.0,37.0,26.0,49.0,50.0,51.0,50.0,36.5,33.0,2.0,,17.0,9.0,40.5,43.0,37.0,30.0,53.0,18.0,,11.0,21.0,3.0,6.0,7.0,14.0,19.0,23.0,4.0,11.0,10.0,5.0,33.0,,,21.0,29.0,1.0,42.0,36.0,44.0,17.0,23.0,33.0,45.0,20.0,28.0,53.0,54.0,44.0,28.0
2018-09-18,35.0,4.0,43.5,17.0,21.0,36.0,42.5,38.0,43.0,9.0,52.0,34.0,44.0,52.0,48.5,41.0,37.5,31.0,25.0,,16.0,11.0,19.0,37.5,21.0,27.0,46.0,13.0,,16.0,30.0,7.0,1.0,3.0,5.0,11.0,45.0,8.0,18.0,6.0,27.5,20.0,,,19.0,33.5,2.0,41.0,28.0,50.0,23.0,10.0,38.0,49.0,13.0,33.0,55.0,51.0,54.0,30.5
2018-09-19,38.0,5.0,27.0,4.0,19.0,34.0,19.5,43.0,40.0,8.0,47.0,37.0,38.0,55.0,48.0,44.0,35.0,24.0,32.0,,10.0,11.0,31.0,40.0,42.0,22.0,50.0,15.0,,10.0,21.0,6.0,1.0,2.0,18.5,10.0,46.0,3.0,13.0,15.0,20.0,24.0,,,23.0,33.5,7.0,37.5,35.5,53.0,26.0,25.0,37.5,49.0,13.0,28.5,54.0,51.0,47.0,36.0
2018-09-20,37.0,1.0,37.0,19.0,4.0,30.0,48.0,26.0,32.0,8.0,43.0,28.0,40.0,54.0,45.0,47.0,36.0,31.0,15.0,,10.5,15.0,39.0,40.5,43.0,14.0,51.0,18.0,,19.0,24.0,12.0,6.0,5.0,14.0,10.5,24.0,7.0,9.0,3.0,29.0,39.5,,,22.0,50.0,2.0,28.0,18.0,46.0,23.0,25.0,25.0,43.0,36.0,29.0,51.0,53.0,55.0,45.0
2018-09-21,31.0,13.0,24.0,16.0,31.0,38.0,35.0,40.0,34.0,6.0,44.5,26.0,47.0,54.0,40.0,41.0,49.0,47.0,12.0,,33.0,15.0,36.0,41.0,30.0,21.0,44.5,27.0,,24.0,28.0,5.0,9.0,2.0,12.0,21.0,27.0,8.0,4.0,1.0,7.0,25.0,,,20.0,49.0,3.0,30.5,24.0,52.0,11.0,10.0,18.5,53.0,16.0,37.0,52.0,50.0,56.0,41.0
2018-09-24,43.0,1.0,54.0,13.0,27.0,39.5,41.5,39.0,24.5,8.0,47.0,26.0,49.0,56.0,33.0,34.0,32.0,38.0,25.0,,16.0,9.0,22.0,41.0,20.0,21.0,39.5,28.0,,24.0,28.0,2.0,6.0,3.0,20.0,16.0,36.0,5.0,14.0,4.0,30.0,22.0,,,19.0,46.0,10.0,44.0,7.0,48.0,17.0,11.0,36.0,48.0,12.0,39.0,51.0,53.0,51.0,36.0
2018-09-26,32.5,15.0,50.0,19.0,40.0,33.0,35.0,29.0,23.0,2.0,50.0,33.0,48.0,53.0,46.0,47.0,22.0,43.0,15.0,,26.5,17.5,26.0,34.0,23.0,30.0,45.0,12.0,,9.0,23.0,6.0,3.0,1.0,7.0,10.0,26.0,14.0,12.0,8.0,17.0,34.0,,,12.0,37.0,4.0,37.0,24.0,52.0,30.0,5.0,41.0,42.0,22.0,48.0,54.0,55.0,44.0,36.5
2018-09-27,32.0,5.0,46.0,11.0,38.0,33.0,22.0,20.0,26.0,13.0,46.0,33.0,54.0,55.0,53.0,36.0,40.5,37.0,18.0,,17.0,15.0,25.0,44.5,27.0,20.0,43.5,26.0,,18.0,27.0,1.0,2.0,15.0,9.0,17.0,45.0,7.0,8.0,3.0,22.0,34.0,,,6.0,50.5,10.0,28.0,12.0,43.0,27.0,4.0,42.5,51.0,30.0,40.0,48.0,41.0,53.0,40.5
2018-09-28,30.0,14.0,52.0,4.0,35.0,33.0,13.0,32.5,24.0,3.0,44.0,39.0,48.0,54.0,45.0,39.5,43.0,39.0,1.0,,20.5,24.0,30.0,47.0,19.0,28.0,46.0,21.0,,15.0,23.5,2.0,9.0,18.0,10.0,16.0,42.0,7.0,6.0,8.0,21.0,34.0,,,25.0,49.0,11.0,35.0,12.0,37.0,29.0,5.0,39.0,46.0,16.0,36.0,53.0,46.0,56.0,39.0
2018-10-02,30.0,1.5,38.5,14.5,42.5,44.0,29.0,27.5,34.0,5.0,49.0,47.0,52.5,52.0,27.0,40.0,23.0,38.0,16.0,,21.0,17.0,23.0,47.0,26.0,34.0,39.5,23.0,,15.0,19.0,7.0,9.0,11.0,13.0,11.0,42.5,3.0,8.0,6.0,11.0,31.0,,,18.5,25.0,4.0,29.0,28.0,36.5,34.0,1.5,36.0,51.0,24.0,45.0,56.0,54.0,50.0,47.0
2018-10-03,32.0,10.0,41.0,25.0,41.0,35.0,28.0,55.0,29.0,13.0,49.0,28.0,52.0,51.0,51.0,39.0,34.5,31.5,11.0,,21.0,12.0,17.0,46.0,31.5,37.0,42.0,25.0,,20.0,29.5,1.0,6.0,8.0,17.0,15.0,46.0,4.0,18.0,9.0,22.0,32.5,,,5.0,44.0,3.0,22.0,25.0,7.0,13.0,2.0,47.0,46.0,17.5,40.0,49.0,53.0,49.0,32.0
2018-10-04,22.0,18.0,45.0,15.0,34.0,43.0,35.5,17.0,28.0,26.0,51.0,37.0,51.0,53.0,50.0,10.0,36.0,34.0,4.0,,31.0,21.0,20.0,42.0,25.0,23.0,34.0,18.0,,23.0,30.5,3.0,9.0,14.5,7.0,6.0,15.0,12.0,1.0,5.0,12.0,36.0,,,12.0,51.0,2.0,24.0,30.0,37.0,39.0,8.0,47.0,41.0,28.0,54.0,46.0,48.0,55.0,45.0
2018-10-05,6.0,27.0,48.0,26.0,40.0,43.0,30.0,51.0,41.0,20.0,52.0,28.0,54.0,53.0,36.0,22.0,21.0,38.0,16.0,,43.0,22.0,7.0,44.0,29.0,18.0,32.0,11.0,,13.0,39.0,3.0,2.0,16.0,9.0,1.0,21.0,8.0,16.0,12.0,4.0,33.0,,,14.0,47.0,5.0,27.0,19.0,41.0,29.0,10.0,29.0,40.0,35.0,40.5,50.0,53.0,50.0,46.0
2018-10-08,5.0,35.0,49.0,13.0,44.0,38.0,24.0,30.0,44.0,32.0,54.0,26.0,46.5,55.0,48.0,21.0,28.0,23.0,20.0,,43.0,20.0,4.0,47.0,31.0,31.0,30.0,17.0,,10.0,25.0,6.0,9.0,21.0,11.0,2.0,15.0,3.0,12.0,1.0,15.0,44.0,,,15.0,38.0,7.0,26.0,17.0,29.0,39.5,8.0,41.0,46.0,35.0,45.5,51.0,41.0,53.0,40.0
2018-10-09,4.0,33.0,49.0,27.0,14.0,38.0,37.0,24.0,43.0,6.0,54.0,31.0,41.0,55.0,49.0,21.0,38.0,30.0,33.0,,44.0,24.0,3.0,43.0,21.0,19.0,34.5,10.0,,13.0,17.0,7.0,5.0,21.0,9.0,8.0,25.0,11.0,17.0,1.0,16.0,47.0,,,15.0,45.0,2.0,31.5,28.0,39.0,26.0,12.0,25.0,49.0,41.0,37.0,51.0,45.0,52.0,46.0
2018-10-10,28.0,38.0,50.0,13.0,22.0,32.5,15.0,55.0,33.5,29.0,38.0,32.0,52.0,43.5,50.0,24.0,34.5,21.0,20.0,,48.0,30.0,5.0,42.0,34.0,19.0,31.5,12.0,,11.0,35.0,6.0,3.0,19.0,9.0,7.0,8.0,10.0,2.0,14.0,16.0,48.0,,,4.0,49.0,1.0,22.0,24.0,31.0,40.0,17.0,26.0,46.0,43.0,46.0,49.0,37.0,41.5,48.5
2018-10-11,31.0,30.0,49.0,10.0,18.0,38.0,24.0,53.0,29.0,2.0,48.0,38.0,49.0,50.0,49.0,19.0,32.0,18.0,28.0,,44.0,27.0,11.0,50.0,27.0,8.0,37.0,13.0,,7.0,24.0,1.0,3.0,23.0,6.0,5.0,15.0,12.0,13.0,9.0,18.0,36.0,,,20.0,45.0,4.0,28.5,32.0,35.0,39.0,16.0,26.0,41.0,35.0,46.0,54.0,55.0,43.0,46.5
2018-10-12,27.0,36.0,54.0,18.0,14.0,35.0,20.0,47.0,52.0,9.0,49.0,26.0,48.0,51.0,38.0,16.0,31.0,2.0,36.0,,44.0,33.0,22.5,45.5,33.0,5.0,36.0,4.0,,25.0,27.0,6.0,1.0,12.0,3.0,14.0,20.0,10.0,11.0,8.0,27.0,39.0,,,17.0,50.0,14.0,26.0,24.0,21.0,40.0,7.0,30.0,45.5,28.0,49.0,54.0,43.0,48.0,43.0
2018-10-15,39.5,36.0,52.0,15.0,16.0,7.0,32.0,46.5,37.0,16.0,40.0,28.0,54.0,45.0,39.0,34.0,35.0,30.0,27.0,,7.0,32.0,19.0,47.5,27.0,3.0,32.0,24.0,,19.0,23.0,7.0,2.0,32.0,10.0,5.0,16.0,1.0,13.0,12.0,23.0,38.0,,,22.0,55.0,9.0,21.0,10.5,50.0,43.0,4.0,16.0,49.0,35.0,45.0,54.0,52.0,49.0,35.0
2018-10-16,41.0,16.0,51.0,11.0,19.0,42.0,41.0,51.5,41.0,14.0,48.0,29.0,52.5,51.0,21.0,36.5,24.0,40.0,36.0,,34.0,23.0,15.0,44.0,23.0,12.0,29.0,9.0,,18.0,30.0,4.0,7.0,17.0,5.0,1.0,19.0,6.0,10.0,3.0,21.0,39.0,,,12.0,46.0,8.0,26.0,26.0,47.0,31.0,2.0,36.5,40.0,29.0,36.5,52.0,34.0,55.0,48.0
2018-10-18,28.0,18.0,53.0,3.0,22.0,40.0,14.0,38.0,47.0,12.0,47.5,24.5,54.0,51.0,37.0,36.0,41.5,38.0,34.0,,39.0,16.0,13.0,43.0,23.0,16.5,31.5,23.0,,9.0,29.0,8.0,7.0,30.0,10.0,4.0,14.0,6.0,5.0,2.0,19.0,39.0,,,24.0,44.0,1.0,35.0,21.0,51.0,30.0,11.0,48.0,53.0,26.5,33.5,46.0,49.0,27.0,43.5
2018-10-19,38.0,28.0,56.0,12.0,19.0,47.0,35.0,51.0,34.0,26.0,42.0,20.0,48.0,29.0,39.5,27.0,27.5,30.0,34.0,,43.0,32.0,9.0,40.0,28.5,1.0,17.0,23.0,,14.0,54.0,6.0,2.0,28.0,7.0,5.0,3.0,10.0,11.0,4.0,20.0,35.0,,,19.0,50.0,13.0,23.0,8.0,49.0,23.0,16.0,37.0,46.0,15.0,43.0,53.0,48.0,44.0,52.0
2018-10-22,27.0,25.0,55.0,15.0,23.0,37.0,32.0,38.5,27.0,14.0,48.0,22.0,51.0,32.0,39.5,7.0,33.0,36.5,40.0,,47.5,34.0,8.0,44.0,10.5,2.0,20.0,20.0,,30.0,47.0,9.0,4.0,14.0,5.0,1.0,3.0,6.0,15.0,13.0,27.5,40.0,,,23.0,50.5,10.5,20.0,17.0,45.0,36.0,17.0,37.0,53.0,31.0,39.0,49.0,29.5,45.0,52.0
2018-10-23,29.0,24.0,52.0,19.0,26.5,32.0,42.0,37.0,46.0,13.0,42.0,28.0,43.0,56.0,45.0,12.0,29.0,34.0,37.0,,47.0,32.0,2.0,42.0,18.0,10.0,33.0,24.0,,35.0,48.0,7.0,5.0,17.0,12.0,6.0,3.0,8.0,9.0,15.0,15.0,40.0,,,2.0,44.5,13.0,19.0,21.0,52.0,29.0,21.0,47.0,54.0,25.0,33.0,55.0,35.0,2.0,39.0
2018-10-24,27.0,3.0,54.0,14.0,14.0,44.0,30.0,47.0,37.0,17.0,50.0,24.0,50.0,53.0,41.0,18.0,33.0,37.0,36.0,,39.0,34.0,1.0,33.0,31.0,10.0,11.0,22.0,,38.0,42.0,8.0,5.0,20.0,14.0,9.0,3.0,7.0,12.0,6.0,17.0,34.0,,,24.0,37.0,17.0,22.0,21.0,54.0,28.0,3.0,47.0,52.0,26.0,31.0,50.0,45.0,42.0,47.0
2018-10-25,31.0,18.0,53.0,13.0,12.0,30.0,31.0,33.0,46.0,11.0,41.5,16.0,45.0,55.0,52.0,19.0,44.0,41.5,37.0,,39.0,24.0,8.0,20.0,49.0,3.0,24.0,17.5,,30.0,33.0,1.0,7.0,27.0,2.0,6.0,4.0,9.0,5.0,15.0,10.0,42.5,,,22.0,53.0,17.0,13.0,27.0,48.0,46.0,22.0,37.0,50.0,43.0,33.5,43.0,39.0,35.0,40.0
2018-10-26,32.0,7.0,54.0,13.0,17.0,30.0,33.0,48.0,45.0,24.0,41.5,25.0,46.0,34.5,51.0,27.0,35.0,17.0,45.0,,50.5,21.0,2.0,48.0,23.0,14.0,20.0,19.5,,19.0,38.0,9.0,12.0,28.0,11.0,10.0,3.0,4.0,6.0,7.0,16.0,47.0,,,5.0,43.0,17.0,31.0,24.0,54.0,50.0,1.0,44.0,40.5,26.0,30.0,44.0,44.0,38.0,36.0
2018-10-29,34.0,9.0,49.0,12.0,15.0,22.0,36.0,46.0,48.0,25.0,45.0,4.0,49.0,44.0,50.0,18.0,42.0,48.0,49.0,,29.0,29.0,6.0,17.5,33.0,1.0,23.0,15.5,,22.0,33.0,10.0,5.0,26.0,3.0,2.0,8.0,7.0,12.0,19.0,17.0,39.0,,,12.5,41.0,22.0,32.0,33.0,53.0,40.5,16.0,36.0,46.0,37.5,29.0,46.0,39.0,25.0,55.0
2018-10-30,36.0,24.0,49.0,8.0,20.0,39.0,49.0,47.0,42.5,20.0,38.5,22.0,50.0,51.0,43.0,28.0,28.5,33.0,46.0,,31.0,16.5,9.0,29.0,19.0,11.0,14.0,12.0,,4.0,31.0,1.0,7.0,24.0,12.0,6.0,2.0,3.0,16.0,5.0,14.0,36.0,,,28.0,49.0,18.0,37.0,11.0,51.5,37.5,20.0,25.0,46.0,42.0,39.0,54.0,41.5,33.0,50.0
2018-10-31,36.0,21.0,51.5,16.0,13.0,35.0,49.5,38.5,50.0,29.0,38.5,29.0,33.0,48.0,54.0,29.0,35.5,32.0,47.0,,24.0,19.0,8.0,48.0,22.0,11.0,25.0,24.0,,6.0,23.0,5.0,3.0,14.0,4.0,10.0,7.0,2.0,19.0,1.0,17.0,40.0,,,9.0,47.0,32.0,28.0,12.0,49.0,39.0,14.0,46.0,44.0,36.0,51.0,52.0,16.0,29.0,43.0
2018-11-01,28.0,33.0,52.0,13.0,19.0,31.5,50.0,24.0,25.0,37.0,18.0,31.0,40.0,54.0,39.0,52.0,17.0,27.0,48.0,,46.0,18.0,4.0,41.0,42.0,9.0,1.0,35.0,,21.0,23.0,11.0,7.0,20.0,6.0,2.0,13.0,5.0,16.0,3.0,9.0,43.0,,,25.0,44.0,14.0,31.0,28.0,43.0,31.0,9.0,16.0,50.0,40.0,37.0,55.0,47.0,32.0,48.5
2018-11-02,43.0,26.0,52.0,2.0,14.0,33.0,47.0,45.0,30.0,36.0,33.0,13.0,50.0,53.0,37.0,56.0,4.0,18.0,43.0,,29.0,24.0,6.0,31.0,20.0,18.0,16.0,16.0,,4.0,30.0,10.0,6.0,40.0,1.0,9.0,21.0,4.0,26.0,23.5,8.0,38.0,,,11.0,49.0,12.0,24.0,40.0,48.0,30.0,21.0,35.0,48.0,41.0,33.0,55.0,44.0,15.5,52.0
2018-11-05,39.0,32.0,46.0,1.0,29.0,22.0,51.0,48.5,11.0,47.0,42.0,27.0,53.0,43.5,38.0,53.0,17.0,20.0,54.0,,39.0,14.0,11.0,37.5,22.0,15.0,25.0,29.0,,16.5,26.0,5.0,9.0,30.0,8.0,3.0,6.0,4.0,13.0,19.0,7.0,41.0,,,2.0,47.5,21.0,22.0,15.0,48.0,40.5,11.0,32.0,55.5,28.0,34.0,48.5,40.5,32.0,38.0
2018-11-06,10.0,29.5,52.0,5.0,30.0,16.0,54.0,34.0,45.0,29.0,42.0,26.0,33.5,47.0,42.0,49.5,9.0,17.0,55.0,,48.0,21.5,24.0,35.0,35.0,2.0,21.5,33.5,,33.0,36.0,8.0,1.0,13.0,11.0,6.0,27.0,7.0,19.5,14.0,15.0,12.0,53.0,,4.0,38.0,20.0,23.5,42.0,43.5,41.0,3.0,46.0,54.0,44.5,16.0,51.0,27.0,21.0,49.0
2018-11-07,22.0,47.0,54.0,16.0,15.0,46.0,52.0,31.0,27.0,35.5,19.5,37.0,40.0,43.0,43.0,44.0,8.0,19.0,56.0,,43.0,32.0,24.5,43.5,28.0,5.0,48.0,11.0,,10.0,49.0,12.0,2.0,4.0,1.0,4.5,20.0,7.0,9.0,21.0,22.0,29.5,55.0,,14.0,40.0,31.0,41.0,33.0,31.0,13.0,26.5,37.0,51.0,23.0,37.0,54.0,5.0,16.0,42.0
2018-11-08,35.0,15.0,46.0,21.0,17.0,22.0,54.0,33.0,47.0,17.0,11.0,31.0,35.0,35.0,44.0,52.0,10.0,35.0,55.0,,48.0,39.0,14.0,33.0,25.0,2.0,12.0,25.0,,52.0,40.0,7.0,5.0,8.0,4.0,2.0,38.0,9.0,11.0,18.0,6.0,38.5,45.0,,2.0,37.0,20.0,30.0,23.0,49.0,44.0,26.0,53.0,48.0,34.0,17.0,51.0,29.0,23.0,44.0
2018-11-09,30.0,24.0,45.5,26.0,32.0,36.0,48.5,38.0,41.0,5.0,51.0,2.0,51.0,42.0,48.0,54.0,2.0,38.0,54.0,,36.0,54.0,21.0,43.0,3.0,18.0,6.0,29.0,30.0,46.0,40.0,9.0,11.0,28.0,7.0,18.0,46.0,15.0,13.0,16.0,12.0,14.0,55.0,,5.0,28.0,22.0,35.0,23.0,49.0,43.5,5.0,46.0,48.0,20.0,30.0,33.5,10.0,17.0,34.0
2018-11-12,18.0,37.0,35.0,34.0,51.0,37.5,57.0,33.0,46.0,23.0,21.0,7.0,25.0,29.0,42.0,38.0,45.0,47.0,43.0,,16.0,43.0,24.0,51.0,11.0,13.5,40.0,52.0,21.5,46.0,24.0,1.0,3.0,12.0,4.0,11.0,55.0,5.0,8.0,13.0,30.5,9.0,51.0,,21.0,47.5,37.0,50.0,18.0,35.0,39.0,29.0,53.0,45.5,15.0,6.0,31.0,17.0,2.0,27.0
2018-11-13,7.0,12.0,50.0,17.0,32.0,38.5,44.5,48.5,55.0,20.0,53.0,14.0,56.0,47.0,37.5,33.0,7.0,14.0,57.0,,33.0,47.0,10.0,35.5,41.0,22.5,27.0,30.0,31.0,48.0,44.0,14.0,1.0,9.0,5.0,2.0,41.0,4.0,47.0,3.0,42.0,29.0,44.0,,18.5,23.5,22.0,27.0,17.0,55.0,29.0,25.0,49.0,42.5,6.0,20.5,35.0,10.0,15.0,26.0
2018-11-14,18.0,32.0,52.0,28.0,15.0,28.0,35.0,37.0,43.5,34.0,55.5,7.0,46.0,49.0,33.0,45.0,18.0,27.0,56.0,,56.0,34.0,4.0,40.0,30.0,1.0,15.5,41.0,41.0,54.0,48.0,7.0,11.0,14.0,12.0,2.0,46.0,9.0,13.0,8.0,8.0,5.0,40.0,,34.0,29.5,26.0,20.5,36.0,53.0,26.0,3.0,50.5,42.0,22.0,18.0,39.5,19.0,22.0,43.0
2018-11-15,42.0,21.5,45.0,26.0,18.0,13.0,51.0,48.0,35.0,23.0,22.0,4.0,47.0,34.0,47.0,43.0,6.0,48.0,55.0,,29.0,43.5,11.0,44.5,21.0,8.0,23.0,40.0,36.0,43.0,51.0,10.0,4.0,36.0,1.0,2.0,46.0,15.0,31.0,9.0,31.5,28.5,36.0,,11.0,43.0,26.0,54.0,20.0,57.0,42.5,22.0,52.0,41.0,30.5,5.0,25.0,14.0,6.0,15.0
2018-11-16,35.0,6.0,54.0,31.5,5.0,41.0,52.5,20.0,48.0,26.5,38.0,1.0,49.0,48.0,30.0,45.5,11.0,45.0,48.5,,8.0,18.5,30.5,23.0,22.5,9.0,36.0,25.5,17.0,42.5,52.0,12.0,14.0,15.0,4.0,3.0,44.0,13.0,10.0,7.0,20.0,25.0,44.0,,46.0,29.0,16.0,37.5,35.0,55.0,27.0,35.0,53.0,52.0,33.0,2.0,36.0,19.0,21.0,50.5
2018-11-19,36.0,10.0,47.0,26.0,15.0,31.0,37.5,43.0,49.0,17.0,47.0,2.5,54.0,43.0,24.0,46.0,24.0,33.5,57.0,,6.0,27.0,18.0,31.0,19.0,7.0,22.0,39.0,34.0,51.5,46.0,6.0,6.0,5.0,15.0,21.0,30.0,12.0,2.5,10.0,20.0,27.0,53.0,,22.0,34.5,41.0,38.0,14.0,53.0,36.0,14.0,37.0,53.0,8.0,1.0,51.0,27.0,43.0,45.0
2018-11-20,43.0,8.0,50.0,13.0,25.0,6.0,50.0,21.5,55.0,31.0,50.0,10.0,57.0,45.0,42.0,46.0,29.5,33.5,33.0,,2.0,19.0,5.0,41.0,37.5,22.0,19.0,43.5,34.0,53.0,35.0,17.0,8.0,18.0,10.0,26.0,15.0,24.0,30.0,1.0,12.0,44.0,43.0,,13.0,4.0,16.0,38.0,20.0,56.0,51.0,26.0,55.0,7.0,37.0,4.0,35.0,30.5,40.0,47.5
2018-11-21,36.0,2.0,46.0,44.0,18.0,12.0,51.5,13.0,36.0,25.0,51.0,20.0,53.0,33.5,40.0,46.0,29.0,41.5,40.0,,8.0,34.0,4.0,25.0,22.5,14.0,31.0,23.0,26.0,47.0,46.0,10.0,9.0,6.0,1.0,17.0,43.0,15.0,6.0,4.5,21.5,33.0,27.0,,4.0,19.0,11.0,45.0,24.0,56.5,48.0,36.0,54.0,30.5,27.0,19.5,43.0,55.0,53.0,51.0
2018-11-22,43.0,12.0,48.0,34.0,14.0,15.0,55.0,40.5,53.0,24.5,49.0,1.0,52.0,51.0,39.5,52.0,38.0,36.0,58.0,,7.0,3.5,6.0,27.0,16.5,2.0,10.0,18.0,28.0,41.0,24.0,9.0,8.0,24.5,17.0,18.0,21.0,19.0,21.0,3.5,10.0,36.5,34.5,,27.0,30.0,13.0,43.5,32.0,50.0,33.0,34.0,38.5,46.0,35.0,5.0,49.0,51.0,45.0,31.0
2018-11-23,39.0,7.0,18.0,26.0,30.0,15.0,52.0,34.0,54.0,29.5,49.0,8.5,57.0,44.0,53.0,47.0,41.0,43.5,50.0,,6.0,32.0,2.0,26.5,27.0,22.0,39.0,35.0,50.0,42.0,37.0,4.0,5.0,18.0,11.0,16.0,40.0,26.0,23.0,3.0,1.0,44.5,26.0,,23.5,16.0,10.0,49.0,8.5,55.0,39.0,42.0,54.0,15.5,13.0,19.0,30.0,32.5,32.0,11.0
2018-11-26,5.0,12.5,49.0,18.0,28.5,19.0,48.5,30.0,46.0,37.0,52.0,2.0,57.0,29.0,50.0,36.0,40.0,44.5,52.0,,10.0,18.0,7.0,30.0,26.0,16.0,14.0,36.0,32.0,36.0,32.0,5.0,12.0,20.0,22.0,19.0,48.0,24.5,43.0,7.0,11.0,42.0,28.5,,9.0,4.0,2.0,42.0,23.0,55.0,29.0,41.5,53.0,47.0,14.5,2.0,33.0,37.0,36.0,45.0
2018-11-27,22.5,2.0,16.0,22.0,38.0,12.0,57.0,47.0,51.0,43.0,55.0,5.0,53.0,46.0,47.5,22.0,46.5,43.0,53.5,,12.0,14.0,19.0,8.0,23.0,32.0,16.0,24.0,41.5,30.0,35.5,6.0,10.0,27.5,27.0,18.0,33.5,2.0,38.0,2.0,11.0,53.0,33.0,,3.0,20.0,16.0,43.5,5.5,46.0,37.0,41.0,44.0,35.0,30.0,25.0,40.0,44.5,9.0,50.0
2018-11-28,12.0,2.0,31.0,5.0,26.0,21.0,57.0,35.0,32.0,21.0,41.0,3.5,47.0,39.0,48.0,55.0,48.5,40.0,47.0,,14.0,18.0,53.0,22.0,23.5,36.0,50.0,16.0,50.0,48.0,50.0,9.0,1.0,21.0,15.0,13.0,27.0,31.0,37.0,3.5,7.0,52.0,40.5,,8.0,10.0,12.0,43.0,5.0,27.0,45.0,52.0,42.0,30.0,16.0,30.0,27.0,33.5,19.0,34.0
2018-11-29,33.0,11.0,28.0,13.0,40.5,28.0,51.0,32.0,40.5,53.0,57.0,10.0,54.0,42.0,50.5,33.0,35.0,40.0,48.5,,2.0,15.0,24.0,9.0,18.0,38.0,48.0,8.0,41.0,23.0,30.0,16.0,2.0,21.0,18.0,17.0,25.5,25.0,48.0,20.0,7.0,48.0,33.0,,14.0,11.0,5.0,54.0,26.0,35.5,51.0,51.0,47.0,45.0,2.0,32.0,22.0,35.0,4.0,5.0
2018-11-30,7.0,15.0,17.0,27.0,34.0,19.0,58.0,43.0,31.0,40.0,25.0,7.0,53.0,32.5,55.0,55.0,45.5,31.0,54.0,,2.0,10.0,43.0,17.0,8.0,28.5,40.0,21.0,41.0,38.0,28.5,23.5,4.0,31.0,21.0,14.0,45.0,1.0,36.0,13.0,3.0,35.0,37.0,,5.0,17.0,10.0,42.0,12.0,51.0,30.0,47.5,49.0,26.0,7.0,25.0,50.0,52.0,21.0,47.0
2018-12-03,2.0,27.0,4.0,29.5,33.0,9.0,57.0,45.0,38.0,38.0,44.0,6.0,52.0,23.0,40.5,55.0,49.0,44.0,55.0,,10.0,4.0,12.0,34.0,14.0,29.0,42.0,21.0,28.5,19.0,24.5,8.0,7.0,48.0,18.0,18.5,43.0,11.0,23.0,15.0,1.0,49.0,42.0,,15.0,34.5,4.0,38.0,11.0,50.0,38.5,52.0,53.0,18.0,29.0,24.0,26.0,38.0,33.0,46.0
2018-12-04,15.0,9.0,3.0,30.0,11.0,6.0,55.0,45.5,25.5,43.0,55.0,20.0,44.0,21.0,52.0,53.0,47.0,49.0,50.5,,8.0,4.0,25.0,33.0,15.0,38.0,45.0,22.0,42.0,42.0,30.0,19.0,2.0,25.0,24.0,6.0,35.0,9.0,38.0,21.0,13.0,50.0,31.0,,4.5,2.0,11.0,52.5,14.0,30.0,52.0,38.0,38.0,35.0,25.0,37.5,30.0,39.5,44.0,21.0
2018-12-05,13.0,13.0,2.0,38.5,33.0,31.0,53.5,48.0,44.0,32.0,33.0,3.0,54.0,41.0,54.5,56.0,47.0,13.0,51.0,,18.0,8.0,48.0,29.0,9.0,15.0,45.0,26.0,46.5,24.0,22.0,19.0,10.0,25.0,33.0,24.0,39.0,7.0,40.0,35.0,4.0,39.0,50.0,,16.0,19.0,3.0,5.0,12.0,46.0,36.0,45.0,51.0,21.0,14.0,3.0,28.0,30.0,22.0,43.0
2018-12-06,7.5,18.0,2.0,27.5,50.0,14.0,55.0,43.0,29.0,37.0,45.0,2.0,52.0,50.0,43.5,55.0,39.0,31.0,52.0,,2.0,11.0,30.0,22.0,19.0,27.0,40.0,24.0,45.0,13.5,32.0,35.0,5.0,28.0,8.0,21.0,34.0,3.0,41.0,12.0,10.0,46.0,16.0,,22.5,14.0,16.0,46.5,6.0,54.0,43.0,49.0,49.0,21.0,29.0,7.0,40.0,31.0,52.0,25.0
2018-12-07,11.0,16.0,7.0,35.5,34.5,19.0,52.0,39.5,37.0,34.0,37.5,5.0,52.0,42.5,51.0,45.5,43.0,31.0,55.0,,17.5,1.0,45.5,23.0,4.0,14.0,29.5,21.0,54.0,14.0,38.0,5.0,2.0,3.0,27.0,20.0,41.0,27.0,44.0,9.0,41.0,47.0,48.0,,32.5,13.0,7.0,24.0,9.0,52.0,35.0,43.0,39.0,14.0,17.0,24.0,37.5,43.5,49.0,21.0
2018-12-10,6.0,38.5,30.0,46.0,30.5,24.0,51.0,39.0,54.0,32.0,47.0,27.0,49.5,45.0,53.0,42.5,31.5,7.0,56.0,,31.0,3.0,43.0,18.0,10.0,15.0,46.0,42.0,39.0,35.0,22.0,18.5,1.5,1.5,22.0,12.0,54.0,3.0,20.0,6.0,12.0,38.0,35.0,,15.0,9.0,11.0,23.0,6.0,52.5,33.0,43.0,42.0,16.0,25.0,16.0,24.5,37.0,41.0,49.0
2018-12-11,2.0,32.0,13.0,19.0,33.0,5.5,43.0,8.0,50.0,26.0,52.0,18.0,55.0,26.0,52.0,53.0,34.0,15.0,55.0,,24.0,2.0,50.5,11.0,6.0,17.0,49.0,41.0,32.0,48.0,37.0,26.0,10.0,28.5,22.0,33.0,52.0,20.0,5.0,4.0,12.0,42.0,39.0,,39.0,25.0,15.0,42.0,2.0,56.0,34.5,35.0,28.5,20.0,8.0,14.0,48.0,36.0,40.0,44.5
2018-12-12,3.0,50.0,31.0,13.0,40.5,2.0,57.0,22.0,53.0,20.0,51.0,23.5,51.0,41.5,35.0,43.5,38.0,25.0,45.0,,30.5,3.0,52.0,16.0,3.0,43.0,54.0,47.0,53.0,49.0,43.0,10.0,6.0,7.0,12.0,23.0,45.0,16.0,18.0,8.0,38.0,30.0,39.0,,28.0,9.0,21.0,14.0,4.0,36.0,28.0,34.0,24.0,28.0,12.0,14.0,37.0,39.0,46.0,18.0
2018-12-13,5.0,23.0,2.0,46.0,33.0,7.0,39.0,28.0,50.0,20.5,49.5,25.0,25.0,41.0,34.0,54.0,48.0,25.0,55.0,,27.0,52.5,42.5,14.0,18.0,50.0,53.0,48.0,56.0,46.5,41.0,10.0,2.0,18.0,16.0,24.0,43.0,4.0,12.0,7.0,25.0,33.0,47.0,,37.0,12.0,2.0,30.0,8.5,45.0,30.0,37.0,35.0,12.0,17.0,5.0,37.0,25.0,16.5,28.0
2018-12-14,35.0,20.0,22.0,38.0,24.0,4.0,30.0,30.0,39.0,26.0,50.0,10.0,42.0,34.0,54.0,43.0,34.5,30.0,50.0,,22.5,3.5,51.0,45.0,8.0,39.0,38.0,41.0,56.0,49.0,17.0,2.0,1.0,14.0,10.0,21.0,24.0,6.0,13.0,7.0,10.0,51.0,53.0,,32.0,24.0,16.0,30.0,3.0,21.0,39.5,42.0,45.0,18.0,12.0,38.0,47.0,42.0,50.0,15.0
2018-12-17,27.0,28.0,33.0,41.5,20.0,16.0,23.0,11.0,54.0,24.0,49.0,6.0,35.0,46.0,48.0,32.0,24.0,34.0,55.0,,26.0,11.0,53.0,27.0,7.0,16.0,57.0,41.5,52.0,43.0,39.0,11.0,1.0,18.0,21.0,18.0,33.0,2.0,8.0,9.0,23.0,44.0,47.0,,31.0,13.0,14.0,45.0,3.0,51.0,39.0,40.5,39.0,16.0,4.0,5.0,41.0,44.0,42.0,29.0
2018-12-18,25.0,37.0,33.0,15.0,36.0,16.0,22.0,12.5,40.0,9.0,47.0,5.5,28.0,54.0,52.0,51.0,51.0,49.0,57.0,,31.0,41.0,45.0,23.5,3.5,20.0,49.0,32.0,55.0,31.0,25.0,28.0,5.5,9.0,19.0,18.0,23.0,14.0,7.0,1.0,2.0,29.0,51.5,,33.0,8.5,12.0,44.5,3.5,31.5,47.0,39.5,39.0,15.0,20.0,12.0,37.0,44.0,46.0,41.0
2018-12-19,34.5,31.0,42.0,23.0,37.5,2.0,46.0,12.0,51.0,16.5,28.5,9.0,36.0,37.0,43.0,46.5,47.0,46.0,53.0,,26.0,29.0,48.0,20.0,1.0,20.0,53.0,37.0,47.0,41.0,30.0,28.0,6.0,4.0,11.0,19.0,14.0,9.0,23.0,3.0,8.0,25.5,55.0,,15.5,13.0,35.0,26.0,5.0,48.0,41.5,19.0,47.0,30.0,6.0,16.0,53.0,37.5,54.0,20.0
2018-12-20,9.0,23.5,47.0,3.0,34.0,9.0,44.0,25.0,34.0,12.0,49.0,5.0,36.0,43.5,39.0,50.5,43.0,41.0,52.0,,16.0,37.0,53.5,44.0,4.0,17.0,57.0,31.0,43.0,28.0,27.0,21.0,1.5,11.0,15.0,1.5,8.0,19.0,21.0,14.0,6.0,36.0,46.0,,30.0,32.5,18.0,40.0,21.0,26.0,47.0,32.0,52.0,24.0,7.0,13.0,35.0,56.5,54.0,38.5
2018-12-21,20.0,37.5,39.0,46.0,30.0,35.5,24.0,8.0,45.5,10.0,49.0,2.0,43.5,46.0,40.5,40.0,34.5,32.0,33.5,,26.0,9.0,43.0,14.0,6.0,16.0,55.0,40.5,50.0,49.0,19.0,22.0,4.0,5.0,1.0,14.0,11.0,7.0,3.0,30.0,13.0,19.0,56.0,,41.0,22.0,30.0,27.0,19.0,35.0,41.0,40.0,50.0,12.0,24.0,17.0,53.0,57.0,54.0,26.0
2018-12-24,34.5,30.0,44.0,13.0,28.0,32.0,23.0,9.0,53.0,7.0,52.0,12.0,50.0,43.0,40.5,43.0,42.0,39.0,53.5,,20.0,4.0,47.0,21.0,6.0,17.0,53.0,25.0,40.0,56.0,34.0,15.0,3.0,1.0,17.0,20.5,10.0,10.0,23.0,8.0,5.0,30.0,30.0,,30.0,22.0,41.5,32.0,13.0,50.0,37.0,17.0,48.0,37.0,2.0,26.0,57.0,46.0,53.0,23.0
2018-12-27,27.0,34.0,35.0,8.0,34.0,3.0,33.0,24.0,46.0,5.0,40.0,8.0,32.0,49.0,37.0,56.0,52.0,56.0,55.0,,13.0,28.5,21.0,18.0,5.0,19.0,46.0,38.0,34.0,32.0,26.0,15.0,1.0,4.0,16.0,22.0,12.0,2.0,14.0,25.0,11.0,38.0,53.5,,41.0,21.0,40.0,29.0,43.0,49.0,50.0,29.0,43.5,19.0,10.0,8.0,51.0,18.0,54.0,45.5
2018-12-28,17.0,21.0,13.0,11.0,11.0,23.0,52.0,25.0,46.0,5.0,40.0,36.0,33.0,29.0,48.5,46.5,48.0,50.0,51.0,,24.5,27.5,58.0,41.0,9.0,18.0,47.5,40.0,49.0,44.0,17.0,8.0,13.0,4.0,2.0,28.0,21.0,15.0,7.0,16.0,6.0,27.0,49.0,,30.0,33.0,21.0,34.0,1.0,43.0,25.0,41.5,44.0,11.0,3.0,27.0,56.0,42.5,51.0,39.0
2018-12-31,15.0,26.0,36.0,2.0,21.0,15.0,25.0,11.0,50.0,18.0,51.0,34.0,31.0,47.0,30.0,36.0,21.0,24.0,49.0,,39.5,31.0,39.0,47.5,11.0,16.0,50.0,14.0,55.0,53.0,22.0,4.0,8.0,14.0,10.0,18.0,7.0,6.0,2.0,37.5,5.0,45.5,56.0,,29.0,26.0,32.0,39.0,2.0,45.0,43.0,36.0,38.0,22.5,9.0,24.0,54.0,42.0,52.5,55.0
2019-01-02,23.5,37.0,43.0,11.0,21.5,9.0,33.0,6.0,37.0,19.0,42.0,27.0,39.5,26.5,51.5,53.0,39.0,36.5,55.0,,34.0,44.0,48.0,34.0,13.0,20.0,51.0,41.5,46.0,46.0,14.0,12.0,1.0,2.0,7.0,16.5,16.0,9.0,5.0,15.0,4.0,27.0,52.0,,22.0,31.5,27.0,27.5,19.0,54.0,23.0,31.0,47.5,8.0,3.0,27.0,35.0,51.0,57.0,43.0
2019-01-03,21.0,50.0,42.0,3.0,17.0,24.0,20.0,12.0,53.0,14.0,35.0,20.0,47.0,35.0,41.0,34.0,31.0,35.0,54.0,,18.0,38.0,39.0,36.0,10.0,5.0,55.0,53.0,47.0,30.0,13.0,4.0,1.0,6.0,26.0,11.0,2.0,8.0,7.0,30.5,16.0,35.0,48.0,,29.0,22.0,24.0,32.0,20.0,49.0,27.0,52.0,39.0,17.0,9.0,32.0,47.0,50.0,50.5,45.0
2019-01-04,41.0,22.0,46.0,7.0,16.0,28.0,29.0,18.0,34.5,15.0,38.0,21.0,26.0,36.0,49.0,48.5,34.0,31.0,15.0,,21.0,42.0,56.0,38.5,6.0,4.0,57.0,38.0,53.5,25.0,13.0,9.0,18.0,8.0,21.0,12.0,4.0,1.0,11.0,44.0,3.0,33.0,44.0,,35.0,41.0,38.0,26.0,26.0,45.0,16.5,30.0,50.0,10.0,2.0,29.0,54.5,51.0,54.0,45.0
2019-01-07,15.0,38.0,39.0,11.0,33.0,19.5,35.0,5.0,44.5,12.0,37.0,35.0,27.0,27.0,45.0,43.0,21.0,35.0,48.5,,33.0,49.0,45.0,51.0,15.0,9.0,55.0,45.0,55.0,21.0,26.0,1.0,10.0,28.0,6.0,15.0,13.0,4.0,7.0,22.0,8.0,21.0,51.0,,35.0,32.0,43.0,46.0,16.0,47.0,21.0,26.0,30.0,2.0,3.0,17.5,57.0,43.0,52.0,50.0
2019-01-08,15.0,37.0,26.0,3.0,33.0,15.0,27.0,9.0,43.0,20.0,14.0,31.0,33.0,20.0,47.0,50.0,32.0,47.0,53.0,,32.0,53.0,55.0,38.5,27.0,29.0,44.0,38.5,55.0,29.0,2.0,6.0,1.0,8.0,18.0,11.0,4.0,7.0,14.0,42.0,10.0,13.0,51.0,,17.0,39.0,36.5,31.0,23.5,45.0,22.0,45.0,42.0,23.0,5.0,18.0,54.0,46.0,51.5,47.5
2019-01-09,8.0,44.0,29.0,12.0,22.0,14.0,44.0,8.0,36.5,19.5,44.5,30.0,28.0,39.5,33.0,53.0,50.0,44.0,39.0,,40.0,47.0,53.0,39.5,19.0,6.5,52.0,45.0,53.0,25.0,1.0,4.0,6.5,10.0,24.0,15.0,2.0,3.0,16.0,31.0,13.0,28.0,56.0,,22.0,26.5,33.5,26.0,11.0,47.0,18.0,47.0,38.0,17.0,5.0,22.0,46.5,38.0,48.0,51.0
2019-01-10,16.0,41.5,42.0,18.0,24.0,9.5,25.0,14.0,40.0,12.0,25.0,32.0,30.0,48.0,38.0,56.0,2.0,40.0,47.0,,36.0,44.0,49.0,43.0,28.0,9.5,53.0,44.0,53.0,14.5,21.0,4.0,7.0,14.0,20.0,17.0,3.0,8.0,1.0,33.0,11.0,28.5,52.0,,23.0,27.0,32.0,37.0,5.0,50.0,44.0,24.0,34.0,19.0,6.0,24.0,58.0,54.0,50.0,45.0
2019-01-11,18.0,38.5,32.0,23.0,45.0,44.0,22.5,2.0,32.0,12.0,10.0,38.0,31.0,44.0,39.0,54.0,45.0,42.0,44.0,,27.0,46.0,55.0,48.5,26.0,11.0,51.0,33.0,53.0,16.0,27.0,16.0,7.0,19.5,14.0,13.0,1.0,8.0,4.0,32.0,10.0,27.0,55.0,,26.0,18.0,35.0,39.0,3.0,49.0,22.0,18.0,37.5,5.0,5.0,22.0,58.0,41.0,50.0,36.0
2019-01-14,19.0,33.0,30.0,16.0,53.0,25.0,22.0,3.5,28.0,6.0,17.0,30.5,26.0,51.0,47.5,55.0,33.0,16.5,51.0,,24.0,43.0,42.5,47.0,10.0,11.0,44.0,29.0,53.0,14.0,36.0,8.0,10.0,3.5,16.0,20.0,10.0,7.0,5.0,35.0,1.0,27.0,44.0,,38.0,22.0,32.5,44.0,31.0,57.0,42.0,18.0,41.0,41.0,2.0,16.0,57.0,52.0,45.0,40.0
2019-01-15,13.0,32.5,34.0,22.0,34.0,47.0,18.0,7.0,28.0,11.0,15.0,34.0,22.0,49.5,38.5,55.0,41.0,44.0,43.0,,18.0,48.0,39.0,37.0,29.0,25.0,52.0,36.5,55.0,18.0,24.0,10.0,3.0,8.0,9.0,14.0,12.0,6.0,3.0,29.0,5.0,25.0,53.0,,49.0,1.0,19.0,23.5,41.0,56.0,28.0,20.0,37.5,16.0,2.0,41.0,50.0,53.0,47.0,47.0
2019-01-16,17.0,41.0,27.5,29.0,28.0,45.0,10.0,15.5,13.0,3.0,18.0,48.0,36.0,47.0,35.0,56.0,33.0,39.0,39.0,,25.0,54.0,52.0,37.0,43.0,23.0,42.0,43.0,56.0,20.5,18.0,2.0,14.0,6.0,12.0,4.0,5.0,11.0,9.0,18.0,8.0,32.0,39.0,,20.0,1.0,23.0,23.0,41.0,50.0,25.5,28.0,37.0,32.5,7.0,44.0,58.0,48.0,49.5,43.0
2019-01-17,13.5,44.0,33.0,16.0,32.0,45.0,18.0,7.5,13.0,1.5,16.0,20.0,41.0,43.0,46.0,56.0,44.5,47.0,48.0,,26.5,53.0,50.0,35.0,23.0,23.0,52.0,45.0,55.0,23.0,27.0,7.5,9.0,11.0,16.5,13.0,10.0,6.0,5.0,42.0,4.0,23.0,43.0,,28.5,1.5,23.5,30.0,21.0,55.0,25.0,38.0,35.0,32.0,3.0,23.5,57.0,51.0,38.0,36.0
2019-01-18,4.0,41.0,36.0,24.0,42.0,38.0,20.5,2.0,12.0,13.0,20.0,51.5,31.5,48.0,50.0,13.0,46.0,49.0,22.0,,22.0,33.0,54.0,34.0,29.0,17.0,52.0,35.0,51.5,27.0,29.0,6.0,9.0,8.0,11.0,16.0,7.0,4.0,15.0,34.0,1.0,28.0,46.0,,41.0,4.0,26.0,21.5,45.0,52.0,29.0,25.5,33.0,24.0,10.0,39.0,57.0,49.0,52.5,42.0
2019-01-21,23.0,37.0,38.0,20.0,47.0,31.0,10.0,5.0,37.0,4.0,17.0,34.0,19.5,43.0,56.0,54.0,39.0,47.0,19.0,,28.0,37.0,52.0,42.0,27.0,22.0,39.5,25.0,52.0,21.5,24.0,6.0,12.0,15.0,8.0,14.0,2.5,9.0,11.0,36.0,2.5,31.0,48.0,,32.5,7.0,25.0,12.0,46.0,53.0,33.0,34.0,48.0,17.0,1.0,31.5,58.0,49.0,51.5,34.0
2019-01-22,17.5,36.0,24.5,27.0,37.0,33.0,8.0,1.0,14.0,3.0,11.0,43.0,28.5,34.0,53.0,55.0,43.0,41.0,39.0,,11.0,56.0,47.0,47.0,26.0,19.0,51.0,32.5,58.0,18.0,43.0,2.0,9.0,22.0,16.5,14.0,7.0,6.0,25.0,35.0,11.0,42.0,45.0,,20.0,4.0,14.0,33.0,33.0,47.0,26.5,23.0,42.0,30.0,5.0,20.0,56.0,52.0,39.0,49.0
2019-01-23,10.0,53.0,36.5,19.0,36.0,50.0,8.0,11.0,20.0,1.0,6.0,52.0,27.0,31.0,39.0,52.0,42.0,45.0,29.0,,9.0,36.0,47.0,42.0,32.0,5.0,48.5,31.0,52.0,21.0,36.0,6.0,13.0,25.0,16.0,17.0,16.0,14.0,21.0,24.0,2.0,43.0,45.0,,40.0,3.0,12.0,26.0,36.5,52.0,28.0,23.0,46.5,34.5,4.0,16.0,56.0,56.0,32.0,37.0
2019-01-24,7.0,47.5,14.0,28.0,24.0,38.0,10.0,2.0,20.0,11.0,6.0,43.0,33.0,42.0,52.5,53.0,29.0,46.5,15.0,,30.0,55.0,52.0,44.0,17.0,27.0,33.5,39.0,54.0,5.0,16.0,3.0,4.0,22.0,7.0,20.0,9.0,15.0,12.0,38.0,18.0,47.0,26.0,,25.0,28.0,18.0,32.0,32.0,44.5,24.0,42.0,40.0,45.0,1.0,41.0,57.0,48.0,49.0,41.5
2019-01-25,9.0,33.0,36.0,8.5,19.0,29.0,2.0,5.0,9.0,4.0,12.0,52.0,25.0,46.0,54.0,49.0,48.0,52.0,14.0,,19.5,34.0,45.5,42.0,36.0,24.0,33.0,29.0,58.0,25.0,21.0,6.0,13.0,19.0,8.0,22.0,16.0,3.0,17.0,39.0,15.0,32.0,26.0,,28.0,10.0,33.0,32.0,43.0,48.0,23.0,49.0,40.0,50.5,1.0,37.0,56.0,51.0,47.0,40.0
2019-01-28,12.5,39.0,30.0,35.5,33.0,30.0,8.0,12.0,16.0,10.0,3.0,46.0,22.0,34.0,56.0,51.0,19.0,51.5,40.0,,5.0,43.0,50.0,38.0,43.0,7.0,53.0,26.0,47.0,30.0,25.0,2.0,15.0,32.0,9.0,21.0,28.0,19.0,14.0,25.0,12.0,44.0,16.0,,26.0,4.0,6.0,24.0,41.5,56.0,21.0,45.5,33.5,41.0,1.0,35.5,57.0,51.0,48.0,33.0
2019-01-29,26.0,31.0,34.0,32.0,50.0,25.0,12.0,5.0,3.5,9.0,6.0,46.5,20.0,43.5,52.0,39.5,43.5,55.0,27.0,,11.0,46.0,52.5,38.0,42.5,9.0,41.0,25.0,46.0,20.5,29.0,1.0,7.0,17.0,3.5,15.0,19.0,15.0,24.0,33.0,9.0,43.0,30.0,,27.5,13.0,17.0,18.0,30.5,51.0,37.0,48.0,43.0,36.0,2.0,29.0,57.0,51.0,47.0,34.0
2019-01-30,3.0,50.0,9.0,35.5,51.0,45.5,11.0,12.0,16.0,18.0,7.0,50.0,28.0,48.5,48.0,39.0,39.0,35.0,16.0,,14.0,55.0,41.5,44.0,56.0,5.0,31.0,33.0,46.0,26.0,16.0,5.0,15.5,28.0,4.0,22.0,22.0,22.0,8.0,23.0,18.5,45.5,25.0,,17.0,10.0,32.0,2.0,42.5,52.0,30.0,45.0,35.0,43.0,1.0,27.0,48.0,49.5,29.0,42.0
2019-01-31,16.0,41.0,14.0,41.5,46.0,34.0,13.0,11.0,1.5,8.0,4.0,54.0,22.0,48.5,48.0,36.0,42.5,57.0,21.0,,10.0,47.0,52.0,48.0,20.5,16.0,56.0,18.0,47.5,22.5,33.0,4.0,9.0,28.5,6.0,25.0,24.0,27.0,29.0,36.0,12.0,45.0,25.0,,25.0,1.5,22.0,4.0,42.0,51.0,32.0,43.0,38.0,44.0,7.0,18.0,32.0,48.5,30.0,37.5
2019-02-01,21.0,45.0,13.0,40.5,50.0,40.5,12.0,10.0,3.0,14.5,6.0,55.0,22.0,33.0,49.5,41.0,23.0,47.0,33.0,,31.0,43.0,56.0,18.0,33.0,23.0,55.0,27.5,47.0,20.0,34.5,9.0,14.5,34.0,11.0,18.0,38.0,18.0,5.0,40.0,16.0,49.5,30.5,,2.0,4.0,8.0,1.0,26.0,49.0,29.5,42.0,31.0,45.0,7.0,26.5,55.0,50.0,30.0,43.0
2019-02-04,11.0,50.5,2.0,38.0,47.0,25.0,19.0,23.0,2.0,16.0,14.0,52.0,27.0,54.0,47.0,40.5,2.0,46.0,13.0,,20.0,41.0,41.0,23.0,29.0,17.0,53.0,17.0,41.0,34.0,23.0,6.0,16.0,34.0,7.0,31.0,5.0,36.0,28.0,9.0,21.0,44.0,38.0,,25.0,11.0,9.0,7.0,35.0,35.0,49.5,52.0,31.0,50.0,4.0,30.5,56.5,52.0,47.0,37.0
2019-02-08,23.0,47.0,2.0,46.0,34.0,32.0,16.0,18.0,9.0,9.0,2.0,49.0,20.0,48.5,38.5,41.0,13.0,45.0,19.0,,28.0,36.0,53.0,27.0,42.5,38.5,55.0,35.0,52.0,18.0,29.0,2.0,12.0,43.0,5.0,8.0,4.0,25.0,13.0,23.0,20.5,51.0,34.0,,26.0,7.0,18.0,11.0,16.0,56.5,39.0,44.5,27.0,48.0,6.0,29.0,55.0,44.0,32.5,45.0
2019-02-11,8.0,38.0,6.0,49.0,46.0,16.0,6.0,35.0,15.0,15.0,13.0,50.0,31.5,47.5,49.0,47.0,11.0,29.5,24.0,,27.5,45.5,51.0,35.0,53.0,21.0,53.0,35.0,55.0,10.0,34.0,2.0,19.0,38.0,3.0,4.0,12.0,27.0,15.0,22.0,1.0,25.0,43.0,,26.0,8.0,24.0,20.0,37.0,56.0,40.0,48.5,29.0,36.0,17.0,6.0,35.0,45.5,36.0,45.0
2019-02-12,19.0,40.0,3.0,47.0,43.0,34.0,7.0,34.0,32.0,14.0,16.0,44.5,10.0,43.0,51.5,42.0,5.0,20.5,9.0,,28.0,42.0,54.0,27.0,53.0,37.5,38.0,26.0,47.0,22.0,29.0,15.0,7.0,31.0,4.0,13.0,2.0,21.0,18.0,23.0,7.0,50.0,38.5,,10.0,21.0,18.0,1.0,28.5,43.0,31.0,38.0,25.5,52.0,12.0,50.0,55.0,55.0,41.0,53.0
2019-02-13,22.0,42.0,10.0,44.0,56.0,35.0,7.0,30.5,10.0,19.0,11.5,47.0,13.0,37.5,51.0,31.0,2.0,32.0,25.0,,28.0,43.0,53.0,36.0,58.0,36.0,55.0,22.0,51.0,37.0,21.0,25.0,1.0,41.0,5.0,15.0,15.0,29.5,4.0,3.0,19.0,48.0,41.0,,22.5,15.0,10.0,6.0,29.0,35.0,8.0,44.0,19.0,42.0,19.0,45.0,53.0,47.0,27.0,50.0
2019-02-14,14.0,49.5,2.0,44.0,43.0,52.0,1.0,32.0,6.0,15.0,4.0,39.0,11.0,43.0,40.0,24.0,25.0,46.5,10.0,,30.0,34.0,55.0,31.0,54.0,29.5,55.5,26.0,49.0,22.0,24.0,8.0,12.0,44.5,3.0,18.0,8.0,31.0,38.0,17.0,34.0,34.0,41.0,,5.0,8.0,13.0,15.0,26.0,52.0,33.0,45.0,19.0,44.0,22.0,41.0,45.0,33.0,26.0,50.5
2019-02-15,13.0,46.5,25.0,48.0,43.0,33.0,11.0,32.0,3.0,8.0,6.0,41.0,9.0,45.0,54.0,37.5,10.0,56.0,36.0,,16.0,44.0,51.0,30.0,54.0,32.5,55.0,26.0,43.0,24.0,26.5,13.0,7.0,39.0,4.0,16.0,16.5,36.0,18.0,20.0,31.0,51.5,18.0,,5.0,1.0,11.0,2.0,42.0,51.5,25.0,36.5,23.0,36.0,21.0,40.0,47.0,41.5,28.5,47.0
2019-02-18,12.0,49.0,27.0,53.0,33.0,30.0,21.0,32.0,4.0,27.0,2.0,37.0,11.0,15.5,48.0,39.0,4.0,46.0,42.0,,21.0,51.0,54.0,16.0,49.0,36.0,49.0,26.0,55.0,19.0,22.0,10.0,4.0,45.0,9.0,15.0,24.0,36.0,19.0,12.0,34.0,55.0,42.0,,8.0,6.0,19.0,1.0,42.0,46.0,7.0,51.5,15.0,36.0,24.0,29.0,40.0,38.0,34.0,35.5
2019-02-19,14.0,52.0,30.0,48.0,50.0,24.0,34.0,39.0,10.0,16.0,18.0,43.0,5.5,21.0,49.0,34.0,8.0,48.0,20.5,,27.0,45.0,56.0,12.0,44.0,17.0,44.5,20.0,51.0,18.0,24.0,5.5,12.0,48.0,3.0,32.0,10.0,40.0,24.0,2.0,37.0,50.0,45.0,,7.0,10.0,1.0,4.0,39.0,56.0,31.0,38.5,15.0,45.0,27.0,37.5,31.0,24.0,27.0,46.5
2019-02-20,13.0,50.0,22.5,30.0,55.0,44.0,21.0,3.0,18.0,2.0,8.0,47.0,10.0,23.0,46.5,54.0,15.0,52.5,34.5,,26.0,32.0,48.0,20.0,54.0,9.0,50.0,25.0,42.5,40.0,16.0,27.0,3.0,40.0,7.0,21.0,37.0,39.0,5.0,16.0,27.0,44.0,32.5,,11.0,12.0,1.0,6.0,19.0,53.0,39.0,38.0,30.0,47.0,15.5,30.0,52.0,39.5,34.0,41.0
2019-02-21,18.0,38.0,17.0,11.0,34.0,22.0,14.0,28.0,21.0,4.0,1.5,34.0,5.0,41.5,51.0,43.0,14.0,48.5,43.0,,24.5,29.0,52.0,28.0,55.0,27.0,54.0,19.0,29.0,27.0,47.0,3.0,14.0,45.0,1.5,8.0,48.0,29.0,9.0,7.0,29.0,45.5,54.0,,17.0,6.0,12.0,10.0,38.5,56.0,34.0,42.0,17.0,43.0,25.0,46.0,53.0,41.0,35.0,37.0
2019-02-22,17.0,25.0,22.5,7.0,48.5,11.0,20.5,38.0,36.0,5.0,12.0,29.0,2.0,57.0,49.0,31.0,17.0,44.0,22.0,,31.0,27.0,53.0,20.0,31.5,40.0,51.0,5.0,40.5,32.0,28.5,3.0,13.0,43.0,1.0,17.0,45.0,39.0,19.0,9.0,19.0,44.0,41.0,,10.0,26.0,4.0,14.0,49.0,53.0,25.0,43.0,29.0,48.0,8.0,55.5,49.0,33.5,35.5,54.0
2019-02-25,12.0,33.0,24.0,24.5,31.0,22.5,3.0,38.0,35.0,7.0,21.0,43.0,9.0,48.0,55.0,41.0,12.0,39.0,32.0,,31.0,16.0,55.0,28.0,43.0,27.0,51.5,5.0,16.0,35.0,29.0,13.0,13.0,53.0,1.0,16.0,49.0,26.0,9.5,3.0,26.0,28.0,45.5,,3.0,17.0,7.0,22.0,44.0,48.0,38.0,49.5,20.0,56.0,6.0,53.0,39.0,28.0,44.0,48.0
2019-02-26,31.0,30.0,46.0,12.0,36.5,26.0,13.0,34.0,29.5,5.0,7.0,37.0,11.0,41.0,44.0,52.0,31.0,51.0,10.0,,36.0,21.0,57.0,22.0,49.0,36.0,55.0,2.0,52.0,45.0,47.0,6.0,15.0,25.0,3.0,9.0,23.0,15.0,14.0,1.0,18.0,24.0,32.0,,17.0,40.0,4.0,29.0,29.0,55.0,19.0,47.0,25.0,43.0,8.0,27.0,41.0,37.0,47.5,53.0
2019-02-27,15.5,2.0,45.0,7.0,46.0,19.0,8.0,23.0,53.0,26.5,1.0,31.5,5.0,49.0,33.0,41.0,27.0,44.0,28.5,,51.0,22.0,54.5,22.5,50.0,13.0,57.0,13.0,48.0,35.0,42.0,6.0,16.0,34.0,3.0,16.0,38.0,18.5,20.5,4.0,20.0,25.0,37.0,,13.0,28.0,10.0,9.0,38.0,56.0,32.0,39.0,40.0,49.0,11.0,26.0,52.0,44.0,47.0,39.0
2019-02-28,39.0,6.0,36.0,12.0,46.0,7.0,8.0,23.0,47.0,29.0,25.0,26.0,17.0,33.0,56.0,48.0,14.0,41.5,23.0,,43.0,19.0,57.0,11.0,39.0,43.0,56.0,16.0,36.0,34.0,12.0,19.0,13.0,33.0,5.0,11.0,42.0,36.0,8.0,2.0,22.0,29.0,39.0,,4.0,22.5,1.0,30.0,39.0,52.0,19.0,51.0,25.0,45.0,3.0,30.0,48.5,34.0,51.0,53.0
2019-03-01,34.0,18.0,51.0,8.0,45.5,5.0,19.0,36.0,39.5,25.0,12.0,37.0,7.0,28.0,53.0,43.0,15.0,29.0,24.0,,56.0,15.0,50.0,10.0,47.5,11.0,55.0,21.0,32.0,41.0,39.0,28.0,1.0,50.0,3.0,15.0,29.0,20.0,17.5,34.0,9.0,13.0,46.0,,4.0,25.5,2.0,20.0,52.0,54.0,41.0,39.0,26.0,43.0,6.0,33.0,47.0,28.0,40.5,57.0
2019-03-04,37.0,13.0,45.0,7.0,35.0,4.0,12.0,42.0,49.0,27.0,24.0,36.0,3.0,32.5,43.5,45.0,37.5,31.0,20.0,,41.0,5.0,49.0,13.0,49.0,22.0,54.0,14.0,46.0,42.0,18.0,20.0,2.0,44.0,9.0,13.0,47.0,32.0,15.0,8.0,10.0,6.0,34.0,,22.0,26.5,1.0,17.0,32.5,57.0,28.0,34.0,27.0,30.0,20.0,31.0,53.0,48.0,54.0,56.0
2019-03-05,37.0,12.0,43.5,15.0,29.5,6.0,24.0,43.0,46.0,29.0,9.0,29.0,2.0,39.5,19.5,56.0,15.0,41.0,33.0,,40.5,23.0,50.0,5.0,43.0,35.0,52.5,20.0,50.0,21.5,42.0,25.0,13.0,57.0,10.0,1.0,26.0,21.0,20.0,8.0,3.0,11.0,44.0,,7.0,17.0,4.0,29.0,39.0,49.0,26.0,30.0,39.0,35.5,15.0,31.0,52.0,40.0,54.0,56.0
2019-03-06,57.0,17.0,48.0,20.0,52.0,7.0,9.0,43.0,17.0,32.0,23.0,36.0,3.0,41.0,50.0,50.0,11.0,34.0,18.0,,40.0,13.0,46.0,10.0,43.0,31.5,55.0,14.0,30.0,34.5,28.0,22.0,5.0,51.5,4.0,15.0,43.0,35.0,24.0,2.0,7.0,23.0,47.0,,12.0,31.0,1.0,28.0,31.0,54.0,35.0,23.0,7.0,43.0,17.0,28.0,33.5,45.0,55.0,53.0
2019-03-07,39.0,29.0,54.0,13.0,40.0,4.0,35.0,52.0,55.5,26.0,10.0,40.0,8.0,41.0,47.0,44.0,21.0,35.0,34.0,,35.0,21.0,49.0,5.0,43.5,27.0,51.0,23.0,30.5,29.5,18.0,28.0,1.0,44.0,3.0,9.0,45.0,32.0,11.0,7.0,2.0,17.0,38.0,,17.0,21.0,6.0,13.0,17.0,55.0,13.0,32.5,24.0,38.5,15.0,26.0,43.0,57.0,51.0,56.0
2019-03-08,31.0,15.0,54.0,33.0,47.5,6.0,17.5,55.0,32.0,20.0,36.0,31.0,12.0,52.0,45.5,47.0,14.0,27.0,45.0,,26.0,1.0,51.0,4.0,50.0,24.0,52.0,10.0,48.0,27.0,22.0,15.0,9.0,38.0,2.0,6.0,42.0,38.0,3.0,18.0,21.0,8.0,42.5,,6.0,24.0,11.0,27.0,39.0,35.0,28.0,19.0,27.0,28.0,15.0,38.0,39.0,56.0,47.0,58.0
2019-03-11,38.0,35.0,54.0,8.0,35.5,5.0,15.0,48.0,32.0,26.0,5.0,41.5,12.0,52.5,48.0,57.0,7.0,38.0,41.5,,40.0,20.0,48.0,9.0,47.0,19.0,45.0,29.0,36.0,46.0,15.0,25.0,11.0,29.0,2.0,3.0,22.0,29.0,10.0,23.0,1.0,31.0,33.0,,17.0,45.0,5.0,22.0,15.0,42.0,17.0,26.0,19.5,41.0,14.0,35.0,51.0,58.0,51.0,55.0
2019-03-12,54.0,30.0,55.0,23.0,42.0,9.0,20.0,42.0,42.0,28.5,3.0,38.5,5.0,54.0,38.0,49.0,2.0,33.0,41.0,,38.0,14.0,50.0,17.0,47.0,42.5,25.5,18.0,44.0,38.5,14.0,14.0,3.0,25.5,7.0,11.0,33.0,25.0,9.0,5.0,9.0,16.0,33.0,,12.0,31.0,3.0,23.0,37.0,57.0,30.0,27.0,18.0,34.0,21.0,34.0,48.0,49.5,51.0,56.0
2019-03-13,38.0,1.5,51.0,1.5,48.0,11.5,17.0,44.0,56.0,26.0,8.0,38.0,4.0,55.0,51.0,44.0,31.5,35.0,48.0,,36.5,9.0,51.0,15.0,51.0,40.0,53.0,22.0,36.5,40.0,21.5,23.0,5.0,37.0,15.0,19.0,34.0,32.0,17.0,3.0,10.0,14.0,37.0,,15.0,28.0,6.0,29.0,21.0,35.5,11.5,7.0,23.0,31.5,25.0,45.5,30.0,36.5,47.0,57.0
2019-03-14,42.0,1.0,50.0,15.0,43.5,14.0,24.0,55.0,29.5,25.0,27.0,36.0,11.5,38.0,40.0,50.0,15.0,30.5,53.0,,52.0,9.0,48.0,33.0,46.0,20.0,53.0,21.0,23.0,22.0,11.5,26.0,4.0,34.0,6.0,8.0,16.0,34.0,7.0,2.0,5.0,18.0,42.0,,17.0,54.0,10.0,33.0,38.0,48.0,30.0,3.0,20.0,20.0,30.0,46.0,37.0,54.5,41.0,57.0
2019-03-15,46.0,5.0,57.0,15.0,42.0,13.0,4.0,39.0,18.5,28.0,38.0,27.0,19.0,48.5,29.0,51.0,30.0,37.0,22.5,,33.0,17.0,47.0,31.5,52.0,15.0,54.0,20.0,50.0,27.5,11.0,7.0,8.0,42.0,2.0,9.0,15.0,22.0,12.0,3.0,10.0,22.0,45.0,,23.0,50.5,1.0,25.0,36.0,54.0,31.0,6.0,33.0,47.0,29.0,40.0,34.0,46.0,41.0,56.0
2019-03-18,42.0,26.0,52.0,17.0,42.0,6.0,2.0,33.0,19.5,29.0,33.0,30.0,37.0,42.0,38.0,52.0,33.0,25.0,41.0,,53.5,15.0,55.0,20.0,46.0,44.5,35.0,13.0,56.0,49.0,24.0,9.0,5.0,38.5,1.0,21.0,11.0,8.0,14.0,3.0,7.0,17.0,43.0,,12.0,29.5,9.0,25.0,27.0,50.0,21.0,4.0,45.0,55.0,17.0,36.0,26.0,55.0,38.0,50.0
2019-03-19,44.5,5.0,50.0,14.5,49.0,16.0,10.5,25.0,25.5,13.0,33.0,24.5,18.0,46.0,41.5,57.0,21.5,33.0,34.0,,30.0,7.0,52.0,29.0,50.0,23.5,55.0,19.5,25.0,31.0,10.5,1.0,3.0,40.0,4.0,9.0,42.0,6.0,8.0,20.0,15.0,27.5,37.0,,22.0,43.0,2.0,38.0,32.0,53.0,33.0,12.0,18.0,56.0,39.0,44.0,36.0,52.0,33.5,55.0
2019-03-20,50.0,19.5,54.0,14.0,39.0,3.0,2.0,30.0,17.0,32.0,46.0,37.5,24.0,42.0,20.0,58.0,41.0,34.0,33.0,,26.0,4.0,57.0,29.0,51.0,22.0,46.0,17.0,45.0,39.0,12.0,11.0,7.0,39.0,8.0,9.0,37.0,16.0,13.0,5.0,10.0,23.0,50.0,,25.0,32.0,1.0,20.5,25.0,43.0,36.0,6.0,39.0,37.0,24.0,38.0,19.0,51.0,48.0,56.0
2019-03-21,43.0,11.0,52.5,17.0,49.0,10.0,1.0,35.0,24.5,32.0,39.0,27.0,24.0,47.0,42.0,55.0,35.0,19.0,44.0,,53.0,5.0,46.0,26.0,50.0,34.0,52.0,15.0,29.0,47.0,24.0,9.0,2.0,33.0,13.0,3.0,28.0,23.0,7.0,4.0,17.0,8.0,37.0,,13.0,50.0,19.0,22.0,13.0,38.0,23.0,6.0,49.0,15.0,32.5,40.0,31.0,58.0,40.0,56.0
2019-03-22,47.0,21.0,44.0,17.0,24.0,5.0,9.0,40.0,22.0,29.0,38.0,48.0,23.5,53.0,44.0,55.0,31.0,25.0,22.0,,26.0,5.0,50.0,21.5,57.0,37.0,54.0,8.0,42.0,46.0,21.0,12.0,4.0,39.0,1.5,3.0,33.0,11.0,13.0,15.0,15.0,27.0,43.0,,40.0,35.0,10.0,18.0,1.5,58.0,16.0,7.0,45.5,31.0,32.0,36.0,37.0,54.0,24.0,52.0
2019-03-25,45.0,6.0,58.0,19.0,31.0,6.0,4.0,23.0,17.0,9.5,36.5,31.0,22.5,40.0,27.0,56.0,21.0,42.0,49.0,,32.0,17.0,54.0,38.0,40.5,36.0,39.5,2.0,43.0,54.0,28.5,15.0,5.0,35.5,11.0,12.0,30.0,27.0,9.0,2.0,13.0,18.0,53.0,,41.0,21.0,13.0,18.5,33.0,53.0,40.5,8.0,45.0,50.0,25.0,41.0,25.0,53.5,2.0,48.0
2019-03-26,44.0,20.0,55.0,18.0,28.5,8.0,3.0,22.0,23.0,11.0,31.0,27.0,30.0,49.0,33.0,50.0,43.0,45.0,54.0,,28.0,19.0,52.0,18.0,42.0,21.0,53.0,6.0,38.0,52.0,26.0,10.0,2.0,31.0,13.0,4.0,42.0,14.0,1.0,15.0,12.0,19.0,40.0,,39.0,42.0,5.0,38.0,9.0,48.0,32.0,7.0,31.5,33.5,25.5,29.0,36.0,51.0,47.0,56.0
2019-03-27,35.0,22.0,56.0,17.5,47.0,17.5,8.0,22.5,42.0,38.0,29.0,17.0,31.5,41.0,39.0,51.5,22.0,43.5,51.0,,45.0,23.0,49.0,2.0,25.0,23.0,55.0,21.0,45.0,53.0,15.0,10.0,7.0,37.0,11.0,4.0,20.0,12.0,13.0,3.0,5.0,32.0,46.0,,6.0,39.0,9.0,20.0,43.5,40.5,25.0,1.0,24.0,34.0,34.0,32.0,29.0,56.0,53.0,42.0
2019-03-28,45.0,19.0,53.0,14.0,43.0,14.0,5.0,18.0,28.0,43.0,43.0,40.0,22.0,48.5,24.0,56.0,43.0,28.0,51.0,,43.0,36.0,48.0,11.0,46.0,19.0,53.0,20.0,31.5,36.0,23.0,12.0,6.0,22.5,17.5,14.0,36.0,28.0,8.0,3.0,2.0,4.0,44.0,,31.0,39.0,7.0,19.0,8.5,55.5,40.0,10.0,24.5,35.0,29.0,40.0,36.0,56.0,1.0,51.0
2019-03-29,54.0,15.0,57.0,5.0,29.5,18.5,9.0,33.5,23.0,44.0,46.0,40.0,27.0,47.0,21.0,57.0,44.0,34.0,49.0,,38.0,25.0,41.0,1.0,51.0,16.5,45.0,22.0,29.0,29.5,22.0,8.0,6.0,38.0,4.0,10.0,38.0,24.0,2.0,15.0,11.0,7.0,40.0,,24.0,33.0,12.0,22.0,37.0,48.0,15.0,3.0,16.5,37.0,19.0,49.0,36.0,49.0,52.0,56.0
2019-04-01,46.0,19.0,54.0,11.0,30.0,14.0,8.0,29.0,29.0,32.0,36.0,30.5,21.0,53.0,26.0,55.0,44.5,24.0,37.5,,34.5,27.0,43.0,1.0,54.0,18.0,26.5,23.0,34.0,37.5,10.0,7.0,5.0,37.0,13.0,6.0,41.0,22.0,3.0,11.0,4.0,16.0,43.0,,38.0,43.0,16.0,34.5,13.0,57.0,11.0,2.0,44.0,46.0,19.0,44.0,36.0,54.0,50.0,52.0
2019-04-02,44.0,11.0,54.0,13.5,33.0,11.0,8.0,47.0,31.0,38.0,32.0,35.0,22.0,55.0,19.0,47.0,42.0,27.0,30.0,,39.0,21.5,42.0,6.0,53.0,20.0,12.0,18.0,38.5,56.0,30.0,9.0,3.0,38.0,22.0,16.0,38.0,23.0,1.0,25.0,2.0,16.5,44.0,,21.0,34.0,5.0,18.5,7.0,56.0,13.0,4.0,47.0,50.0,30.0,46.5,36.0,52.0,50.0,31.0
2019-04-03,29.0,14.0,55.0,8.0,30.0,9.0,2.0,45.0,28.5,47.0,35.5,16.5,29.0,57.0,47.0,45.5,28.0,24.0,25.0,,39.0,7.0,52.0,11.0,40.0,13.0,36.0,14.0,50.0,57.0,21.5,3.0,13.0,27.0,32.0,10.0,35.0,18.0,4.5,16.5,4.5,38.0,54.0,,32.0,37.0,6.0,34.0,26.0,44.0,30.0,1.0,20.0,43.0,21.0,49.0,18.0,53.0,50.0,43.5
2019-04-04,51.0,10.0,55.0,9.0,16.5,35.0,12.0,28.0,41.5,37.5,31.0,25.0,26.0,57.0,33.0,41.0,38.0,29.0,34.5,,38.0,17.0,49.0,6.0,47.0,26.0,44.0,18.0,45.5,34.0,5.0,3.0,11.0,33.0,1.0,4.0,15.0,17.0,8.0,14.0,2.0,25.0,40.0,,32.0,42.5,20.0,14.0,23.0,57.0,20.0,6.0,52.0,53.0,22.0,39.0,40.0,55.0,50.0,53.0
2019-04-08,49.0,25.0,2.0,11.0,27.0,17.0,6.0,42.0,33.0,45.0,34.0,32.5,37.0,46.0,39.0,50.0,35.0,22.0,45.0,,31.0,12.0,56.0,2.0,52.0,22.5,25.0,14.0,47.0,22.0,21.0,7.0,10.0,29.5,16.0,9.0,13.0,29.0,4.0,19.0,5.0,29.0,56.0,,7.0,42.0,19.0,14.0,35.0,38.0,23.0,2.0,51.0,54.0,32.0,42.0,28.0,53.0,46.0,57.0
2019-04-09,41.0,38.0,45.0,22.0,35.5,5.0,12.0,29.0,27.0,51.0,54.0,21.0,28.0,54.5,38.5,50.0,29.0,12.0,36.0,,47.0,8.0,52.5,7.0,42.0,28.0,47.0,15.0,44.0,38.0,2.5,2.5,4.0,52.0,15.0,14.0,18.0,33.0,1.0,19.0,10.0,20.0,54.0,,25.0,44.0,19.0,36.0,23.0,35.0,12.0,6.0,37.0,54.5,25.0,40.0,31.0,48.0,9.0,24.0
2019-04-10,45.0,48.0,26.5,1.0,19.0,25.0,6.0,52.0,30.0,48.0,35.5,38.0,27.0,54.0,34.5,32.0,8.0,5.0,26.0,,54.0,13.0,40.0,17.0,44.0,33.0,20.0,14.0,49.0,18.0,4.0,12.0,14.0,53.0,20.0,2.0,35.0,23.0,17.0,11.0,3.0,33.0,55.0,,45.0,50.0,27.0,45.0,22.0,32.0,7.0,9.0,8.0,55.5,32.0,38.0,39.0,50.0,47.0,30.0
2019-04-11,26.0,22.0,54.0,6.0,21.0,13.0,8.0,21.0,31.0,45.5,48.0,33.0,30.0,57.0,35.5,46.0,17.0,4.0,43.0,,28.0,25.0,17.5,10.0,33.5,29.0,41.0,19.0,57.0,15.0,37.0,10.0,7.0,33.0,27.5,1.0,51.0,12.0,3.0,17.0,2.0,47.0,50.0,,10.0,41.0,15.0,42.0,28.0,51.0,21.5,5.0,38.0,50.5,31.0,54.0,39.0,47.0,29.0,43.5
2019-04-12,47.0,41.0,39.0,12.0,22.0,14.0,5.0,31.0,26.0,57.0,50.0,28.0,26.5,55.0,43.0,45.0,7.0,24.0,22.0,,36.0,10.0,41.5,19.0,53.5,16.0,14.0,20.0,52.0,6.0,11.0,3.0,13.0,36.0,25.0,8.0,16.0,29.0,2.0,3.0,27.0,44.0,46.0,,30.0,47.0,34.0,41.0,1.0,36.0,18.0,10.0,45.0,54.0,38.0,41.0,20.0,52.0,50.0,32.0
2019-04-15,27.0,24.0,48.5,27.0,15.0,21.0,11.0,33.0,35.0,42.0,53.0,2.0,35.0,56.0,41.0,48.0,6.0,17.0,38.0,,17.0,7.0,43.0,2.0,21.0,34.0,19.0,31.0,56.0,26.0,22.5,9.0,7.0,48.0,9.0,13.0,15.0,27.0,12.0,19.0,4.0,49.0,51.0,,15.0,31.0,27.0,53.0,5.0,53.0,35.0,2.0,47.0,37.0,30.5,48.5,41.0,56.0,37.0,44.0
2019-04-16,28.0,19.0,26.0,24.0,15.0,15.0,15.0,26.0,21.0,55.0,41.0,6.0,53.0,34.0,8.0,37.0,1.0,24.0,42.0,,50.0,46.5,52.0,18.0,54.0,2.0,30.0,11.0,57.0,44.0,39.0,18.0,12.0,41.0,8.0,3.0,10.0,22.0,8.0,13.0,32.0,39.0,51.0,,17.0,54.0,23.0,54.0,4.0,37.0,32.0,5.0,44.0,32.0,49.0,34.0,42.0,50.0,30.0,34.0
2019-04-17,21.5,45.0,32.0,36.0,19.5,14.0,6.0,30.0,4.5,54.0,29.5,2.0,52.0,46.0,37.0,23.5,8.5,18.0,45.5,,34.0,17.5,44.0,10.0,52.0,10.0,22.0,39.0,48.5,14.0,28.0,16.0,1.0,42.0,4.0,13.0,7.0,23.0,24.0,11.0,32.0,52.0,44.0,,29.0,44.5,27.0,53.0,41.0,50.0,46.0,19.0,37.5,39.5,26.0,51.0,4.0,54.0,36.0,6.0
2019-04-18,32.0,29.0,44.0,4.0,20.0,10.0,3.0,16.0,8.0,46.0,19.0,41.0,33.0,39.0,55.0,29.0,8.0,12.0,36.5,,42.0,39.0,46.0,24.0,49.0,11.0,13.5,36.0,36.0,22.0,33.0,22.0,17.0,51.0,14.0,8.0,1.0,19.0,31.0,5.0,19.0,25.0,49.0,,39.0,26.0,22.0,51.0,5.0,53.0,52.0,2.0,36.0,42.0,48.0,57.0,14.0,53.0,51.0,27.0
2019-04-23,29.0,28.0,28.0,30.0,15.0,21.0,16.0,18.0,11.0,51.0,30.0,32.0,49.0,46.0,40.5,32.0,4.0,18.0,14.0,,46.0,36.0,12.0,14.0,48.0,37.0,19.0,52.0,57.0,4.0,44.0,2.0,6.0,24.0,10.0,2.0,7.0,23.0,42.0,12.0,21.0,33.5,24.0,,13.0,35.0,37.0,42.0,38.0,55.0,30.5,8.0,42.5,55.0,37.0,40.0,3.0,53.0,50.0,53.0
2019-04-24,35.0,21.0,2.0,18.0,23.0,24.0,9.0,13.0,29.0,15.0,11.0,30.0,54.5,33.0,47.0,52.0,13.0,5.0,40.0,,48.5,42.5,29.5,21.0,56.0,43.0,11.5,46.0,47.0,16.0,46.0,16.0,11.0,43.5,4.0,5.0,7.0,8.0,34.0,3.0,19.0,39.0,52.0,,37.0,33.0,29.0,27.0,26.0,49.0,18.0,1.0,42.0,51.0,36.0,37.0,19.0,54.0,41.0,50.0
2019-04-25,14.0,27.0,3.0,20.0,33.0,25.0,9.0,25.0,8.0,54.0,23.0,35.0,50.0,20.0,41.0,18.0,18.0,6.0,6.0,,43.0,33.0,37.0,20.0,58.0,53.0,43.0,44.5,31.0,2.0,47.0,3.0,14.0,9.0,16.0,10.0,26.0,39.0,14.0,12.0,37.5,49.0,45.0,,32.5,30.5,34.0,2.0,16.0,54.0,29.5,6.0,37.5,51.0,47.0,44.5,28.5,49.0,43.5,52.0
2019-04-26,50.0,35.0,15.0,11.0,16.0,33.5,3.0,53.0,4.5,55.0,25.0,29.5,45.0,29.0,42.0,39.0,8.0,20.0,21.0,,44.0,20.0,12.0,2.0,56.0,17.0,25.0,41.5,32.0,8.0,36.5,23.0,15.0,28.0,19.0,10.0,5.0,27.0,16.0,12.0,25.0,42.0,37.0,,36.0,27.0,49.0,42.0,7.0,50.5,50.0,2.0,47.0,52.0,33.0,44.0,4.0,58.0,37.5,41.0
2019-04-29,22.0,20.0,8.0,15.0,14.0,19.0,9.0,39.5,36.0,44.0,42.0,30.0,42.0,41.0,45.5,47.0,11.0,4.0,16.5,,23.0,24.0,48.0,2.0,53.0,39.0,51.0,37.0,29.0,4.0,45.0,2.0,26.0,29.5,12.0,13.0,23.0,7.0,25.0,10.0,25.0,39.0,51.0,,31.0,23.0,6.0,32.0,16.5,57.0,38.0,18.5,37.0,56.0,32.5,53.0,2.0,46.0,51.0,56.0
2019-04-30,17.0,4.0,22.0,44.0,20.0,28.0,23.0,28.0,39.0,39.5,29.0,21.0,41.5,41.0,51.0,33.0,3.5,24.0,38.0,,38.0,24.0,48.0,13.0,52.0,25.0,54.5,34.5,48.0,16.0,49.0,4.0,7.0,46.0,2.0,17.0,6.0,20.0,29.0,10.0,33.0,56.0,33.0,,48.5,43.5,8.0,11.0,12.0,50.0,48.0,8.0,50.0,1.0,16.0,55.0,13.0,33.0,32.0,44.0
2019-05-02,56.0,32.0,11.0,37.0,26.0,41.5,20.0,31.0,40.0,46.0,13.0,13.0,43.5,27.0,44.0,25.0,15.0,6.0,43.0,,30.0,36.0,51.0,1.0,54.0,8.0,27.0,49.0,49.0,23.0,54.0,13.0,9.0,37.0,3.0,7.0,5.0,27.0,34.0,23.0,22.0,55.0,56.5,,17.0,44.0,21.0,36.0,10.0,21.0,40.5,2.0,17.0,44.0,18.0,55.0,25.0,4.0,47.0,41.0
2019-05-03,50.0,13.0,3.0,35.0,45.5,32.5,36.0,44.0,30.0,54.5,5.0,39.0,39.0,36.0,16.0,30.0,22.0,23.0,38.5,,28.0,49.0,51.0,1.0,26.0,21.0,37.0,9.0,40.5,6.0,53.0,8.0,2.0,42.5,17.0,24.0,15.5,10.0,15.0,31.5,43.0,55.0,57.0,,26.0,22.0,26.0,5.0,7.0,50.0,48.0,18.0,52.5,32.0,11.0,52.0,32.5,13.0,46.0,12.0
2019-05-06,45.0,9.0,4.0,33.0,52.0,15.0,43.0,37.0,48.0,19.0,36.5,29.5,10.0,40.0,50.5,30.0,28.5,8.0,48.0,,34.5,48.0,34.0,21.0,51.0,5.0,43.0,45.0,24.0,8.0,51.0,1.0,6.0,17.0,3.0,24.0,26.0,12.5,23.0,15.0,32.0,57.0,40.5,,39.0,15.0,12.0,17.0,8.0,34.0,56.0,2.0,51.0,56.0,21.5,36.0,24.5,21.0,37.0,42.0
2019-05-07,41.0,28.0,10.0,24.0,49.5,8.0,46.0,53.0,35.0,53.0,49.0,23.0,40.5,54.0,39.0,11.0,2.0,21.0,25.0,,5.0,47.0,31.0,10.0,43.0,6.0,16.0,20.5,31.0,13.0,43.0,4.0,23.0,1.0,32.0,39.0,30.0,39.0,16.0,36.5,27.0,53.0,41.0,,29.0,41.0,6.0,10.0,18.0,40.0,48.0,14.0,37.0,51.0,4.0,56.0,18.0,16.0,53.5,27.5
2019-05-08,31.0,13.0,6.0,18.0,50.0,21.0,39.0,50.0,39.0,46.0,42.0,21.0,27.0,49.0,41.0,28.0,2.0,25.5,52.0,,11.0,55.0,24.0,4.0,35.0,2.0,11.0,19.5,41.0,36.0,55.0,7.0,17.5,13.0,19.0,31.0,24.0,45.0,9.0,52.5,45.0,49.0,54.5,,5.0,21.0,2.0,7.5,43.0,33.0,34.0,16.0,45.0,33.5,11.0,56.0,18.0,28.0,34.0,30.0
2019-05-09,29.5,21.0,1.0,25.0,43.0,9.0,39.0,38.0,50.0,56.0,24.0,26.5,21.0,44.0,38.0,53.0,3.0,11.0,22.0,,7.0,45.0,37.0,5.0,54.0,3.0,16.5,12.0,34.5,11.0,44.0,8.0,31.0,3.0,15.0,27.5,23.0,17.0,14.0,6.0,46.0,47.0,50.0,,31.0,37.0,20.5,34.0,41.0,52.0,30.0,27.0,53.0,47.0,13.0,47.0,17.0,24.0,49.0,46.0
2019-05-10,46.0,3.0,11.0,52.0,39.0,30.5,28.0,50.0,40.0,53.0,37.5,38.0,39.0,50.0,41.0,51.0,2.0,36.0,50.0,,13.0,35.0,20.0,9.0,31.0,2.0,34.0,19.5,35.0,4.0,53.0,27.5,20.0,7.0,10.0,16.0,30.0,25.0,17.0,23.0,36.5,55.0,46.0,,12.0,40.0,6.0,47.0,18.0,37.0,19.5,14.0,51.0,49.0,25.0,55.0,7.0,4.0,21.0,23.0
2019-05-14,30.5,5.0,16.0,47.0,33.0,47.0,27.0,42.0,37.5,40.0,46.0,33.5,29.0,53.0,42.5,23.5,2.0,50.5,12.0,,8.0,29.5,47.0,11.0,34.0,5.0,14.0,27.0,15.0,10.0,52.0,17.0,4.0,3.0,18.5,24.0,20.0,1.0,12.0,21.0,30.0,51.0,41.0,,49.5,23.0,26.0,51.0,27.0,49.5,32.0,9.0,41.5,52.0,7.0,49.5,38.0,18.5,51.0,44.0
2019-05-15,50.0,7.0,23.0,35.0,38.0,53.0,41.0,55.0,18.0,45.0,20.0,15.0,30.0,45.0,31.0,52.0,1.0,43.0,5.0,,6.0,23.0,35.0,8.0,30.0,12.0,26.0,14.0,21.0,3.0,53.0,18.0,31.0,13.0,44.0,19.0,9.0,4.0,10.0,12.0,23.0,49.0,45.5,,45.5,45.0,39.0,43.0,28.0,43.0,24.0,28.0,53.0,54.0,2.0,50.0,36.0,15.0,48.0,27.0
2019-05-16,45.5,14.0,6.0,23.0,51.0,18.0,24.0,48.0,47.0,55.0,28.0,23.0,26.0,53.0,50.0,40.5,3.0,34.0,28.0,,10.0,30.0,38.5,1.0,51.0,8.0,30.0,19.0,36.0,4.0,42.5,15.0,19.0,8.0,11.0,13.0,12.0,17.0,6.0,6.0,26.0,52.0,44.0,,39.0,17.0,33.0,47.0,50.0,35.0,31.0,31.0,41.0,53.0,2.0,47.0,25.5,28.0,49.0,42.0
2019-05-17,16.0,10.0,35.0,28.0,31.0,48.0,19.0,34.0,53.0,46.0,27.0,40.0,16.0,50.5,43.0,44.5,14.0,32.0,17.0,,31.0,11.0,50.0,6.0,56.0,10.0,33.5,26.0,36.0,1.0,44.5,25.0,4.0,13.0,3.0,7.0,16.0,23.0,7.0,10.0,35.5,53.0,56.0,,40.0,5.0,30.0,54.0,47.0,42.5,22.0,20.0,41.0,38.5,2.0,40.0,22.0,18.0,51.0,48.0
2019-05-20,15.0,10.0,32.0,28.0,37.0,56.0,33.0,54.5,46.0,38.0,50.0,29.0,48.0,17.0,2.0,54.0,6.0,42.0,15.0,,20.0,32.0,38.5,2.0,29.0,10.0,33.5,24.0,7.0,5.0,47.0,12.0,15.0,8.5,19.5,17.0,8.0,3.0,27.0,24.0,32.0,40.0,51.0,,44.0,37.0,40.0,53.0,36.0,51.0,36.0,2.0,44.0,14.0,19.0,25.0,27.5,34.5,53.0,48.5
2019-05-21,39.0,18.0,11.0,37.0,32.5,53.0,23.0,42.5,46.0,39.0,44.0,54.0,31.5,34.5,42.0,48.0,3.0,32.5,9.0,,1.0,26.5,42.5,2.0,21.0,17.0,26.0,22.0,28.0,6.0,54.0,7.0,9.0,34.0,11.0,7.0,13.0,14.0,5.0,19.0,31.0,51.0,39.0,,26.0,23.5,29.0,57.0,21.0,51.0,25.0,4.0,47.0,30.0,15.0,32.0,44.0,47.0,53.0,49.0
2019-05-22,49.5,22.0,54.0,26.0,24.0,55.0,29.0,52.5,42.0,45.0,35.0,31.0,32.0,46.0,13.0,46.5,1.0,18.0,35.5,,19.0,11.0,50.0,2.0,33.0,5.0,36.0,17.0,8.0,4.0,56.0,32.0,22.0,38.0,18.0,11.0,7.0,3.0,6.0,15.0,20.0,52.0,45.0,,32.5,37.5,25.0,44.0,34.0,47.5,27.0,18.0,51.0,47.0,16.0,10.0,40.5,27.0,9.0,42.0
2019-05-23,41.0,21.0,53.0,30.0,21.0,57.0,38.0,45.0,42.0,53.0,38.0,29.0,34.0,50.5,16.0,32.0,16.0,19.0,21.0,,11.0,10.0,46.5,5.0,50.0,17.0,40.0,25.0,3.0,1.0,46.0,16.0,26.5,13.0,7.0,3.0,9.0,8.0,32.0,13.0,31.5,47.0,35.5,,38.0,33.0,22.0,30.0,25.0,52.0,6.0,24.0,42.0,52.0,3.0,13.0,37.0,45.0,57.0,48.0
2019-05-24,9.0,16.0,47.0,45.0,47.5,26.0,20.0,46.0,46.0,45.0,49.5,52.0,8.0,40.5,30.0,40.0,5.0,20.0,22.0,,4.0,26.0,34.0,20.0,52.0,29.0,34.0,42.0,11.0,13.0,54.0,4.0,2.0,8.0,18.0,1.0,12.0,14.0,29.0,32.0,49.0,52.0,46.5,,40.0,17.0,15.0,35.0,32.0,41.0,26.0,8.0,26.0,26.0,22.0,4.0,38.0,54.0,52.0,50.0
2019-05-27,45.0,16.0,32.0,35.5,24.0,51.0,15.0,55.0,41.0,49.0,54.0,40.0,32.0,55.0,22.0,50.0,8.0,36.0,32.5,,6.0,19.0,25.5,19.0,36.0,25.0,46.5,36.0,13.5,2.0,49.0,8.0,5.0,25.0,3.0,19.0,7.0,11.0,26.0,32.0,41.0,4.0,43.0,,39.0,18.0,23.5,11.0,38.5,54.0,28.0,13.0,48.0,20.5,11.0,1.0,32.0,38.0,49.0,57.0
2019-05-28,50.0,5.0,40.0,18.0,28.0,56.0,9.0,44.0,23.0,52.0,54.0,43.0,35.0,30.0,24.0,41.0,15.0,33.5,32.0,,1.0,35.0,41.5,9.0,44.0,22.0,29.0,38.0,6.0,3.0,51.0,2.0,33.0,17.0,18.0,13.0,4.0,13.0,29.0,33.0,27.0,12.0,42.5,,40.5,10.0,7.0,24.0,24.0,50.0,19.0,18.0,53.5,47.0,10.0,21.0,46.0,43.5,53.0,55.0
2019-05-29,39.0,5.0,16.0,29.0,45.5,47.0,7.0,48.0,7.0,53.0,50.0,29.0,29.0,41.0,20.5,48.0,21.0,45.0,38.0,,8.0,36.0,23.0,9.0,46.0,37.0,31.0,25.0,17.0,1.0,50.0,19.0,20.0,11.0,14.0,15.0,2.0,3.0,28.0,42.0,34.5,24.0,38.5,,31.0,13.0,10.0,40.0,28.5,55.5,9.0,26.0,42.0,35.0,4.0,19.0,50.0,54.0,57.0,52.0
2019-05-30,39.0,11.0,49.0,16.0,22.0,33.0,28.0,47.5,5.0,52.0,43.0,25.0,34.0,56.0,37.0,47.0,11.0,28.0,27.5,,4.0,35.0,18.0,16.0,29.0,41.0,46.0,13.0,3.0,6.0,49.0,8.0,10.0,7.0,31.0,16.0,2.0,13.0,50.0,45.0,42.0,19.0,33.5,,8.0,23.0,1.0,40.0,25.0,46.5,39.0,27.0,44.0,20.0,23.0,32.0,55.0,53.0,52.0,55.0
2019-05-31,36.0,17.0,47.0,2.0,20.0,55.0,7.0,54.0,39.0,48.5,45.0,27.0,28.0,53.0,29.0,47.0,15.0,30.0,35.5,,22.0,14.0,20.0,11.0,45.0,27.0,48.0,3.0,2.0,10.0,42.0,6.0,3.0,12.0,19.5,28.0,4.0,8.0,33.5,48.0,37.0,32.0,39.5,,13.0,29.0,39.0,50.0,27.0,37.0,17.0,21.0,43.0,16.5,7.0,38.0,32.0,45.0,50.0,54.0
2019-06-03,48.0,1.0,51.0,6.0,35.0,42.0,22.0,47.0,23.0,49.5,51.0,17.0,44.0,55.0,9.0,42.0,9.0,21.0,31.0,,2.0,11.0,36.0,17.0,42.0,34.0,52.0,14.0,7.0,4.0,35.0,3.0,36.0,5.0,33.0,26.0,15.0,9.0,20.0,39.5,42.0,25.0,30.0,,17.0,17.0,28.0,37.0,27.0,54.0,13.0,41.0,52.0,30.0,12.0,28.0,28.0,56.0,56.0,45.5
2019-06-04,50.0,5.0,46.0,17.0,4.0,11.0,39.0,52.5,28.0,48.0,33.0,26.0,43.0,50.0,2.0,56.0,22.0,8.0,29.0,,1.0,13.0,34.0,10.0,42.0,44.0,37.0,22.0,15.0,3.0,51.0,12.0,35.0,9.0,25.5,29.0,18.0,14.0,40.0,33.0,39.0,26.0,30.0,,47.0,18.0,38.0,30.0,33.0,51.0,26.5,7.0,53.0,24.0,6.0,19.0,21.0,53.0,56.0,49.0
2019-06-05,50.0,9.0,43.5,6.0,24.0,37.0,36.5,44.5,29.0,51.0,55.0,27.0,41.0,53.0,21.0,55.0,23.0,20.0,31.0,,12.0,14.0,34.5,14.0,46.0,28.0,36.0,2.0,4.0,7.0,47.5,5.0,21.0,16.0,25.0,27.0,3.0,1.0,33.0,38.0,35.0,28.0,31.0,,31.0,13.0,41.0,43.0,17.0,47.5,10.0,8.0,46.0,23.0,11.0,19.0,49.5,55.0,55.0,46.0
2019-06-06,27.0,3.0,52.0,27.0,29.0,45.0,35.0,56.0,7.5,53.0,51.0,7.0,45.0,56.0,33.0,51.0,38.0,42.0,15.0,,12.0,18.5,24.0,13.0,46.0,17.0,40.0,2.0,5.0,8.0,32.0,1.0,26.0,4.0,39.0,27.0,10.0,11.0,23.0,53.0,37.0,13.0,34.0,,29.0,20.0,36.0,43.0,20.0,50.0,7.0,33.0,48.0,22.0,16.0,19.0,40.0,35.0,53.0,47.0
2019-06-10,43.0,3.0,44.0,15.0,24.0,35.5,34.0,55.0,21.0,52.0,51.5,20.0,47.0,48.0,26.0,52.0,37.0,43.0,38.0,,14.0,22.0,6.0,17.0,41.5,8.0,39.0,11.0,4.0,1.0,55.0,8.0,25.0,7.0,31.0,31.5,2.0,10.0,28.0,38.0,34.0,27.0,30.5,,22.0,5.0,19.0,33.0,13.0,53.0,41.0,19.0,47.0,15.0,12.0,35.0,49.0,40.5,55.5,51.0
2019-06-11,22.0,3.0,46.0,10.0,33.0,43.5,17.0,54.0,18.0,55.0,56.0,21.0,38.5,44.0,28.0,51.0,49.0,43.0,56.5,,14.0,22.5,27.0,13.0,39.0,23.0,35.0,4.0,7.0,8.0,39.5,10.0,28.0,1.0,33.0,24.0,6.0,4.0,20.0,47.0,46.5,14.0,17.5,,24.0,15.0,2.0,46.0,31.0,37.0,32.0,30.0,40.5,10.0,17.0,46.0,45.0,40.0,40.0,51.5
2019-06-12,19.0,5.0,51.0,6.0,25.5,17.0,47.0,50.0,23.0,44.0,51.5,21.5,41.0,27.0,39.0,45.0,13.0,52.0,42.0,,10.0,37.5,27.0,8.0,24.0,19.0,35.0,3.5,16.0,1.0,49.0,11.0,34.0,2.0,30.0,17.0,9.0,7.0,13.0,55.0,54.0,28.5,54.0,,30.0,3.5,13.0,39.0,32.0,38.0,30.5,26.0,35.0,21.0,16.0,36.0,53.0,44.0,47.0,49.0
2019-06-13,50.0,11.0,36.5,7.0,27.0,29.0,28.0,55.0,1.0,52.0,54.0,25.5,34.0,45.0,33.0,48.0,17.5,51.5,40.0,,9.0,12.0,22.0,14.0,24.0,29.0,31.0,5.0,4.5,2.0,49.0,8.0,15.0,10.0,42.0,30.0,3.0,13.0,24.0,39.0,40.0,24.0,22.0,,30.0,17.5,20.5,37.0,31.0,54.0,36.5,39.0,44.0,5.0,16.0,47.0,51.0,46.0,39.0,56.0
2019-06-14,28.0,10.0,51.0,9.0,15.0,49.0,19.0,56.0,24.0,53.0,54.5,41.5,43.0,45.0,29.0,56.0,32.0,37.0,35.0,,22.0,18.0,18.0,14.0,41.0,36.0,40.0,12.0,5.0,2.0,31.0,4.0,41.5,1.0,44.5,27.0,7.0,11.0,7.0,38.0,38.0,5.0,26.0,,25.0,18.0,15.0,51.0,25.5,44.0,14.0,35.0,54.0,3.0,30.0,24.0,50.0,21.0,47.0,48.0
2019-06-17,34.0,11.0,53.0,1.0,3.0,36.5,16.5,51.5,25.0,48.0,55.0,23.0,45.0,55.0,21.0,47.5,20.0,42.0,31.0,,24.5,17.0,45.0,24.5,41.0,38.0,45.0,5.0,7.0,9.0,35.0,4.0,39.0,2.0,26.0,11.0,7.0,6.0,23.0,31.0,43.0,14.0,17.0,,22.0,11.0,29.0,41.0,36.5,41.0,36.0,16.0,49.0,22.0,33.0,14.0,51.0,51.0,42.5,56.0
2019-06-18,34.0,7.0,49.0,4.0,2.0,51.0,14.0,53.0,32.0,50.0,55.0,19.0,35.0,33.0,27.0,55.0,23.0,31.0,29.0,,8.0,20.0,23.0,31.0,44.0,40.0,11.0,11.0,8.5,1.0,21.0,11.0,44.0,3.0,36.0,18.0,12.0,15.0,31.0,46.0,34.0,6.0,19.0,,25.0,5.0,18.5,38.0,43.0,46.0,42.0,27.0,53.0,17.0,27.0,39.0,48.0,55.0,44.0,57.0
2019-06-19,40.0,12.0,53.0,2.0,10.0,3.0,17.0,56.0,22.0,51.0,49.0,18.0,44.0,42.0,29.0,52.5,19.0,34.0,32.0,,17.0,14.0,32.0,25.0,46.0,41.0,37.0,5.0,27.0,6.0,8.0,8.0,33.0,3.0,42.0,22.0,10.0,6.0,39.0,36.0,32.5,15.0,20.0,,12.0,30.0,20.0,50.0,42.0,51.0,37.0,25.0,47.0,2.0,25.0,27.0,54.0,56.5,55.0,47.0
2019-06-20,34.0,7.0,44.0,11.0,12.0,37.0,3.0,48.0,35.0,43.0,48.0,16.0,36.0,57.0,27.0,54.0,16.0,37.0,25.0,,19.0,14.0,36.5,28.0,33.5,31.0,49.0,6.0,20.0,10.0,35.0,4.0,17.0,13.0,32.0,23.0,8.0,1.0,21.0,25.0,44.0,9.0,18.0,,2.0,26.0,31.5,44.0,21.0,55.0,40.0,29.0,51.0,5.0,42.0,33.0,57.0,48.0,56.0,51.0
2019-06-21,28.0,10.0,46.0,2.0,11.0,52.0,12.0,55.0,37.0,43.0,54.5,16.0,34.0,51.0,12.0,35.5,24.0,34.5,28.0,,8.0,6.0,39.0,29.0,41.0,44.0,50.0,3.0,39.0,14.0,17.0,1.0,19.0,14.0,51.0,9.0,5.0,4.0,26.0,32.0,30.0,7.0,17.0,,19.0,30.0,20.0,41.0,21.0,41.0,41.5,33.0,37.5,24.0,24.0,37.0,55.0,48.0,51.0,54.0
2019-06-24,33.0,3.0,54.0,10.0,5.0,43.0,12.0,48.0,36.0,48.5,45.0,21.0,33.0,46.0,12.0,37.5,22.0,17.0,24.0,,12.0,7.0,32.0,40.0,56.0,48.0,54.0,9.0,49.0,16.0,15.0,1.0,38.0,19.0,51.0,19.0,14.0,6.0,27.0,40.0,35.0,2.0,17.0,,26.0,24.0,8.0,30.0,4.0,42.0,44.0,24.0,27.0,30.0,39.0,41.0,29.0,52.0,56.0,54.5
2019-06-25,34.0,10.0,47.0,2.0,8.0,40.0,21.0,53.0,53.0,50.0,45.0,25.0,40.0,46.0,16.0,30.0,15.0,30.0,21.0,,22.0,6.0,38.0,33.0,39.0,52.0,56.0,13.0,17.0,11.0,27.0,3.0,18.0,13.0,51.0,17.0,5.0,4.0,35.0,30.5,29.5,1.0,30.0,,32.0,22.0,14.0,49.0,7.0,51.0,51.0,22.5,38.0,28.0,49.0,35.0,41.0,43.0,57.0,9.0
2019-06-26,21.0,9.0,36.0,1.0,5.0,50.0,8.0,53.0,22.0,33.0,38.0,28.5,29.5,55.0,31.0,37.0,19.0,10.0,43.0,,15.0,3.0,43.0,29.0,44.0,51.0,57.0,7.0,34.0,6.0,13.0,11.0,26.0,26.0,43.0,28.5,4.0,22.0,13.0,19.0,38.0,15.0,13.0,,26.0,18.0,2.0,27.0,18.0,51.0,48.0,46.0,53.0,39.0,31.5,40.0,49.0,32.0,48.0,57.0
2019-06-27,18.0,14.0,35.5,5.0,1.0,40.0,13.0,48.0,26.0,36.0,52.0,26.0,49.0,56.0,46.0,54.0,18.0,3.0,31.0,,16.0,10.0,42.0,35.5,40.0,50.5,52.0,4.0,31.0,20.0,7.0,12.0,30.0,15.0,53.5,28.5,6.0,17.0,11.0,26.0,20.0,8.0,23.0,,28.0,23.0,2.0,38.0,9.0,24.0,35.0,32.0,47.0,37.0,43.5,37.0,38.0,56.0,45.0,48.0
2019-06-28,23.0,3.0,41.0,5.0,1.0,38.0,8.0,53.0,25.0,49.0,45.0,16.0,37.0,55.0,28.0,44.0,32.0,23.0,41.0,,6.0,10.5,47.0,52.0,34.5,47.0,57.0,9.0,22.0,13.0,19.0,2.0,36.0,23.0,50.0,17.0,7.0,15.0,23.5,39.0,12.0,4.0,18.0,,14.0,21.0,10.5,29.0,27.5,49.0,48.5,29.5,41.0,32.0,25.0,35.0,38.0,43.0,49.0,55.0
2019-07-02,14.0,5.0,51.0,4.0,7.0,28.0,12.0,47.0,32.0,32.5,49.0,26.0,43.0,51.0,53.0,32.0,6.0,32.0,16.0,,20.0,16.0,38.0,38.0,35.0,43.0,55.0,2.0,56.0,22.0,1.0,9.0,45.0,13.0,56.0,22.0,10.0,11.0,34.0,42.0,16.0,17.0,20.0,,20.0,24.0,7.0,27.0,3.0,37.0,39.5,27.5,40.0,32.5,50.0,36.0,36.0,48.0,39.0,45.0
2019-07-03,23.5,9.0,33.0,6.0,16.0,26.0,13.5,53.0,32.5,33.0,45.0,12.0,48.0,50.0,37.5,37.0,35.0,28.5,33.0,,7.0,11.0,36.0,41.0,45.0,51.0,57.0,5.0,23.0,20.5,2.0,1.0,19.0,23.0,55.0,20.0,17.0,15.0,9.0,26.0,19.0,3.0,13.5,,4.0,26.0,8.5,29.0,33.0,48.0,48.0,40.0,49.0,44.0,50.0,45.0,45.5,44.0,24.0,54.0
2019-07-04,16.0,5.0,51.0,1.0,15.0,25.0,8.0,43.0,48.0,40.0,47.0,19.0,47.0,38.0,32.0,51.0,23.0,31.5,36.5,,8.0,12.0,52.0,36.0,35.5,48.5,56.0,14.0,27.0,20.0,4.0,2.0,31.0,10.0,53.0,18.0,3.0,13.0,42.0,27.0,22.0,23.0,21.0,,17.0,8.0,11.0,6.0,26.0,53.0,37.0,31.0,36.0,33.0,51.0,32.0,37.0,52.0,44.0,57.0
2019-07-05,17.5,6.0,53.0,20.0,10.0,29.0,7.0,38.0,45.0,36.0,46.0,22.0,39.0,46.0,33.0,47.0,13.0,29.0,45.0,,3.0,9.0,47.0,18.0,52.0,49.0,56.0,8.0,33.0,28.0,2.0,1.0,30.5,5.0,54.0,20.0,13.0,15.0,18.0,25.0,37.0,13.0,24.5,,11.0,23.0,4.0,31.0,19.0,33.0,49.0,44.0,28.0,31.0,42.0,40.0,49.5,51.0,23.0,56.0
2019-07-08,19.0,9.0,33.0,6.0,7.0,35.0,8.0,40.0,29.0,43.0,45.0,18.0,40.0,50.0,49.0,19.0,20.0,26.0,29.5,,36.0,4.0,55.5,25.0,53.5,54.0,56.0,5.0,36.0,29.0,2.0,1.0,25.0,14.0,55.0,14.0,3.0,12.0,30.0,33.0,25.0,11.0,30.0,,16.0,14.0,10.0,50.0,23.0,17.0,38.5,43.0,27.0,30.5,41.0,43.0,47.0,46.0,41.0,51.0
2019-07-09,11.0,2.0,46.0,14.0,6.0,14.0,19.0,48.0,35.5,32.0,45.0,29.0,39.0,52.5,33.0,28.0,19.0,23.0,38.0,,32.0,12.0,45.5,30.0,49.5,40.0,52.0,1.0,55.0,41.5,31.0,4.0,23.0,8.0,51.5,11.5,3.0,5.0,9.0,27.5,32.0,7.0,27.0,,16.0,16.0,13.0,26.0,18.0,51.0,52.0,41.5,22.0,45.0,42.0,43.0,47.5,35.0,23.0,56.0
2019-07-10,20.0,3.0,18.0,8.0,14.0,31.0,10.0,54.0,36.0,39.0,55.5,25.0,18.0,51.5,37.0,32.0,12.0,9.0,45.0,,35.0,4.0,56.0,20.0,41.0,23.0,50.0,5.0,52.0,29.0,1.0,6.0,15.0,22.0,44.0,27.0,11.0,17.0,13.0,31.0,17.0,24.0,32.0,,25.0,7.0,2.0,49.0,43.0,26.5,51.0,35.0,47.0,37.0,36.0,49.0,38.0,46.0,37.0,55.0
2019-07-11,6.0,10.0,51.0,3.0,14.0,33.0,19.0,31.0,28.0,36.0,37.0,25.0,34.0,49.0,46.5,22.0,19.0,54.0,26.0,,19.0,1.5,56.0,16.0,41.0,22.5,51.0,16.0,54.0,30.0,4.0,12.0,14.0,14.0,54.0,23.0,8.0,1.5,27.0,7.0,37.0,31.0,20.0,,25.0,8.0,10.0,6.0,43.0,49.0,51.0,37.0,46.0,48.5,43.0,41.0,39.0,47.0,33.0,43.5
2019-07-12,27.0,27.0,48.0,21.0,22.0,6.0,12.0,14.0,43.0,41.0,45.0,31.0,18.5,55.0,26.0,42.0,18.0,36.0,39.5,,29.0,1.0,55.0,31.0,39.0,45.0,37.0,16.5,49.0,44.0,11.0,3.0,23.0,16.0,39.0,15.0,2.0,7.0,4.0,21.0,33.0,13.0,47.0,,5.0,9.0,10.0,8.0,49.0,52.5,48.5,24.0,46.0,54.0,30.5,46.0,33.0,26.0,52.0,43.0
2019-07-15,31.0,17.0,32.0,29.0,4.0,15.0,25.0,36.0,37.0,26.0,40.0,42.0,41.0,46.5,44.0,46.0,8.0,23.0,26.0,,18.0,1.0,54.0,26.0,49.0,47.5,40.0,7.0,51.0,15.0,19.0,2.0,4.0,11.0,49.5,9.0,10.0,21.5,12.0,14.0,32.0,25.0,21.0,,35.0,6.0,4.0,35.0,47.0,51.0,51.0,26.0,52.5,50.0,21.0,40.0,42.0,44.0,14.0,55.5
2019-07-16,10.0,22.0,43.0,25.0,1.0,22.0,3.0,20.0,31.0,13.0,39.0,45.0,25.0,46.0,28.0,23.0,9.0,21.0,39.0,,36.0,2.0,56.0,45.0,41.5,38.5,50.0,4.0,52.0,39.0,13.0,8.0,16.0,24.0,44.5,6.0,7.0,15.0,5.0,11.0,28.0,24.0,40.0,,16.0,13.0,21.0,32.0,51.0,55.0,36.5,42.5,53.0,46.0,33.0,55.0,48.0,28.0,43.0,31.0
2019-07-17,14.0,17.0,28.0,34.0,13.0,18.0,3.0,25.0,47.0,15.0,45.0,30.0,39.0,52.0,27.0,36.0,3.0,23.0,31.0,,21.0,11.0,53.0,45.0,38.0,36.0,55.0,7.0,32.0,20.0,22.0,1.0,6.0,27.5,56.0,16.0,10.0,18.0,4.0,8.0,40.0,22.0,32.5,,9.0,25.0,4.0,32.0,41.0,54.0,35.5,46.5,52.0,43.0,44.0,49.0,50.0,49.0,49.0,12.0
2019-07-18,9.0,22.0,18.0,10.0,18.0,13.0,16.5,22.0,37.0,25.0,33.0,30.0,34.0,47.5,42.0,23.5,3.0,46.0,22.0,,28.0,1.0,57.0,40.0,35.0,43.0,46.0,8.0,56.0,30.5,13.0,11.0,17.5,42.0,42.5,5.0,6.0,28.5,3.0,13.0,27.0,31.0,42.0,,6.0,15.0,2.0,46.5,53.0,37.0,49.0,43.0,51.0,56.0,38.0,36.5,24.0,53.0,48.5,20.0
2019-07-19,1.0,13.0,33.0,16.0,20.0,13.0,8.0,50.0,54.0,4.0,48.0,41.5,45.0,42.5,46.0,24.0,9.0,33.0,50.0,,32.5,5.0,47.0,34.0,32.0,53.0,51.0,10.0,56.0,18.5,6.0,2.0,22.0,25.0,39.0,7.0,25.5,14.0,13.0,20.0,20.0,26.0,39.0,,12.0,19.0,3.0,45.0,39.0,32.5,54.0,21.0,42.0,50.0,36.5,53.0,42.5,30.0,26.0,28.0
2019-07-22,10.0,43.5,48.5,16.0,13.5,21.0,21.0,39.5,25.0,18.0,33.0,50.0,44.0,43.0,52.0,24.0,4.0,12.0,47.0,,31.0,3.0,54.0,48.5,34.0,33.0,38.5,1.0,49.0,22.0,8.0,5.0,17.0,43.0,31.0,2.0,21.0,13.5,15.0,8.0,27.0,32.0,46.5,,11.0,19.0,7.0,54.0,36.0,28.0,56.5,37.0,45.5,44.0,29.0,52.0,50.0,25.0,38.0,7.0
2019-07-23,8.0,22.0,44.5,36.5,6.0,25.0,11.0,20.0,32.0,25.0,32.0,44.0,22.0,37.0,55.5,25.0,10.0,34.0,34.0,,32.0,2.0,54.0,26.0,50.0,41.0,55.0,5.0,44.0,18.0,3.0,1.0,12.0,34.0,41.0,9.0,18.0,13.0,7.0,16.0,28.0,37.0,42.0,,15.0,38.0,4.0,51.0,46.0,16.5,54.0,44.0,54.0,49.0,48.0,53.0,26.0,24.5,13.0,34.0
2019-07-24,10.0,11.0,53.0,29.5,18.0,15.5,28.0,22.0,39.0,10.0,41.5,40.5,25.0,30.5,48.0,2.0,33.5,48.0,36.0,,4.0,8.0,54.0,43.0,22.0,39.0,57.0,6.0,48.0,18.0,15.0,1.0,14.0,37.0,29.0,19.0,5.0,31.0,7.0,3.0,18.0,22.0,36.5,,22.0,13.0,26.0,51.0,45.0,42.0,55.0,37.0,51.0,43.0,42.0,51.5,44.0,32.0,31.0,12.0
2019-07-25,11.0,37.0,39.5,45.0,23.5,18.0,16.0,29.0,25.0,5.0,31.0,45.0,26.0,32.0,51.5,2.0,13.5,48.0,34.0,,21.0,8.0,49.0,40.0,44.0,49.0,56.0,7.0,27.0,17.0,13.0,3.0,21.0,31.0,37.0,5.0,9.0,18.0,4.0,10.0,15.0,31.0,35.0,,37.5,12.0,1.0,53.0,28.0,48.0,55.0,34.5,41.0,54.0,46.0,44.0,43.0,23.0,52.0,24.0
2019-07-26,2.0,15.0,45.0,28.0,19.0,10.0,15.0,20.0,34.0,23.0,33.0,35.0,18.0,32.0,43.0,21.0,12.0,28.0,53.5,,10.0,4.0,58.0,46.0,48.0,23.0,56.0,8.0,21.0,15.0,1.0,6.0,26.0,45.5,35.5,5.0,3.0,15.0,7.0,42.0,30.0,38.5,41.5,,24.0,18.0,22.5,53.0,50.0,37.0,55.0,40.0,43.5,50.0,45.0,50.0,33.0,40.5,10.0,49.0
2019-07-29,12.0,42.0,46.0,21.0,38.0,11.0,21.5,29.5,24.0,16.0,41.0,33.0,24.0,28.0,46.0,8.0,5.0,33.0,55.0,,17.0,9.0,56.5,39.0,52.5,25.0,57.0,10.0,47.0,26.0,1.0,2.0,19.0,33.0,40.5,5.0,12.0,21.0,3.0,17.0,46.0,37.0,42.5,,7.0,5.0,16.0,38.0,41.0,33.0,51.5,23.5,45.0,39.5,49.0,54.0,38.0,29.0,15.0,52.5
2019-07-30,19.0,24.0,48.0,45.0,26.0,6.0,21.0,15.5,46.0,29.0,24.0,36.0,13.0,30.5,48.5,32.0,22.0,36.0,50.0,,22.0,12.0,54.0,51.0,45.0,40.0,56.0,8.0,56.0,21.5,1.0,9.0,18.0,34.0,25.0,10.0,11.0,21.0,2.0,5.0,4.0,46.0,47.5,,14.0,15.5,3.0,45.0,30.5,47.5,27.5,6.0,33.5,55.0,41.0,52.0,39.0,37.0,42.0,35.0
2019-07-31,21.0,16.0,43.5,45.0,18.0,14.0,37.0,5.0,47.0,26.0,24.0,30.0,21.0,33.0,53.0,5.0,26.0,39.0,49.0,,30.0,2.0,57.0,48.0,46.0,33.0,56.0,4.0,51.0,19.0,12.0,8.0,23.5,38.0,16.0,19.0,10.0,12.0,1.0,14.0,7.0,34.0,41.0,,33.0,12.0,35.0,8.0,26.0,37.0,45.0,40.0,29.0,54.0,31.0,53.0,43.0,3.0,51.0,45.0
2019-08-01,18.0,20.0,38.0,36.0,48.0,3.5,39.0,14.0,43.0,40.5,23.0,44.0,16.0,20.0,44.0,22.0,23.0,49.0,53.0,,19.0,7.0,54.0,29.0,49.0,35.0,56.0,12.0,55.0,15.0,1.0,9.0,16.0,32.0,42.0,5.0,10.0,31.0,6.0,8.0,26.5,57.0,45.5,,14.0,3.5,11.0,31.0,28.0,2.0,35.0,25.0,29.0,51.0,36.0,48.0,44.0,28.0,52.0,39.5
2019-08-02,18.0,23.0,45.5,30.0,49.0,15.0,27.0,16.0,19.0,44.0,42.5,37.0,13.0,36.0,45.0,36.5,48.5,45.0,40.0,,26.0,4.0,55.0,52.0,34.0,48.0,50.0,10.0,49.0,15.5,11.0,5.0,7.0,26.0,30.5,9.0,7.0,20.5,1.5,11.0,32.0,41.0,54.0,,14.0,7.0,3.0,40.0,24.0,27.0,49.0,27.0,33.0,55.0,29.0,52.0,1.5,24.0,23.0,42.0
2019-08-05,15.0,20.5,56.0,47.0,45.0,19.0,42.0,10.0,10.0,37.0,14.0,39.0,15.0,34.0,55.0,27.5,31.0,47.0,30.0,,18.5,1.0,57.0,36.0,46.5,26.0,53.0,6.0,47.0,21.0,2.0,8.0,16.0,25.0,29.0,4.0,12.5,22.0,5.0,7.0,25.5,34.0,41.0,,19.0,23.0,3.0,54.0,35.0,52.0,41.0,10.0,43.0,47.0,31.0,46.0,40.0,50.0,13.0,38.5
2019-08-06,16.0,23.0,52.0,29.0,50.0,19.5,48.0,19.0,36.0,34.5,32.0,51.0,16.0,38.0,48.0,25.0,29.0,52.0,43.0,,23.0,7.0,52.0,49.5,13.5,41.5,46.0,1.0,48.5,21.0,8.0,6.0,14.0,24.0,34.0,5.0,10.0,17.0,3.0,4.0,26.0,43.0,47.0,,2.0,11.0,9.0,54.5,33.0,46.5,40.0,17.0,14.0,52.0,29.0,40.0,34.0,20.0,44.0,31.0
2019-08-07,26.0,41.0,40.0,29.0,49.0,12.0,20.0,3.0,30.0,43.0,10.0,33.0,18.0,29.5,47.0,35.0,30.0,48.0,33.0,,41.0,15.5,46.5,51.0,47.0,21.0,22.0,2.0,56.0,33.0,6.0,7.0,24.0,30.0,25.0,8.0,10.0,23.0,1.0,5.0,19.0,53.0,46.0,,14.0,8.0,21.0,56.0,36.0,37.0,52.0,18.5,37.0,53.0,4.0,54.0,35.0,15.0,12.0,43.5
2019-08-08,10.0,29.0,38.0,21.0,34.0,23.5,20.0,5.0,26.0,37.0,16.0,25.5,41.0,35.0,53.0,21.0,36.0,53.0,48.0,,28.5,1.0,37.0,46.0,47.0,29.0,55.0,2.0,55.0,25.0,3.0,6.0,29.0,38.5,13.0,4.0,16.0,14.0,12.0,25.0,18.0,41.0,46.0,,9.0,7.0,8.0,56.0,41.0,49.0,53.0,11.0,15.5,46.5,24.0,44.5,49.0,31.0,36.0,43.5
2019-08-09,5.0,26.0,51.0,8.0,43.0,22.5,27.0,27.0,49.0,40.0,12.0,33.0,21.0,42.5,52.0,23.0,27.0,38.0,36.0,,18.0,2.0,54.0,45.5,48.0,33.0,44.0,4.0,53.0,34.0,15.0,3.0,24.0,33.0,16.0,10.0,7.0,18.0,9.0,20.0,1.0,44.0,49.0,,30.0,14.0,12.0,11.0,37.0,50.0,55.5,6.0,40.0,55.0,26.0,44.0,46.0,17.0,21.5,40.5
2019-08-12,21.5,20.0,50.5,6.0,39.5,17.5,49.0,25.0,46.0,20.0,27.0,30.0,32.5,37.0,51.0,6.0,32.0,50.0,45.5,,20.0,9.0,56.0,52.0,14.0,37.0,53.5,11.0,57.0,18.0,14.0,7.0,29.0,29.0,12.0,2.0,6.0,17.0,4.0,1.0,21.5,33.0,50.0,,3.0,10.0,26.0,40.0,33.0,45.0,53.0,21.0,36.0,34.0,13.0,44.0,47.0,38.0,36.0,43.0
2019-08-13,5.0,31.0,48.0,24.0,37.0,27.0,27.0,18.0,12.0,35.0,19.0,27.5,22.0,27.0,54.0,22.0,35.0,54.5,51.0,,26.0,10.0,50.0,50.0,43.0,48.0,46.0,8.0,54.0,18.0,14.0,1.0,37.5,30.0,7.0,6.0,2.0,16.0,3.0,14.0,12.0,41.5,48.0,,9.0,13.0,4.0,37.0,28.0,40.0,46.0,21.0,38.0,32.0,38.0,45.0,57.0,31.0,32.5,47.5
2019-08-14,20.0,35.0,27.5,22.0,48.0,33.0,35.0,11.0,22.0,35.5,36.0,24.5,27.0,46.0,48.5,32.0,29.0,47.0,37.0,,13.0,8.0,51.0,50.0,56.0,44.0,52.0,2.0,58.0,19.0,2.0,6.0,18.0,17.0,9.0,10.0,5.0,23.0,12.0,14.5,20.0,42.0,49.0,,4.0,2.0,14.5,32.0,27.0,41.0,33.0,7.0,33.0,39.0,37.5,46.0,54.0,18.0,42.0,46.5
2019-08-15,9.0,14.0,27.5,27.0,44.0,42.0,47.0,28.0,21.0,36.0,33.5,47.0,42.0,31.0,52.0,33.0,37.0,51.0,42.0,,26.0,11.0,54.0,53.0,38.0,39.5,54.0,17.0,50.0,25.0,3.0,1.0,31.0,12.0,22.0,5.0,10.0,27.0,19.0,2.0,14.0,49.0,46.0,,4.0,5.0,7.0,38.0,17.0,36.0,23.0,8.0,21.0,48.0,15.0,56.0,34.0,15.0,21.0,48.0
2019-08-16,12.0,15.5,23.0,11.0,42.5,24.0,42.0,28.0,18.0,34.0,45.5,45.0,39.0,47.0,55.0,31.0,13.0,46.5,51.0,,15.0,9.0,56.0,50.0,35.5,38.0,52.0,1.0,53.0,18.0,20.0,7.0,28.0,25.0,2.0,10.0,5.0,28.0,4.0,8.0,36.0,42.0,40.0,,6.0,13.0,24.0,31.0,3.0,52.0,50.0,18.0,28.0,52.0,21.0,35.0,44.0,20.0,30.0,41.0
2019-08-19,12.0,18.0,44.5,14.0,38.0,36.0,49.0,22.0,38.0,40.0,38.0,51.0,29.0,34.0,44.0,22.0,32.0,56.0,44.0,,6.0,7.0,54.0,57.0,53.0,44.5,52.0,9.0,45.0,14.0,18.5,2.0,22.0,14.0,8.0,10.0,1.0,28.0,24.0,4.0,30.0,51.0,45.5,,5.0,11.0,37.0,42.5,18.0,39.0,16.0,3.0,22.0,38.5,24.0,33.5,39.0,33.0,22.0,43.5
2019-08-20,21.0,16.0,33.0,9.0,42.0,30.5,44.0,50.0,29.0,33.0,39.5,47.0,30.0,53.0,25.5,35.0,41.5,48.0,43.5,,2.0,6.0,34.0,52.0,37.0,48.0,45.5,18.0,56.0,13.0,7.0,3.0,20.0,17.0,9.0,4.0,5.0,27.0,22.0,1.0,26.0,54.0,47.0,,9.0,12.0,19.0,36.0,11.0,20.0,36.0,14.0,51.0,47.0,33.0,19.0,51.0,23.0,27.0,55.0
2019-08-21,13.0,22.0,33.0,6.0,38.5,31.0,53.0,30.0,30.0,32.0,50.0,45.0,35.0,39.5,42.0,27.0,21.0,54.0,45.0,,4.0,16.0,46.0,48.0,41.0,35.0,48.0,16.0,50.0,27.0,24.0,7.0,14.0,11.0,2.0,8.0,5.0,15.0,22.0,10.0,52.0,55.0,43.0,,17.0,9.0,26.5,37.0,3.0,13.0,52.0,1.0,23.0,36.0,23.5,21.0,44.0,48.5,23.0,52.0
2019-08-22,11.0,16.0,37.0,3.0,33.0,27.0,49.0,29.0,41.0,33.0,38.0,24.0,35.0,49.0,13.0,23.0,44.5,44.0,46.0,,6.0,18.0,39.5,51.0,54.0,48.0,56.0,18.0,53.0,20.5,10.0,9.0,26.0,15.0,5.0,2.0,3.0,12.0,24.5,14.0,42.0,47.5,54.0,,8.0,1.0,24.5,41.5,22.0,17.0,46.0,7.0,30.0,30.0,39.0,47.0,46.0,36.5,26.5,36.0
2019-08-23,16.0,18.0,37.0,10.0,41.0,24.0,46.0,34.0,29.5,39.0,38.0,16.0,41.0,50.0,2.0,27.0,29.0,49.5,45.0,,1.0,20.0,51.5,53.0,49.0,49.5,33.5,3.0,56.0,24.0,14.0,9.0,36.0,27.0,4.0,8.0,23.0,16.0,11.0,6.0,46.0,52.0,48.0,,12.0,5.0,19.0,37.5,12.0,19.0,44.0,7.0,27.0,48.0,30.0,38.5,54.0,30.5,20.0,35.0
2019-08-26,12.0,20.0,45.0,15.0,37.0,26.5,50.0,35.0,42.0,34.0,40.0,39.0,47.0,34.0,30.0,29.0,19.5,50.5,27.0,,1.0,17.0,51.0,55.0,50.0,45.0,32.5,14.0,53.5,25.0,10.0,6.0,47.0,11.0,3.0,2.0,22.0,8.0,24.0,5.0,20.0,43.0,47.0,,7.0,9.0,16.0,35.0,20.0,14.0,47.5,4.0,21.0,56.0,26.0,55.0,41.0,25.0,30.0,43.0
2019-08-27,14.0,15.0,56.0,1.0,40.0,19.0,51.0,25.0,48.0,37.0,31.0,39.0,33.0,47.0,41.0,33.0,27.0,52.0,38.0,,10.0,2.0,51.0,44.5,49.0,43.0,45.0,19.0,54.5,23.0,17.0,4.0,23.0,7.0,5.0,9.0,12.0,8.0,28.0,11.0,34.0,39.0,52.0,,3.0,18.0,23.0,48.0,13.0,22.0,50.0,6.0,28.0,50.0,20.0,31.5,49.5,27.0,24.0,29.5
2019-08-28,14.0,11.0,31.0,34.0,39.0,24.5,50.0,27.0,54.0,20.0,39.0,48.0,35.0,53.5,45.5,25.0,40.0,50.0,40.5,,3.0,20.0,56.0,51.0,55.0,22.5,52.0,18.0,44.0,34.0,26.0,2.0,9.0,8.0,14.0,1.0,28.0,10.0,15.0,7.0,46.0,40.0,47.0,,6.0,12.0,31.0,15.0,4.0,37.0,36.0,5.0,23.0,55.0,30.0,34.0,43.0,23.5,19.0,23.0
2019-08-29,25.0,18.0,46.0,23.0,38.0,15.0,38.5,18.0,43.0,39.0,35.0,40.0,43.5,51.0,21.0,27.5,33.0,42.0,38.0,,13.0,29.0,31.0,56.0,48.5,37.0,50.5,30.0,55.0,23.0,17.0,8.0,13.0,10.0,6.0,4.0,21.5,3.0,15.0,11.0,40.0,38.0,56.0,,9.0,7.0,32.0,48.0,5.0,51.0,48.0,2.0,13.0,49.0,26.0,29.0,53.0,21.0,1.0,26.0
2019-08-30,27.0,13.0,12.0,34.0,44.0,17.0,48.0,36.0,49.0,37.0,40.0,48.0,44.0,47.0,41.0,32.0,39.0,57.0,49.0,,4.0,8.0,35.0,56.0,54.0,30.0,51.0,32.5,25.0,24.0,20.0,3.0,19.0,7.0,14.0,15.0,20.0,7.0,10.0,5.0,54.0,37.0,39.5,,17.0,2.0,26.0,23.0,1.0,20.5,22.0,11.0,8.5,31.0,33.5,49.0,51.0,35.0,23.0,45.0
2019-09-02,1.0,29.0,27.0,32.0,47.0,2.0,38.0,32.0,50.0,38.5,43.0,48.0,33.0,50.0,43.0,19.5,38.5,51.5,37.0,,5.0,21.0,57.0,50.0,53.0,43.5,54.0,18.0,55.0,21.0,13.5,9.0,24.0,10.0,6.0,12.0,16.0,3.0,16.0,13.0,41.0,44.0,54.0,,4.0,7.0,33.5,32.0,8.0,11.0,32.0,16.0,21.5,37.0,29.0,25.0,44.0,31.0,20.0,35.0
2019-09-03,21.0,19.0,16.0,19.0,32.0,12.0,48.0,34.0,58.0,32.0,32.5,51.0,36.5,40.0,53.0,24.0,31.5,55.0,42.0,,9.0,16.0,51.0,48.0,51.0,36.0,57.0,41.0,48.5,26.0,23.0,8.0,15.0,1.5,6.0,14.0,10.0,7.0,1.5,4.5,40.0,34.5,45.0,,18.0,3.0,23.0,33.0,26.0,27.0,43.0,11.0,13.0,32.5,33.0,29.0,46.0,43.0,4.5,49.5
2019-09-04,19.0,33.0,26.0,29.5,43.0,23.0,45.5,16.0,47.0,36.0,10.0,26.0,27.5,49.0,35.0,31.0,43.0,42.0,34.0,,10.0,29.0,57.0,51.0,55.0,39.0,50.0,34.0,54.0,20.0,16.0,6.0,31.0,5.0,1.0,12.0,13.0,11.0,20.0,8.0,48.0,53.0,52.0,,7.0,3.0,28.0,25.0,2.0,22.0,51.0,4.0,13.0,40.0,22.0,26.0,42.0,39.0,14.0,47.0
2019-09-05,18.0,33.0,31.0,21.0,43.0,12.0,41.5,22.0,56.5,34.5,30.0,30.0,47.0,44.0,46.0,7.0,49.5,46.0,37.0,,13.0,14.0,53.0,51.0,25.0,39.0,42.0,35.0,55.0,25.5,24.0,1.0,25.5,2.0,5.0,8.0,31.0,10.0,16.0,3.0,53.0,51.0,51.5,,4.0,11.0,28.0,23.5,17.0,40.0,51.5,5.0,8.0,40.0,27.0,31.0,35.0,26.0,15.0,41.5
2019-09-06,19.0,27.0,26.0,21.0,40.5,30.0,36.0,30.0,53.0,49.0,8.0,28.0,42.5,47.0,28.5,39.0,51.0,53.5,47.0,,1.0,24.0,32.5,57.0,47.0,36.0,51.0,35.0,47.5,19.5,17.0,10.0,24.0,9.0,5.0,27.0,12.0,12.0,6.0,2.0,42.5,51.0,44.0,,14.0,3.0,19.0,31.0,11.0,16.0,39.5,7.0,4.0,48.5,47.0,23.0,44.0,30.0,15.0,37.0
2019-09-09,17.0,23.0,30.0,9.0,48.5,40.0,47.0,16.0,54.0,44.0,11.5,39.5,40.5,44.0,36.0,30.0,27.0,46.0,37.0,,3.0,6.0,53.0,51.0,19.0,38.0,44.0,36.0,56.0,9.0,21.0,11.0,21.0,2.0,5.0,17.5,13.0,28.0,23.0,1.0,36.0,53.5,53.5,,14.0,4.0,34.5,44.0,17.0,39.0,40.0,19.0,7.0,24.5,23.0,27.0,51.0,47.0,8.0,35.0
2019-09-10,18.0,28.0,27.0,17.0,47.0,33.0,20.0,14.0,55.0,39.5,3.0,31.5,52.0,40.0,34.0,31.0,56.0,54.0,23.5,,7.0,12.0,41.0,38.0,50.0,36.0,45.0,33.5,51.0,30.0,12.0,6.0,24.0,8.0,10.0,3.0,4.0,13.0,27.0,1.0,49.0,55.0,49.0,,17.0,9.0,30.0,42.0,17.0,45.0,42.0,31.5,14.0,55.0,30.0,21.5,37.5,24.0,4.0,35.0
2019-09-11,9.0,30.0,23.0,19.0,48.0,4.0,30.5,29.0,51.0,35.0,40.0,53.0,36.0,48.0,44.0,28.5,35.0,57.0,24.0,,16.0,17.0,52.5,50.0,42.5,38.0,55.0,32.0,56.0,31.0,14.0,3.0,24.0,1.0,6.0,11.5,7.0,2.0,42.0,9.0,38.0,39.0,55.0,,5.0,9.0,16.0,31.5,20.5,26.0,38.0,18.0,11.5,45.0,29.5,19.0,50.0,34.0,13.0,41.0
2019-09-12,17.0,25.5,23.0,23.0,30.0,29.0,31.5,19.0,56.0,22.0,7.0,35.0,33.5,47.0,52.0,34.5,56.0,54.0,48.0,,12.0,5.0,54.0,39.5,52.0,49.0,45.0,47.0,52.0,23.5,32.0,9.0,26.0,14.0,1.0,20.0,8.0,10.0,26.0,3.0,44.0,37.5,41.0,,2.0,4.0,18.0,28.5,12.5,26.0,36.0,15.0,10.0,42.0,34.5,32.0,45.0,28.0,6.0,38.5
2019-09-13,21.0,30.5,43.0,39.0,5.0,34.0,22.0,19.0,55.0,35.0,14.0,24.5,43.0,42.0,46.0,30.0,34.0,55.0,38.0,,19.0,25.0,55.0,51.0,46.0,55.0,53.0,30.0,46.0,16.0,23.0,12.0,14.0,6.0,7.0,27.0,9.0,10.0,20.0,11.0,1.5,38.0,46.0,,4.0,7.0,46.0,15.0,3.0,47.0,47.0,21.0,16.0,51.5,31.0,31.0,39.0,31.5,1.5,37.0
2019-09-16,3.0,23.5,39.0,33.0,22.0,27.5,39.0,30.0,56.0,29.0,39.0,47.0,52.0,39.0,47.0,12.0,56.0,52.0,36.0,,17.0,24.5,48.0,47.0,51.0,41.0,55.0,27.5,39.0,11.0,30.0,8.5,17.0,1.0,2.0,20.0,26.0,8.5,33.0,15.0,22.0,40.5,58.0,,7.0,5.0,42.5,20.0,4.0,13.0,44.5,6.0,13.0,46.0,42.0,31.0,35.0,15.0,11.0,20.0
2019-09-17,4.0,19.5,17.0,21.0,33.0,49.0,46.0,30.0,56.0,32.0,37.0,43.0,35.0,44.0,40.0,27.0,46.0,50.0,48.0,,14.0,45.0,49.0,22.0,55.0,54.0,39.5,40.0,47.0,26.0,9.0,1.0,29.0,2.0,4.0,6.0,23.0,11.0,13.0,17.0,15.0,55.0,51.0,,12.0,6.0,37.0,20.0,10.0,22.0,47.0,4.0,8.0,39.5,34.0,43.0,31.0,26.0,17.0,22.0
2019-09-18,19.0,46.0,21.0,28.0,42.0,27.0,51.0,2.0,55.0,19.0,31.0,49.0,38.5,44.0,18.0,2.0,55.0,49.0,42.0,,11.0,24.0,43.0,44.5,34.5,55.0,52.0,21.0,38.0,19.0,34.0,4.0,31.0,2.0,10.0,8.0,6.0,12.0,28.0,14.0,35.0,43.0,46.0,,6.0,8.0,33.5,14.0,5.0,27.5,45.0,18.0,24.0,53.0,34.5,55.0,31.0,38.0,13.0,29.0
2019-09-19,15.0,35.5,27.0,8.0,48.0,43.5,55.5,23.5,48.0,32.5,1.0,45.0,32.0,13.0,39.5,26.5,48.0,56.0,45.5,,17.0,36.0,51.5,47.0,44.0,39.0,33.0,25.0,55.0,26.0,20.0,5.0,17.0,6.0,12.0,19.0,9.0,2.0,20.0,14.0,35.0,49.5,38.0,,40.0,7.0,38.0,37.5,3.0,30.0,51.0,10.0,14.0,42.5,31.0,52.0,24.0,28.5,11.0,4.0
2019-09-20,23.0,39.0,18.0,26.5,45.0,28.0,43.0,29.0,47.5,20.0,10.0,36.5,51.5,9.0,44.5,29.0,57.0,53.5,39.0,,16.0,39.0,32.0,49.5,51.0,31.0,57.0,52.0,50.0,24.0,18.0,1.0,44.0,6.0,33.0,36.0,2.0,4.0,23.0,20.5,36.0,43.0,40.5,,12.0,5.0,7.0,28.5,8.0,44.0,18.0,21.0,15.0,48.0,28.0,44.0,14.0,10.0,3.0,13.0
2019-09-23,19.0,15.0,22.0,36.0,40.0,49.0,49.0,40.0,52.0,25.5,29.0,44.0,47.0,36.5,14.0,25.0,54.0,53.0,30.5,,17.0,45.0,40.0,46.0,52.5,50.5,42.0,38.0,57.5,4.0,36.0,11.0,7.0,6.0,1.0,21.0,9.0,12.0,4.0,15.0,34.0,43.0,49.0,,31.0,4.0,24.0,30.0,2.0,34.5,10.0,17.0,21.0,28.0,32.0,56.0,13.0,28.0,24.0,7.5
2019-09-24,16.0,7.0,29.0,24.0,49.0,50.0,45.0,4.0,48.0,33.0,32.0,44.0,49.0,44.5,48.5,2.0,26.5,45.0,53.0,,11.0,46.0,53.0,56.5,55.0,43.5,40.5,34.0,30.5,36.0,39.0,3.0,9.0,6.0,28.0,22.0,21.0,14.0,5.0,25.0,40.0,51.5,17.5,,16.0,13.0,7.0,40.0,14.0,32.5,34.5,21.0,11.0,37.0,34.0,24.5,24.0,1.0,9.0,18.0
2019-09-25,31.0,27.0,7.0,3.0,48.0,51.5,31.0,18.0,50.0,15.0,37.0,42.0,46.5,20.0,46.5,7.0,48.5,57.0,41.0,,20.0,45.0,53.0,47.0,53.0,44.0,15.0,24.0,55.0,35.0,24.0,10.0,12.0,7.0,2.0,12.0,8.0,35.0,4.0,33.0,15.0,42.5,31.0,,11.0,4.0,32.0,44.5,2.0,38.0,40.0,16.0,25.0,29.0,40.5,51.5,21.0,18.0,23.5,28.0
2019-09-26,12.0,31.0,40.0,8.0,53.0,35.0,47.0,28.0,47.0,46.0,41.5,37.0,25.0,41.0,43.0,11.0,32.5,46.5,19.0,,3.0,36.0,54.0,44.0,41.0,54.5,56.0,26.0,43.0,4.0,25.0,10.0,21.0,7.0,9.0,15.0,19.0,12.0,3.0,22.0,17.0,37.0,49.0,,29.5,2.0,23.5,49.0,4.0,45.0,27.0,5.0,28.0,35.0,14.0,52.0,16.0,20.0,34.0,42.0
2019-09-27,19.0,11.0,32.0,32.0,56.5,40.0,44.0,24.0,39.0,31.0,29.0,40.5,16.0,35.0,43.0,2.0,50.0,46.0,21.0,,16.0,40.0,55.0,47.0,39.0,54.0,50.0,36.0,46.0,17.0,6.0,13.0,14.0,2.0,11.0,20.0,8.0,10.0,27.0,24.0,4.5,44.5,53.0,,30.0,7.0,45.0,48.5,4.5,42.5,2.0,38.0,41.0,19.0,35.5,51.0,28.0,24.0,9.0,18.0
2019-09-30,15.0,34.0,43.5,10.0,52.0,50.0,45.0,29.0,27.0,19.0,27.0,44.5,24.0,32.0,45.5,34.5,42.0,44.0,6.0,,1.0,42.0,54.0,54.0,49.0,41.0,48.0,29.5,33.5,5.0,9.5,16.0,23.0,2.0,10.0,3.0,12.5,8.0,38.0,23.0,12.5,51.0,34.0,,21.0,6.0,14.5,49.0,4.0,39.0,16.0,20.0,55.0,48.0,36.5,56.0,19.0,25.0,21.0,27.5
2019-10-02,2.0,4.0,39.0,25.0,41.0,51.0,47.0,22.0,33.0,21.0,19.0,34.0,33.0,33.0,38.0,15.0,47.0,42.5,8.0,,13.0,43.0,27.0,57.0,54.0,52.0,48.0,47.0,41.5,4.0,23.0,6.0,27.5,3.0,17.0,26.0,8.0,10.0,1.0,12.5,36.0,52.0,54.0,,15.5,14.0,30.0,52.0,18.0,43.0,23.0,35.0,44.0,37.0,34.0,56.0,20.0,34.0,6.0,10.0
2019-10-03,8.0,20.5,23.0,25.0,56.0,48.0,35.5,22.0,42.0,16.0,29.0,27.0,31.0,18.0,46.0,36.5,36.0,54.0,38.0,,31.0,44.0,32.0,55.0,50.0,45.5,39.0,42.0,47.0,34.0,3.0,6.0,17.0,11.5,10.0,8.0,24.0,14.0,16.0,2.0,4.0,28.0,53.0,,50.0,4.0,2.0,46.5,16.0,48.0,27.0,10.0,43.0,46.0,38.0,57.0,13.0,26.0,10.0,24.0
2019-10-04,9.0,31.0,42.0,14.0,58.0,46.0,37.5,22.0,36.0,20.0,36.0,16.0,48.0,26.0,44.5,20.0,55.0,52.0,23.5,,12.0,47.0,44.0,53.0,32.0,44.5,55.0,49.5,27.0,30.0,35.0,11.0,5.0,2.0,6.0,28.0,15.0,8.0,4.0,7.0,3.0,35.0,44.0,,47.0,13.0,22.0,47.0,21.0,39.0,1.0,18.0,40.0,33.5,27.0,55.0,18.0,24.5,10.0,34.0
2019-10-08,4.0,1.0,35.0,3.0,54.0,30.0,34.0,36.0,46.0,21.5,34.0,16.0,40.0,30.0,52.0,11.0,48.0,35.0,22.0,,19.0,46.0,53.0,50.0,44.0,22.5,56.0,25.0,45.0,16.0,40.5,6.0,8.0,10.0,7.0,16.0,14.0,12.0,19.0,2.0,13.0,54.0,50.0,,41.0,5.0,27.0,42.5,33.0,40.0,20.0,9.0,39.0,32.5,53.0,49.0,28.5,35.5,24.0,22.0
2019-10-09,1.0,16.0,34.0,14.0,56.0,48.0,44.0,33.0,17.0,2.0,36.0,25.0,41.5,22.0,49.0,32.0,44.5,56.0,21.0,,7.0,43.0,50.0,52.0,47.0,37.0,53.0,35.0,30.0,18.0,28.0,5.0,3.0,4.0,14.0,12.0,8.0,9.0,10.0,26.0,34.0,19.0,37.0,,53.0,22.0,19.0,44.0,45.0,48.0,13.0,31.0,37.0,28.0,42.0,57.0,11.0,32.0,5.0,28.0
2019-10-10,31.0,16.0,31.0,13.0,43.0,41.5,47.0,16.0,57.0,3.0,21.0,25.0,28.0,29.0,35.0,28.5,45.0,57.0,17.0,,7.0,19.0,53.0,28.5,56.0,39.0,54.0,42.0,38.0,25.0,20.0,4.0,8.0,14.0,1.0,4.0,2.0,12.0,34.0,24.0,8.0,45.0,50.0,,50.0,11.0,18.0,49.0,21.0,39.5,33.0,7.0,27.5,36.0,49.0,55.0,37.0,39.5,9.0,30.0
2019-10-11,14.0,5.5,40.0,4.0,44.0,38.0,45.0,27.0,29.5,21.0,29.0,25.0,38.5,37.5,51.0,22.0,57.0,54.0,3.0,,9.0,42.0,31.0,48.0,19.5,21.5,51.0,31.0,47.5,18.0,28.0,12.0,12.0,5.5,10.0,12.0,16.5,2.0,1.0,33.5,8.0,45.0,54.0,,49.0,21.0,35.5,56.0,42.0,47.0,17.0,16.0,23.0,40.0,39.0,54.0,35.0,33.0,7.0,27.0
2019-10-14,11.0,14.0,40.0,10.0,50.5,49.0,19.0,27.0,48.0,25.0,25.0,23.0,27.0,13.0,53.5,34.5,50.0,57.0,15.0,,15.0,48.0,32.5,52.5,39.0,19.0,55.0,45.0,51.0,19.0,32.0,17.0,20.0,8.5,8.5,12.0,4.0,6.0,1.0,30.0,3.0,31.0,43.0,,48.0,5.0,22.0,44.0,37.5,47.0,7.0,23.0,44.0,36.0,34.0,56.5,35.0,29.0,2.0,37.0
2019-10-15,8.0,19.0,40.0,2.0,57.0,44.0,22.5,27.0,15.0,12.0,31.0,18.0,43.5,34.0,52.0,26.0,56.0,52.0,17.0,,15.0,42.0,33.5,52.0,30.5,38.0,50.0,45.0,48.0,9.0,27.0,11.0,4.0,6.0,6.0,4.0,1.0,10.0,31.0,15.0,12.0,33.5,54.0,,50.0,4.0,26.5,44.0,23.0,45.0,25.0,29.0,38.0,44.0,31.5,52.0,36.0,22.0,19.0,34.0
2019-10-16,1.0,16.0,39.0,2.0,55.0,40.0,33.5,32.0,20.0,6.0,29.0,11.0,38.0,22.0,54.0,33.0,23.0,43.0,13.0,,4.0,48.0,54.0,52.0,39.5,29.0,40.0,45.5,51.0,16.0,25.0,25.0,7.0,11.0,5.0,14.5,8.0,18.0,11.0,18.0,3.0,36.5,56.0,,48.0,23.0,21.0,44.5,26.0,45.0,10.0,37.0,16.0,42.0,48.0,52.0,39.0,28.0,35.0,29.0
2019-10-17,32.0,13.0,37.0,7.0,52.5,50.0,33.5,15.0,27.0,28.0,28.0,18.5,44.0,39.0,45.0,32.0,55.0,56.0,18.0,,10.0,42.0,53.0,49.0,24.0,19.0,50.0,40.0,50.0,9.0,2.0,16.0,4.0,14.0,2.0,12.0,4.0,11.0,2.0,21.0,6.0,25.0,44.0,,47.0,21.0,28.0,50.0,21.0,43.0,23.5,25.0,41.0,38.5,30.5,56.0,36.0,8.0,36.0,36.0
2019-10-18,16.0,14.0,35.5,1.0,57.0,43.5,30.0,30.5,48.0,38.0,27.0,23.0,37.0,41.0,41.0,16.0,43.0,57.0,7.0,,11.0,38.0,50.0,53.0,16.5,39.5,55.0,29.0,47.0,38.0,27.0,31.5,3.0,10.0,5.0,6.0,4.0,9.0,8.0,18.0,17.0,20.0,50.0,,44.0,2.0,21.0,54.0,43.5,31.0,36.0,24.0,14.0,32.0,26.0,53.0,25.0,13.0,32.0,46.0
2019-10-21,17.0,10.0,42.0,15.0,58.0,48.0,23.0,15.0,44.0,32.0,1.5,27.0,40.0,35.0,47.5,35.0,46.5,56.0,8.0,,13.0,43.5,52.0,54.0,50.0,44.5,54.0,40.0,25.0,23.0,5.0,11.0,4.0,3.0,19.0,1.5,15.0,7.0,12.0,9.0,6.0,17.0,55.0,,40.0,26.0,19.0,48.0,27.0,41.0,33.5,28.0,36.0,45.5,21.0,34.0,33.0,29.0,24.5,31.0
2019-10-22,4.0,12.0,35.0,2.0,44.0,41.5,21.0,21.0,50.0,37.5,40.5,15.5,46.0,41.0,50.0,31.0,56.0,45.0,13.0,,1.0,42.5,48.0,53.0,38.0,21.0,58.0,34.0,22.0,22.0,8.0,25.0,6.0,7.0,11.0,9.0,14.0,3.0,5.0,10.0,16.0,31.0,55.0,,48.0,31.0,16.0,48.0,21.0,39.0,27.0,18.5,38.0,31.0,41.0,54.0,28.0,25.0,44.0,25.0
2019-10-23,19.0,1.0,35.0,6.0,55.0,47.0,28.0,23.0,39.0,50.0,37.0,28.0,43.0,40.0,45.0,15.0,33.0,46.0,28.0,,2.0,41.0,47.5,53.0,37.0,25.0,43.5,44.0,50.5,19.0,37.0,31.0,5.0,12.0,16.5,8.0,10.0,3.0,28.0,14.0,4.0,47.0,55.5,,55.0,7.0,9.0,31.0,21.5,17.0,31.0,21.0,53.0,33.0,26.0,56.0,11.0,16.0,15.0,28.0
2019-10-24,20.0,2.0,35.0,1.0,4.0,43.0,29.0,13.0,41.0,53.0,41.0,22.0,18.5,50.0,53.5,22.0,44.0,39.0,26.0,,4.0,50.5,54.5,53.0,32.0,9.0,51.0,44.0,52.5,16.0,32.0,45.0,4.0,14.0,8.0,6.0,16.0,11.0,25.0,9.0,37.0,38.0,56.0,,34.0,6.0,18.0,45.0,30.0,28.0,29.0,12.0,40.0,35.0,33.0,47.0,20.0,25.0,28.5,14.5
2019-10-25,9.0,2.0,30.5,12.0,49.5,42.5,16.0,22.0,34.0,16.0,40.0,43.5,42.5,30.0,56.0,46.5,38.5,51.5,15.0,,5.0,50.0,56.0,52.0,27.0,3.0,44.0,38.0,55.0,26.0,34.0,32.5,1.0,10.0,4.0,6.0,19.0,7.0,19.0,8.0,18.0,35.0,55.0,,42.5,16.0,11.0,47.5,29.0,36.0,15.0,22.0,39.0,32.0,24.0,44.0,28.0,22.0,47.0,20.0
2019-10-28,17.0,9.0,26.0,12.0,57.0,39.0,26.0,22.0,42.0,24.5,29.0,46.0,40.0,22.0,54.0,6.0,36.0,54.0,23.0,,7.0,45.0,50.0,56.0,17.0,3.0,47.5,31.0,38.0,26.0,30.0,11.0,2.0,14.0,19.5,3.0,16.0,9.0,13.0,5.0,32.0,43.0,44.0,,46.5,9.0,19.0,53.0,27.0,52.0,37.5,14.0,35.0,30.0,43.0,52.0,45.0,1.0,41.0,35.0
2019-10-29,42.5,10.0,50.0,3.0,31.5,30.0,32.0,8.0,56.0,17.5,33.0,29.5,38.0,20.0,58.0,22.5,47.0,38.0,25.0,,11.0,42.5,47.0,51.0,23.0,2.0,51.0,44.0,48.0,36.0,38.5,32.0,6.0,12.5,17.0,9.0,7.0,14.0,19.0,1.0,17.0,25.5,50.0,,37.5,3.0,14.0,55.0,40.0,31.0,22.0,30.0,24.0,12.5,39.0,53.0,26.0,5.0,44.5,39.0
2019-10-30,41.5,7.0,32.0,4.0,38.0,40.0,20.0,6.0,26.5,23.0,27.0,19.0,26.0,45.5,53.0,26.0,47.0,54.0,18.0,,9.0,42.5,52.0,57.0,19.0,8.0,55.0,41.0,49.5,30.0,39.0,37.0,3.0,13.0,13.0,5.0,1.0,2.0,12.0,10.0,20.0,31.0,52.0,,48.5,16.0,17.5,22.5,43.0,29.0,43.0,13.0,36.0,38.5,32.0,53.0,45.0,25.0,20.0,37.0
2019-10-31,41.0,13.0,39.0,5.0,54.5,44.0,17.0,6.0,47.0,16.0,41.0,21.0,3.0,19.0,55.0,43.0,50.5,53.5,23.0,,9.0,47.0,26.0,50.0,7.0,12.0,41.0,38.0,55.0,35.0,26.0,27.5,1.5,3.0,9.0,8.0,1.5,14.0,32.0,11.0,30.5,34.0,50.0,,37.0,16.0,27.0,34.0,42.5,28.0,45.0,18.0,30.0,20.0,43.0,51.5,41.0,23.0,21.0,38.0
2019-11-01,31.0,14.0,39.0,9.0,46.0,26.0,20.0,2.0,51.0,29.0,38.0,36.0,12.5,38.5,55.0,20.0,39.0,49.0,23.5,,17.0,35.0,52.0,46.0,37.0,1.0,56.0,27.0,53.0,47.5,45.0,17.5,7.0,11.0,5.0,3.0,15.0,4.0,12.5,8.0,23.0,31.0,57.0,,45.0,6.0,17.0,33.0,38.0,20.0,31.5,10.0,29.0,41.0,41.0,51.0,45.0,24.0,29.0,25.0
2019-11-04,30.5,3.0,38.0,9.0,44.5,30.0,16.0,5.0,47.0,45.0,23.5,19.0,7.0,47.0,10.0,46.0,34.5,55.0,35.0,,13.0,38.0,45.0,39.0,43.0,12.0,52.0,32.5,57.0,25.0,42.5,21.0,5.0,2.0,30.0,8.0,15.0,10.0,16.0,1.0,16.0,47.0,56.0,,32.0,20.5,18.5,33.0,52.0,26.0,49.0,21.0,27.0,24.0,45.0,40.5,34.0,5.0,24.5,51.0
2019-11-05,28.0,9.0,47.0,8.0,45.0,37.0,22.0,15.0,50.0,12.0,33.0,31.5,17.0,28.0,45.0,48.0,53.0,55.0,30.0,,20.0,40.0,57.0,55.0,18.0,10.0,17.0,45.0,50.0,21.5,43.0,26.5,7.0,1.0,14.0,2.0,5.0,6.0,18.0,25.0,11.0,54.0,39.0,,25.0,26.0,18.0,40.0,36.0,43.0,15.0,4.0,32.0,35.0,35.5,52.0,39.0,3.0,39.0,25.0
2019-11-06,21.5,2.0,32.0,15.0,54.0,22.0,20.5,6.5,43.0,51.0,42.0,14.5,10.0,44.0,21.0,39.0,54.0,41.0,30.0,,5.0,32.5,56.0,51.5,28.5,8.0,50.0,42.5,56.0,47.0,54.0,11.0,12.0,4.0,26.0,1.0,3.0,14.0,18.0,11.0,17.0,36.0,36.5,,44.0,18.0,8.0,33.0,42.0,45.0,43.0,22.0,38.0,6.5,35.0,29.0,48.0,24.0,37.0,31.0
2019-11-07,25.0,7.0,53.0,10.0,51.0,30.0,18.0,3.0,52.0,25.0,33.0,46.0,10.0,29.0,44.0,21.0,44.0,36.0,29.0,,10.0,43.0,48.5,36.0,55.0,12.0,14.0,38.0,55.0,38.0,19.0,39.0,21.5,8.0,25.0,4.0,1.0,15.0,6.0,5.0,34.0,14.0,42.5,,22.0,17.0,14.0,50.0,32.0,30.0,56.0,19.0,2.0,46.5,26.0,52.0,49.0,27.0,42.0,40.0
2019-11-08,24.0,16.0,44.5,20.0,54.0,24.0,18.0,23.0,51.5,14.0,29.0,37.0,5.5,28.0,56.0,36.0,51.5,47.0,36.0,,11.0,32.0,41.0,55.0,38.0,3.0,30.0,28.0,36.5,18.0,51.0,31.0,13.0,12.0,15.0,1.0,4.0,5.5,24.0,2.0,52.0,8.0,54.0,,44.0,8.0,18.0,43.0,33.0,43.0,47.5,24.0,39.0,37.0,31.0,45.0,47.0,8.0,9.0,20.0
2019-11-11,19.5,11.0,50.5,28.0,52.0,42.0,16.0,31.0,54.0,21.0,40.0,38.0,19.0,25.0,49.0,46.5,21.0,42.0,38.0,,13.0,50.0,36.0,56.0,43.0,2.0,27.0,41.5,53.5,48.5,16.0,36.0,6.0,1.0,9.5,5.0,7.0,8.0,24.0,3.0,14.0,25.0,56.0,,29.0,15.0,12.0,39.0,29.0,25.0,50.0,9.5,32.0,43.5,29.0,33.0,48.0,30.5,4.0,19.0
2019-11-12,25.0,21.0,34.0,30.0,53.0,21.5,19.0,30.0,41.5,12.0,42.5,44.0,14.0,35.5,56.0,47.0,49.0,50.0,30.5,,4.0,36.5,36.0,54.0,45.0,3.0,53.0,34.5,53.0,27.0,43.0,29.5,8.0,10.0,26.0,16.5,7.0,6.0,21.0,5.0,9.0,17.0,56.0,,47.5,12.0,38.0,25.0,40.0,40.5,41.0,13.0,17.0,15.0,23.0,42.0,36.5,1.0,2.0,30.0
2019-11-13,27.0,15.0,31.0,3.0,57.5,19.0,12.0,49.0,44.5,27.5,51.0,42.0,21.0,16.0,48.0,48.0,35.0,49.0,35.0,55.0,5.0,33.5,24.0,55.0,38.0,8.0,41.0,57.0,42.5,49.0,34.0,23.5,2.0,9.0,23.0,10.0,6.0,19.0,4.0,1.0,32.0,26.0,51.0,,44.5,14.0,22.5,29.5,44.5,46.0,22.0,14.0,26.0,39.0,30.0,49.0,33.0,11.0,7.0,31.0
2019-11-14,33.0,14.0,33.0,27.0,52.0,8.0,12.0,26.0,37.0,23.0,45.5,50.0,8.0,29.0,53.0,44.0,52.0,54.0,29.0,49.0,8.0,42.0,33.0,57.5,40.0,11.0,41.0,45.0,49.0,29.0,18.0,19.0,1.0,2.0,13.0,4.0,5.0,9.0,16.0,6.5,22.5,23.5,56.0,,34.0,16.0,42.5,30.0,28.5,54.0,41.0,20.0,20.5,35.0,30.0,33.0,50.5,3.0,22.0,45.0
2019-11-15,30.0,7.0,39.0,28.0,22.0,15.0,18.0,49.0,32.0,29.0,52.0,49.0,19.0,27.0,52.0,43.0,56.0,43.0,23.0,54.0,10.0,47.0,37.0,51.5,33.5,8.0,40.0,55.0,52.0,36.0,18.0,22.0,6.0,3.0,14.0,1.0,5.0,11.0,12.0,4.0,26.5,43.0,47.5,,27.0,16.0,34.5,18.0,34.0,51.0,43.0,23.0,2.0,29.0,49.0,49.0,28.0,13.0,9.0,39.0
2019-11-18,12.0,1.0,39.0,23.0,37.5,20.0,17.0,51.0,50.0,23.0,55.0,49.0,10.0,36.0,45.0,37.5,56.0,58.0,30.0,46.5,3.0,41.0,28.0,54.0,36.0,7.0,29.0,49.0,41.5,16.0,20.0,37.0,13.0,6.0,21.0,4.0,9.0,11.0,34.0,8.0,18.0,47.0,50.0,,35.0,31.0,27.0,16.0,41.0,40.0,38.5,17.0,5.0,25.0,45.0,50.0,43.0,2.0,16.0,29.0
2019-11-19,13.0,9.0,45.0,38.0,38.0,14.0,22.0,35.0,50.0,17.0,48.0,42.0,27.0,23.0,52.0,53.0,53.0,32.0,32.0,57.0,6.0,27.0,31.0,55.0,41.0,23.0,43.0,45.0,56.0,21.0,2.0,30.0,10.0,7.0,19.0,5.0,3.0,4.0,8.0,1.0,45.0,48.0,52.0,,36.0,10.0,41.5,16.0,19.0,19.0,37.5,29.0,12.0,25.0,24.0,51.0,48.5,15.0,35.0,37.0
2019-11-20,5.0,13.0,29.5,41.0,34.5,18.0,19.0,31.0,47.0,29.0,43.5,53.0,24.0,45.0,57.0,52.0,46.0,50.0,39.0,52.0,4.0,56.0,16.0,49.0,43.5,8.0,28.0,57.0,54.0,16.0,23.0,26.0,2.0,1.0,26.0,11.0,9.0,7.0,16.0,4.0,12.0,38.0,49.5,,20.0,24.0,35.0,21.0,36.5,33.0,30.0,10.0,28.0,36.0,4.0,44.0,55.0,15.0,36.0,39.5
2019-11-21,10.0,1.0,54.0,26.0,38.0,6.0,23.0,45.0,38.0,25.0,48.0,37.0,43.5,22.0,50.0,50.0,57.0,34.0,34.0,18.0,13.0,24.0,36.5,52.0,18.0,15.0,41.0,55.0,44.0,17.5,21.0,33.0,8.0,2.0,24.5,7.0,5.0,3.0,4.0,10.0,41.5,51.0,57.0,,34.0,13.0,28.0,16.0,42.0,33.0,39.0,30.0,24.0,34.0,10.0,50.5,51.0,13.0,29.0,44.0
2019-11-22,11.0,5.0,26.0,29.0,50.5,11.0,38.0,26.0,37.0,26.0,41.0,46.0,41.0,37.0,54.5,58.0,49.5,22.0,34.0,45.5,8.0,54.0,21.0,49.5,50.0,14.0,46.0,56.0,35.0,47.0,33.0,28.0,4.0,6.0,29.0,1.0,3.0,2.0,23.0,12.0,42.5,39.0,52.0,,11.0,16.0,37.0,21.0,35.0,16.0,51.0,17.0,18.0,22.0,9.0,17.0,43.0,8.0,38.0,34.0
2019-11-25,11.0,4.0,14.0,27.0,52.0,10.0,13.0,48.5,39.0,33.0,52.0,54.0,32.0,13.0,50.5,49.0,25.0,28.0,41.5,20.0,25.0,43.0,36.5,57.0,39.0,9.0,49.0,53.0,54.0,23.0,17.0,29.0,8.0,1.0,15.0,5.0,3.0,6.0,23.0,7.0,17.5,38.0,45.0,,32.5,13.0,36.0,19.0,41.0,37.0,42.0,26.5,21.0,40.0,32.0,50.5,51.0,2.0,43.0,37.0
2019-11-26,23.0,2.5,45.0,34.0,42.0,8.0,17.0,40.5,53.0,39.0,48.0,49.0,24.0,20.0,54.0,58.0,58.0,53.0,16.0,31.0,20.5,17.0,31.0,55.5,31.5,14.0,37.5,41.0,50.0,30.0,25.0,37.0,5.0,1.0,27.0,17.0,7.0,9.0,6.0,4.0,15.0,48.0,43.0,,27.0,25.0,44.0,14.0,34.0,21.0,38.0,2.5,12.0,36.0,13.0,50.0,50.0,10.0,28.0,43.5
2019-11-27,3.0,5.0,20.0,30.0,47.5,8.0,19.0,37.5,44.0,19.0,52.0,32.0,19.0,46.0,50.0,58.0,53.0,37.0,26.5,21.0,22.0,25.0,32.0,55.0,35.0,12.0,44.5,52.0,54.0,29.0,12.0,37.0,9.0,1.0,14.0,12.0,2.0,7.0,16.0,6.0,41.0,37.0,44.5,,19.0,14.0,47.0,22.5,41.0,12.0,46.0,27.0,28.0,33.0,32.5,49.0,44.0,4.0,34.0,48.0
2019-11-28,23.0,3.5,24.5,45.5,41.5,8.0,17.0,37.0,45.5,29.0,50.5,25.0,12.0,43.5,49.0,52.0,58.0,37.0,40.0,29.0,18.0,21.0,34.0,57.0,29.0,14.0,46.0,51.0,49.5,16.0,25.0,42.0,7.0,10.0,5.0,13.0,2.0,11.0,18.0,6.0,51.0,29.0,43.0,,3.5,30.0,38.0,8.0,38.0,24.0,46.5,28.0,16.0,27.5,36.0,50.0,28.0,1.0,37.0,52.0
2019-11-29,17.0,10.0,19.5,40.5,51.5,12.0,16.0,43.0,32.5,13.0,47.0,44.0,18.0,25.0,54.0,58.0,42.0,47.5,32.0,31.0,25.0,43.0,37.0,57.0,30.0,23.0,51.0,55.0,45.0,7.0,21.0,41.0,6.0,13.0,2.0,4.0,3.0,8.0,23.0,1.0,20.5,44.0,49.0,,35.5,34.0,45.0,9.0,46.0,32.0,21.0,32.5,19.0,10.0,27.0,53.0,50.0,5.0,39.5,24.0
2019-12-02,28.0,2.0,27.5,39.0,49.0,12.0,25.0,45.0,49.0,16.5,50.0,44.5,30.0,21.0,58.0,49.0,56.0,35.0,32.0,45.5,9.0,33.5,19.0,55.0,9.0,14.0,42.0,44.0,29.0,7.0,21.0,32.0,3.5,6.0,19.0,5.0,1.0,14.0,11.0,22.0,37.0,50.0,44.0,,3.5,26.0,36.0,17.0,41.0,29.0,52.0,20.0,14.0,39.0,44.0,54.0,50.0,9.0,37.5,31.5
2019-12-03,37.0,1.0,18.0,47.0,38.0,3.0,27.0,41.0,34.0,21.0,47.0,43.5,24.0,10.0,53.5,50.0,30.0,54.0,27.0,44.5,18.0,46.0,15.0,57.0,21.0,7.0,52.0,54.0,36.0,10.0,41.5,31.0,8.0,6.0,10.0,13.0,4.0,12.0,2.0,14.0,22.0,50.0,56.0,,24.0,21.0,35.0,5.0,36.0,44.0,27.0,31.0,20.0,28.0,33.0,41.0,54.0,17.0,49.0,43.0
2019-12-04,35.0,1.0,6.0,45.0,52.0,4.0,30.0,49.0,21.0,42.0,39.5,50.0,36.0,31.0,57.0,38.0,32.0,55.0,23.5,43.0,11.0,43.0,22.0,54.0,18.0,24.0,53.0,51.0,38.0,8.0,17.0,31.0,2.0,12.0,13.0,10.0,5.0,7.0,3.0,16.0,33.0,47.0,42.0,,14.0,26.5,36.5,20.0,36.0,40.0,31.0,27.0,22.5,25.0,9.0,54.0,44.5,15.0,50.0,37.5
2019-12-05,22.0,7.0,17.0,43.5,53.0,4.0,32.0,48.0,19.0,24.0,47.0,52.0,26.0,24.0,56.0,57.5,40.5,50.0,21.0,27.0,22.0,53.0,15.0,56.0,13.0,22.0,42.0,44.0,54.0,6.0,10.0,30.0,3.0,13.0,11.0,9.0,1.0,8.0,2.0,15.0,5.0,41.0,30.0,,37.0,34.0,45.0,22.0,28.0,47.0,38.0,31.0,34.0,40.0,19.0,36.0,54.0,13.0,47.0,39.0
2019-12-06,13.0,8.0,15.0,41.0,48.5,3.0,33.0,51.0,19.0,28.0,47.0,51.5,9.0,29.0,53.0,42.0,46.0,53.5,16.0,38.0,14.5,42.0,30.0,48.0,26.0,23.0,45.0,56.0,59.0,6.0,11.0,32.0,1.5,21.0,13.0,17.0,5.0,4.0,23.0,7.0,1.5,32.5,38.5,,44.0,36.0,55.0,27.0,19.0,35.0,39.0,13.0,31.5,52.5,10.0,23.5,49.0,30.0,37.5,34.0
2019-12-09,20.0,4.0,5.0,49.5,55.5,17.0,37.0,49.0,24.0,46.5,46.0,56.0,14.0,35.5,54.0,42.0,42.0,51.5,31.0,41.5,21.0,47.0,29.0,35.0,22.0,24.5,37.0,52.0,48.0,7.0,1.0,29.0,10.0,18.0,12.0,8.0,6.0,2.0,10.0,18.0,13.0,31.5,43.0,,10.0,29.5,25.0,3.0,37.5,43.0,34.5,33.0,16.0,29.0,14.0,52.0,54.0,22.0,50.0,42.0
2019-12-10,19.0,8.0,9.0,38.5,56.0,7.0,21.0,50.0,15.0,34.0,42.0,57.0,31.0,32.0,53.0,48.0,43.5,39.0,41.0,23.0,17.0,36.0,32.0,58.0,28.0,4.0,52.0,45.0,55.0,5.0,2.0,22.0,1.0,15.0,21.0,6.0,10.0,3.0,13.0,25.0,12.0,41.0,42.0,,22.0,38.0,33.0,11.0,24.0,43.0,41.5,31.5,25.0,40.0,15.0,20.0,52.0,29.0,47.0,49.0
2019-12-11,27.0,1.0,17.0,41.0,52.0,2.0,15.0,46.0,14.0,45.0,42.5,54.0,36.0,24.0,55.0,50.0,52.0,42.5,44.5,38.0,12.0,42.0,33.0,57.0,18.0,18.0,43.0,47.0,52.5,8.0,18.0,34.0,10.0,11.5,12.0,6.0,3.0,7.0,30.0,5.0,21.0,46.0,47.0,,28.0,39.0,34.0,4.0,35.0,21.0,27.0,24.0,9.0,21.0,23.0,53.0,48.0,47.0,29.0,27.0
2019-12-12,2.0,1.0,30.0,49.0,53.0,4.0,5.0,45.0,21.0,33.0,46.0,47.5,16.0,21.5,56.0,47.0,35.0,40.0,27.0,30.0,19.0,34.0,26.0,57.0,24.0,13.0,49.5,52.0,57.0,3.0,21.5,25.0,7.0,17.0,15.0,9.0,5.0,10.0,13.0,8.0,35.0,38.0,52.0,,17.0,49.0,43.0,28.0,38.0,44.0,38.0,23.0,31.0,40.0,13.0,15.0,50.0,18.0,41.0,45.0
2019-12-13,21.0,7.0,11.0,47.0,55.0,2.0,3.0,38.0,6.0,50.0,26.0,59.0,20.0,31.5,42.0,50.0,21.0,52.5,32.5,34.0,34.0,46.5,16.0,58.0,19.0,32.0,41.0,50.0,49.5,1.0,18.0,40.0,9.0,27.0,23.0,12.0,8.0,5.0,10.0,14.0,23.0,51.0,47.5,,14.0,30.0,33.0,4.0,38.0,32.0,37.0,34.5,16.0,53.0,14.0,25.0,51.0,26.5,44.0,42.5
2019-12-16,23.0,5.0,28.5,44.0,50.0,3.0,17.0,40.0,15.0,47.0,33.5,56.0,9.0,32.0,57.0,52.0,37.0,53.0,36.0,39.0,16.0,47.0,17.5,50.0,6.0,23.0,45.0,53.0,57.0,4.0,13.0,25.0,11.0,13.0,25.0,7.0,2.0,1.0,10.0,8.0,19.0,55.0,49.0,,20.0,37.0,30.0,38.0,34.0,27.0,37.0,28.0,34.0,16.0,21.0,46.0,44.0,19.0,33.0,41.0
2019-12-17,24.0,10.0,17.0,49.0,54.0,8.0,11.0,42.5,20.0,37.5,38.0,57.0,9.0,26.0,50.0,42.0,13.0,44.0,33.0,42.0,15.0,52.0,34.0,57.0,3.0,20.5,44.0,55.0,54.0,1.0,5.0,34.0,7.0,28.0,13.0,21.5,6.0,4.0,13.0,2.0,20.0,56.0,27.0,,36.0,27.0,42.0,15.0,46.0,31.0,37.5,34.0,39.0,20.0,26.0,29.5,48.0,17.0,50.0,45.0
2019-12-18,36.0,17.0,12.0,41.0,54.0,1.0,13.0,28.0,30.0,37.0,42.0,58.0,4.0,29.5,57.0,44.0,16.0,47.0,42.0,36.0,21.0,46.0,33.0,56.0,5.0,21.0,48.0,54.0,33.5,6.0,9.0,40.0,9.0,19.0,13.0,27.0,3.0,2.0,7.0,10.5,19.0,50.0,51.0,,9.0,28.0,22.0,16.0,31.0,20.0,49.0,47.0,24.0,26.0,26.0,48.0,49.0,31.0,41.0,38.0
2019-12-19,18.0,12.0,4.0,40.0,54.0,2.0,27.0,31.0,10.0,44.0,24.0,55.0,23.0,50.0,56.0,36.0,38.0,55.0,45.0,29.0,14.0,47.0,39.5,58.0,13.0,15.0,49.0,53.0,50.5,6.0,8.0,32.5,3.0,18.0,17.0,26.0,10.0,7.0,1.0,10.0,5.0,24.0,45.5,,25.0,42.0,32.0,16.0,41.0,25.0,38.0,33.0,36.0,22.0,20.0,42.0,45.0,33.5,41.0,37.0
2019-12-20,25.0,16.0,10.0,41.0,54.5,18.0,27.0,12.0,7.0,30.0,23.0,57.0,4.0,22.0,53.0,49.0,38.0,32.0,28.0,51.0,21.0,52.0,18.0,56.0,8.0,22.5,43.0,50.0,52.0,2.0,9.0,24.0,13.0,31.0,11.0,21.5,6.0,1.0,5.0,15.0,14.0,55.0,48.0,,30.0,44.5,40.0,17.0,45.0,36.0,39.0,36.5,32.0,34.0,3.0,45.0,45.5,30.0,41.0,36.0
2019-12-23,31.0,2.0,7.0,46.0,53.0,12.0,19.5,33.0,16.0,29.0,6.0,58.0,16.0,20.0,49.0,39.0,31.0,34.0,17.0,26.0,41.0,38.0,19.0,56.0,4.0,36.0,49.0,54.0,57.0,10.0,5.0,26.0,14.0,28.0,11.0,13.0,8.0,1.0,3.0,9.0,32.0,41.5,52.0,,19.0,47.0,28.0,22.0,50.0,34.0,45.0,44.0,41.0,27.0,38.0,45.0,50.0,22.0,28.0,41.0
2019-12-24,19.0,8.0,2.0,52.0,57.0,1.0,36.0,27.0,11.0,39.0,14.0,58.0,9.0,20.5,50.0,37.0,35.5,39.0,30.0,42.0,21.0,48.5,23.0,52.0,6.0,28.0,43.0,52.0,55.0,13.0,11.0,19.0,20.5,40.0,11.0,18.5,7.0,5.0,3.0,4.0,33.0,54.0,46.0,,22.5,32.5,29.0,15.0,50.0,36.0,38.0,34.0,33.0,17.0,25.0,55.0,45.0,33.5,37.0,47.0
2019-12-27,19.0,37.0,5.0,46.0,56.0,1.0,32.0,33.0,12.0,35.0,13.0,55.0,20.0,16.0,47.0,53.0,24.5,36.0,22.5,46.0,40.0,47.0,27.0,50.0,8.0,13.0,53.0,55.0,58.0,16.0,26.0,24.0,24.0,19.0,11.0,20.0,10.0,3.0,2.0,4.0,24.0,51.0,50.0,,16.0,36.0,30.5,7.0,44.0,23.0,29.0,44.0,34.0,6.0,7.0,47.0,43.0,29.5,38.5,40.0
2019-12-30,32.0,12.0,19.0,51.5,58.0,5.0,16.0,28.0,10.0,19.0,13.0,45.0,5.0,44.0,51.0,42.0,20.0,43.0,41.0,58.0,20.0,38.0,16.0,30.0,2.0,36.0,42.0,54.0,56.0,8.0,2.0,36.0,23.0,45.0,17.0,25.0,11.0,3.0,7.0,9.0,32.0,49.0,46.0,,19.5,24.0,28.5,3.0,44.5,26.0,25.5,41.0,37.0,14.0,29.0,53.0,52.0,37.0,32.5,50.0
2019-12-31,14.0,11.0,3.0,49.0,51.0,6.0,11.0,46.0,5.0,33.0,21.0,41.0,13.0,30.5,58.0,53.0,20.5,36.0,34.0,23.0,16.0,27.0,24.0,48.0,2.0,32.0,46.0,54.0,51.0,1.0,4.0,26.0,30.0,15.0,26.5,28.0,8.0,24.0,11.0,11.0,49.0,56.0,56.5,,32.0,39.0,37.0,7.0,36.0,24.0,43.0,40.0,20.5,16.0,23.0,56.0,38.0,25.0,44.0,46.0
2020-01-02,19.0,16.0,45.0,34.0,53.0,21.0,3.0,39.0,7.0,36.0,32.0,32.0,18.0,27.0,58.0,58.0,6.0,51.0,38.0,24.0,26.0,41.0,27.5,55.0,1.0,24.0,46.0,54.0,38.0,10.0,12.0,16.0,33.0,18.5,37.0,26.0,4.0,13.0,9.0,8.0,28.5,48.0,45.0,,26.0,50.0,37.0,5.0,44.0,41.0,29.0,44.0,26.0,11.0,2.0,56.0,47.0,23.0,14.0,48.0
2020-01-03,21.5,16.5,33.0,45.0,52.0,10.0,11.0,13.0,14.0,47.0,24.0,41.0,5.0,32.0,58.0,46.0,15.0,29.0,38.0,50.5,19.0,41.0,39.0,57.0,8.0,12.0,47.0,55.0,28.0,1.0,3.0,44.5,19.0,36.5,27.0,41.0,9.0,2.0,28.0,6.0,33.0,48.0,45.0,,20.0,36.0,32.0,5.0,45.0,20.0,37.0,46.0,39.5,16.0,5.0,24.0,48.5,26.0,23.5,53.0
2020-01-06,20.0,5.0,12.0,49.0,55.0,22.0,6.0,39.0,3.0,49.0,36.0,35.0,9.0,35.0,57.0,32.0,16.0,36.0,46.0,45.5,25.0,37.5,37.0,57.0,18.0,20.0,41.0,50.0,31.0,8.0,12.0,40.0,2.0,28.0,29.0,11.0,4.0,25.0,24.0,14.0,27.0,45.5,43.0,,1.0,52.0,30.0,9.0,48.5,15.0,32.0,45.0,22.0,20.0,7.0,56.0,45.0,17.0,51.0,40.0
2020-01-07,20.0,4.0,10.0,48.0,50.0,33.0,1.0,43.0,3.0,40.0,40.0,46.5,24.0,37.0,58.0,55.0,18.0,55.0,55.5,56.0,37.0,32.0,42.0,51.5,2.0,8.0,47.5,8.0,30.0,14.0,18.0,32.0,13.0,22.0,16.0,26.0,8.0,28.0,20.0,11.0,26.0,53.0,30.0,,6.0,48.0,45.0,16.0,39.0,33.0,36.5,44.5,31.0,28.0,11.0,34.0,5.0,16.0,26.5,46.5
2020-01-08,16.0,11.0,32.0,41.5,47.0,20.0,21.0,43.5,5.0,49.5,39.0,54.0,14.0,36.0,45.5,53.0,15.0,23.5,35.5,38.0,10.0,18.0,46.0,43.0,2.0,22.0,58.0,54.0,41.0,1.0,8.0,26.0,26.0,19.0,4.0,38.0,9.0,30.0,16.0,12.0,24.0,39.0,29.0,,3.0,51.0,49.0,14.0,50.0,43.0,33.0,42.0,39.0,21.0,7.0,52.5,26.0,6.0,34.5,48.0
2020-01-09,15.0,10.0,7.0,38.0,53.0,27.0,26.0,26.0,1.0,44.0,36.5,56.0,24.0,32.0,52.5,48.0,8.0,23.0,49.0,49.0,14.0,19.0,38.0,43.0,10.0,16.0,27.0,55.0,51.0,4.0,3.0,37.0,21.0,22.0,16.0,33.5,6.0,12.0,10.0,13.0,32.0,35.0,47.0,,2.0,42.5,44.0,24.0,53.0,38.0,21.0,44.5,31.0,39.0,5.0,57.0,25.0,31.0,41.0,58.0
2020-01-10,12.0,3.0,18.0,53.0,52.0,5.0,23.0,41.0,2.0,47.0,41.5,45.5,18.0,34.0,56.0,53.0,10.0,33.0,42.0,57.0,26.5,18.0,44.0,44.0,4.0,20.0,32.0,46.5,40.0,13.0,11.0,53.5,34.0,16.5,29.0,26.0,6.0,38.0,9.0,15.0,47.0,30.0,51.5,14.0,8.0,35.0,20.5,1.0,25.0,34.0,41.0,45.0,29.0,24.0,7.0,56.0,25.0,37.0,38.5,48.0
2020-01-13,8.0,14.0,17.0,32.0,35.0,4.0,49.5,46.0,1.5,46.0,42.0,52.0,46.0,29.0,51.0,46.0,7.0,33.0,54.0,55.0,52.0,27.0,53.0,37.0,14.0,9.0,56.0,46.0,28.0,12.0,5.0,33.0,22.0,14.0,1.5,16.5,9.5,30.5,21.0,3.0,28.0,51.0,35.5,23.0,11.0,42.0,22.0,26.0,54.0,24.5,41.0,43.0,43.0,38.0,18.0,53.5,18.0,21.0,6.0,39.0
2020-01-14,12.0,30.0,23.0,33.0,47.0,34.0,24.0,52.0,3.0,51.0,38.0,58.0,37.0,39.5,50.0,50.5,8.0,8.0,46.5,22.0,34.0,25.0,40.0,35.5,1.0,18.0,53.0,34.5,17.0,13.0,4.0,30.5,2.0,15.0,21.0,30.0,6.0,24.0,25.0,6.0,15.0,43.0,52.0,10.0,11.0,57.0,46.0,21.0,49.0,33.0,48.0,45.5,29.0,45.0,39.0,50.0,22.5,14.0,5.0,53.0
2020-01-15,29.0,20.0,49.0,22.5,51.5,21.0,44.5,45.0,5.0,54.0,45.5,49.5,40.5,51.0,43.5,58.0,12.0,15.0,51.5,27.0,39.0,26.0,39.5,28.0,11.0,17.0,19.0,34.5,6.0,7.0,4.0,33.0,3.0,2.0,35.0,37.0,10.0,29.0,22.5,14.0,1.0,48.0,53.0,9.0,8.0,56.5,16.0,33.5,44.0,45.0,41.0,45.0,38.5,54.5,24.0,37.0,24.0,17.0,12.0,47.0
2020-01-16,14.5,25.0,43.0,39.5,55.0,6.0,46.0,40.0,5.0,41.0,44.0,42.0,35.5,36.0,49.0,53.0,17.0,4.0,43.0,57.0,51.0,23.0,50.0,28.0,20.0,11.0,44.0,16.0,46.0,9.0,7.0,40.5,14.5,6.0,22.0,23.0,13.0,43.5,2.0,3.0,10.0,56.0,52.0,25.5,1.0,54.0,35.0,33.0,33.0,23.0,34.5,25.0,29.0,31.0,12.0,38.0,20.0,16.0,33.5,50.0
2020-01-17,5.0,27.5,13.0,40.0,52.0,16.0,28.0,50.0,3.0,44.0,46.0,42.5,21.0,27.0,49.0,52.0,11.0,6.0,54.0,58.0,43.0,34.0,33.0,45.0,8.0,13.0,52.0,31.0,44.0,7.0,2.0,46.5,27.0,21.0,23.5,29.0,12.5,42.0,4.0,10.0,18.0,56.5,51.0,35.0,1.0,42.5,39.0,10.0,49.0,34.0,35.0,40.0,31.0,15.0,20.0,49.0,21.0,16.0,35.0,35.0
2020-01-20,8.0,6.0,26.0,29.0,56.0,16.0,43.0,52.0,2.0,20.5,46.0,37.0,35.0,51.5,50.0,42.0,25.0,20.0,56.0,49.0,53.0,28.0,46.5,24.0,10.0,17.0,30.0,41.0,45.0,3.0,4.0,43.0,35.0,21.0,44.0,13.0,19.0,38.0,15.0,22.0,8.0,51.5,54.0,6.5,1.0,35.0,12.0,24.0,54.0,18.0,50.0,48.0,8.0,31.0,33.5,51.0,31.0,14.0,9.0,36.0
2020-01-21,8.0,18.0,35.5,18.0,58.0,23.0,38.0,40.5,11.0,50.0,43.0,49.0,28.0,47.0,33.0,53.0,8.0,5.0,20.0,59.0,33.0,26.0,46.0,40.0,3.0,18.0,29.5,44.0,50.0,17.0,1.0,14.0,23.0,14.0,31.0,31.5,27.0,36.0,9.0,6.0,7.0,53.5,56.5,11.0,2.0,55.0,35.0,24.0,46.0,47.0,35.0,42.5,44.0,39.0,27.0,52.0,14.0,4.0,22.0,29.0
2020-01-22,7.0,2.0,13.0,23.0,56.0,17.0,36.0,33.0,8.0,26.5,38.0,40.5,29.5,59.0,46.0,51.0,6.0,15.0,35.0,47.5,45.5,17.0,52.0,21.0,1.0,13.0,53.5,55.5,42.0,11.0,12.0,24.0,37.0,3.0,27.5,28.0,9.0,41.0,11.0,23.0,19.0,30.5,44.0,16.5,4.0,42.5,21.0,42.0,53.0,48.0,46.0,41.0,27.0,36.5,49.0,46.0,28.0,5.0,37.0,57.0
2020-01-23,3.0,14.5,21.0,33.0,56.0,15.0,41.0,35.5,7.0,26.0,51.0,31.5,21.0,56.0,28.0,42.0,13.5,20.0,38.5,43.0,48.5,35.5,41.5,17.0,2.0,11.0,44.0,51.5,54.0,4.0,1.0,34.0,30.0,18.0,8.0,6.0,10.0,44.0,9.0,17.0,37.0,52.0,46.0,24.0,12.0,31.0,27.0,27.0,45.5,51.5,26.0,38.5,48.0,46.0,43.0,17.0,22.0,5.0,41.0,54.0
2020-01-24,13.0,37.5,30.0,26.0,57.0,16.0,16.0,40.0,3.0,48.0,42.0,43.0,34.5,43.0,55.0,46.0,9.0,2.0,42.0,50.0,25.0,22.0,52.0,31.0,6.0,5.0,43.5,51.0,48.0,19.0,4.0,29.0,8.0,12.0,23.0,30.0,6.0,34.0,14.0,16.0,23.0,37.0,45.0,19.0,11.0,51.0,33.0,55.0,52.0,48.0,44.5,47.5,30.0,22.5,1.0,39.5,19.0,10.0,30.0,53.5
2020-01-29,7.0,11.0,20.0,20.0,54.0,21.0,15.0,51.5,11.0,39.5,30.0,18.0,36.5,43.0,41.5,53.0,13.0,23.0,37.5,49.5,37.5,33.0,48.5,45.0,6.0,32.0,43.0,51.0,47.0,1.0,9.0,44.0,8.0,17.0,27.0,13.0,4.0,37.0,17.0,29.0,4.0,56.0,54.0,32.5,10.0,33.0,15.0,57.0,24.0,27.0,41.0,44.0,25.0,49.0,2.0,50.0,38.5,4.0,23.0,56.0
2020-01-30,7.0,2.0,36.5,31.5,56.0,22.5,30.0,51.0,9.0,40.5,55.0,30.0,38.0,34.0,49.5,54.0,13.0,3.0,24.0,45.5,46.5,27.0,55.0,32.0,4.0,36.0,23.5,47.0,47.0,11.0,10.0,39.0,8.0,11.0,19.0,20.0,6.0,48.0,25.0,15.0,4.0,54.0,47.0,28.0,1.0,51.0,15.0,33.0,26.0,48.0,43.5,55.0,22.0,45.0,17.0,26.0,20.0,15.0,38.0,49.0
2020-01-31,2.0,20.0,31.0,29.0,44.5,14.0,41.0,28.0,16.0,46.0,47.5,33.0,33.0,43.0,5.0,54.0,2.0,11.0,21.0,50.0,51.0,29.0,56.0,32.5,8.0,18.0,31.0,56.0,44.0,18.0,12.0,46.0,25.0,5.0,8.0,25.0,10.0,42.5,15.0,21.0,2.0,57.0,51.5,23.0,13.0,41.0,6.0,32.0,50.0,44.0,23.0,44.0,49.0,35.0,18.0,43.0,40.5,5.0,31.0,59.0
2020-02-03,4.0,27.0,42.0,11.5,57.0,24.0,39.0,27.0,12.0,46.5,51.5,37.0,36.0,30.0,22.0,34.0,9.0,6.0,44.0,35.0,46.0,37.0,57.0,54.0,7.0,3.0,22.0,39.5,33.5,40.0,5.0,44.0,12.0,15.0,20.0,16.0,19.0,39.0,14.0,33.0,10.0,56.0,52.0,17.0,1.0,57.0,22.0,42.0,45.0,49.0,48.0,53.0,51.5,26.0,8.0,29.0,26.0,2.0,19.0,38.0
2020-02-04,9.0,16.5,39.0,33.0,51.0,19.0,52.5,50.0,12.0,46.5,55.0,16.0,32.0,35.0,10.0,39.5,1.0,4.0,24.0,38.0,58.0,22.0,59.0,40.0,14.0,38.0,37.5,26.0,46.5,16.0,17.5,35.5,4.0,2.0,8.0,7.0,21.5,45.0,26.0,18.0,12.0,50.0,31.0,24.0,10.0,45.0,5.0,47.5,43.0,33.0,48.5,55.0,42.0,24.0,51.0,30.0,44.0,4.0,27.0,47.5
2020-02-05,3.0,56.0,29.0,10.0,55.0,6.0,50.0,37.0,4.5,49.5,46.0,17.0,34.0,43.5,26.0,47.0,1.5,4.5,23.0,46.5,55.0,39.0,30.0,34.0,21.0,38.5,30.0,47.5,46.0,13.0,12.0,38.5,31.0,24.0,20.0,1.5,14.0,44.0,16.0,29.0,20.0,51.0,43.0,17.0,11.0,18.5,8.0,33.0,46.0,27.0,8.0,26.5,43.0,14.0,58.0,42.5,38.0,8.0,50.0,55.0
2020-02-06,5.0,40.0,49.0,15.0,57.0,4.0,35.0,38.0,9.0,51.5,49.5,31.0,12.0,8.0,43.0,59.0,6.0,2.0,41.5,47.0,45.0,39.0,56.0,31.5,11.0,40.0,46.0,19.0,28.5,24.0,20.0,45.0,3.0,18.0,16.0,7.0,37.5,37.0,10.0,12.0,23.0,56.0,53.0,15.0,1.0,41.0,23.0,40.0,20.0,26.0,22.0,29.5,29.0,43.5,32.0,53.0,36.0,16.0,48.0,53.0
2020-02-07,10.0,35.0,34.0,49.0,57.0,4.0,52.0,55.0,17.0,40.0,57.0,18.5,27.0,30.0,21.0,48.0,9.0,2.0,21.0,52.0,55.0,23.5,57.0,33.0,1.0,40.0,46.5,50.0,46.0,12.0,20.0,40.0,28.0,3.0,6.0,7.0,4.0,31.0,14.5,32.0,35.5,54.0,54.0,10.0,14.0,32.5,12.0,33.5,10.0,27.0,35.0,38.0,31.0,23.0,43.0,42.0,20.0,16.0,33.0,46.0
2020-02-10,4.0,30.0,35.0,13.0,55.0,12.0,25.5,33.0,3.0,45.0,39.5,20.5,6.0,40.0,17.0,55.0,10.0,22.0,28.0,52.5,40.0,25.0,58.0,49.0,6.0,32.5,56.0,48.0,43.0,28.0,13.0,40.5,6.0,2.0,8.0,9.0,36.0,28.0,19.0,15.0,38.0,48.0,51.0,12.0,17.5,44.0,27.0,49.0,21.0,21.0,30.0,37.0,47.0,37.0,52.0,53.0,17.0,1.0,45.5,43.5
2020-02-11,4.0,45.0,27.0,46.0,59.5,13.0,40.0,45.0,6.0,38.0,47.0,10.0,9.0,36.0,16.5,55.0,1.5,30.0,40.0,54.0,41.0,21.0,45.0,37.0,1.5,50.5,28.0,49.0,32.0,16.0,22.0,54.0,25.0,7.0,6.0,11.0,18.0,26.5,3.0,13.0,34.0,57.0,51.0,15.0,13.0,36.0,7.0,47.0,44.0,27.0,33.0,35.0,22.0,33.0,41.0,53.0,25.0,26.0,21.0,45.5
2020-02-12,2.0,43.0,33.5,18.0,53.0,15.0,48.0,19.0,9.0,52.0,34.0,18.0,30.5,36.0,12.0,51.0,1.0,22.5,55.5,47.5,50.0,34.0,54.0,34.0,7.0,45.0,33.0,42.0,46.0,20.0,25.0,38.0,11.0,5.0,9.0,4.0,22.0,25.0,13.0,16.0,6.0,50.0,50.0,21.0,9.0,33.5,3.0,55.0,37.5,29.0,30.0,43.0,13.0,30.0,48.5,46.0,47.0,21.0,39.0,51.0
2020-02-13,5.0,16.0,53.0,40.0,57.0,18.0,32.0,15.0,1.0,34.0,24.0,28.0,20.5,57.0,35.0,46.0,16.0,4.0,54.5,56.0,39.0,8.0,40.5,36.0,13.0,51.0,36.0,42.0,51.0,16.0,25.0,48.5,11.0,3.0,2.0,17.0,9.0,50.0,7.0,12.0,29.0,55.0,45.0,9.0,6.0,35.0,21.0,52.0,46.0,33.0,24.0,26.0,27.0,37.0,48.0,42.0,30.0,28.0,26.0,49.0
2020-02-14,1.0,18.0,39.0,48.0,58.0,3.0,32.0,8.0,4.0,55.5,26.0,26.0,13.0,53.0,21.0,48.0,10.0,12.0,39.0,55.0,53.5,25.0,51.0,34.0,5.0,39.0,43.0,30.0,55.0,15.0,27.0,31.5,15.0,6.5,2.0,16.0,32.0,29.0,11.0,22.0,43.0,56.0,48.0,32.0,6.5,44.5,41.0,55.0,8.0,47.0,17.0,19.0,19.0,50.5,36.0,46.5,37.0,25.0,22.0,35.0
2020-02-17,3.0,27.0,15.0,38.0,48.0,1.0,24.0,16.0,2.0,49.0,18.0,23.0,14.0,26.0,18.0,36.0,11.0,53.0,52.0,57.0,54.0,10.0,51.0,50.0,7.0,50.0,24.0,30.0,32.0,44.5,8.0,42.5,5.0,14.0,12.0,6.0,24.5,46.0,8.0,21.0,45.0,55.0,40.0,31.0,22.0,47.5,20.0,58.0,36.0,50.0,33.0,41.0,4.0,52.5,36.0,31.0,33.0,17.0,29.0,49.0
2020-02-18,1.0,52.5,22.0,45.0,39.0,8.0,37.0,20.0,34.0,33.0,23.0,25.0,19.0,35.0,28.0,50.0,16.0,23.0,54.0,55.0,59.0,30.0,49.0,52.0,14.0,52.0,33.5,42.0,33.0,14.0,14.5,46.0,4.0,10.0,3.0,7.0,11.0,42.0,2.0,16.0,23.0,57.0,39.0,12.0,19.0,28.0,5.0,38.5,44.0,35.0,48.0,50.0,6.0,30.5,51.0,9.0,25.0,21.0,45.5,50.5
2020-02-19,12.5,21.0,30.0,35.0,57.0,8.0,25.0,9.0,4.0,45.5,16.0,51.5,20.0,56.0,34.5,47.0,5.0,44.0,52.0,42.0,59.0,20.0,48.0,57.0,17.0,53.0,31.0,28.0,38.0,34.5,22.0,23.0,10.5,3.0,6.0,1.0,53.5,28.0,2.0,38.0,37.0,44.0,39.0,25.0,15.0,49.0,23.0,39.0,10.5,52.0,15.0,49.0,17.0,46.0,34.5,5.0,35.0,15.0,26.0,41.0
2020-02-20,9.0,26.0,29.0,39.0,46.0,10.0,20.0,3.0,16.0,47.0,15.5,44.5,25.0,43.0,7.0,39.0,1.0,49.0,44.5,36.0,56.0,15.0,38.0,57.0,20.0,45.0,29.0,32.0,34.0,54.0,13.0,18.0,5.0,2.0,4.0,6.0,52.5,25.0,8.0,23.0,27.0,41.0,32.0,12.5,47.0,51.0,14.0,53.0,13.0,55.0,34.0,57.0,17.0,47.0,37.0,33.0,35.0,25.0,23.0,57.0
2020-02-21,9.0,32.0,27.5,44.0,58.0,4.0,39.0,9.5,26.0,31.0,8.0,33.0,12.0,27.0,16.0,27.0,13.0,24.0,59.0,49.0,51.5,22.5,56.0,55.0,14.0,42.5,40.0,36.0,46.5,48.0,32.0,28.0,3.0,5.0,1.0,2.0,43.0,31.0,11.0,19.0,36.5,42.5,51.0,7.5,18.0,36.0,7.0,49.5,27.5,41.5,37.0,52.0,14.0,20.0,47.0,49.0,38.0,18.0,19.0,51.0
2020-02-24,20.0,16.0,28.0,44.0,56.5,2.0,17.0,5.0,10.0,26.5,14.0,32.0,12.0,43.5,18.0,36.0,6.0,35.0,59.0,55.0,51.0,25.0,52.5,48.0,11.0,48.0,19.5,34.0,39.0,46.0,8.0,16.0,1.0,9.0,3.0,4.0,42.5,27.0,7.0,21.0,38.0,48.0,49.5,30.0,39.0,25.0,11.0,43.0,38.0,53.0,54.5,50.5,22.0,50.0,47.0,30.0,28.0,23.0,29.0,53.0
2020-02-25,12.0,16.0,30.5,41.0,57.0,16.0,28.0,2.0,12.0,36.5,5.0,49.0,6.0,27.0,18.0,33.5,4.0,43.0,53.0,49.0,55.0,26.0,53.0,50.0,9.0,41.0,28.0,37.0,34.0,50.0,24.0,14.0,8.0,3.0,1.0,14.0,37.0,29.0,7.0,12.0,32.0,45.0,44.0,21.0,39.5,53.0,19.0,55.0,10.0,57.0,29.0,46.0,23.0,51.0,39.0,25.0,23.5,30.0,28.0,57.0
2020-02-26,33.0,5.0,39.0,49.0,56.0,12.0,4.0,11.0,10.0,41.0,1.0,30.0,6.0,37.0,17.0,39.0,15.0,22.0,51.0,46.0,57.5,12.0,59.0,34.5,3.0,43.0,18.0,32.0,27.5,52.0,56.0,18.0,9.0,14.0,2.0,17.0,49.0,22.0,7.0,22.0,29.0,37.0,55.0,25.0,43.0,28.5,8.0,42.0,18.0,48.0,35.0,39.0,26.0,50.0,51.0,56.0,27.0,40.5,25.0,36.0
2020-02-27,12.0,30.5,37.0,48.0,51.0,1.0,19.5,10.0,24.0,44.0,6.0,38.0,13.0,26.0,23.0,35.5,2.0,34.5,59.0,52.0,55.0,11.0,58.0,46.0,16.0,29.0,35.0,43.0,45.0,49.0,22.0,17.0,8.0,7.0,5.0,4.0,30.0,13.0,3.0,25.0,39.0,40.0,50.0,28.0,19.0,46.5,17.0,15.0,22.0,39.0,9.0,54.0,34.0,57.0,43.5,24.0,46.5,42.0,33.0,54.0
2020-02-28,17.0,23.0,39.0,55.0,47.0,9.0,23.0,5.0,16.0,57.0,2.0,36.0,14.0,45.0,27.0,27.0,1.0,32.0,48.5,44.0,45.0,19.0,55.0,42.0,21.0,41.0,25.0,47.5,50.0,36.0,13.0,4.0,6.0,7.0,8.0,11.0,28.0,22.0,3.0,10.0,47.0,36.0,55.5,15.0,16.0,53.0,33.0,13.0,30.0,56.0,28.0,40.5,46.0,51.0,43.0,22.0,50.0,36.5,25.0,38.5
2020-03-02,26.0,14.0,10.0,51.0,53.0,11.0,14.0,8.0,24.5,38.0,7.0,54.0,22.0,21.0,30.0,27.0,3.0,37.0,43.5,54.0,49.0,2.0,39.0,44.0,20.0,25.0,25.0,36.0,39.5,46.0,19.0,1.0,12.0,9.0,4.0,5.0,35.0,16.0,6.0,32.0,32.0,43.0,47.0,16.0,30.5,47.5,43.5,33.0,17.0,52.0,23.0,48.0,41.0,56.5,52.0,24.5,52.0,47.0,17.0,59.0
2020-03-03,20.5,35.0,8.0,52.0,50.0,2.0,20.0,9.0,18.0,30.0,6.0,49.0,12.0,38.0,25.0,36.0,5.0,30.0,26.0,49.5,54.0,1.0,28.0,57.0,14.0,53.0,15.0,44.0,42.0,58.5,40.0,18.0,11.0,10.0,3.0,4.0,45.0,23.0,7.0,15.0,22.0,35.0,49.0,19.0,38.0,45.0,30.0,30.0,13.0,51.0,23.0,33.0,42.0,59.0,45.0,33.5,44.5,37.0,24.0,56.0
2020-03-04,18.0,42.5,32.5,40.5,57.0,5.0,15.0,4.0,12.0,28.0,11.0,40.0,29.0,24.0,16.0,46.0,12.0,24.0,43.0,53.0,56.0,23.0,41.0,53.0,19.0,30.5,38.0,26.0,43.0,56.0,51.0,14.0,1.0,2.5,9.0,6.0,48.0,22.0,7.0,17.0,2.5,34.0,54.0,37.0,30.0,48.5,10.0,20.0,8.0,35.5,26.0,29.0,28.0,55.0,37.0,35.5,53.0,35.5,46.5,49.0
2020-03-05,22.0,23.0,42.0,44.5,58.0,3.0,23.5,12.0,20.0,27.0,6.0,31.0,29.0,47.0,12.5,43.0,10.0,24.0,40.5,54.0,59.0,2.0,52.0,56.0,23.0,40.0,35.0,29.0,47.0,57.5,54.0,14.0,8.0,7.0,1.0,5.0,53.0,31.5,3.0,17.0,9.0,33.0,49.0,20.0,44.0,38.0,30.0,15.0,12.0,44.0,16.0,31.5,23.0,51.0,45.0,29.0,44.0,31.5,32.5,41.0
2020-03-06,11.0,32.0,38.0,46.0,51.0,2.0,13.0,23.0,21.5,34.0,4.0,45.0,17.0,47.5,3.0,29.0,11.0,27.0,49.5,58.0,56.0,11.0,32.0,58.0,24.0,38.0,36.5,15.5,40.0,53.0,53.0,15.0,8.5,5.0,7.0,18.0,50.5,30.0,6.0,13.0,29.0,19.0,42.5,32.5,40.0,42.0,34.0,1.0,24.0,49.0,8.5,55.0,27.0,53.0,22.0,28.5,45.0,41.0,19.0,49.0
2020-03-09,16.0,23.0,36.0,41.0,49.0,1.0,15.0,25.0,32.0,25.0,9.0,48.0,25.0,30.0,2.0,43.0,27.0,8.0,54.0,52.0,57.0,4.0,38.0,58.0,19.0,41.0,29.0,19.0,52.0,55.0,55.0,19.0,11.0,3.0,5.0,10.0,52.0,21.0,7.0,16.0,12.0,36.0,50.0,25.0,41.0,44.0,38.0,13.0,6.0,48.5,16.0,30.0,31.0,49.0,22.5,30.5,44.0,41.0,35.0,52.0
2020-03-10,15.0,36.0,24.0,50.0,59.0,2.0,3.0,14.0,21.0,35.0,8.0,52.0,28.0,33.0,20.0,55.0,24.5,44.0,56.5,54.0,55.0,7.0,48.0,57.5,26.0,44.5,32.0,39.0,35.0,40.0,38.0,18.0,10.0,3.0,5.0,15.0,35.5,11.0,6.0,16.5,30.0,50.0,47.0,22.0,30.0,41.5,1.0,9.0,18.0,36.5,15.0,31.0,13.0,47.0,39.0,48.0,40.0,22.0,33.0,54.0
2020-03-11,15.0,30.5,32.5,23.0,59.0,11.0,3.0,37.0,7.0,38.0,12.0,51.5,27.0,39.0,26.0,39.0,39.0,41.0,55.0,53.5,55.0,29.0,16.5,52.0,20.0,19.0,37.0,9.0,45.0,48.0,54.0,22.0,1.0,19.0,6.0,17.0,51.0,31.5,4.0,9.0,6.0,52.0,42.5,36.0,38.0,41.5,18.0,12.0,2.0,51.0,22.0,35.0,6.0,47.0,27.0,46.5,41.0,24.0,20.0,54.0
2020-03-12,19.0,30.0,34.0,38.0,59.0,7.0,3.0,15.0,21.0,34.0,13.0,48.0,27.5,46.0,29.5,46.0,33.0,40.5,54.0,51.5,56.5,2.0,35.0,49.5,24.0,52.0,30.0,35.0,41.0,46.0,50.5,18.0,5.0,10.0,12.0,30.0,49.0,19.0,1.0,8.0,4.0,55.0,28.0,33.0,14.0,16.0,6.0,9.0,11.0,44.0,19.5,31.0,28.5,48.0,42.0,45.0,43.0,23.0,24.0,57.0
2020-03-13,19.0,28.0,34.0,43.0,60.0,9.0,16.0,29.0,23.0,54.0,10.0,47.0,26.0,52.0,35.0,40.0,33.0,38.0,30.0,53.0,58.0,4.0,53.0,47.0,14.0,30.0,11.0,18.0,28.0,38.5,51.0,3.0,21.0,6.0,12.0,18.0,52.0,2.0,7.0,5.0,39.0,58.0,41.0,16.0,36.0,44.0,22.0,1.0,13.0,49.5,8.0,18.0,30.5,41.0,28.0,27.0,49.0,46.0,23.0,51.0
2020-03-16,10.0,27.0,13.0,39.5,58.0,12.0,15.0,35.0,20.0,47.0,5.0,25.0,31.0,52.0,1.0,44.5,52.0,37.0,54.0,51.0,34.0,6.0,52.0,58.0,17.0,49.0,22.0,37.0,47.0,44.0,42.0,8.0,27.0,22.0,6.5,14.0,38.0,19.0,9.0,3.0,29.0,55.0,43.0,36.0,33.0,4.0,21.0,2.0,20.0,31.0,30.5,49.0,11.0,51.5,25.0,42.0,31.5,16.0,46.0,35.0
2020-03-17,16.0,17.0,4.5,32.0,59.0,6.0,4.5,31.0,23.0,52.0,19.0,51.0,28.0,45.0,43.5,42.0,23.0,55.0,51.0,49.0,54.0,20.0,28.0,49.0,12.5,49.0,23.0,54.0,35.5,47.0,45.0,3.0,12.0,24.0,7.0,9.0,40.0,16.0,10.0,1.0,32.0,57.0,8.0,27.5,10.0,26.0,20.0,2.0,14.0,40.0,39.0,42.0,35.0,43.5,32.5,45.0,39.0,17.0,27.0,53.0
2020-03-18,12.0,35.0,16.0,45.5,58.0,8.0,1.0,28.0,13.0,32.0,18.0,44.0,26.0,31.0,28.5,57.0,37.0,47.0,49.5,56.0,55.0,19.0,49.0,46.0,22.0,25.5,29.0,25.0,42.0,34.0,48.0,4.0,10.0,22.0,2.0,16.0,28.0,6.0,11.0,5.0,35.0,53.5,22.0,39.0,7.0,21.5,14.0,9.0,28.0,51.0,39.0,50.0,42.0,51.0,18.0,50.0,46.0,3.0,39.0,44.0
2020-03-19,7.0,9.0,17.0,58.0,57.0,11.0,6.0,25.0,21.0,51.0,15.0,23.0,18.0,36.0,25.0,56.0,48.0,39.0,46.0,40.5,59.0,44.0,29.0,27.0,10.0,43.0,49.0,42.0,22.0,36.5,27.5,3.0,5.0,21.0,1.0,13.0,21.0,46.0,8.0,2.0,46.0,54.0,56.0,52.0,32.0,37.0,14.0,4.0,25.0,33.0,35.0,29.0,16.0,51.0,12.0,50.0,29.0,34.0,29.0,40.0
2020-03-20,13.0,25.0,31.0,50.0,59.5,2.0,7.0,21.0,46.5,33.0,12.0,23.0,33.0,27.0,13.0,43.5,18.0,40.0,57.0,55.0,55.0,17.5,2.0,53.0,20.0,38.5,41.5,26.0,37.0,49.0,43.0,9.0,20.5,27.0,18.0,15.0,38.0,23.0,3.0,11.0,29.0,53.0,8.0,46.0,41.0,2.0,6.0,5.0,28.0,44.0,36.0,42.0,32.0,48.0,11.0,53.0,38.0,16.0,52.0,45.0
2020-03-23,13.0,9.0,7.0,56.0,56.0,16.0,1.0,31.5,48.0,51.0,23.0,51.0,30.5,46.0,14.0,50.0,46.0,34.5,50.0,54.0,35.5,34.0,34.0,15.0,20.0,52.0,38.5,41.0,48.0,48.5,25.0,15.0,7.0,22.0,26.0,25.5,18.0,36.0,6.0,11.0,44.0,42.0,4.0,38.0,34.0,12.0,5.0,2.0,10.0,53.0,29.0,22.0,20.0,36.0,3.0,30.0,31.0,18.0,58.0,56.0
2020-03-24,13.0,20.0,5.0,52.0,57.5,8.0,14.0,30.0,54.0,41.0,16.0,11.0,38.0,39.0,23.0,27.0,49.5,30.5,45.0,48.5,57.0,12.0,34.5,27.5,31.0,46.0,46.5,38.0,40.0,51.0,34.0,9.0,2.0,25.0,20.0,20.0,16.0,10.0,7.0,1.0,42.0,55.0,22.0,45.0,27.0,4.0,3.0,6.0,17.0,42.0,23.0,37.5,31.0,35.0,16.0,52.0,55.0,52.0,35.0,33.0
2020-03-25,20.0,15.0,17.0,55.0,55.0,13.0,2.0,32.0,57.0,45.0,4.0,22.0,44.0,44.0,20.0,10.0,29.5,38.0,51.0,49.0,54.0,37.0,39.0,55.0,41.0,53.0,19.0,44.0,54.0,51.0,39.0,11.0,24.0,28.5,21.0,8.0,30.0,5.0,9.0,1.0,47.0,21.0,34.5,39.0,31.0,3.0,12.0,7.0,6.0,46.0,25.0,34.0,32.0,35.0,16.0,24.0,14.0,57.0,25.0,36.5
2020-03-26,25.0,23.0,18.0,52.0,50.0,10.0,15.5,34.0,56.0,32.0,6.0,35.0,58.0,45.5,44.0,19.0,37.0,39.0,47.0,39.0,55.0,40.0,28.0,58.0,36.0,54.0,22.0,50.0,45.0,57.5,34.0,13.0,3.0,30.0,11.0,9.0,21.0,18.0,2.0,1.0,53.0,15.0,7.5,25.0,37.0,4.0,16.0,7.5,5.0,41.0,22.0,19.0,27.0,33.0,12.0,39.0,30.0,34.0,45.0,49.5
2020-03-27,31.0,31.5,39.0,54.0,58.0,9.0,7.0,25.0,49.0,26.0,32.5,41.0,41.5,39.0,31.5,47.5,42.0,45.0,47.0,51.0,54.0,23.0,5.0,56.0,19.5,54.0,28.5,50.0,20.0,57.0,31.0,6.0,14.0,22.0,11.0,3.0,19.0,11.0,1.0,2.0,45.0,19.0,6.0,39.0,40.0,15.0,9.5,35.0,6.0,26.5,28.0,25.0,13.0,39.0,17.0,31.0,19.0,43.0,48.0,52.5
2020-03-30,23.0,38.0,20.0,37.0,56.5,1.0,29.5,39.0,36.0,27.0,44.0,35.0,21.0,34.5,43.5,53.0,37.0,47.5,53.0,43.0,53.0,25.0,10.0,55.0,15.0,55.0,18.0,6.0,34.0,45.5,38.0,8.0,12.0,25.0,36.0,2.0,32.0,11.0,7.0,5.0,41.5,21.0,22.0,31.0,51.0,17.0,11.5,3.0,8.0,25.0,28.0,4.0,15.0,52.5,14.0,50.0,49.0,45.5,49.0,57.0
2020-03-31,15.0,32.0,29.0,26.0,52.5,8.0,9.0,32.5,17.0,30.0,41.0,18.0,4.0,36.5,55.0,45.0,37.5,50.5,54.0,36.0,46.5,43.0,1.0,50.0,12.0,57.5,32.0,46.0,51.0,50.5,29.0,2.0,12.0,20.0,29.0,6.0,23.0,9.0,5.0,11.0,47.5,34.0,27.5,28.5,54.0,7.0,3.0,26.0,37.0,17.0,23.0,17.0,19.0,48.0,15.0,42.0,33.0,40.5,55.0,59.0
2020-04-01,20.0,31.0,47.0,22.0,37.5,15.0,5.5,35.5,43.0,22.0,36.0,29.0,29.0,28.0,49.0,39.0,25.0,53.0,53.0,54.0,50.0,33.0,3.0,44.0,18.0,43.0,17.0,46.0,33.0,43.0,32.0,4.0,5.5,22.0,28.0,12.0,28.0,1.0,7.0,10.0,39.0,8.0,10.0,52.0,41.0,23.0,10.0,15.0,2.0,37.0,15.0,19.0,50.0,54.0,12.0,54.0,44.0,51.0,55.0,57.0
2020-04-02,6.0,43.0,50.0,19.0,47.5,3.0,4.0,28.0,41.5,24.5,45.0,41.0,5.0,28.0,55.0,38.0,57.0,52.0,57.5,54.0,17.5,22.0,8.0,53.5,25.0,42.5,17.0,34.0,29.0,49.0,28.0,13.0,22.0,9.0,25.0,2.0,21.0,11.0,16.0,1.0,33.0,12.0,6.0,37.5,38.0,46.0,26.0,36.5,33.0,47.0,16.5,9.0,24.0,47.0,15.0,51.0,28.0,43.0,51.0,55.0
2020-04-03,26.5,42.0,48.0,5.0,50.0,13.0,3.0,19.0,38.0,27.5,34.0,38.0,15.0,37.0,55.0,24.5,34.0,43.0,57.0,52.0,45.0,24.0,1.0,55.0,14.0,36.0,17.0,29.0,53.0,54.0,25.0,21.0,2.0,30.0,28.0,5.5,19.0,6.5,15.5,5.0,31.5,19.0,8.0,35.0,37.0,45.0,34.0,23.0,9.0,49.0,12.0,11.0,39.0,49.0,10.0,40.0,42.5,51.0,56.0,52.0
2020-04-06,36.0,37.0,50.0,9.0,51.0,3.0,2.0,27.0,59.0,30.0,24.0,54.0,7.0,30.0,54.0,12.0,33.0,39.0,29.0,45.5,42.5,16.0,8.0,56.0,20.0,45.0,36.0,32.0,23.0,54.0,19.0,4.0,5.0,23.0,16.0,21.0,27.5,5.0,16.0,11.0,30.5,27.0,10.0,42.0,43.0,40.0,22.0,52.0,14.0,47.0,18.0,13.0,37.5,52.0,1.0,49.5,46.0,39.0,51.0,51.0
2020-04-07,9.0,42.0,50.0,8.0,47.0,10.0,3.0,28.5,50.0,20.0,13.0,46.0,4.0,23.5,57.0,11.0,30.0,46.0,36.5,47.0,53.0,39.5,14.0,56.0,25.0,41.0,19.0,37.0,30.0,43.0,40.0,25.0,17.0,31.0,15.0,6.0,4.0,2.0,23.0,1.0,32.5,19.0,12.0,43.0,42.0,39.0,28.0,30.0,19.0,51.0,23.0,6.0,34.5,42.0,16.0,58.0,41.0,56.0,54.0,54.0
2020-04-08,3.0,39.0,6.0,7.0,52.0,9.0,4.5,23.0,53.0,11.0,18.0,50.0,13.0,18.0,58.0,16.0,37.0,42.5,36.0,55.0,44.0,24.0,28.0,55.0,24.0,42.0,17.0,29.0,46.0,40.5,39.0,32.0,24.0,30.0,27.0,15.0,18.5,4.5,17.0,1.0,33.0,24.0,10.0,51.0,46.0,39.0,35.0,27.0,30.0,52.0,8.0,11.0,45.0,27.0,2.0,54.0,42.0,46.0,50.0,55.0
2020-04-09,13.0,33.0,2.0,3.0,58.0,5.0,20.0,15.5,50.0,23.0,11.0,48.5,4.0,44.0,52.0,12.0,50.5,55.0,24.0,53.0,24.0,34.0,15.0,56.0,13.0,36.0,18.0,30.0,16.0,38.0,35.0,27.0,21.0,38.0,19.0,14.0,32.0,8.0,6.0,9.0,27.0,37.0,1.0,46.0,46.0,38.0,30.0,46.0,29.0,40.0,24.0,22.0,41.0,37.0,6.0,50.0,41.0,53.0,50.0,57.0
2020-04-14,5.0,24.0,39.0,18.0,44.0,9.0,22.0,31.5,54.0,24.0,15.0,47.0,16.0,31.0,59.0,28.0,49.0,35.0,13.0,43.0,34.0,27.5,26.0,53.0,12.0,47.0,3.0,41.0,26.0,43.0,30.5,1.0,19.0,43.0,8.0,14.0,27.0,10.0,11.0,4.0,36.0,30.5,7.0,32.0,57.0,46.0,24.0,34.0,35.0,49.0,49.0,2.0,22.0,18.0,6.0,55.0,43.0,56.0,49.0,53.0
2020-04-15,12.0,11.0,15.0,17.0,49.0,14.0,30.0,23.0,54.0,20.0,40.0,49.0,8.0,34.0,59.0,43.5,27.0,53.0,24.0,40.0,24.0,39.5,28.0,46.5,17.0,55.0,19.5,46.5,30.0,44.0,15.0,2.0,19.0,28.0,3.0,4.0,10.0,6.0,22.0,1.0,39.0,41.0,33.0,47.5,51.0,39.0,4.0,41.0,27.0,32.0,31.0,9.0,13.0,40.0,7.0,38.0,47.0,49.0,59.0,57.0
2020-04-16,3.0,16.0,18.0,13.0,43.0,5.0,28.0,44.0,49.0,24.0,37.0,46.0,30.0,32.0,47.0,46.0,38.5,58.0,50.0,35.5,28.0,38.0,14.0,52.5,12.0,55.0,21.0,50.0,36.0,53.0,23.0,4.0,12.0,40.0,9.0,20.0,16.0,2.0,15.0,7.0,37.0,28.5,1.0,55.0,51.0,43.0,10.0,37.0,38.0,40.0,36.5,8.0,21.0,19.0,6.0,57.0,24.0,38.5,33.5,43.5
2020-04-17,8.0,2.0,11.0,16.0,57.5,3.0,21.0,55.0,51.0,24.0,37.0,45.0,30.0,26.0,42.0,42.0,44.0,57.0,52.0,36.0,27.0,50.0,33.0,39.0,18.0,43.0,50.0,45.5,25.0,30.0,23.0,6.0,4.0,13.0,34.5,9.0,13.0,1.0,22.0,5.0,47.0,53.5,23.0,53.0,43.0,35.0,17.0,27.5,40.0,31.0,34.0,7.0,18.0,13.0,10.0,53.0,38.0,23.0,15.0,49.0
2020-04-20,3.0,17.5,15.0,14.0,46.0,9.0,5.0,53.0,42.5,33.0,28.0,49.0,2.0,35.0,49.0,41.0,40.0,57.5,51.0,35.0,22.0,53.5,29.0,43.0,36.0,22.0,24.0,51.0,43.0,46.0,24.0,11.0,6.0,18.0,31.0,21.0,1.0,12.0,18.0,10.0,27.0,54.0,32.5,40.0,54.0,24.0,6.0,38.0,46.0,28.0,47.0,8.0,13.0,46.0,4.0,52.0,23.5,18.0,51.0,27.5
2020-04-21,8.0,18.5,2.0,19.0,45.0,4.0,31.0,47.0,51.0,20.5,37.0,50.0,6.0,24.0,49.0,28.0,53.5,56.0,41.5,32.0,14.0,50.0,29.0,39.0,27.0,28.0,56.0,42.0,32.0,58.0,17.0,11.0,10.0,21.0,40.0,29.0,7.0,1.0,9.0,12.0,46.0,50.0,4.0,48.0,44.0,25.0,17.0,36.5,41.5,25.0,35.0,3.0,15.0,45.5,13.0,58.0,49.0,21.0,33.0,30.0
2020-04-22,12.0,18.0,7.5,14.0,39.0,6.0,4.0,56.5,56.0,9.0,32.0,44.0,18.0,26.0,56.0,36.0,41.0,50.0,54.0,33.5,2.0,31.5,24.0,47.5,42.0,15.0,27.0,52.5,38.0,47.0,25.0,2.0,27.0,41.0,24.0,2.0,13.0,7.5,26.0,4.0,47.0,49.0,17.0,51.0,48.0,41.5,11.0,21.0,57.0,35.0,30.0,9.0,31.0,25.0,15.0,47.0,47.0,39.0,39.0,30.0
2020-04-23,16.0,23.0,11.0,3.5,41.0,17.0,8.0,45.0,49.0,2.0,28.5,54.0,10.0,13.0,49.0,42.0,17.0,54.5,52.5,51.0,25.0,47.0,38.0,46.0,25.0,25.0,54.0,44.0,36.0,50.0,13.0,4.0,21.0,30.0,19.0,4.0,22.0,7.0,19.0,6.0,46.0,45.0,34.0,51.0,36.5,31.0,13.0,39.0,40.5,35.0,35.0,9.0,15.0,46.0,1.0,58.0,35.0,32.0,30.0,26.0
2020-04-24,5.0,8.0,3.0,2.0,43.0,18.0,15.0,55.0,51.5,7.0,18.0,56.0,27.0,33.0,39.0,53.5,50.0,30.0,53.0,53.0,10.0,56.0,49.0,31.0,33.0,21.0,35.0,48.5,30.0,40.0,43.0,16.0,10.0,47.0,24.0,5.0,40.5,10.0,20.0,14.0,39.5,47.0,22.0,42.0,41.0,25.0,12.0,26.0,13.0,22.0,31.0,2.0,34.0,30.0,4.0,55.0,41.0,45.0,22.0,26.0
2020-04-27,2.0,4.0,8.0,1.0,39.0,14.5,19.0,57.0,43.0,24.0,26.0,57.0,34.0,12.0,44.0,52.0,45.0,56.0,54.0,53.0,17.0,50.5,50.0,41.0,20.0,23.0,47.0,55.0,37.0,50.0,38.0,3.0,11.0,35.5,30.0,6.0,21.0,9.0,17.0,13.0,39.0,43.0,31.0,41.0,36.0,31.0,17.5,35.5,44.0,25.0,32.0,10.0,25.5,32.0,6.0,56.0,37.0,14.0,22.0,4.0
2020-04-28,9.0,10.0,8.0,6.0,48.0,11.0,22.0,46.5,53.0,13.0,26.0,39.5,28.0,3.0,41.0,33.5,51.0,53.0,41.0,48.0,3.0,53.0,36.0,43.0,38.0,18.0,55.5,50.0,32.5,54.0,43.0,7.0,1.0,35.0,15.0,12.0,23.0,19.0,21.0,14.0,44.5,54.0,25.0,41.0,43.0,24.0,5.0,37.0,36.0,25.5,31.0,15.0,18.0,31.0,21.0,53.0,44.0,56.0,26.0,3.0
2020-04-29,5.0,4.0,7.0,5.0,35.0,11.0,16.0,36.5,57.0,13.5,33.0,56.0,21.0,29.0,48.0,44.0,40.5,48.0,48.0,53.0,9.0,49.0,43.5,38.0,43.5,32.5,55.0,44.0,25.0,55.0,23.0,22.0,1.0,16.0,20.0,12.0,20.0,3.0,9.0,13.5,52.0,44.0,39.0,51.0,49.0,30.0,3.0,32.0,36.0,27.0,38.0,9.0,17.0,31.0,18.0,49.0,55.0,27.0,29.0,16.0
2020-05-04,1.0,8.0,4.0,2.0,55.0,15.0,11.0,33.0,43.0,18.0,27.5,46.0,23.0,38.0,45.5,40.0,40.0,47.0,50.0,48.0,16.0,55.0,39.0,38.0,23.0,27.0,48.0,43.0,17.0,47.0,31.0,21.5,7.0,12.0,6.0,14.0,24.0,9.0,27.0,13.0,53.0,57.0,32.0,56.5,52.0,28.0,3.0,32.0,43.0,36.0,28.5,10.0,20.0,42.0,18.0,58.0,30.5,50.0,39.0,5.0
2020-05-05,4.0,6.0,5.0,3.0,55.5,10.0,30.0,39.0,38.0,19.0,32.0,30.0,23.0,21.0,47.0,49.0,32.0,52.0,45.0,59.0,33.0,50.5,35.0,39.0,9.0,36.0,52.0,43.0,1.0,54.0,19.5,11.0,7.0,20.0,35.5,16.5,27.0,8.0,14.0,16.0,42.0,51.0,37.0,50.5,50.5,42.0,2.0,27.0,52.0,27.5,27.0,12.0,24.0,23.5,21.0,56.5,53.0,45.0,13.0,15.0
2020-05-06,3.0,16.0,7.0,5.0,57.0,9.0,20.5,50.0,49.5,25.0,12.0,35.0,23.0,44.0,44.0,49.0,43.0,36.0,46.0,55.5,10.0,34.0,31.5,36.0,38.0,19.0,53.0,30.0,3.0,53.0,21.0,35.0,8.0,11.0,40.0,13.0,42.0,26.5,44.5,1.0,18.5,51.0,22.0,53.0,47.0,40.5,15.5,30.5,50.0,28.0,40.0,6.0,23.0,35.0,3.0,42.5,57.0,29.0,16.0,12.0
2020-05-07,5.0,11.5,3.0,18.0,55.0,7.0,30.0,45.0,38.0,4.0,22.0,51.5,19.0,18.0,52.0,51.0,43.0,53.0,39.0,56.0,6.0,49.0,46.0,42.0,48.0,16.0,52.5,42.0,14.0,55.0,10.0,26.0,2.0,20.0,36.0,24.5,32.0,24.0,38.0,13.0,32.0,44.0,39.0,47.0,32.0,27.0,1.0,41.0,44.0,33.0,35.5,9.0,18.0,32.0,22.0,51.0,36.0,14.5,12.0,8.0
2020-05-08,11.0,5.0,15.0,23.0,48.0,14.0,38.0,31.0,29.0,32.0,19.0,41.5,34.0,21.0,52.5,52.5,41.0,52.5,55.0,53.0,8.0,51.5,48.0,44.5,52.0,23.0,51.0,47.0,29.0,54.5,13.0,28.0,6.0,9.0,36.0,27.0,19.0,17.0,21.0,1.0,41.0,48.0,43.0,48.0,32.0,38.0,10.0,35.5,42.0,23.0,27.0,3.0,7.0,29.0,19.0,57.0,19.0,11.0,2.0,4.0
2020-05-11,3.0,4.0,12.0,15.0,55.0,17.0,32.5,36.0,32.5,40.5,33.0,43.0,20.0,48.0,54.5,55.0,37.0,50.0,50.5,57.0,24.5,30.5,49.0,41.0,52.0,15.0,55.0,49.0,38.0,39.0,13.0,40.5,6.0,9.0,24.0,26.0,25.5,23.0,15.0,8.0,36.0,40.0,45.0,43.0,30.0,43.0,10.0,26.0,41.0,17.0,26.0,2.0,11.0,22.0,19.0,51.5,41.0,7.0,1.0,5.0
2020-05-12,11.0,18.0,4.0,17.0,54.0,6.0,26.0,30.0,49.0,29.0,35.0,54.0,38.5,17.0,49.0,56.0,34.0,43.5,55.0,52.0,2.5,47.0,31.0,31.0,36.5,41.0,50.0,44.0,47.0,38.0,8.0,49.0,7.0,20.0,44.0,23.0,15.0,25.0,17.0,4.0,23.5,44.0,36.5,47.0,43.5,24.0,2.5,31.0,50.0,21.0,45.0,10.0,9.0,26.0,14.0,57.0,30.0,12.0,14.0,1.0
2020-05-13,7.0,15.0,9.0,16.0,49.0,4.0,18.0,39.5,33.0,19.0,26.0,45.5,31.5,20.0,47.5,58.0,43.0,49.0,53.0,52.0,21.0,55.0,30.0,39.0,41.5,25.0,48.5,53.0,39.5,47.0,12.0,29.0,8.0,29.0,39.0,2.0,28.5,11.0,43.0,15.0,25.0,39.0,34.0,49.0,34.0,32.5,10.0,15.0,49.0,37.0,43.0,6.0,5.0,13.0,31.5,50.0,53.0,24.5,3.0,1.0
2020-05-14,4.0,15.0,8.0,3.0,54.0,11.0,14.0,29.5,39.0,12.0,22.0,43.0,31.0,26.0,47.0,58.0,31.5,45.0,55.0,55.0,10.0,39.0,50.0,28.0,44.0,21.0,52.0,29.0,29.0,45.5,19.0,39.0,2.0,20.0,29.0,1.0,31.0,21.5,35.0,17.0,42.0,46.5,46.5,52.0,39.0,39.0,5.0,23.0,58.0,20.5,39.0,9.0,15.0,13.0,24.5,57.0,46.0,34.5,7.0,5.0
2020-05-15,3.0,17.0,1.0,9.0,57.0,5.0,15.0,32.0,20.0,26.0,2.0,25.0,32.0,8.0,54.0,51.0,42.0,24.0,57.0,56.0,23.0,37.0,47.0,47.0,51.0,13.0,54.0,37.0,45.0,45.5,10.0,50.0,6.0,30.0,16.0,7.0,39.5,17.0,38.5,48.0,27.0,41.5,37.5,44.0,35.5,30.0,11.0,32.0,27.0,26.0,48.0,25.5,12.0,14.0,19.5,56.0,40.0,20.0,4.0,37.0
2020-05-18,1.0,5.0,6.0,8.0,56.0,7.0,25.0,19.0,38.0,21.5,3.0,42.5,33.0,10.0,51.0,53.0,34.5,34.0,53.0,58.0,4.0,49.0,44.0,40.0,53.0,13.0,48.0,50.0,38.0,43.0,17.0,42.0,2.0,34.0,19.0,9.0,30.0,17.0,37.0,23.0,32.0,36.5,46.0,49.5,32.5,29.5,12.0,31.0,56.0,17.0,44.0,19.0,11.0,14.0,16.5,48.5,46.5,22.0,23.0,30.0
2020-05-19,3.0,19.0,1.0,7.0,55.0,8.0,25.0,39.0,32.5,18.0,5.0,35.0,29.0,30.0,48.5,46.0,41.0,40.0,54.0,58.0,22.0,55.0,53.0,57.0,38.0,25.5,46.0,53.0,39.0,41.0,12.0,32.0,11.0,17.0,10.0,24.0,22.0,13.0,30.0,20.0,48.0,52.0,45.0,52.0,26.5,25.0,4.0,35.5,32.0,9.0,35.0,14.0,6.0,2.0,40.0,49.0,52.0,16.0,15.0,22.0
2020-05-20,2.0,3.0,6.0,15.0,58.0,11.0,36.0,42.0,41.0,12.5,9.0,36.0,35.0,32.0,46.0,50.0,45.0,27.0,53.0,59.0,10.0,52.0,48.0,53.0,46.0,20.0,49.0,35.5,30.0,19.0,15.0,46.0,1.0,35.5,15.0,8.0,30.0,29.0,24.0,36.0,22.0,27.5,50.0,45.5,46.0,32.0,5.0,24.5,53.0,12.5,41.0,20.0,7.0,3.0,24.0,51.0,26.0,18.0,17.0,36.0
2020-05-21,6.0,16.0,3.0,4.0,57.0,9.0,41.0,26.0,30.0,11.0,10.0,26.0,30.0,20.0,29.5,45.5,32.0,37.0,58.0,59.0,23.0,44.0,51.0,46.0,34.0,8.0,56.0,49.0,28.0,32.0,15.0,45.0,5.0,22.0,27.0,2.0,39.0,14.0,27.0,44.0,46.0,51.0,54.0,41.0,38.0,18.0,7.0,22.0,48.0,1.0,52.0,22.0,13.0,12.0,42.0,45.0,38.0,18.0,37.0,23.0
2020-05-22,15.0,11.0,7.0,2.0,49.5,14.0,30.0,24.0,23.0,9.0,18.0,26.0,35.0,36.0,39.0,53.0,28.5,31.0,56.0,51.0,15.0,53.0,43.0,43.0,52.0,19.0,53.0,49.0,26.0,41.0,10.0,48.0,1.0,33.0,38.0,5.0,43.0,24.0,29.5,34.0,31.0,58.0,45.0,55.0,32.0,29.0,6.0,4.0,36.0,12.0,45.5,24.5,8.0,16.0,28.0,54.5,45.0,13.0,3.0,27.0
2020-05-25,2.0,4.0,7.0,5.0,50.0,11.0,28.0,20.0,29.0,25.0,17.0,26.0,40.0,37.0,48.0,55.0,31.5,39.0,57.0,52.0,21.0,55.0,47.0,45.0,55.0,13.0,55.0,50.0,27.0,39.0,15.0,42.0,1.0,31.0,25.0,10.0,33.5,29.5,19.0,37.0,17.0,54.5,49.0,40.0,34.0,29.0,6.0,3.0,45.0,14.0,44.0,25.0,8.0,12.0,40.0,46.0,35.0,9.0,18.0,21.0
2020-05-26,13.0,15.0,6.0,2.0,59.0,17.0,28.0,24.0,17.0,23.0,19.0,27.0,32.0,34.0,49.0,55.0,29.0,29.5,57.0,58.0,11.0,47.0,41.0,56.0,45.0,22.0,55.0,44.0,36.5,44.0,5.0,45.0,3.0,44.5,28.5,11.0,34.5,24.0,40.5,37.0,27.0,38.0,53.0,44.0,25.0,28.0,9.0,13.0,38.0,1.0,45.0,41.0,7.0,4.0,17.0,50.5,37.0,8.0,11.0,29.0
2020-05-27,2.0,9.0,3.0,20.0,58.0,26.5,24.5,12.0,4.0,24.0,15.0,43.0,43.0,36.0,46.0,56.0,31.0,27.0,58.0,51.0,22.0,52.0,55.0,46.0,46.0,24.5,56.0,39.0,37.0,46.0,8.0,40.0,1.0,35.0,17.0,6.0,14.0,30.0,34.5,31.0,30.5,39.0,53.0,49.0,26.0,34.0,7.0,16.0,38.0,10.0,49.0,16.0,5.0,18.0,36.0,52.0,40.5,11.0,21.0,16.5
2020-05-28,24.0,7.0,1.0,12.0,52.0,19.0,28.5,30.0,9.0,23.0,6.0,41.0,22.0,31.0,29.0,55.0,34.0,25.0,58.0,53.0,12.0,53.0,52.0,25.0,34.5,15.0,57.0,38.0,45.5,47.0,10.0,46.0,13.0,41.0,37.0,26.0,27.0,35.0,44.0,3.5,21.0,42.0,50.0,50.0,14.0,17.0,3.5,16.0,37.0,5.0,47.0,33.0,7.0,18.0,51.0,59.0,44.0,2.0,36.0,19.0
2020-05-29,9.0,10.0,8.0,11.0,58.0,14.0,35.0,42.0,2.0,28.5,7.0,44.0,14.0,42.0,28.0,37.5,40.5,18.0,57.0,53.0,17.0,45.0,50.0,46.0,31.5,14.0,55.0,37.0,35.0,51.0,6.0,45.0,20.0,46.0,20.0,23.0,35.0,31.0,25.5,41.5,21.0,33.0,43.0,27.0,49.0,25.0,3.0,4.0,16.5,1.0,56.0,46.0,5.0,14.0,49.0,48.0,24.5,16.0,28.0,47.0
2020-06-01,18.0,1.0,13.0,2.0,55.0,12.0,40.0,36.0,3.0,25.5,5.0,54.5,25.0,49.0,44.0,48.5,32.0,15.0,57.0,51.0,11.0,39.0,44.5,35.0,56.0,25.0,55.0,36.0,52.0,51.0,7.0,29.0,10.0,18.0,21.5,15.0,38.5,31.0,44.0,42.0,9.0,21.0,41.0,33.0,23.0,15.0,8.0,20.0,39.5,4.0,49.0,31.0,6.0,25.0,56.0,52.0,26.0,18.0,34.0,30.5
2020-06-02,15.5,1.0,9.0,4.0,59.0,9.0,43.0,26.0,3.0,30.5,37.0,48.0,7.0,52.0,28.0,58.0,26.0,23.0,42.0,57.0,8.0,41.0,35.0,38.0,53.0,12.5,51.0,26.0,43.0,40.0,15.0,37.0,12.0,51.0,15.0,21.0,43.0,34.0,20.5,48.5,11.0,20.0,54.0,31.0,33.5,20.0,2.0,17.0,54.0,6.0,48.0,40.0,4.0,30.0,44.0,55.0,27.0,18.0,25.0,31.0
2020-06-03,6.0,1.0,21.0,11.0,59.0,8.0,42.0,28.5,5.0,40.0,15.0,41.0,18.0,45.5,35.0,54.0,42.5,36.0,53.0,49.0,3.0,47.5,49.0,42.0,52.0,29.0,56.0,44.0,32.0,15.0,2.0,36.0,24.0,38.0,29.0,15.0,24.0,12.0,43.0,20.0,17.0,7.0,44.0,53.0,21.0,22.0,9.0,26.0,33.5,10.0,32.0,46.0,13.0,4.0,39.5,52.0,43.0,19.0,56.0,36.5
2020-06-04,24.0,14.0,7.0,11.0,52.0,7.0,45.5,27.0,4.0,37.5,5.0,50.5,28.5,32.5,48.0,57.0,29.0,24.0,55.5,56.0,2.0,53.0,39.0,30.0,48.0,21.0,54.0,49.5,40.5,42.0,12.0,50.5,20.0,38.0,44.0,27.0,30.0,13.0,49.0,42.0,18.0,15.0,42.0,34.0,6.0,18.0,10.0,18.0,36.0,1.0,45.0,24.0,3.0,9.0,54.0,42.5,28.0,16.0,37.5,26.5
2020-06-05,2.0,3.0,8.5,10.0,58.0,8.5,40.5,12.0,5.0,37.0,15.0,47.0,32.5,48.0,32.5,56.0,39.0,20.0,48.0,60.0,12.0,43.0,44.0,43.5,35.5,19.0,52.0,32.0,44.0,14.0,7.0,57.5,20.0,12.0,37.0,19.0,27.0,50.0,40.0,23.5,40.0,36.0,49.0,47.0,25.0,27.0,1.0,15.0,38.5,6.0,56.0,23.5,22.0,4.0,37.0,55.0,32.0,17.0,37.5,28.0
2020-06-08,5.0,3.5,19.0,7.0,58.0,8.0,41.0,30.0,13.0,48.0,24.0,11.0,23.0,47.0,46.5,48.5,36.0,32.0,42.5,53.0,9.0,43.0,37.0,34.0,45.5,20.0,52.0,40.0,37.0,32.0,6.0,55.0,30.0,44.0,45.5,21.0,18.0,27.0,24.0,42.0,30.0,1.0,57.0,54.0,20.0,22.5,2.0,16.0,34.0,3.5,49.0,26.0,14.0,10.0,54.0,55.0,20.0,11.0,32.0,21.0
2020-06-09,8.0,4.0,10.0,2.5,59.5,10.0,43.5,18.5,23.0,19.0,7.0,21.0,15.0,49.0,34.0,46.0,43.5,27.5,47.0,51.0,25.0,37.0,43.5,35.0,46.0,27.0,51.0,19.0,53.0,36.0,2.5,56.0,39.0,20.5,33.0,17.0,14.0,21.0,41.0,28.5,31.0,29.0,56.0,40.0,10.0,27.0,1.0,37.0,46.5,5.0,55.0,42.5,6.0,12.0,37.0,57.0,40.0,13.0,46.0,19.0
2020-06-10,1.0,7.0,23.0,9.5,59.0,17.0,27.0,12.0,9.5,37.0,19.0,44.0,7.0,32.0,40.0,40.0,45.0,30.5,39.5,40.5,20.0,45.0,46.5,46.0,32.0,27.0,52.5,25.0,50.5,12.0,5.0,54.0,40.0,29.5,33.0,25.0,3.0,14.0,43.0,36.0,38.0,36.0,56.0,49.5,16.0,30.0,4.0,20.0,47.0,12.0,56.0,57.0,2.0,7.0,45.0,55.0,16.0,21.0,31.0,14.0
2020-06-11,5.0,14.0,6.0,10.0,52.0,20.0,34.0,7.0,8.0,31.5,18.0,24.0,4.0,47.0,49.5,41.0,40.0,29.0,47.0,40.0,12.0,32.5,53.0,45.0,23.0,32.0,57.0,26.0,49.0,39.0,1.0,53.5,31.0,36.0,23.0,29.0,3.0,13.0,43.0,43.0,36.0,18.0,59.0,48.0,16.0,14.0,11.0,36.0,45.5,17.0,59.0,25.5,8.0,2.0,48.0,55.0,29.0,21.5,43.0,28.0
2020-06-12,6.0,7.0,5.0,16.0,58.0,8.0,30.0,28.0,24.0,11.0,1.0,49.5,4.0,50.0,45.0,57.0,35.0,14.0,47.5,24.5,38.0,36.0,40.0,36.0,17.0,24.5,44.0,11.0,53.0,47.0,10.0,49.0,27.0,30.0,41.0,20.0,2.0,22.0,50.0,37.0,34.0,32.0,57.0,48.0,15.0,41.0,20.0,41.0,45.0,17.0,59.0,23.0,10.0,3.0,46.0,55.0,21.0,12.0,31.0,26.0
2020-06-15,1.0,2.0,19.0,8.0,54.0,5.0,37.0,26.0,10.0,34.0,14.0,24.0,3.0,48.0,51.0,56.0,36.0,31.0,56.0,45.0,26.0,50.0,42.0,29.0,28.0,34.0,54.0,20.5,48.0,42.0,9.0,53.0,14.0,28.0,17.0,21.0,7.0,19.0,38.0,30.5,27.0,22.0,57.5,41.0,13.0,30.5,4.0,41.0,43.5,12.5,57.0,39.0,6.0,11.0,36.0,51.0,24.0,16.0,47.0,36.5
2020-06-16,4.0,9.0,4.0,6.0,54.0,4.0,34.0,9.0,28.0,31.0,14.0,50.0,11.0,46.0,44.0,60.0,35.0,22.0,54.0,34.0,14.0,49.0,38.0,56.0,17.0,37.0,53.0,33.0,47.0,43.0,16.0,51.0,18.0,29.0,2.0,24.0,6.0,24.0,40.0,23.0,31.0,26.0,58.0,41.5,21.0,32.0,1.0,47.0,37.0,12.0,58.0,40.0,18.0,9.0,37.0,52.0,14.0,19.0,45.0,30.5
2020-06-17,11.0,3.0,31.0,6.0,51.0,18.0,47.0,29.0,13.0,27.0,13.0,44.0,2.0,42.0,35.0,59.0,35.0,22.0,35.0,33.5,21.0,46.5,49.0,43.0,34.5,31.5,53.5,26.0,57.0,14.0,17.0,50.0,42.0,12.0,10.0,22.0,8.5,4.0,27.0,5.0,28.0,40.0,57.0,48.0,7.0,28.0,1.0,41.0,37.0,19.0,56.0,48.5,8.0,31.0,46.0,57.0,23.5,16.0,53.0,28.5
2020-06-18,5.0,26.0,14.0,6.0,43.5,29.0,33.5,9.0,20.0,15.0,10.0,43.0,1.0,45.0,36.0,48.0,43.0,32.0,38.5,53.0,31.5,51.5,48.0,40.0,21.0,24.0,57.0,18.0,54.0,32.0,12.0,49.0,39.0,28.0,3.0,8.0,10.0,2.0,46.5,4.0,38.0,32.5,59.0,44.0,13.0,37.5,7.0,29.5,45.0,17.0,58.0,52.0,18.0,26.0,20.5,53.0,22.0,16.0,48.5,25.0
2020-06-19,7.0,4.0,4.0,6.0,40.0,16.0,28.0,14.0,9.0,11.0,8.0,56.0,1.0,36.0,54.0,53.0,20.0,30.0,52.5,49.0,26.0,47.0,42.0,43.0,22.0,28.0,53.0,44.0,48.0,38.5,2.0,57.0,35.0,52.0,10.0,18.0,25.0,4.0,42.5,26.0,37.0,29.0,49.0,41.0,16.0,29.0,11.0,34.0,29.0,24.0,58.0,42.0,13.0,16.0,49.0,48.0,18.0,21.0,32.0,35.0
2020-06-22,1.0,31.0,9.0,11.0,39.5,25.0,29.5,13.0,12.0,18.0,2.0,37.5,5.0,22.0,53.0,54.0,18.0,6.0,26.0,49.0,27.5,49.0,28.0,54.0,35.0,34.0,50.0,43.0,56.0,20.0,15.0,57.0,39.0,50.0,22.0,24.0,3.0,7.0,42.0,8.0,47.0,43.0,50.5,31.0,13.0,4.0,10.0,40.0,28.0,34.0,58.0,42.0,15.0,18.0,48.0,56.0,21.5,37.0,46.5,31.0
2020-06-23,10.0,22.0,4.0,8.0,44.0,25.0,44.0,19.0,13.0,29.0,14.0,45.0,7.0,41.0,46.0,57.0,25.0,13.0,50.0,47.0,39.0,51.0,46.0,57.0,1.0,27.5,58.0,30.0,39.0,14.0,7.0,53.0,33.0,41.5,6.0,21.0,3.0,16.5,36.0,4.0,49.0,4.0,53.0,26.0,19.0,10.0,18.0,53.0,35.5,37.0,55.5,43.5,33.5,41.0,35.0,40.0,16.0,24.0,30.0,25.0
2020-06-24,5.0,5.0,5.0,13.0,48.5,16.0,45.0,17.0,8.0,34.0,14.0,28.0,1.0,41.0,50.5,56.0,21.0,22.5,48.0,51.0,33.0,52.0,41.5,55.0,20.0,36.5,59.0,46.0,29.0,28.0,18.0,52.0,40.0,39.5,7.0,36.0,30.5,2.0,46.5,3.0,33.0,27.0,52.0,8.0,20.0,11.0,10.0,54.0,31.0,25.0,56.5,39.0,23.0,20.0,55.0,44.0,12.0,16.0,35.5,37.0
2020-06-26,3.0,15.0,5.0,24.0,46.0,17.0,45.0,22.0,3.0,34.0,9.0,42.0,1.0,41.0,40.0,55.0,39.0,12.0,50.5,48.0,35.0,48.5,45.0,53.0,13.0,22.0,58.0,58.0,30.0,28.0,14.0,50.0,28.0,54.0,3.0,23.0,40.0,7.0,26.0,16.0,20.0,16.5,50.0,25.0,11.0,8.0,9.0,43.0,31.0,38.0,56.0,37.0,30.0,34.0,56.0,40.0,6.0,21.0,39.0,22.0
2020-06-29,6.0,9.0,15.0,28.0,54.0,22.0,39.0,27.0,13.0,32.0,8.0,40.0,7.0,43.0,56.0,43.0,47.0,18.0,47.0,51.0,43.0,42.5,36.0,46.0,16.0,22.0,46.5,51.0,27.0,40.5,1.0,58.0,27.0,54.0,10.0,28.0,36.0,3.0,50.0,19.0,28.0,4.0,39.5,24.0,4.0,13.0,2.0,57.0,18.0,33.5,57.0,13.0,41.0,29.5,42.0,49.0,10.0,18.0,30.0,26.0
2020-06-30,8.0,13.0,17.0,40.0,42.0,15.0,52.0,25.0,27.0,37.0,1.0,47.0,9.0,36.0,53.0,58.0,36.0,22.5,59.0,45.0,30.0,35.0,42.0,50.0,17.0,38.0,50.0,48.0,31.0,18.0,3.0,56.0,11.0,50.5,20.0,28.0,46.0,5.0,55.0,22.0,29.0,2.0,56.0,26.0,12.0,19.0,5.0,24.0,25.0,44.0,55.0,5.0,32.0,24.0,34.0,45.0,9.0,14.0,34.0,7.0
2020-07-02,9.0,17.0,13.0,23.0,56.0,14.0,40.0,48.0,28.0,40.0,12.0,34.0,3.0,28.5,55.0,49.0,43.0,30.0,46.0,33.0,34.0,46.0,38.5,53.0,6.0,20.0,54.0,52.0,36.0,38.0,4.0,56.5,25.0,44.5,8.0,26.0,32.0,7.0,48.5,31.5,45.0,2.0,57.0,20.0,10.0,5.0,1.0,20.0,22.0,31.5,43.5,15.5,47.0,24.0,39.5,48.0,15.5,20.0,30.0,11.0
2020-07-03,8.0,23.0,8.0,32.0,30.0,16.0,25.0,25.0,13.0,45.0,11.0,42.5,3.0,18.0,56.0,54.0,46.0,29.5,23.0,19.0,30.0,37.0,8.0,44.5,5.0,26.0,44.0,42.0,48.0,48.0,2.0,56.0,44.0,56.0,20.0,50.0,53.0,10.0,52.0,41.0,32.0,1.0,16.0,13.0,6.0,15.0,33.0,60.0,39.0,37.0,52.0,33.0,27.0,27.0,46.0,39.0,3.0,23.0,27.0,13.0
2020-07-06,5.0,3.0,22.0,45.0,42.0,4.0,28.0,22.0,24.0,25.0,12.0,50.0,7.0,15.5,56.0,56.0,40.0,43.5,28.0,17.0,33.0,38.0,34.0,58.0,6.0,39.5,49.0,48.0,24.0,9.0,2.0,53.0,21.5,53.0,10.0,33.0,29.0,8.0,37.0,29.0,39.0,30.0,55.0,18.0,11.0,18.0,12.0,58.0,17.0,44.0,52.0,35.0,47.0,27.0,39.0,51.0,1.0,25.0,44.0,15.0
2020-07-07,1.0,13.0,21.0,45.0,57.0,3.5,23.0,17.0,20.0,27.0,3.5,49.0,2.0,15.5,50.0,56.0,44.0,44.0,48.0,19.0,26.0,46.0,46.0,59.0,42.0,24.5,53.0,29.0,49.5,5.0,13.0,51.0,36.0,42.5,8.0,35.0,30.0,11.0,42.0,7.0,29.0,22.0,55.0,18.5,9.0,15.0,22.0,36.0,11.0,30.0,52.0,39.0,38.0,37.5,14.0,57.0,6.0,26.0,38.5,32.5
2020-07-08,8.0,4.0,29.5,44.0,57.5,1.0,26.0,26.0,19.0,21.0,2.0,48.0,9.0,11.0,55.0,43.0,41.0,46.0,25.0,18.0,33.0,31.0,43.0,57.0,15.0,26.5,51.0,51.5,48.0,15.0,5.0,55.0,38.0,48.0,6.0,40.0,39.0,7.0,33.5,13.0,51.0,21.0,55.0,24.5,11.0,37.0,20.0,52.5,11.0,33.0,47.0,27.5,29.0,26.0,36.5,54.0,3.0,13.0,36.0,18.0
2020-07-09,5.0,7.0,4.0,40.0,48.0,11.0,34.0,22.0,26.0,18.0,12.0,47.0,9.0,25.0,50.0,44.0,41.0,43.0,41.0,30.0,18.0,42.0,47.0,60.0,23.0,25.5,50.0,47.0,50.0,14.0,3.0,55.0,36.0,37.0,6.0,31.0,29.5,2.0,42.0,15.0,56.0,33.0,54.0,37.0,1.0,36.0,19.0,52.0,13.0,17.0,56.0,40.0,25.0,22.0,18.0,59.0,10.0,8.0,27.0,32.0
2020-07-10,7.0,5.0,14.0,50.0,53.0,1.0,24.0,31.0,34.0,16.5,17.0,54.0,8.0,12.0,56.0,50.0,54.0,39.0,52.0,21.0,14.5,39.5,13.0,58.5,21.0,38.5,31.0,43.0,32.0,9.5,12.0,43.0,28.0,40.0,2.0,44.0,35.0,4.0,49.0,9.5,46.0,31.0,51.0,23.0,3.0,40.0,43.0,50.0,18.0,24.0,40.0,25.0,27.0,22.0,28.0,60.0,6.0,19.0,31.0,47.0
2020-07-13,1.0,13.0,8.0,29.0,57.0,5.0,22.0,19.5,46.5,31.0,17.0,49.0,9.0,28.0,56.0,53.0,50.5,52.0,43.0,19.0,19.0,50.0,37.0,47.0,26.0,37.0,50.0,52.5,17.0,15.0,6.0,56.5,29.0,41.0,4.0,40.0,24.0,10.0,45.5,3.0,45.0,34.0,32.0,34.0,7.0,25.0,29.0,46.0,14.0,40.0,47.0,2.0,34.5,38.0,12.0,59.0,11.0,22.5,31.5,17.0
2020-07-14,8.0,17.0,12.0,49.0,57.0,7.0,20.5,22.5,45.0,19.0,17.0,42.0,4.0,2.0,53.0,49.5,45.0,42.0,51.0,12.0,27.0,30.0,43.5,54.0,33.0,43.0,49.5,49.0,42.0,10.0,1.0,54.5,38.0,35.0,5.0,25.0,24.0,16.0,26.0,29.0,48.5,38.0,56.0,38.0,3.0,28.0,31.0,49.5,14.0,24.0,32.0,35.0,12.0,21.5,18.0,59.0,6.0,9.0,25.0,34.0
2020-07-15,15.0,9.0,14.0,41.0,43.0,6.0,17.0,24.0,38.0,21.0,10.0,55.0,2.0,19.0,56.0,45.0,47.0,50.0,47.0,19.0,26.0,40.0,46.0,59.0,4.0,37.5,50.0,37.5,30.5,14.0,8.0,59.0,40.5,16.0,7.0,25.0,32.0,4.0,29.0,11.0,53.0,34.0,49.0,29.0,1.0,37.0,46.0,52.0,15.0,39.0,54.0,29.0,4.0,22.0,30.0,53.0,12.0,24.5,34.0,35.0
2020-07-16,11.0,24.0,39.0,25.0,51.5,1.5,8.0,16.0,25.0,13.0,5.0,49.5,9.0,7.0,56.0,50.0,42.5,47.0,41.0,18.0,32.0,42.0,36.0,58.0,33.0,29.0,46.0,50.0,28.0,19.0,11.0,58.0,39.0,46.5,25.0,40.0,36.5,4.0,48.5,21.0,44.0,21.0,21.0,36.5,3.0,34.0,42.0,53.0,12.0,31.0,49.5,19.0,1.5,29.0,17.0,56.0,6.0,15.0,16.0,36.5
2020-07-17,12.0,18.0,40.0,49.0,52.5,6.0,8.0,1.0,28.5,17.0,2.0,58.0,10.0,4.0,58.0,34.0,42.0,48.0,55.0,18.0,14.0,46.0,35.5,49.0,31.0,39.0,48.0,52.5,43.0,14.0,17.0,42.0,36.0,29.0,22.0,33.0,47.0,9.0,45.0,32.0,42.0,21.0,27.5,25.0,5.0,14.0,25.0,48.0,11.0,36.0,51.0,18.5,6.0,29.0,27.0,55.0,3.0,45.5,21.0,22.0
2020-07-20,8.0,4.0,44.5,47.0,45.5,2.0,12.0,17.0,35.5,20.5,11.0,57.0,9.0,3.0,54.0,38.0,43.0,52.0,54.0,13.0,10.0,43.0,31.0,57.0,17.0,51.0,46.0,51.0,36.0,26.5,18.0,52.0,32.0,1.0,25.0,35.0,24.0,4.0,46.0,20.0,38.0,24.0,24.0,28.0,6.0,26.5,38.0,49.0,14.0,29.0,45.0,6.0,36.0,41.0,32.0,49.0,20.0,47.0,16.5,32.5
2020-07-21,30.5,32.0,26.0,48.0,52.0,17.0,3.0,14.0,32.0,8.0,7.0,53.0,2.0,1.0,47.0,33.5,52.0,23.0,47.0,5.0,23.0,37.0,27.0,60.0,13.5,34.0,45.5,41.0,32.0,18.0,10.0,54.0,12.0,11.0,23.0,30.0,30.5,12.0,42.0,38.0,37.0,17.0,41.0,26.5,6.0,48.0,53.0,44.0,10.0,39.0,53.5,4.0,19.0,44.5,48.5,58.0,24.0,34.0,47.5,19.0
2020-07-22,8.0,23.0,43.0,23.0,52.0,14.0,12.0,15.0,28.5,11.0,19.0,52.5,6.0,7.0,55.0,45.0,34.0,53.0,46.0,10.0,1.0,14.5,38.5,60.0,25.0,31.0,47.0,38.0,38.5,26.0,20.0,56.0,38.0,21.0,29.0,41.0,36.5,2.0,52.0,48.0,51.0,24.0,47.0,32.5,4.0,9.0,31.0,44.5,20.0,27.5,44.0,3.0,13.0,46.5,33.0,59.0,5.0,36.0,28.5,17.5
2020-07-23,8.0,36.0,30.0,45.0,51.0,27.0,12.0,10.0,22.0,11.0,23.0,58.0,9.0,7.0,53.5,46.0,18.0,50.0,43.0,3.0,28.0,38.0,5.0,57.0,39.0,14.0,51.0,30.0,46.5,20.0,17.0,53.0,45.0,14.5,33.0,36.0,28.0,1.0,48.0,37.0,35.0,16.0,38.0,23.0,6.0,26.0,39.0,45.0,14.0,20.0,50.0,4.0,23.5,49.0,40.0,59.0,2.0,33.0,46.0,21.0
2020-07-24,2.0,35.0,36.5,45.5,52.0,3.0,12.0,36.0,49.0,14.0,26.0,51.0,17.0,7.0,51.0,49.0,29.0,7.5,56.0,14.0,18.5,46.0,10.0,57.0,21.5,31.0,40.0,22.0,42.0,15.0,8.0,50.5,30.0,42.0,33.0,51.0,38.0,1.0,24.0,19.0,29.0,6.0,35.0,14.0,10.0,20.0,51.5,53.5,6.5,23.0,36.0,3.0,46.0,29.0,40.5,58.0,28.0,34.5,55.0,22.0
2020-07-27,11.0,22.0,30.0,41.0,33.5,18.0,13.0,23.0,35.0,4.0,27.0,58.0,8.0,18.0,54.0,44.0,50.0,47.5,40.5,8.0,25.0,30.0,22.0,56.0,11.0,52.0,57.0,49.0,26.0,9.0,14.0,52.5,40.0,4.0,22.0,47.0,39.0,3.0,34.0,45.0,45.5,20.0,43.0,7.0,6.0,16.0,26.0,39.0,2.0,16.0,32.0,16.0,30.0,42.5,35.5,58.0,2.0,44.5,51.0,26.0
2020-07-28,4.0,15.0,42.0,31.0,26.0,27.0,13.0,41.0,52.0,21.0,54.0,56.0,14.0,18.0,56.0,38.5,51.0,24.0,41.0,9.0,12.0,23.0,3.5,47.0,18.0,50.0,25.0,39.0,27.0,21.0,16.0,39.0,45.0,57.0,42.0,34.0,47.0,10.0,32.0,28.0,50.0,4.0,17.0,21.0,2.0,33.0,47.5,59.0,7.0,37.0,31.0,1.0,6.0,6.0,47.0,54.0,11.0,40.0,50.0,29.0
2020-07-29,5.0,22.0,35.0,43.0,46.0,20.0,11.0,36.0,10.0,7.0,42.0,55.0,28.0,20.0,56.0,21.0,54.0,47.0,38.0,7.0,13.0,15.0,18.0,49.0,40.0,41.0,45.5,52.0,45.0,13.0,7.0,17.0,58.0,42.5,36.5,2.0,40.0,2.0,31.0,26.0,31.0,9.0,27.0,38.0,2.0,49.5,43.5,51.0,17.5,24.0,43.0,12.0,26.0,3.5,39.5,49.0,16.0,32.0,54.5,24.0
2020-07-30,1.0,26.0,45.0,6.0,51.0,19.0,11.0,49.0,38.0,2.0,45.0,58.0,37.0,14.0,55.0,25.0,55.0,51.0,18.0,27.0,21.0,24.0,20.0,53.0,30.0,36.0,32.0,40.0,34.0,13.0,5.0,44.0,53.0,43.0,40.0,22.0,35.0,10.0,56.0,32.0,48.0,12.0,17.0,40.0,9.0,50.0,23.0,47.0,6.0,27.0,24.0,4.0,16.0,3.0,39.0,56.0,8.0,43.0,31.0,16.0
2020-07-31,6.0,30.5,39.5,22.0,45.0,25.0,15.0,55.0,56.0,11.0,42.5,58.0,22.0,20.0,47.5,26.0,49.0,55.0,17.5,3.0,9.0,21.0,42.0,44.5,5.0,53.0,37.5,51.0,41.0,30.0,22.0,22.0,51.0,49.0,44.5,14.0,38.0,9.0,41.0,35.0,30.0,5.0,19.0,33.0,11.0,28.0,12.0,53.0,9.0,35.0,20.0,1.0,26.0,24.5,41.5,57.0,5.0,46.0,31.5,2.0
2020-08-03,18.0,24.5,31.0,43.0,28.0,2.0,7.0,54.5,23.5,6.0,31.0,53.0,22.0,20.0,50.5,38.0,55.0,57.5,48.0,21.0,31.0,49.5,19.5,47.0,1.0,33.0,34.5,50.0,54.0,12.0,20.0,52.0,55.0,43.0,32.5,20.5,42.0,3.0,43.0,29.0,15.5,9.5,42.5,36.0,5.0,13.0,31.0,47.0,4.0,27.0,16.0,12.0,28.0,9.0,46.0,57.0,8.0,34.0,35.5,15.5
2020-08-04,4.5,14.5,37.0,30.0,45.0,26.0,17.0,53.0,35.0,10.0,49.0,56.0,10.5,19.5,53.0,18.0,56.0,51.0,37.0,30.0,24.0,35.5,6.0,50.0,4.0,53.0,49.0,55.5,21.0,29.0,2.0,41.0,34.0,21.0,47.5,5.0,55.0,1.0,41.0,23.0,30.0,24.0,36.0,23.0,6.0,46.5,24.0,43.0,12.0,28.0,49.0,16.0,8.0,13.0,45.5,42.5,8.0,35.0,42.0,12.0
2020-08-05,12.0,35.0,22.0,35.0,49.0,10.0,3.0,42.0,38.5,25.0,55.0,50.0,6.0,12.0,54.0,15.0,49.0,52.0,19.0,30.0,20.0,5.0,12.0,57.0,1.0,47.0,32.0,38.0,43.0,27.0,24.0,50.0,56.0,20.5,47.0,36.0,50.5,2.0,49.0,24.0,34.0,13.0,38.0,41.0,4.0,35.5,29.0,34.0,8.0,6.0,55.0,15.0,18.0,28.5,42.0,55.5,9.0,20.0,39.0,24.0
2020-08-06,8.0,30.0,34.0,20.0,40.0,7.0,5.0,56.5,34.5,11.0,55.0,49.5,45.5,20.0,48.5,22.0,53.0,45.0,46.5,33.0,17.0,2.0,23.0,40.0,2.0,32.0,9.0,15.5,40.0,13.0,31.0,37.0,53.0,28.0,31.0,32.5,44.5,18.0,51.0,35.5,27.0,8.0,31.0,52.0,2.0,36.0,48.0,50.5,4.0,15.0,48.5,10.0,37.0,24.5,43.5,57.0,14.0,10.0,51.0,20.0
2020-08-07,4.0,40.5,22.5,30.0,44.5,29.0,10.0,55.0,38.0,16.0,47.0,48.0,49.0,9.0,45.0,54.0,52.0,51.5,24.0,21.0,5.0,6.0,49.0,56.0,18.5,34.0,14.0,17.0,44.0,26.0,22.0,48.0,37.5,10.0,48.5,1.0,28.0,3.0,51.5,13.0,34.5,20.0,8.0,36.0,13.0,43.5,33.0,38.0,8.0,15.5,47.5,23.0,2.0,33.0,45.0,58.0,33.0,18.0,46.5,29.5
2020-08-10,5.0,44.0,26.0,2.0,45.0,11.0,21.0,53.5,41.5,1.0,56.0,50.0,29.0,10.0,53.0,35.0,54.0,57.0,31.0,6.0,4.0,12.0,47.0,50.0,22.0,25.0,28.0,27.0,16.0,24.0,34.0,37.0,51.0,11.0,53.0,26.0,8.0,16.0,44.5,18.0,18.0,18.0,56.0,49.0,7.0,41.0,30.0,40.0,3.0,16.0,38.0,31.0,15.0,40.0,31.0,54.0,39.0,11.0,45.5,34.0
2020-08-11,16.0,52.0,35.5,8.5,57.0,15.0,23.0,54.0,27.5,10.0,56.0,38.0,32.5,13.0,36.0,42.0,56.0,54.0,34.0,35.0,2.0,4.0,24.0,42.5,28.0,28.0,2.0,16.5,43.5,49.5,45.0,20.0,47.5,17.0,39.0,32.0,7.0,8.0,29.5,12.0,32.0,2.0,49.0,51.0,7.0,9.0,39.0,47.0,4.0,30.0,46.5,14.0,20.0,48.0,42.0,56.0,41.0,19.0,23.0,26.0
2020-08-12,5.0,52.0,36.5,33.0,47.0,20.5,26.0,18.0,21.0,13.0,40.0,43.0,27.0,15.0,53.5,53.0,51.0,33.0,55.0,28.0,9.0,11.0,36.0,45.0,44.0,37.0,26.0,1.0,49.5,18.0,31.0,3.0,42.5,12.0,45.0,6.0,10.0,9.0,23.0,30.0,24.0,17.0,58.0,56.0,4.0,47.5,31.5,37.0,2.0,17.0,37.0,18.5,24.0,49.0,54.0,58.0,36.0,6.0,20.0,43.0
2020-08-13,3.0,59.0,33.5,22.0,26.0,3.0,45.0,50.0,10.0,11.0,53.0,47.0,37.0,28.0,18.0,49.0,52.0,57.0,33.5,40.5,18.0,7.0,34.5,30.0,7.0,43.5,16.0,38.0,47.0,24.0,44.0,3.0,51.0,13.0,27.0,20.0,21.0,2.0,16.0,34.0,28.0,8.0,45.0,52.0,5.0,46.0,24.0,44.0,8.0,45.0,56.0,15.0,13.0,38.0,38.5,56.0,52.0,11.0,29.5,26.0
2020-08-14,2.0,49.0,33.0,26.0,30.0,35.0,49.0,51.0,1.0,8.0,54.0,56.0,58.0,11.0,4.0,55.5,50.0,7.0,21.0,34.0,5.0,5.0,33.5,41.0,54.0,39.0,12.0,18.0,50.0,43.5,32.0,20.0,42.0,9.0,28.0,18.0,15.0,7.0,13.0,22.0,45.5,11.0,37.0,44.0,20.0,39.0,29.0,20.0,7.0,43.0,54.0,22.0,25.0,38.5,46.0,59.0,51.0,26.0,17.0,30.0
2020-08-17,5.0,51.0,10.0,43.0,47.0,38.0,47.0,55.0,17.0,30.0,59.0,25.0,51.0,22.0,49.0,53.0,56.0,51.0,55.0,40.5,24.0,45.0,11.0,3.0,32.0,51.0,4.0,30.0,25.0,35.0,45.0,9.0,39.0,3.0,30.0,34.0,19.0,23.0,13.0,11.0,14.0,6.0,55.0,19.0,18.0,39.0,24.0,27.0,5.0,44.0,41.5,17.0,9.0,41.0,23.0,34.0,34.0,3.0,15.5,37.0
2020-08-18,22.0,55.0,39.0,7.0,3.0,38.5,42.5,57.0,4.5,27.0,58.0,48.0,51.5,35.0,24.0,36.0,43.5,13.0,47.5,52.0,18.0,44.0,7.0,18.5,10.0,40.5,28.0,3.0,35.0,25.0,54.0,30.0,35.5,10.0,33.0,6.0,15.0,21.0,29.0,3.0,10.0,13.0,41.0,54.5,3.0,43.0,17.5,51.0,22.0,55.0,50.0,16.0,48.0,26.0,26.0,42.0,48.0,13.0,24.0,33.0
2020-08-19,11.0,47.5,17.0,51.0,50.0,37.0,19.0,52.0,8.0,15.0,56.0,47.0,46.5,12.0,31.0,52.0,46.0,42.0,56.0,45.0,9.0,27.0,6.0,22.5,31.0,48.5,4.5,2.0,56.0,42.5,32.0,27.0,27.0,17.0,24.0,12.0,8.0,7.0,2.0,4.0,16.0,24.0,47.0,36.0,2.0,26.0,30.0,38.0,29.5,40.0,50.0,33.0,22.0,55.0,34.0,58.0,38.0,15.0,21.0,41.0
2020-08-20,8.0,42.0,36.5,28.0,13.0,5.0,9.0,58.0,29.0,4.5,60.0,55.0,49.5,13.0,53.0,20.0,18.0,22.0,58.0,50.0,2.0,2.0,8.0,35.0,24.0,52.5,18.0,38.0,51.5,41.0,37.0,12.0,40.5,2.0,42.0,16.0,29.0,37.0,19.0,4.0,34.0,47.5,46.0,27.0,28.5,43.5,27.0,23.0,8.0,12.0,42.0,45.5,20.0,44.0,30.0,53.0,44.0,33.0,26.0,23.0
2020-08-21,4.0,33.0,34.0,29.0,19.0,23.5,12.0,56.0,1.0,24.5,52.0,49.0,58.0,21.0,25.0,43.0,8.0,38.0,55.0,24.0,26.0,47.5,6.0,13.5,21.0,19.0,8.0,37.0,56.0,47.0,57.0,4.0,52.0,19.0,40.0,2.0,7.0,13.0,42.5,11.0,17.0,41.0,47.0,34.0,15.5,51.0,19.0,29.5,4.0,34.0,48.0,34.0,38.0,49.0,41.5,48.0,38.0,29.0,9.5,24.0
2020-08-24,7.0,41.0,37.0,8.0,22.0,52.0,11.5,40.0,25.5,29.0,54.0,38.0,58.0,6.0,2.0,41.5,7.0,46.0,51.0,39.0,9.0,40.0,8.5,36.0,32.0,35.0,16.0,43.0,56.0,24.0,51.0,2.0,44.5,12.0,41.5,4.0,22.0,13.5,46.5,17.0,19.0,32.0,48.0,56.5,16.0,28.0,11.0,28.0,2.0,30.5,55.0,24.0,35.0,51.0,20.5,47.0,51.0,18.5,26.0,28.5
2020-08-25,7.0,49.0,31.0,33.5,12.0,27.0,10.0,50.5,26.0,44.0,48.0,56.0,55.0,29.0,1.0,56.0,19.0,28.0,53.0,21.0,39.0,54.0,23.0,14.0,16.0,13.0,38.0,43.0,51.0,4.0,9.0,21.0,49.0,9.0,51.5,2.0,18.0,3.0,20.0,5.0,36.0,48.0,42.5,41.0,13.0,34.0,4.0,26.0,9.0,49.0,33.5,42.5,23.0,29.0,54.0,54.5,44.0,36.5,16.0,26.0
2020-08-26,14.0,49.0,40.0,24.0,48.0,23.5,19.0,50.0,3.0,48.0,45.0,52.0,53.5,21.0,17.0,55.0,33.0,52.0,58.0,8.0,46.0,48.0,12.0,11.0,26.5,14.0,18.0,43.0,49.0,8.0,32.0,9.0,26.5,20.0,52.0,15.0,28.5,2.0,12.0,5.0,27.0,43.0,50.0,38.0,5.0,8.0,26.0,38.0,28.0,47.0,42.0,38.0,30.0,49.5,27.0,5.0,46.0,2.0,33.0,35.5
2020-08-27,6.0,41.0,21.0,7.0,38.0,16.0,33.0,49.0,16.0,46.0,39.0,49.0,54.0,46.0,11.0,59.0,51.0,39.0,52.0,28.0,31.0,44.0,3.0,40.0,24.0,13.0,28.5,51.5,54.0,5.0,25.0,2.0,28.0,11.0,47.0,18.0,2.0,9.0,42.0,15.0,4.0,28.0,57.0,55.0,16.0,8.0,10.0,22.0,39.0,27.0,44.5,22.0,35.5,35.0,34.0,49.0,38.0,14.0,31.0,24.0
2020-08-28,4.0,54.0,17.5,37.0,34.0,25.0,22.0,52.5,25.0,34.0,46.0,45.5,55.0,9.0,50.0,39.0,38.0,40.0,58.0,30.0,5.0,60.0,2.0,37.0,13.0,17.0,28.5,54.0,48.0,2.0,41.0,19.0,34.0,11.0,27.5,11.0,7.0,15.0,16.0,9.0,52.0,2.0,44.0,54.0,7.0,5.0,28.0,32.0,19.0,25.0,41.5,31.0,22.0,45.0,28.5,57.0,47.0,14.0,20.0,49.0
2020-08-31,2.0,51.0,23.0,57.5,43.0,19.0,8.0,57.0,33.0,27.0,53.0,53.0,49.5,42.0,32.0,40.0,45.5,49.5,2.0,23.0,22.0,50.0,9.0,45.0,36.0,17.0,26.5,57.0,52.0,7.0,26.0,2.0,38.0,15.0,45.5,5.0,14.0,6.0,3.0,12.0,21.0,34.0,51.0,52.5,13.0,10.0,11.0,28.0,18.0,32.0,30.0,34.0,37.0,43.5,23.0,41.0,48.0,18.5,26.0,28.0
2020-09-01,2.0,44.0,22.0,48.5,33.0,2.0,20.0,34.0,31.0,42.0,46.0,52.0,57.0,36.0,50.5,46.5,24.5,33.0,44.0,20.0,39.0,57.0,5.0,49.0,43.5,9.0,35.0,51.0,40.0,18.0,23.0,27.0,38.0,16.0,23.0,6.0,7.0,13.0,11.0,10.0,18.0,57.0,48.0,54.5,14.0,5.0,7.0,26.0,2.0,38.0,43.0,29.0,31.0,30.0,19.0,59.0,41.0,12.0,14.0,34.0
2020-09-02,6.0,36.0,25.0,47.0,53.0,11.0,10.0,51.0,31.5,35.0,24.0,43.0,60.0,35.0,47.0,47.0,48.0,44.5,55.0,33.0,28.0,59.0,1.0,50.0,26.0,36.0,39.0,58.0,20.5,15.0,18.0,28.0,28.0,12.0,40.0,4.0,5.0,8.0,2.0,3.0,56.0,39.5,52.0,21.0,13.0,15.0,9.0,35.0,6.0,25.0,48.0,18.0,30.0,42.0,17.0,44.0,44.0,20.0,23.0,23.0
2020-09-03,1.0,26.0,23.0,60.0,51.0,9.0,26.0,33.0,37.0,39.0,25.0,53.0,57.0,30.5,49.5,32.0,3.0,45.0,57.0,40.0,19.0,8.0,35.0,54.0,43.0,32.0,24.0,51.0,32.0,15.0,27.0,6.0,40.5,2.0,46.5,7.0,4.5,16.0,13.0,10.0,42.0,42.0,56.0,55.0,4.5,26.0,11.0,27.5,13.0,39.0,40.0,45.0,22.0,43.0,20.0,48.0,42.0,16.0,17.0,11.0
2020-09-04,3.0,43.0,29.0,55.0,58.0,8.0,24.5,39.0,33.0,43.5,15.0,46.0,41.0,36.5,51.0,48.0,56.0,49.0,50.0,31.0,10.0,49.0,2.0,52.5,36.0,34.0,39.5,56.0,44.0,6.0,15.0,23.0,34.0,12.0,29.0,4.0,1.0,26.0,19.0,5.0,53.0,34.0,56.0,57.0,12.0,21.0,6.0,22.0,15.0,29.0,42.5,26.0,17.0,36.0,19.0,31.0,28.0,8.0,15.0,12.0
2020-09-07,3.0,32.0,35.0,54.0,56.0,6.0,10.0,34.0,48.0,24.0,20.0,43.0,37.0,41.0,45.0,49.0,58.0,58.0,59.0,1.0,4.0,56.0,25.0,14.0,27.0,28.0,23.5,49.0,46.0,9.0,32.0,18.0,44.0,2.0,31.0,15.0,10.0,29.0,13.0,19.0,52.0,37.0,48.0,54.0,5.0,8.0,6.0,13.0,39.0,27.0,47.5,41.0,21.0,39.0,35.0,19.0,39.0,18.0,22.0,14.0
2020-09-08,11.0,52.0,39.0,57.0,38.0,13.0,23.0,43.5,35.0,38.0,29.0,53.5,57.5,26.0,57.0,38.0,43.0,40.0,59.0,18.5,27.0,5.0,2.0,52.0,35.0,28.0,42.0,48.0,48.0,15.0,19.5,2.0,40.5,16.0,32.5,2.0,7.0,9.0,24.0,6.0,45.0,18.0,54.0,55.0,6.0,11.0,15.0,23.0,4.0,16.0,46.0,27.0,9.0,23.5,29.0,50.0,39.5,23.0,32.5,34.0
2020-09-09,8.0,24.0,36.0,50.5,50.0,6.0,24.0,36.0,30.0,47.0,30.0,34.5,44.0,50.5,56.0,56.0,51.0,33.0,56.0,46.0,12.0,44.0,5.0,54.0,35.0,17.0,53.0,45.0,51.0,5.0,35.0,2.5,45.0,2.0,33.0,15.0,11.0,8.0,22.0,13.0,29.0,18.5,33.0,59.0,11.0,5.0,17.0,24.0,28.0,13.0,44.0,20.0,33.0,38.0,17.0,39.0,37.0,19.5,2.0,29.0
2020-09-10,1.0,47.0,40.0,56.0,56.5,12.0,21.0,35.0,14.0,28.5,3.0,58.0,18.0,35.0,37.0,55.0,16.0,19.0,50.0,39.0,35.0,49.0,21.0,41.0,28.0,32.0,53.0,57.0,36.0,8.0,39.0,25.0,46.0,2.0,42.0,5.0,9.0,6.0,22.0,7.0,50.0,12.0,47.0,46.0,14.0,4.0,18.0,28.0,16.0,56.0,38.0,25.0,28.0,33.5,24.0,53.0,44.0,31.5,12.0,11.0
2020-09-11,11.0,38.0,41.5,52.0,46.0,7.0,9.0,45.0,20.0,21.0,3.0,57.0,43.0,37.0,48.0,46.0,6.0,41.0,59.5,11.0,27.5,55.0,1.0,48.0,36.0,55.0,15.0,57.0,25.0,5.0,35.5,4.0,31.0,8.0,37.0,16.0,2.0,18.0,31.0,19.0,54.0,39.0,56.0,36.0,11.0,30.0,23.0,29.0,28.0,15.0,34.0,25.0,45.0,46.0,12.0,33.5,48.0,22.0,14.0,23.0
2020-09-14,24.0,40.0,34.0,48.5,59.0,1.0,3.0,33.5,20.0,40.0,8.0,46.5,54.0,40.0,12.0,44.0,12.0,21.0,53.0,32.0,37.0,51.0,11.0,41.0,49.0,36.0,13.5,56.5,55.0,3.0,32.0,18.0,40.0,3.0,45.5,6.0,28.0,10.0,16.0,13.0,23.0,32.0,52.0,44.0,5.0,7.0,7.0,25.0,17.0,26.0,44.0,28.0,40.5,47.0,21.0,58.0,50.0,18.0,32.0,25.0
2020-09-15,17.0,49.0,21.0,38.0,48.0,21.0,5.5,41.0,51.0,58.0,31.0,45.0,53.0,29.0,13.5,43.5,28.5,13.0,59.0,8.0,26.0,47.0,2.0,19.0,38.0,39.0,10.0,56.0,58.0,8.0,25.0,4.0,46.0,8.0,37.5,5.5,2.0,10.0,16.0,13.0,54.0,45.0,50.0,51.0,2.0,24.0,17.0,35.0,26.5,25.0,18.0,30.0,29.0,47.0,15.0,34.0,38.0,41.0,34.0,28.0
2020-09-16,15.0,51.0,8.5,56.0,43.5,10.0,2.0,44.5,29.0,56.0,19.0,51.5,29.0,24.0,35.0,15.0,27.0,5.0,53.0,34.0,47.5,58.0,1.0,39.0,48.0,35.0,22.0,52.0,55.0,18.0,33.0,13.0,39.0,8.0,43.0,21.0,7.0,16.0,13.0,3.0,46.0,5.0,26.0,49.0,11.0,36.0,30.0,31.0,5.0,11.5,25.0,27.0,40.0,46.5,19.0,41.0,40.0,24.0,45.0,60.0
2020-09-17,22.0,54.0,38.0,58.0,40.0,2.0,21.0,43.5,51.0,46.5,10.0,52.0,43.0,26.0,35.0,50.0,17.0,5.0,57.0,9.0,9.0,57.0,7.0,42.0,50.0,40.0,11.0,59.0,47.0,4.0,30.5,19.0,36.0,1.0,41.0,26.0,16.0,6.0,11.0,24.0,43.0,21.0,25.5,47.0,14.0,32.0,17.0,21.0,29.5,13.0,3.0,13.0,51.5,40.0,32.0,36.0,43.0,41.5,30.0,29.0
2020-09-18,7.0,37.5,48.0,51.0,6.0,16.0,23.0,39.5,26.0,12.0,10.0,51.0,57.0,33.5,27.0,55.0,12.0,13.0,42.5,29.0,50.5,57.0,8.0,30.0,37.5,45.0,22.0,46.0,48.0,4.5,17.5,2.0,31.5,14.0,36.0,2.0,26.0,20.0,16.0,9.0,53.0,29.0,56.0,43.5,36.0,33.0,23.0,39.0,2.0,19.0,4.0,20.5,43.5,40.5,12.0,44.0,53.0,33.0,42.0,35.5
2020-09-21,25.0,54.0,50.0,57.0,44.5,28.0,6.0,51.0,33.0,24.5,2.0,54.0,56.0,43.0,22.0,34.0,13.0,14.0,53.0,7.5,45.5,55.0,3.0,20.5,33.0,48.5,18.0,48.5,48.0,30.0,27.0,12.0,38.0,5.0,31.0,9.0,36.0,22.0,19.0,7.5,48.0,39.0,55.0,16.0,40.0,11.0,28.0,41.0,10.0,1.0,15.0,4.0,20.0,33.0,23.0,18.0,44.0,35.0,46.0,40.0
2020-09-22,24.0,30.0,52.0,59.0,25.0,20.5,28.0,45.5,30.0,53.0,5.0,56.0,55.0,34.0,32.0,58.0,2.0,15.0,56.0,25.0,48.0,51.0,7.0,5.0,30.0,43.0,25.0,51.0,42.0,9.0,39.0,13.0,46.0,2.0,43.0,14.0,16.5,8.0,11.0,36.0,40.0,23.0,24.5,35.0,11.0,37.0,39.0,18.0,2.0,4.0,19.0,10.0,44.0,50.0,26.0,18.0,50.0,36.0,43.0,23.5
2020-09-23,33.0,54.0,59.0,51.0,31.0,2.0,18.0,25.0,18.5,45.0,6.0,54.0,52.0,42.0,22.0,56.0,15.0,13.0,53.0,39.0,34.0,50.0,5.0,23.0,30.0,41.0,9.0,58.0,31.0,16.0,14.0,4.0,37.0,1.0,41.0,12.0,8.0,7.0,29.0,10.0,46.0,25.0,57.0,36.0,11.0,41.0,25.0,31.0,35.0,17.0,3.0,20.0,31.0,46.0,35.5,28.0,19.5,41.0,46.0,50.0
2020-09-24,12.0,21.5,55.0,53.0,31.0,19.0,37.0,57.0,27.5,27.0,10.0,50.0,49.0,24.5,40.0,58.0,3.0,8.0,40.0,9.0,42.0,50.0,2.0,4.0,45.0,50.0,12.0,55.0,27.0,17.0,31.0,6.0,46.0,15.5,48.0,5.0,32.0,7.0,22.0,1.0,15.0,37.5,35.0,14.5,20.0,42.0,42.0,15.5,54.5,35.0,33.0,10.0,48.0,38.0,55.0,26.0,52.0,19.0,23.0,29.0
2020-09-25,22.0,16.0,49.0,59.0,22.0,1.0,15.0,43.0,39.0,48.0,27.0,50.5,53.0,37.0,30.0,46.0,2.0,9.0,54.0,7.0,28.0,45.5,12.5,16.0,30.0,37.0,11.0,54.0,44.0,10.0,16.0,5.0,47.0,7.0,43.0,6.0,19.0,4.0,40.0,28.0,24.0,50.0,28.0,54.0,11.0,31.0,22.0,26.0,41.0,29.0,19.5,3.0,20.0,36.0,31.0,48.0,55.0,35.0,55.0,43.0
2020-09-28,17.5,8.0,50.0,55.0,24.0,2.0,47.0,42.0,45.0,42.0,24.0,49.0,38.0,34.0,30.0,51.0,13.0,4.0,56.0,10.0,33.5,56.0,1.0,5.0,48.0,7.0,35.5,58.0,53.0,3.0,36.0,8.0,46.0,26.0,43.0,20.0,30.0,10.0,46.0,13.0,21.0,18.0,16.5,35.5,24.0,21.0,41.0,28.0,36.0,31.0,19.0,16.5,10.0,8.0,20.0,28.0,58.0,56.0,40.0,48.5
2020-09-29,17.5,46.0,52.0,52.0,47.5,8.0,30.5,38.0,52.0,19.0,13.0,56.0,31.0,33.0,22.0,55.0,4.0,21.0,56.0,39.0,20.0,59.0,9.0,16.0,39.0,30.0,11.0,48.0,33.0,27.0,12.0,1.0,41.0,14.0,38.0,5.0,10.0,7.0,33.0,2.0,18.0,30.0,26.0,34.0,30.0,32.5,49.0,23.0,3.0,5.0,51.5,26.0,16.0,46.0,52.0,24.0,59.0,41.0,43.5,43.5
2020-09-30,41.0,47.0,53.0,43.5,20.0,16.0,33.5,45.0,47.0,34.0,1.0,53.5,13.0,20.0,37.0,52.0,5.0,6.0,58.0,24.0,50.0,59.0,13.0,8.0,56.0,51.0,4.0,52.0,56.0,37.0,35.0,10.0,33.0,24.5,39.0,2.0,28.0,10.0,19.0,14.0,42.0,35.5,29.0,25.0,23.0,3.0,37.0,16.0,12.0,8.0,28.0,20.0,33.0,27.5,45.5,34.0,28.0,49.0,7.0,44.0
2020-10-05,36.0,54.0,58.0,51.0,15.0,20.5,36.0,49.0,20.0,39.0,32.0,23.0,51.0,2.0,19.0,56.0,11.0,18.0,53.0,11.0,47.0,47.0,4.0,5.0,39.0,43.0,15.0,57.0,36.0,10.0,38.0,7.0,51.0,24.0,39.0,6.0,9.0,23.0,32.0,12.5,2.0,9.0,20.0,34.5,40.0,22.0,45.0,13.0,52.0,2.0,28.0,24.5,31.5,26.0,57.0,32.0,39.0,47.5,44.5,28.0
2020-10-06,30.0,51.0,58.0,57.0,16.0,6.0,40.5,54.0,18.0,40.0,32.0,38.0,34.5,24.0,27.5,57.0,10.0,6.5,50.0,3.0,53.0,51.0,15.0,8.5,47.0,27.5,31.0,51.0,41.0,48.0,8.0,11.0,39.0,29.0,44.0,22.0,27.0,2.0,26.0,13.0,19.0,13.0,22.5,17.5,2.0,43.0,37.0,27.0,44.0,15.0,46.0,13.0,23.0,34.0,54.5,44.0,42.0,55.0,2.0,5.0
2020-10-07,1.0,52.0,59.0,57.0,30.0,9.5,44.0,30.0,27.0,26.0,40.0,29.0,17.0,18.0,34.0,42.0,12.5,6.0,41.0,16.0,48.0,50.0,24.0,4.0,37.0,53.0,27.0,48.0,48.0,19.0,13.0,10.0,34.5,20.0,39.0,11.0,3.0,17.0,13.0,7.0,2.0,11.0,15.5,27.0,5.0,49.0,49.0,38.0,26.0,50.0,37.5,30.0,24.0,47.0,51.0,42.0,33.0,58.0,54.0,38.5
2020-10-08,26.5,31.0,54.0,58.0,15.0,12.0,50.0,49.0,41.0,45.0,8.5,49.0,55.0,30.0,17.0,55.0,4.0,3.0,59.0,9.0,51.0,52.0,1.0,12.0,26.0,35.0,28.0,49.0,44.0,21.0,25.0,6.0,32.0,28.0,30.0,5.0,2.0,23.5,14.5,15.5,10.0,19.0,22.0,24.5,40.0,24.5,38.0,14.0,35.5,39.0,24.0,17.0,45.0,34.5,50.0,8.0,43.0,56.0,27.5,44.0
2020-10-09,34.0,39.0,54.0,60.0,26.5,27.5,48.0,46.0,30.0,5.0,44.0,52.0,56.0,17.5,19.0,54.5,10.0,1.0,34.0,7.0,46.0,14.0,11.0,9.0,32.5,16.0,15.0,18.0,41.5,38.0,2.0,3.5,48.5,27.0,47.0,6.0,24.5,23.0,20.0,22.0,12.0,28.0,33.0,22.0,30.5,33.0,47.0,20.0,37.0,42.0,54.0,12.0,3.5,35.0,53.0,8.0,48.0,52.0,36.0,51.0
2020-10-12,47.0,50.0,58.0,59.0,34.0,11.0,39.0,50.0,11.0,15.5,6.0,49.0,36.0,43.0,25.0,44.0,9.0,2.0,33.5,14.0,54.0,45.0,15.0,21.0,36.0,55.0,13.0,35.0,24.5,26.0,3.0,4.0,47.0,13.0,36.0,5.0,33.0,28.0,54.0,1.0,6.0,16.0,25.0,21.5,27.0,27.5,36.0,25.0,8.0,13.0,38.0,22.0,38.0,57.0,56.0,18.5,46.0,51.0,31.0,42.0
2020-10-14,48.0,56.0,51.5,43.0,28.5,7.0,37.0,51.0,5.0,16.0,30.0,55.0,51.0,30.0,21.0,53.5,2.0,5.0,35.0,46.0,35.0,40.0,12.0,4.0,51.0,22.5,16.0,34.0,43.0,41.0,10.0,8.0,38.0,32.0,17.0,12.5,21.0,21.0,38.0,27.0,1.0,19.0,16.0,3.0,8.0,21.0,45.0,25.5,32.0,33.0,41.0,23.0,29.0,52.0,59.0,11.0,51.0,48.0,18.0,59.0
2020-10-15,20.0,49.5,57.0,43.5,27.0,46.0,53.0,52.0,27.0,37.0,10.0,48.5,21.0,1.0,45.5,57.0,3.0,4.0,19.0,15.0,50.0,42.0,5.0,7.0,40.0,27.0,23.0,39.0,43.0,14.0,35.0,9.0,49.0,23.0,31.0,22.5,42.5,15.0,37.0,9.0,2.0,22.0,25.0,8.0,54.0,29.0,49.0,27.0,13.0,40.0,27.5,24.0,14.0,53.0,56.0,18.0,32.5,50.5,6.0,39.5
2020-10-16,11.0,58.0,55.0,57.0,23.0,15.5,57.0,36.0,32.0,35.0,15.0,45.0,49.0,24.0,41.0,51.0,13.0,3.0,29.5,21.0,43.0,42.0,12.0,5.0,38.5,52.0,18.0,25.0,15.0,38.0,24.0,7.0,2.0,19.0,44.0,30.0,33.0,23.0,48.0,9.0,1.0,18.0,28.0,10.0,28.5,45.0,31.0,24.0,46.0,7.0,5.0,20.0,28.0,47.0,50.0,4.0,40.0,55.0,39.0,56.0
2020-10-19,37.0,49.0,57.0,58.0,25.0,17.0,44.0,54.0,18.0,30.0,2.0,48.5,31.0,45.0,56.5,56.0,4.0,3.0,29.0,22.0,31.0,27.5,20.0,16.0,38.0,27.0,12.0,32.0,31.0,45.5,42.5,7.0,15.0,28.0,50.0,12.0,50.5,10.0,48.0,23.0,1.0,18.0,6.0,8.0,37.0,39.0,53.0,25.0,12.0,8.0,31.0,22.0,35.0,40.0,47.0,13.5,41.0,49.0,5.0,52.0
2020-10-20,11.0,54.5,55.0,53.0,8.0,4.0,46.0,49.0,37.0,37.0,15.0,46.0,53.0,53.0,33.0,50.5,4.0,1.0,29.0,16.5,32.5,20.0,9.0,6.0,50.5,40.0,24.0,45.0,41.0,30.0,26.0,3.0,35.0,25.0,42.0,14.0,6.0,28.0,56.0,21.5,12.0,18.0,27.0,16.0,42.0,32.0,35.0,13.0,39.0,44.0,28.0,25.0,10.0,55.0,50.0,20.0,23.0,47.0,2.0,52.0
2020-10-21,16.0,56.5,52.0,56.0,39.0,22.0,47.0,21.0,14.0,20.5,18.0,44.5,51.0,16.0,43.0,60.0,6.0,3.0,58.0,29.0,26.0,38.0,9.0,5.0,53.0,51.0,16.0,41.0,38.0,42.0,34.0,2.0,12.0,36.0,37.5,8.0,36.0,24.0,40.0,9.0,7.0,14.0,31.0,1.0,33.0,4.0,46.0,17.0,31.0,26.0,18.0,29.0,24.0,49.0,51.0,11.0,29.0,48.0,45.0,52.5
2020-10-22,27.0,48.0,48.0,54.0,33.0,18.0,32.0,22.0,28.5,22.0,16.0,44.0,56.0,35.5,55.5,53.0,9.0,1.0,43.0,54.0,46.5,22.5,18.0,15.0,52.5,42.0,33.0,33.0,38.0,42.5,9.0,3.0,7.0,32.5,14.5,18.0,40.5,8.5,24.0,4.0,4.0,28.0,24.0,10.0,49.0,46.0,19.0,30.5,26.5,6.0,38.0,42.0,13.0,58.0,48.0,2.0,17.0,45.0,27.0,57.0
2020-10-23,24.0,43.0,52.5,53.5,18.0,22.0,56.5,19.5,31.5,21.0,48.0,37.0,53.5,15.0,56.0,50.0,4.0,7.0,22.0,49.0,25.0,36.0,20.0,14.0,40.5,26.0,37.5,49.0,10.0,38.0,12.0,8.0,5.0,40.0,33.0,32.0,2.0,5.0,50.0,11.0,28.0,6.0,41.0,12.0,26.0,18.0,31.5,36.0,45.0,28.0,45.0,35.0,16.0,56.0,52.5,2.0,3.0,41.0,46.5,55.5
2020-10-27,16.5,19.0,56.0,55.5,38.5,15.0,39.5,35.0,14.0,23.0,42.0,33.0,51.5,25.0,54.0,45.0,5.0,3.5,44.5,50.0,19.0,56.0,23.0,9.0,20.0,48.0,24.5,21.0,21.5,41.0,2.0,6.0,21.0,33.5,10.5,28.0,32.5,37.0,37.0,2.0,2.0,15.5,53.0,12.5,44.0,34.0,32.0,51.0,13.5,28.0,48.0,41.0,7.0,53.0,54.0,12.0,28.0,45.0,11.0,48.5
2020-10-28,6.0,44.0,58.0,39.0,32.0,8.0,46.0,4.5,22.5,29.0,21.5,34.5,54.0,36.0,45.0,57.0,5.0,25.0,50.0,20.0,29.0,57.0,18.0,12.5,53.0,45.0,10.0,53.0,2.0,36.0,17.0,19.0,9.5,38.0,15.0,45.0,17.0,33.0,25.0,12.5,6.0,3.0,27.0,38.0,15.0,17.0,22.0,34.0,39.0,9.0,43.0,32.0,1.0,51.0,56.0,30.0,41.5,52.0,49.0,43.0
2020-10-29,6.0,39.5,59.0,56.0,37.0,13.0,32.5,22.5,26.5,16.0,22.0,51.0,43.0,13.0,48.0,54.5,20.5,9.0,40.0,28.0,43.0,51.0,17.0,9.5,56.0,53.0,42.0,46.0,15.0,34.0,17.0,4.0,11.0,45.5,29.0,36.0,19.0,54.0,40.0,8.0,6.0,24.0,27.0,2.0,23.0,6.0,27.0,2.0,36.0,21.0,33.0,31.0,2.0,53.0,51.5,12.0,47.0,43.0,32.0,40.0
2020-10-30,5.0,40.0,57.0,53.0,49.0,9.0,26.5,7.0,30.0,33.5,28.0,34.5,46.0,16.0,57.0,56.0,14.0,6.0,38.0,8.0,22.0,44.0,32.0,28.5,56.5,43.0,41.0,39.0,2.0,19.0,17.0,4.0,1.0,51.0,12.0,20.0,3.0,16.0,25.5,8.0,12.0,50.0,57.0,35.5,19.0,11.0,29.5,43.0,32.5,20.5,51.5,53.0,15.0,39.0,47.0,44.0,36.0,38.5,23.0,38.0
2020-11-02,8.0,39.0,39.0,56.0,49.5,26.0,48.0,6.0,33.0,19.0,19.0,54.5,51.5,6.0,51.0,58.0,22.0,54.0,42.0,36.0,11.0,49.5,18.5,42.0,52.0,26.0,45.0,53.0,39.5,13.0,16.0,15.0,5.0,35.0,17.0,40.0,3.0,31.0,23.0,9.5,4.0,2.0,52.0,47.0,8.0,15.0,27.0,32.5,24.0,11.0,44.0,33.0,1.0,23.0,58.0,29.0,29.0,19.0,36.0,38.0
2020-11-03,24.0,51.0,49.0,54.0,19.0,25.0,45.0,8.0,48.0,27.0,28.0,54.0,30.0,4.0,54.0,42.0,9.0,1.0,56.0,7.0,29.0,38.0,30.0,12.0,59.0,22.0,57.0,55.0,19.0,16.0,7.0,26.5,12.0,40.0,8.0,34.5,14.0,15.0,42.0,2.0,43.0,43.0,46.0,3.0,30.0,21.0,19.0,32.0,38.0,12.0,45.5,45.5,5.0,39.5,36.5,17.0,40.5,43.5,47.0,27.0
2020-11-04,14.0,50.0,32.0,48.0,36.0,14.0,54.0,7.0,43.0,8.0,22.0,60.0,42.0,15.0,59.0,47.0,2.0,36.0,51.0,46.0,32.0,40.0,15.0,40.0,57.0,30.0,37.5,44.0,5.0,17.0,10.0,46.0,25.5,34.0,5.0,26.0,21.0,31.0,50.0,2.0,4.0,38.0,53.0,8.0,21.0,23.0,26.0,29.0,51.0,18.0,44.0,53.5,12.0,23.0,55.0,9.0,23.0,2.5,15.0,35.5
2020-11-05,22.0,32.0,3.0,43.0,50.0,3.0,50.0,21.0,42.0,14.0,25.0,59.0,49.0,24.0,60.0,56.0,33.0,43.0,53.0,47.0,27.0,7.0,3.0,52.0,3.5,31.0,55.0,38.0,10.0,11.0,18.0,27.5,14.0,46.0,22.0,38.0,20.0,32.0,41.5,17.0,8.0,38.5,56.0,34.5,12.0,32.0,24.0,17.0,37.0,10.0,46.0,41.0,4.0,54.0,42.0,5.0,13.0,8.0,27.0,38.0
2020-11-06,24.0,23.0,40.5,41.0,33.0,12.0,51.0,8.0,38.0,12.0,4.0,60.0,36.5,16.0,54.0,54.0,25.0,12.0,52.0,43.5,32.0,16.5,8.0,35.0,58.0,44.5,40.0,37.0,28.0,7.0,14.0,21.0,5.0,21.0,14.5,51.5,18.0,47.5,30.0,3.0,6.0,23.0,31.0,1.0,18.0,49.0,43.0,28.0,50.5,2.0,55.0,27.0,10.0,52.0,53.0,36.5,21.0,30.0,46.0,49.0
2020-11-09,43.0,15.0,2.0,17.5,9.0,11.0,49.0,3.0,50.0,31.5,14.0,54.0,48.0,11.0,56.0,58.0,6.0,39.0,56.0,45.0,18.0,46.0,3.0,25.0,52.0,29.0,53.0,5.0,33.5,5.0,18.0,23.0,12.0,44.0,23.5,48.0,7.0,31.0,21.0,9.0,37.0,56.0,45.0,32.0,33.0,39.0,23.0,43.0,16.0,21.0,35.0,50.0,16.0,32.5,44.0,5.0,35.0,26.0,29.0,45.5
2020-11-10,23.0,17.0,2.0,15.0,41.0,17.0,56.0,3.0,58.0,23.0,5.0,59.0,37.0,7.0,34.0,52.0,51.0,34.0,54.0,42.0,8.0,54.0,55.0,15.0,44.0,46.0,52.0,21.0,48.0,15.0,20.0,45.0,12.0,49.0,11.0,33.0,19.0,31.0,50.0,4.0,7.0,48.0,43.0,13.0,10.0,19.5,26.5,38.0,33.5,8.5,35.5,30.0,1.0,27.0,39.0,37.0,29.0,24.0,30.0,28.0
2020-11-11,35.0,57.0,20.0,24.0,20.0,5.0,48.0,10.0,50.0,24.0,6.0,30.0,59.0,33.0,50.0,56.0,49.0,45.0,47.0,51.0,24.0,53.0,35.0,36.5,48.0,39.0,19.0,50.5,16.0,16.5,31.0,45.5,3.0,31.0,12.5,54.0,9.0,27.0,29.0,4.0,39.0,53.0,1.0,22.0,16.0,14.0,8.0,37.0,21.0,7.0,15.0,11.0,2.0,54.0,41.0,14.0,35.0,26.0,40.0,37.0
2020-11-12,25.0,59.0,36.0,41.0,7.0,4.0,27.0,17.0,56.0,22.5,21.0,49.0,30.0,33.0,45.0,53.0,53.0,49.0,26.0,45.0,19.0,58.0,12.5,11.0,50.5,38.0,51.0,44.0,5.5,9.5,11.0,52.0,15.0,46.0,1.0,37.0,5.0,27.0,34.0,18.0,41.0,54.0,2.0,4.0,13.0,15.0,20.0,48.5,25.0,12.0,39.5,35.0,7.0,33.0,45.0,32.0,28.5,17.0,37.0,30.0
2020-11-13,30.0,54.5,8.0,15.0,2.0,1.0,40.0,10.0,52.0,27.0,23.0,45.0,50.0,16.0,52.0,47.0,19.0,43.0,46.0,58.5,7.0,55.0,53.5,23.0,47.0,12.0,44.0,37.0,50.0,21.0,18.0,20.0,6.0,32.0,8.0,36.0,11.0,30.0,45.0,14.0,40.0,57.0,55.0,14.0,23.0,22.0,28.0,45.5,26.0,3.0,39.0,36.0,5.0,34.0,49.0,4.0,32.0,23.0,19.0,32.0
2020-11-16,25.0,59.0,31.0,48.0,9.0,18.0,47.5,13.0,56.0,20.0,23.0,36.0,56.0,28.0,55.0,39.0,8.0,55.0,53.0,20.0,24.0,51.0,46.0,13.0,40.0,11.0,51.0,43.5,6.0,10.0,21.0,48.0,24.0,50.5,10.0,36.0,27.0,28.0,44.0,16.0,6.0,45.0,1.5,58.0,18.0,1.5,7.0,39.0,37.5,15.0,40.0,28.0,3.5,38.0,33.0,3.5,16.0,30.0,44.0,31.0
2020-11-17,15.0,40.0,12.0,45.0,44.0,9.0,49.0,6.0,19.0,23.0,7.0,54.0,38.0,31.5,56.0,33.0,32.0,54.0,15.0,31.0,8.0,33.5,59.0,2.0,56.0,35.0,35.0,49.0,4.0,12.0,24.5,28.0,14.0,46.0,16.0,46.0,17.0,33.0,52.0,2.0,4.0,29.0,33.5,22.5,28.5,12.0,2.0,55.0,42.0,20.5,51.0,53.0,10.0,26.0,52.0,30.0,35.0,43.0,40.5,22.0
2020-11-18,38.5,21.5,7.0,56.0,16.0,2.0,17.0,7.0,2.5,39.0,20.0,43.5,46.0,35.0,49.0,59.0,58.0,3.0,37.0,3.0,12.0,34.0,49.0,38.0,22.5,38.5,25.0,28.0,28.0,14.0,29.0,45.5,23.5,53.0,26.0,57.0,18.0,30.5,53.5,16.0,13.0,50.5,32.0,10.0,17.0,9.0,5.0,49.0,51.0,10.0,49.0,26.5,4.0,37.0,40.0,43.0,38.0,42.0,46.0,30.0
2020-11-19,35.0,34.0,4.0,14.0,37.0,3.0,18.5,5.0,53.0,20.0,6.0,53.5,32.0,24.0,50.0,56.0,53.0,47.0,50.0,25.5,10.0,51.0,35.0,49.0,53.0,16.0,22.0,42.0,57.0,1.0,17.0,60.0,22.0,36.0,12.0,41.0,26.0,26.0,38.0,15.0,47.0,12.0,59.0,45.0,12.0,9.0,15.0,46.5,28.5,8.0,35.0,31.0,7.0,28.0,43.0,39.0,2.0,26.0,19.5,31.0
2020-11-20,38.0,49.0,9.0,15.0,44.0,15.0,14.0,11.0,7.0,29.0,2.0,49.0,30.0,36.0,53.5,58.5,56.0,27.5,46.0,11.0,30.0,9.0,46.5,55.0,51.0,2.0,43.0,35.0,49.0,8.0,27.0,54.0,13.0,50.0,10.0,27.0,33.0,21.0,29.0,5.0,27.5,37.0,21.0,4.0,19.5,34.0,17.0,58.0,32.0,2.0,38.0,38.5,18.0,16.0,47.0,52.0,25.0,23.0,46.0,35.5
2020-11-23,15.0,1.5,3.5,59.0,5.0,1.5,31.0,6.0,39.0,10.0,12.0,32.0,22.0,29.0,50.0,55.5,44.0,42.0,44.0,55.0,9.0,57.0,25.5,36.0,49.0,6.0,46.0,48.5,51.0,7.0,22.0,53.0,14.0,50.0,16.0,42.0,18.0,19.0,37.5,4.0,41.0,55.0,29.5,38.0,16.0,26.0,22.0,54.0,31.0,11.0,41.0,36.0,13.0,19.0,33.0,48.0,25.0,31.0,35.0,26.0
2020-11-24,32.0,44.0,21.0,43.0,31.0,18.0,50.0,11.0,39.0,14.0,8.0,54.0,41.0,23.0,51.0,58.0,54.0,10.0,39.0,53.5,31.0,49.5,46.0,42.0,55.5,50.0,54.0,29.0,6.0,1.0,28.5,8.0,6.0,23.0,4.0,28.0,18.0,23.0,39.0,12.0,25.0,14.0,24.0,14.0,19.0,8.5,3.0,57.5,33.0,2.0,45.0,25.0,16.0,33.0,50.0,37.0,12.5,50.0,39.0,34.5
2020-11-25,22.0,41.5,30.5,41.0,41.5,13.0,56.0,8.0,49.0,20.0,2.0,55.0,48.5,25.0,51.0,50.0,43.0,48.0,53.0,38.0,19.0,2.0,53.0,53.0,59.0,4.0,21.0,16.0,38.0,4.0,16.0,57.0,11.0,43.5,9.0,35.5,13.0,15.0,45.0,10.0,29.0,44.0,25.0,44.0,6.0,2.0,22.0,43.0,20.0,7.0,34.0,27.0,11.0,25.0,38.0,32.0,36.0,34.0,40.0,24.0
2020-11-26,24.0,3.0,2.0,49.0,27.0,18.0,52.0,3.0,45.0,19.0,4.0,45.5,54.0,29.5,59.0,55.0,48.0,39.0,45.0,48.0,18.0,13.0,46.0,41.5,51.0,44.0,37.0,15.0,21.0,16.0,33.0,41.5,8.0,32.0,14.0,33.0,12.5,30.0,51.0,6.0,2.5,32.5,10.0,33.0,26.0,16.0,22.0,55.0,22.0,11.0,26.0,57.0,9.0,37.0,34.0,6.0,38.0,35.0,56.0,26.0
2020-11-27,24.0,28.0,5.0,56.0,5.0,16.0,25.0,7.0,48.0,29.0,13.0,48.0,33.0,32.5,58.0,58.0,39.0,48.0,49.0,50.0,28.0,54.0,41.0,56.0,48.0,33.5,43.0,21.0,11.0,1.0,18.0,58.0,4.0,39.0,5.0,19.0,10.0,14.0,28.0,9.0,45.0,35.0,33.0,52.0,7.0,2.0,16.0,54.0,37.0,20.0,24.5,36.0,12.0,31.0,34.0,30.0,40.0,25.5,38.0,14.0
2020-11-30,32.0,45.0,11.0,54.0,27.0,14.0,56.0,7.0,31.0,15.0,9.0,44.0,38.0,44.0,54.0,53.0,55.0,45.0,34.0,25.0,42.0,33.0,57.0,51.0,59.0,2.0,17.0,30.0,5.0,16.0,21.0,29.0,2.0,47.0,24.0,22.0,38.0,5.0,31.0,8.0,21.0,42.0,15.0,17.5,29.5,2.0,5.0,48.0,48.5,20.0,23.0,45.0,10.0,47.0,39.0,13.0,33.0,27.5,53.5,35.0
2020-12-01,33.0,25.0,14.0,40.0,17.0,9.0,51.0,8.0,42.5,5.0,6.0,41.0,27.0,24.0,49.0,58.0,47.0,48.5,44.0,54.5,30.0,59.0,57.0,52.0,53.0,42.0,46.0,36.0,2.0,7.0,19.0,57.0,4.0,47.0,15.0,11.0,28.0,18.5,33.0,2.0,29.0,21.0,25.5,32.0,47.0,2.0,15.0,42.5,14.0,18.0,38.0,22.5,10.0,34.0,36.0,14.0,30.0,30.0,45.5,21.0
2020-12-02,28.0,18.0,18.0,53.0,49.0,2.0,45.0,8.0,11.5,1.0,16.0,35.0,20.0,24.0,49.0,60.0,58.0,45.5,30.0,51.0,36.0,6.0,54.0,57.0,33.0,55.0,42.0,56.0,29.0,9.0,13.0,5.0,13.0,37.5,22.0,18.0,24.0,7.0,37.0,3.0,14.0,38.0,44.0,34.5,4.0,26.0,21.0,53.0,41.0,11.0,47.0,34.5,20.0,36.0,31.0,39.0,41.5,30.5,43.0,11.0
2020-12-03,25.0,47.0,9.0,55.0,48.0,8.0,30.0,1.0,34.0,7.0,13.0,24.0,34.0,3.0,49.0,52.0,57.0,51.0,32.0,53.0,44.0,52.0,56.0,57.0,36.0,15.0,18.0,48.0,8.0,4.0,21.0,48.0,10.0,41.0,30.0,28.0,24.0,3.0,39.0,16.0,6.0,39.0,43.5,39.0,12.0,5.0,23.0,51.0,41.0,18.0,57.0,33.0,19.0,28.0,35.0,19.0,38.0,25.0,21.0,16.0
2020-12-04,39.0,53.0,6.0,51.5,29.5,13.0,48.0,22.0,54.0,2.0,19.0,30.0,37.0,37.0,55.0,58.0,47.0,44.0,25.0,56.0,30.5,3.0,2.0,52.0,37.5,40.5,43.0,54.0,24.0,9.0,26.5,8.0,29.5,50.0,40.0,34.0,35.0,2.0,39.0,27.0,20.0,33.0,44.0,35.0,5.0,16.0,11.0,49.5,41.0,14.0,56.0,24.5,8.0,13.0,9.0,11.0,17.0,22.0,45.5,16.0
2020-12-07,29.0,26.0,7.0,46.0,52.5,9.0,36.0,6.0,11.0,2.0,3.0,35.0,48.5,25.0,52.5,58.0,52.0,44.0,42.0,56.0,22.0,19.0,35.0,58.0,58.0,21.0,48.0,53.0,45.0,4.0,20.0,44.0,10.0,32.0,46.0,25.0,35.0,1.0,36.0,8.0,17.0,39.5,34.5,39.0,28.0,20.0,14.0,49.0,14.0,31.5,39.0,13.0,12.0,16.5,18.0,56.0,32.0,22.0,42.0,5.0
2020-12-08,32.5,30.0,2.0,25.0,40.0,8.0,41.5,23.0,48.0,4.0,18.0,51.0,37.5,32.0,40.0,47.0,59.0,54.0,4.0,51.0,26.0,12.5,56.0,47.0,33.5,48.0,59.0,33.5,43.0,7.0,13.0,41.5,18.0,8.0,27.5,4.0,46.0,1.0,36.0,14.0,34.0,53.0,39.0,6.0,22.0,18.0,20.0,55.0,27.0,10.5,48.5,12.0,10.0,16.0,33.0,55.5,27.0,23.0,43.0,25.0
2020-12-09,39.0,32.0,9.0,48.0,4.0,21.0,36.0,18.0,27.0,13.0,7.0,19.0,37.5,29.0,53.0,43.0,57.0,54.0,44.0,54.0,28.0,25.0,56.0,38.0,9.0,49.0,58.0,50.0,51.0,4.0,15.0,45.0,12.0,15.0,6.0,21.0,20.0,4.0,41.0,13.0,1.0,33.0,43.0,36.0,33.0,28.0,17.0,48.0,23.0,31.0,30.0,11.0,2.0,21.0,39.0,57.5,39.0,8.0,53.0,33.0
2020-12-10,52.0,40.5,16.0,17.0,47.0,11.0,21.0,21.0,35.5,6.5,25.0,10.0,41.0,41.0,53.0,51.0,60.0,54.0,51.0,41.0,25.0,14.0,50.0,27.0,37.0,33.0,53.5,40.0,45.0,4.0,2.0,46.0,13.0,27.0,38.0,31.5,1.0,6.0,19.0,9.0,57.0,22.0,4.0,37.5,8.0,11.0,39.0,53.5,4.0,23.0,41.0,18.0,14.0,29.0,22.0,58.0,37.0,28.0,40.0,36.0
2020-12-11,36.5,13.5,2.0,39.0,54.0,3.5,32.5,21.0,25.0,1.0,9.0,43.0,42.5,25.0,57.0,52.0,58.0,43.0,32.0,54.0,54.0,17.0,39.5,39.0,58.0,45.0,36.5,44.5,43.0,6.0,17.0,30.0,19.0,51.0,31.0,27.5,19.0,6.0,24.0,18.0,11.0,16.5,33.0,37.5,9.0,6.0,36.5,48.5,3.5,27.0,52.0,10.0,14.0,25.0,15.0,49.0,43.0,11.0,43.5,31.5
2020-12-14,58.0,39.5,1.0,26.0,41.0,7.0,27.5,30.5,27.0,20.0,7.0,32.0,54.0,23.0,40.5,42.0,25.0,39.5,14.0,54.0,34.0,43.5,51.0,47.0,52.0,46.0,53.0,50.0,20.0,3.0,27.0,52.0,18.0,17.5,5.0,24.5,32.0,13.0,15.0,2.0,46.0,37.0,41.0,48.0,9.0,17.0,29.0,46.0,4.0,23.0,38.5,6.0,11.0,15.0,10.0,57.0,32.0,36.0,57.0,17.5
2020-12-15,51.0,48.5,7.0,37.0,41.0,13.0,44.0,5.0,29.0,9.0,19.5,18.0,35.0,31.5,51.0,38.5,43.0,12.0,43.0,10.0,33.5,9.0,60.0,38.0,55.0,58.0,53.0,32.0,56.0,1.0,15.0,54.0,9.0,46.0,15.0,38.0,26.0,2.0,28.0,4.0,45.0,13.0,21.0,47.0,19.0,28.0,28.5,51.0,3.0,25.0,44.0,21.0,6.0,19.0,21.0,54.5,26.0,29.5,50.0,33.0
2020-12-16,26.0,54.0,1.0,43.0,32.0,8.0,34.0,14.0,35.0,4.0,26.0,2.0,36.0,30.0,58.0,41.0,51.0,45.0,3.0,8.0,54.0,37.0,59.0,53.0,57.0,49.0,48.0,25.0,39.5,18.0,38.0,46.0,12.0,23.0,6.0,15.0,45.0,29.0,21.0,7.0,50.0,21.0,24.0,38.5,10.0,19.0,5.0,48.0,17.0,20.0,49.0,10.0,12.0,30.0,15.5,53.5,38.5,30.0,39.0,33.0
2020-12-17,29.5,48.0,1.0,24.0,39.0,11.0,42.0,2.5,19.0,15.0,13.0,3.0,28.0,19.0,50.0,49.5,55.0,34.0,4.0,50.0,46.0,19.0,22.0,31.0,57.0,54.0,52.0,45.0,56.0,9.0,38.5,55.0,4.0,17.0,40.0,6.0,41.0,27.0,24.0,8.0,32.0,33.5,13.0,38.0,14.0,10.0,7.0,51.5,22.0,20.0,44.0,31.0,16.5,39.0,38.0,49.0,46.5,33.5,43.0,24.0
2020-12-18,2.0,32.0,2.0,9.0,9.0,4.0,22.0,18.0,34.0,30.0,5.0,50.0,37.0,35.0,59.0,55.0,57.0,20.5,48.0,52.0,42.5,32.0,50.0,41.0,58.0,37.5,57.0,22.5,53.0,16.5,16.0,50.0,14.5,29.5,22.0,24.0,37.0,32.0,12.0,2.0,40.5,7.0,44.0,46.0,6.0,16.0,29.0,28.5,11.0,23.0,56.0,21.0,13.0,35.0,9.0,52.0,25.0,40.0,43.0,27.0
2020-12-21,10.0,58.0,3.0,27.0,27.0,14.0,39.0,2.0,33.0,14.0,25.0,7.0,29.0,23.0,41.0,43.5,49.0,11.0,51.5,58.0,36.5,27.0,52.0,39.0,54.0,46.5,39.0,42.0,47.0,23.0,33.0,8.0,18.0,34.0,20.0,32.0,30.5,41.0,14.0,8.5,13.0,11.0,49.0,55.0,8.0,16.0,38.5,48.0,4.0,45.0,52.0,19.0,1.0,36.0,5.0,53.0,23.0,42.0,42.0,21.0
2020-12-22,4.0,54.0,12.0,33.0,32.0,1.0,45.5,8.0,51.0,9.0,6.0,41.0,38.0,16.0,52.0,42.0,50.5,51.5,27.0,55.0,44.0,32.0,10.5,41.0,42.0,12.0,38.0,50.0,31.0,26.0,24.0,52.0,3.0,28.0,12.0,31.5,47.5,36.0,24.0,10.0,58.0,5.0,28.0,47.5,2.0,17.0,6.0,56.0,28.0,20.0,37.0,21.0,19.0,31.0,21.0,59.0,16.0,37.0,46.0,15.0
2020-12-23,25.0,31.0,15.0,32.0,40.0,1.0,3.0,13.0,53.0,11.0,38.0,27.5,42.0,34.5,52.0,24.0,46.0,18.0,41.0,24.0,57.0,55.0,54.0,42.0,51.0,36.0,24.0,55.0,37.0,16.0,47.0,59.5,15.0,45.0,23.0,35.0,52.0,5.0,20.0,26.0,50.0,5.0,44.5,41.5,10.5,3.0,21.0,38.0,18.0,30.0,40.5,20.0,11.0,7.0,8.5,54.0,28.0,8.0,39.0,3.0
2020-12-24,29.0,35.0,21.0,50.0,35.0,1.0,3.0,8.5,46.0,7.0,15.0,20.0,39.0,37.0,53.0,21.0,42.5,14.0,42.0,44.0,15.0,58.0,56.0,49.5,56.0,47.0,53.0,43.0,39.0,17.0,39.0,53.0,18.0,27.0,10.0,25.0,53.0,22.0,12.0,27.0,50.0,34.0,2.0,59.0,23.0,4.0,31.0,49.0,28.0,36.0,19.0,25.0,10.0,5.0,7.0,37.0,38.0,10.0,32.0,13.0
2020-12-28,29.0,36.0,1.0,8.0,30.0,15.0,4.0,16.0,58.0,6.0,18.0,23.0,33.0,34.0,40.5,13.0,48.0,42.0,56.0,48.0,47.0,55.0,54.0,40.0,50.0,43.0,35.0,53.0,53.0,23.0,30.0,52.0,7.0,22.0,30.0,35.0,50.0,18.0,26.0,21.0,44.0,11.0,42.0,58.0,16.0,26.0,13.0,56.0,4.0,32.5,31.0,21.0,4.0,2.0,12.0,36.0,32.5,8.0,39.0,9.0
2020-12-29,12.0,49.0,7.0,34.0,17.0,33.0,4.0,18.0,59.0,19.0,5.0,40.0,25.0,10.0,57.0,16.0,46.0,42.0,49.0,41.5,21.5,56.0,34.0,45.0,59.0,14.0,48.0,45.0,49.0,22.0,22.0,28.0,15.0,27.0,37.0,39.0,41.0,28.0,11.0,2.0,55.0,10.0,37.0,52.0,28.0,8.0,33.0,57.0,23.0,25.0,46.0,34.0,2.0,6.0,12.5,53.0,36.0,2.0,29.5,34.0
2020-12-30,7.0,43.0,13.0,46.0,49.0,8.0,2.0,6.0,22.0,2.0,16.0,29.0,55.0,19.0,42.5,14.0,50.0,35.5,52.0,19.0,11.0,57.0,44.0,38.0,53.0,35.0,54.0,43.5,52.0,33.0,2.0,42.0,13.0,13.5,20.0,47.0,27.0,17.0,26.0,30.0,49.0,30.0,38.0,54.0,37.0,21.0,34.0,56.0,33.0,24.0,40.0,27.0,24.0,4.0,10.0,53.0,16.0,9.0,5.0,43.0
2020-12-31,5.0,20.0,12.0,46.0,50.0,24.0,5.0,14.0,54.0,10.0,25.0,34.5,48.5,8.0,54.0,7.0,31.5,38.0,49.0,32.5,13.0,58.0,41.0,22.0,58.0,19.5,43.0,53.0,14.0,16.0,16.0,37.0,21.0,28.0,29.0,32.0,58.0,40.0,17.0,44.0,49.0,5.0,54.0,55.0,36.5,1.0,36.0,44.0,30.5,52.0,38.0,8.0,14.0,2.0,32.0,53.5,26.0,4.0,20.0,28.0
2021-01-04,5.0,23.0,3.0,34.5,56.0,6.0,13.0,23.0,45.0,1.0,14.0,3.0,58.0,35.0,37.5,36.0,54.0,41.5,31.0,45.0,11.0,52.0,57.0,43.0,54.0,23.0,25.0,31.0,16.5,51.0,8.0,12.0,27.0,32.0,40.0,3.0,5.0,8.0,33.0,34.0,57.0,10.0,25.0,49.0,20.0,28.0,37.5,49.0,39.5,48.0,41.5,22.0,17.0,14.0,23.5,55.0,48.0,19.0,37.0,26.5
2021-01-05,3.0,22.0,19.0,53.0,45.0,19.5,3.0,23.0,17.0,3.0,17.0,45.5,45.5,25.0,41.0,10.0,26.0,57.0,21.5,35.0,15.0,59.0,50.5,50.5,54.0,43.0,5.0,54.0,31.5,17.0,23.0,28.0,38.0,39.5,47.0,5.0,25.0,9.0,30.0,8.0,48.5,11.0,49.0,56.0,35.0,2.0,36.0,45.5,42.0,29.0,47.0,39.0,10.0,6.0,53.5,26.0,30.0,11.0,32.0,13.0
2021-01-06,13.0,38.0,17.0,45.0,56.0,5.0,8.0,23.0,24.0,5.0,2.0,17.0,48.0,21.0,32.0,5.0,48.0,46.5,25.5,9.5,57.0,54.0,50.0,37.0,55.0,41.0,35.5,43.0,14.5,16.0,26.0,14.0,37.0,21.5,46.0,27.5,30.0,32.0,35.0,43.0,25.0,17.0,54.0,52.0,14.0,7.0,22.0,53.0,39.0,28.0,57.0,35.0,2.0,11.0,49.0,46.0,33.0,9.5,31.0,2.0
2021-01-07,23.0,47.0,19.0,41.0,53.0,16.0,9.0,27.0,34.0,3.0,5.0,47.0,57.0,49.0,24.0,11.0,9.0,39.0,21.0,30.0,34.0,42.0,47.5,19.0,33.0,23.5,55.0,38.0,36.0,11.0,20.0,16.0,21.0,5.0,29.0,14.5,51.0,43.0,28.0,43.0,51.0,5.0,56.0,29.0,13.0,44.0,55.0,44.5,34.5,40.5,37.0,6.0,2.0,14.0,49.0,55.0,32.0,1.0,45.5,7.0
2021-01-08,20.0,45.0,6.0,44.0,57.0,17.0,4.0,6.0,36.0,24.0,28.0,49.0,54.0,10.0,34.0,1.0,55.0,54.0,25.0,2.0,39.0,46.0,50.0,41.0,37.0,8.0,49.0,59.0,41.0,54.0,51.0,12.0,39.0,17.0,12.0,27.0,47.0,20.0,10.0,27.0,22.0,35.0,31.0,44.0,39.0,25.0,23.0,50.0,38.0,15.0,54.0,6.0,13.0,14.5,25.0,8.0,30.0,32.0,38.0,3.0
2021-01-11,26.0,19.0,11.0,39.0,55.0,20.0,1.0,28.0,40.0,7.0,31.0,57.0,57.0,36.0,42.0,21.0,53.0,29.0,24.5,17.0,45.5,56.0,13.0,44.0,20.0,3.0,48.0,58.0,32.0,40.5,48.0,9.5,43.0,8.0,5.0,11.0,29.0,49.0,19.0,8.0,26.0,45.0,37.5,51.5,34.5,2.0,40.0,46.0,24.0,14.0,55.5,26.0,14.0,3.0,38.0,51.0,31.0,5.0,34.0,14.0
2021-01-12,18.0,32.0,12.0,55.0,55.0,21.0,6.0,4.0,32.0,14.0,34.0,46.0,57.5,36.5,52.0,8.0,41.5,49.0,34.0,10.0,19.0,54.5,36.0,49.0,59.0,3.0,32.0,3.0,43.0,23.0,36.0,10.0,55.0,14.0,45.0,7.0,41.0,27.0,8.0,48.0,26.5,52.0,40.0,49.0,49.0,37.0,33.0,20.0,32.0,25.0,44.0,18.0,28.0,2.0,25.5,3.0,28.0,16.0,21.0,14.0
2021-01-13,15.0,14.0,25.0,47.0,29.0,18.0,7.0,5.0,24.0,33.0,21.0,23.0,41.0,43.0,15.0,2.0,57.0,49.5,38.0,29.0,42.0,59.0,52.0,50.0,44.0,38.0,50.0,45.0,27.0,5.0,55.0,11.0,34.0,20.0,20.0,16.0,45.5,45.0,3.0,23.5,34.0,31.0,49.0,56.0,20.0,26.0,43.0,5.0,56.0,9.0,36.0,13.0,6.0,33.0,49.0,45.0,38.5,2.0,12.0,10.0
2021-01-14,18.0,22.0,11.0,43.5,45.0,11.0,7.0,9.5,24.0,39.0,19.0,2.0,54.5,49.5,4.0,16.0,53.0,49.0,28.0,13.0,32.5,58.0,32.0,20.0,42.0,56.0,48.5,42.0,54.0,27.0,44.0,4.0,22.0,6.0,51.0,9.0,39.0,32.0,2.0,30.0,42.5,38.0,52.0,57.0,18.0,34.0,40.5,21.5,51.0,13.0,2.0,27.0,15.0,5.5,33.0,46.0,33.5,28.0,40.0,23.0
2021-01-15,23.0,7.0,1.0,59.0,54.0,25.0,5.0,2.0,28.5,24.0,14.0,19.0,57.0,35.0,11.0,10.0,39.0,33.0,18.5,24.0,33.0,57.5,43.0,45.0,52.0,16.0,55.0,33.0,29.0,31.5,41.0,13.0,3.0,24.0,48.0,26.0,48.0,49.0,41.0,38.5,47.0,53.0,10.0,32.0,13.0,47.0,18.0,40.0,7.0,4.0,45.0,33.0,19.5,17.0,58.0,37.0,31.5,9.0,47.0,7.0
2021-01-18,5.0,42.5,27.0,56.0,47.0,14.0,10.0,16.0,19.0,2.0,38.0,29.0,51.0,29.0,33.0,3.0,58.0,59.0,45.0,12.0,30.0,46.0,31.0,31.0,29.0,41.0,51.5,3.0,38.0,26.0,48.0,5.0,11.5,14.0,3.0,50.0,21.0,24.0,7.0,37.5,56.0,38.0,40.0,58.0,6.5,54.0,18.0,21.5,41.0,23.0,18.0,21.0,45.0,33.0,50.0,51.0,8.0,12.0,33.0,26.0
2021-01-19,4.0,11.5,28.0,51.0,53.0,11.0,20.0,7.0,13.0,35.0,30.5,27.0,41.0,26.0,38.0,2.0,51.0,56.0,45.0,16.0,25.0,55.0,54.0,36.0,20.5,43.0,43.0,37.5,18.0,6.0,42.0,6.0,13.0,1.0,41.0,48.5,48.0,39.0,10.0,5.0,50.0,58.0,33.0,58.0,15.0,30.0,20.0,26.0,45.5,17.0,10.0,19.0,30.5,30.0,55.0,39.0,33.0,6.0,41.5,23.0
2021-01-20,3.0,3.0,3.0,31.5,15.0,26.0,6.5,8.0,12.0,41.0,17.0,5.0,47.0,36.0,26.0,19.0,48.5,51.0,37.0,30.0,36.0,41.0,53.0,34.0,54.0,53.0,56.0,3.0,14.5,10.5,16.0,17.0,24.0,10.0,42.0,38.5,50.0,58.0,26.0,21.0,58.0,45.0,5.0,50.0,14.0,48.0,33.0,45.0,58.0,17.0,42.0,46.0,36.0,23.0,27.5,34.0,25.0,21.0,9.0,28.0
2021-01-21,9.0,13.0,2.0,46.0,50.0,16.0,10.0,6.0,7.0,45.5,20.0,27.0,51.0,49.0,41.0,16.0,48.0,51.0,33.0,56.0,32.0,2.0,35.5,44.0,29.0,50.5,38.0,38.0,11.0,4.0,22.0,20.0,27.0,40.0,20.5,44.0,43.0,46.5,19.0,33.0,56.5,60.0,15.0,50.0,5.0,53.5,25.0,2.0,5.0,19.0,58.0,52.0,33.0,30.0,25.0,35.0,28.0,30.0,12.0,14.0
2021-01-22,17.0,1.0,19.0,49.0,56.0,21.0,24.0,3.0,2.0,49.0,15.0,46.5,56.0,52.0,7.0,29.0,12.0,56.0,54.0,26.0,32.0,38.0,34.0,33.0,52.0,10.0,30.0,33.0,44.0,18.0,44.0,4.0,6.0,20.0,49.0,34.0,45.0,7.0,10.0,52.0,54.0,55.0,31.0,54.0,7.0,32.0,34.0,20.0,42.0,12.0,38.0,40.0,15.0,22.0,31.0,41.5,33.0,8.0,13.0,24.0
2021-01-25,10.0,24.0,13.0,40.0,53.0,1.0,16.0,7.0,9.0,13.0,38.0,41.5,47.0,32.0,27.5,18.0,7.0,49.0,29.0,2.0,20.0,3.0,13.0,38.0,57.0,43.0,59.0,15.0,41.0,32.0,43.0,18.0,53.0,31.0,55.0,50.5,37.5,46.0,20.5,24.5,53.0,58.0,22.0,34.5,15.0,33.5,41.0,3.0,56.0,10.0,53.0,6.5,21.0,25.0,35.5,48.0,32.0,5.0,40.5,28.0
2021-01-26,5.0,19.0,43.5,45.0,2.0,10.0,2.0,8.0,16.0,58.0,13.0,43.0,55.0,57.0,33.5,30.5,13.0,39.5,49.0,32.0,49.0,34.0,41.0,51.0,54.0,21.0,22.0,16.0,16.0,4.0,45.0,25.0,20.0,10.0,24.5,29.0,54.0,45.0,36.0,17.5,53.0,42.0,29.0,42.0,32.5,48.0,35.5,9.0,51.0,38.0,52.0,15.0,2.0,27.0,23.0,36.5,19.0,6.0,36.0,6.0
2021-01-27,11.0,15.0,14.0,6.5,55.5,23.5,20.0,3.0,10.5,50.0,17.0,38.5,43.0,34.0,18.0,29.5,7.0,35.0,34.0,31.0,37.0,2.0,54.0,55.0,34.0,52.0,49.0,26.0,46.0,22.0,27.0,2.0,57.0,53.0,44.0,45.5,14.0,39.0,53.0,25.0,47.0,38.0,49.0,59.0,2.0,9.0,34.5,17.0,59.0,27.0,40.0,28.0,7.0,16.0,31.0,44.0,19.5,5.0,25.0,9.0
2021-01-28,10.0,22.0,31.0,41.0,58.0,22.0,7.0,15.0,16.0,56.0,33.5,41.5,56.0,43.0,25.0,10.0,30.0,49.0,46.0,31.0,27.0,45.0,52.5,50.0,12.0,39.0,2.0,20.5,18.0,3.0,47.0,5.0,39.0,57.0,7.0,19.0,58.0,55.0,25.0,14.0,50.5,34.0,33.0,33.0,19.0,31.0,7.0,4.0,51.0,12.0,38.5,24.0,45.0,38.5,10.0,54.0,41.0,1.0,29.0,18.0
2021-01-29,2.5,41.5,6.0,12.0,12.0,24.0,10.0,14.0,36.5,25.0,7.0,40.0,52.0,36.0,23.0,46.0,32.0,36.0,48.0,46.0,41.0,20.0,55.0,50.0,59.0,49.0,40.0,55.0,21.5,2.0,11.0,2.0,41.0,16.0,29.0,21.0,58.0,33.5,43.0,3.0,52.0,46.5,54.0,27.0,29.0,26.0,33.0,9.0,47.0,20.5,58.0,21.0,5.0,20.0,28.5,44.5,38.5,7.0,14.0,18.0
2021-02-01,10.0,45.0,23.0,13.0,12.0,12.0,4.0,1.0,30.0,28.0,17.0,21.0,50.0,55.0,6.0,34.0,42.0,47.0,48.0,46.0,34.0,57.0,35.0,45.0,57.0,53.0,27.5,51.0,18.0,3.0,5.0,2.0,43.0,40.0,40.0,35.0,25.0,55.0,16.0,31.5,57.0,48.0,23.0,28.0,6.0,36.0,7.0,20.0,58.0,23.5,55.0,21.0,17.0,21.0,32.0,40.0,10.0,30.5,37.0,8.0
2021-02-02,4.0,51.0,41.0,1.0,8.0,13.0,7.0,2.0,28.0,57.0,8.0,48.0,52.0,41.0,15.0,44.0,16.0,39.0,22.0,40.0,42.0,52.5,46.5,28.0,21.0,53.0,3.0,31.0,19.0,34.0,20.0,25.5,59.0,41.5,35.0,47.0,26.0,57.0,50.0,8.0,12.0,47.0,6.5,25.0,22.0,31.0,17.0,26.0,50.0,36.0,55.0,26.0,33.0,36.0,14.0,43.0,12.0,15.0,42.0,7.0
2021-02-03,2.0,37.5,13.0,13.0,46.0,12.5,17.0,6.5,48.0,37.0,29.0,29.0,43.0,17.0,8.0,29.0,42.0,48.0,44.0,50.5,34.0,50.0,21.0,52.0,12.5,9.0,2.0,19.0,34.5,26.0,4.0,26.0,36.0,19.0,12.0,24.0,27.0,56.0,53.0,31.5,40.0,45.0,40.0,58.0,25.5,51.0,19.0,54.0,50.0,22.0,59.0,47.0,7.0,10.0,2.0,56.0,31.0,17.0,32.0,4.0
2021-02-04,10.0,13.5,21.0,8.0,50.0,30.5,16.0,3.0,45.5,56.0,13.0,42.0,51.0,28.0,27.0,40.0,35.0,52.0,34.0,55.0,40.0,36.0,32.0,50.0,8.0,6.0,4.5,46.0,31.0,17.0,21.0,2.0,46.0,14.0,2.0,23.0,43.0,42.5,21.0,27.0,6.0,51.0,37.5,54.0,19.5,38.0,34.0,54.0,57.0,27.0,48.0,10.5,12.0,24.0,39.0,43.0,46.5,34.0,3.0,16.0
2021-02-05,16.0,23.0,37.0,23.5,37.0,13.0,32.0,8.0,54.0,6.0,54.0,39.0,39.0,56.0,35.5,46.0,10.0,44.0,30.5,45.0,57.0,18.0,19.0,29.5,29.0,9.0,13.0,33.0,19.0,27.0,4.0,2.0,38.0,51.5,30.0,42.0,2.0,35.0,4.0,11.0,19.0,58.0,16.0,45.0,29.0,36.0,26.0,39.0,18.0,51.0,44.5,7.0,21.0,49.0,10.0,54.0,49.0,34.5,56.0,2.0
2021-02-08,23.0,34.0,39.5,7.0,44.0,5.0,8.0,6.0,13.0,52.0,21.0,27.0,53.0,45.0,55.0,41.0,18.0,30.0,53.0,53.0,36.0,28.0,23.0,51.0,22.0,32.0,1.5,51.5,43.0,1.5,8.0,3.0,55.0,26.0,13.0,31.0,16.0,42.0,35.0,4.0,58.0,41.0,39.5,47.0,10.0,14.0,28.0,28.0,35.0,43.0,38.0,26.0,20.0,53.0,10.0,47.5,47.5,26.0,13.0,16.0
2021-02-09,11.0,28.0,39.0,20.0,51.0,6.0,26.0,5.0,56.0,47.0,54.0,57.0,54.0,23.0,49.0,40.0,1.0,9.0,33.0,39.0,50.0,16.0,30.0,23.0,8.0,14.0,5.0,28.0,11.0,40.0,28.0,8.0,54.0,45.5,36.0,43.0,12.0,45.0,33.0,23.5,57.0,20.0,23.5,38.0,33.0,21.5,17.0,52.0,52.5,41.0,45.0,2.0,15.0,50.0,4.0,34.0,23.0,35.0,26.0,9.0
2021-02-10,15.0,13.0,21.0,17.5,43.0,6.0,41.0,33.0,33.0,51.0,54.0,29.0,55.0,54.5,48.5,27.0,10.0,38.0,55.0,46.0,44.0,25.0,28.0,23.5,24.0,31.5,2.0,3.0,1.0,41.0,13.0,14.0,59.0,31.0,37.0,51.0,18.0,54.0,7.0,4.0,53.0,28.0,5.0,46.0,18.0,26.0,9.0,42.0,54.0,23.0,55.0,16.0,10.0,45.0,33.0,43.5,34.5,29.0,32.0,7.0
2021-02-11,19.0,18.0,24.0,11.0,11.0,22.5,37.0,48.0,53.5,34.0,59.0,57.0,43.0,8.0,43.0,25.0,2.0,24.0,44.0,45.5,40.0,4.0,26.0,54.0,28.0,12.0,7.0,24.0,9.0,4.0,31.0,19.0,58.0,51.0,34.0,56.0,13.0,41.0,28.0,13.0,48.0,30.0,21.0,48.5,15.0,31.0,4.0,37.0,47.0,45.0,43.0,1.0,10.5,53.5,51.0,29.5,42.5,18.0,32.5,8.0
2021-02-16,28.0,22.0,37.5,13.0,9.0,12.0,25.0,34.0,47.0,36.0,15.0,58.0,30.0,39.0,47.0,42.0,3.0,17.0,40.0,50.0,37.5,11.0,44.0,54.0,23.0,7.0,21.0,38.0,4.0,55.0,1.0,23.0,45.0,11.0,51.0,57.0,18.0,53.0,16.0,18.0,25.0,35.5,27.0,45.0,32.0,2.0,10.0,41.0,59.0,28.0,38.0,42.0,7.0,30.0,54.0,49.0,47.0,20.0,11.0,5.0
2021-02-17,1.0,28.0,35.5,24.0,6.0,10.0,22.0,54.0,48.0,29.0,50.0,50.0,43.5,31.0,39.5,43.0,3.0,22.0,57.5,46.0,32.0,2.0,41.0,56.0,31.0,53.0,46.0,51.0,4.0,24.0,11.0,19.0,31.0,27.0,16.5,42.5,9.0,38.0,7.0,12.0,55.0,17.0,8.0,32.0,15.0,13.0,5.0,33.0,33.5,51.5,42.0,22.0,16.0,37.5,48.0,58.0,45.0,12.0,44.5,18.0
2021-02-18,21.0,8.0,46.5,7.0,48.0,14.0,7.0,53.0,58.0,32.0,46.0,55.0,49.5,55.0,48.0,46.0,17.0,1.0,48.0,35.0,33.0,5.0,37.0,57.0,27.0,47.0,32.5,43.0,4.0,24.0,14.0,60.0,29.0,24.0,2.0,45.0,20.0,35.0,4.0,12.0,33.0,10.0,35.0,15.0,13.5,26.5,18.0,30.0,41.0,48.5,10.0,36.0,38.0,27.0,26.0,51.0,41.5,4.0,23.5,20.0
2021-02-19,7.0,28.0,46.5,12.0,12.0,19.0,56.0,36.5,48.0,56.0,32.0,50.0,9.0,47.0,33.0,45.0,1.0,10.0,55.0,33.5,43.0,3.0,53.0,59.0,3.0,18.0,4.0,39.5,14.5,27.0,3.0,15.0,25.0,7.0,22.0,45.0,15.0,46.0,12.0,30.0,29.5,8.0,21.0,34.0,43.0,31.0,25.0,36.0,41.5,51.0,50.0,39.0,41.0,30.0,22.0,53.0,57.0,20.0,22.0,15.0
2021-02-22,24.0,24.5,52.0,28.0,41.5,15.0,26.0,37.0,55.5,34.0,29.0,54.5,31.0,14.0,35.0,55.5,12.0,8.0,41.0,35.5,10.0,5.0,45.0,36.5,21.0,45.5,14.0,34.0,2.0,25.0,8.5,18.0,46.0,20.0,21.0,48.5,15.5,22.0,3.0,5.0,17.0,20.0,39.0,45.0,49.0,5.5,29.0,49.0,29.0,49.0,57.0,45.0,4.0,49.0,58.0,44.0,41.0,2.0,44.0,11.0
2021-02-23,20.0,15.0,44.5,37.0,35.5,6.5,35.0,56.0,52.0,50.0,17.0,26.0,53.0,26.0,51.0,46.0,9.0,20.0,29.0,51.0,25.0,2.0,58.0,55.0,26.5,4.0,20.0,58.0,39.5,32.0,41.0,10.0,37.0,12.0,29.0,37.0,5.0,31.0,17.0,2.0,5.0,21.0,31.5,28.5,10.0,3.0,22.5,44.0,46.5,31.0,40.0,43.0,16.0,45.0,8.0,54.0,57.0,38.0,12.0,14.0
2021-02-24,30.0,27.5,36.0,48.5,48.0,18.0,35.0,46.0,51.0,52.0,4.5,36.0,20.0,15.0,29.0,59.0,1.0,25.0,42.0,54.0,2.0,3.0,41.0,13.0,34.5,7.0,29.5,11.0,10.0,16.0,44.0,40.5,33.0,4.0,13.0,44.0,7.5,16.0,18.0,24.0,29.0,5.0,47.5,56.0,30.0,37.0,10.0,22.0,37.0,49.0,48.0,52.0,45.0,41.0,56.0,49.5,40.0,10.0,22.0,20.0
2021-02-25,25.0,43.0,39.0,53.0,44.5,20.5,40.0,46.5,57.0,18.5,15.0,47.0,34.5,4.0,47.0,53.0,19.0,17.0,58.0,43.0,18.0,1.0,52.0,56.5,40.0,9.0,7.0,52.0,35.5,32.0,41.0,44.0,37.0,2.5,16.0,46.5,13.0,13.0,23.0,6.0,27.0,4.0,48.0,55.0,5.0,7.5,11.0,36.5,22.0,35.0,25.0,29.0,29.0,34.0,27.0,59.0,20.0,38.0,13.0,9.0
2021-02-26,17.0,50.5,55.0,33.0,14.0,14.0,56.0,43.5,30.0,37.5,2.0,60.0,30.0,24.0,28.0,58.0,2.0,11.0,38.0,53.0,20.0,4.0,35.5,21.0,21.0,25.0,2.0,27.0,19.0,48.0,51.0,46.5,43.0,39.0,17.0,50.0,4.0,30.0,28.0,11.0,30.0,8.0,7.5,36.0,6.5,8.0,20.0,11.0,35.0,47.0,46.0,50.0,27.0,33.0,53.0,42.0,44.0,50.5,30.0,13.0
2021-03-01,7.0,34.5,36.0,5.0,5.0,1.0,57.0,51.0,36.5,43.0,14.0,49.5,46.0,37.5,29.0,57.0,2.0,19.0,45.0,42.0,24.0,15.0,45.0,25.0,19.0,17.0,8.0,48.5,22.0,6.0,32.0,13.0,52.5,46.0,25.0,49.0,4.0,31.0,12.0,15.5,32.0,11.0,34.5,25.5,21.5,9.0,18.0,38.5,30.0,41.0,51.0,56.0,46.5,28.5,49.0,38.0,54.0,53.0,35.0,8.0
2021-03-02,25.0,37.5,50.0,12.0,23.0,16.0,54.0,43.0,54.5,40.0,20.0,43.5,38.0,30.0,43.5,57.0,46.0,49.0,25.0,52.0,6.0,35.5,44.0,39.0,24.0,4.0,2.0,16.0,32.5,17.5,46.5,15.0,2.0,12.5,14.0,53.0,9.0,39.0,7.0,4.0,49.0,14.0,9.0,40.5,23.0,2.0,13.0,27.0,34.0,54.5,50.5,40.0,33.5,23.0,28.5,50.0,43.0,59.0,7.0,25.0
2021-03-03,26.0,36.0,36.0,15.0,16.0,25.0,58.0,53.0,52.0,32.0,4.0,46.5,52.0,23.0,45.0,59.0,30.5,21.0,47.0,45.0,10.0,2.0,25.0,42.0,12.0,27.0,8.0,51.0,20.0,2.0,30.0,17.0,46.5,11.0,5.0,45.5,16.0,32.0,6.5,8.0,56.0,38.5,23.0,34.5,2.0,6.5,13.5,33.0,26.0,49.0,55.0,45.0,30.0,37.0,50.0,50.0,45.0,39.0,16.0,23.0
2021-03-04,48.0,38.0,51.0,9.0,18.0,11.0,55.5,53.0,49.5,6.0,15.5,29.0,51.0,32.0,6.0,59.0,20.0,42.0,29.5,54.0,45.0,28.0,15.0,25.0,12.0,16.5,3.0,35.0,8.0,26.0,35.0,23.0,48.0,34.0,20.0,46.0,23.5,39.0,1.0,3.0,6.5,48.0,19.5,30.0,3.0,17.5,8.0,35.0,37.0,48.0,52.0,55.0,35.0,13.0,22.5,46.0,52.0,49.0,26.0,32.0
2021-03-05,44.0,46.0,44.0,1.0,21.0,8.0,53.0,19.0,46.0,26.0,7.0,57.0,42.0,37.5,15.0,58.0,6.0,26.5,54.0,51.0,39.0,8.0,29.0,33.5,19.0,25.0,17.0,5.0,38.0,32.0,33.0,23.0,16.0,14.0,2.0,42.0,11.0,47.0,12.0,13.0,51.5,19.0,21.0,26.0,31.0,27.0,4.0,39.0,7.5,51.0,50.0,45.0,5.0,30.5,36.0,58.0,51.5,57.0,43.0,25.0
2021-03-08,38.0,36.0,43.0,9.0,3.5,2.0,55.0,47.0,28.5,26.0,41.5,56.5,44.5,19.5,10.0,60.0,34.0,37.0,25.0,48.0,30.5,30.0,27.0,42.5,20.0,45.0,2.0,14.0,18.5,20.5,45.0,22.5,17.0,14.0,25.0,28.0,6.5,30.5,5.0,10.0,38.0,6.5,12.0,23.0,9.0,29.0,14.0,57.0,2.0,52.0,54.5,46.5,47.0,45.0,49.0,41.0,53.0,55.5,35.0,20.0
2021-03-09,46.0,33.5,52.0,3.0,2.0,17.0,57.0,47.5,42.5,13.0,54.0,52.0,40.0,30.0,15.0,59.0,39.0,44.0,36.5,50.0,40.0,29.5,29.5,40.0,5.0,32.0,12.0,16.5,27.5,38.0,3.0,22.0,44.0,9.0,34.0,44.0,26.5,41.0,6.0,5.0,23.0,40.0,11.0,25.0,8.0,3.0,19.5,47.0,14.0,52.5,45.5,54.0,38.5,16.0,21.5,22.0,51.0,56.0,33.0,10.0
2021-03-10,49.5,42.0,45.5,21.0,19.0,4.0,46.0,50.0,50.0,17.0,42.0,46.0,46.0,43.5,3.0,56.5,30.0,33.0,37.5,51.0,38.0,24.0,1.0,18.0,17.0,9.5,23.0,13.0,15.0,29.0,33.5,5.0,9.0,44.0,10.0,38.0,14.0,26.0,9.0,7.5,41.0,41.0,6.0,18.0,2.0,20.0,11.5,44.0,31.0,52.0,54.0,56.0,39.0,30.0,25.0,52.0,58.0,50.0,29.0,25.0
2021-03-11,31.0,15.0,45.5,7.0,8.0,4.0,59.0,52.0,47.0,44.0,43.0,49.0,47.5,34.0,2.0,52.0,37.5,32.5,25.0,41.0,37.0,39.0,20.5,29.0,13.0,23.0,10.0,4.0,14.0,11.0,20.5,17.0,29.0,25.5,9.0,28.0,10.0,31.0,16.0,7.0,45.0,52.0,2.0,47.5,26.5,25.0,2.0,34.0,21.0,55.0,57.0,54.0,51.0,33.0,57.0,19.0,54.0,47.0,35.0,18.0
2021-03-12,8.0,24.0,44.0,2.0,16.0,19.0,47.0,46.5,44.5,50.0,37.0,40.0,44.0,42.0,45.0,56.0,27.0,47.5,37.5,39.0,30.0,20.0,9.0,30.0,3.0,34.5,20.5,7.0,4.0,36.0,13.0,38.5,38.0,27.0,5.0,9.0,10.0,16.0,12.0,12.0,28.0,52.0,24.5,41.5,21.0,7.0,1.0,47.0,28.0,58.0,38.0,55.5,35.5,24.0,49.5,51.0,54.0,52.0,38.0,15.0
2021-03-15,44.0,44.0,46.0,20.0,14.5,7.0,48.0,49.0,44.5,36.0,54.0,47.0,46.0,19.0,26.0,57.0,36.0,41.0,24.0,49.0,31.0,30.5,5.0,2.0,11.0,36.0,22.0,5.0,9.0,23.5,5.0,7.0,15.0,36.0,12.0,23.0,34.0,4.0,24.0,13.0,27.0,51.0,19.0,30.0,9.5,31.0,1.0,36.5,39.0,57.0,59.0,55.0,42.0,18.0,43.0,48.0,51.0,41.0,27.0,22.5
2021-03-16,40.0,31.0,46.0,5.0,4.0,18.0,50.5,46.0,51.0,55.0,37.0,35.0,40.5,32.0,37.0,51.5,27.0,52.0,22.0,15.0,24.0,47.0,6.0,10.0,9.0,54.0,24.0,6.0,1.0,32.0,8.0,13.5,43.0,22.5,11.0,43.0,32.0,22.0,20.0,28.0,20.5,56.0,18.0,3.0,14.0,42.0,13.0,21.0,48.0,57.5,54.0,59.0,38.0,2.0,34.0,40.5,47.5,27.0,35.0,17.5
2021-03-17,46.5,24.0,49.0,11.0,25.0,24.0,50.0,37.0,48.0,33.0,43.0,30.0,42.0,55.0,23.0,52.5,25.0,38.5,17.0,27.0,21.0,47.5,9.0,4.0,14.0,41.0,7.0,2.0,6.0,2.0,12.0,19.0,31.0,39.0,34.0,50.0,22.0,17.0,11.0,14.0,8.0,38.0,20.0,12.0,2.0,57.0,5.0,27.5,55.0,55.5,59.0,57.0,39.5,26.0,41.0,32.0,46.0,49.0,38.0,35.0
2021-03-18,35.0,41.5,52.0,6.0,26.0,10.0,56.5,44.0,46.5,34.0,47.0,38.5,39.0,41.0,29.0,53.0,47.0,52.5,24.0,24.0,12.0,52.0,14.0,10.0,20.5,27.0,3.0,18.0,7.0,5.0,29.0,24.0,18.0,40.0,13.0,38.0,19.0,26.0,1.0,15.0,35.0,51.0,15.0,27.0,7.0,7.0,2.0,33.0,43.0,57.0,45.5,56.0,38.0,31.0,53.0,33.5,51.0,46.0,19.0,8.5
2021-03-19,49.5,49.0,51.0,9.0,8.0,24.0,35.0,38.5,52.5,33.5,34.5,28.0,43.0,50.0,37.5,40.0,36.0,55.0,19.0,23.0,11.0,42.0,2.0,5.0,13.5,47.0,11.0,2.0,6.0,22.0,44.0,19.0,25.0,30.0,4.0,43.0,19.0,29.0,7.0,26.0,17.0,47.0,15.0,20.5,9.5,32.5,2.0,50.0,23.0,57.0,55.0,57.0,51.0,16.0,42.0,52.0,50.0,32.5,36.0,13.0
2021-03-22,23.0,51.0,49.0,18.5,2.0,21.0,48.0,37.0,45.0,48.0,43.0,35.0,33.0,45.5,47.0,54.0,45.0,40.0,14.0,22.0,32.0,31.0,2.0,15.0,8.0,36.5,5.0,7.0,12.0,9.0,42.0,18.5,6.0,26.0,11.5,31.0,18.0,32.0,10.0,4.0,20.5,55.0,16.0,21.0,27.0,37.0,2.0,40.0,12.0,58.0,58.0,33.0,52.0,29.5,46.5,53.0,50.0,44.0,37.0,23.0
2021-03-23,11.0,36.0,53.5,9.0,1.0,12.0,53.0,37.0,27.0,43.0,42.0,33.0,31.0,41.0,54.0,52.0,38.0,20.5,19.0,54.0,23.0,32.0,3.0,17.5,8.0,34.0,5.5,20.0,15.0,6.0,51.0,22.0,9.0,26.0,45.0,32.0,17.5,8.0,13.5,27.0,12.0,56.0,16.0,20.0,31.0,41.0,34.0,27.5,35.0,49.0,51.0,39.5,45.0,4.0,45.5,58.0,56.0,51.0,40.5,2.0
2021-03-24,53.0,40.0,58.5,13.0,7.0,14.0,55.0,47.5,36.0,45.0,50.5,39.5,45.0,41.0,51.0,56.0,51.0,47.0,20.0,14.0,22.5,55.0,10.0,5.0,2.0,29.0,11.0,8.0,14.0,6.0,35.0,23.0,4.0,37.5,2.0,44.0,29.0,18.0,2.0,23.0,24.0,53.0,16.0,21.0,30.5,33.0,26.0,28.0,8.0,53.0,52.0,35.5,50.0,24.0,33.0,20.0,24.0,49.0,33.0,27.0
2021-03-25,52.0,41.0,56.0,8.0,2.0,11.0,59.0,46.0,19.0,38.0,50.0,35.5,44.0,32.0,55.0,54.0,38.5,46.0,21.0,39.0,12.5,31.0,25.0,34.0,1.0,35.5,31.0,3.0,24.0,9.5,29.0,5.0,4.0,6.0,23.0,28.0,26.5,13.5,9.5,16.0,27.5,26.0,6.0,31.0,24.5,39.5,15.0,40.0,23.0,58.0,53.0,54.0,40.0,19.0,51.0,47.0,48.0,50.0,19.5,11.0
2021-03-26,54.5,27.0,57.0,10.0,7.0,27.0,53.0,34.0,47.5,33.5,48.0,37.0,16.0,44.5,22.5,50.5,55.5,30.0,16.0,26.0,30.5,45.0,7.0,21.0,4.0,23.0,19.0,1.0,5.0,21.0,52.5,9.0,11.0,14.0,30.0,40.0,50.5,40.0,14.0,14.5,20.0,52.0,13.0,26.0,7.0,47.0,36.0,19.0,32.0,53.0,55.0,47.0,49.5,32.0,43.0,30.5,41.0,38.0,2.0,3.0
2021-03-29,49.0,2.0,46.0,8.0,6.0,12.0,48.0,5.0,43.5,31.0,41.5,45.5,39.0,19.0,41.5,57.0,39.0,25.0,1.0,39.0,33.0,54.0,15.0,31.0,13.0,30.0,30.5,23.0,18.5,18.0,41.0,8.0,9.0,26.0,19.5,32.0,39.0,28.0,4.0,3.0,20.5,55.0,26.5,35.0,8.0,33.0,11.0,56.5,50.0,54.0,55.0,36.0,52.0,23.0,36.0,34.0,50.0,54.0,32.0,14.5
2021-03-30,12.0,5.0,51.0,19.0,5.0,2.0,49.5,35.0,36.0,39.0,50.0,34.0,30.0,44.5,50.5,53.0,54.5,27.5,28.0,24.0,28.5,54.5,13.0,15.0,10.0,17.0,7.0,2.0,8.0,5.0,45.0,41.0,14.5,25.0,19.5,47.0,44.0,30.0,24.0,8.0,24.0,32.0,20.0,24.0,17.5,41.0,2.0,46.0,35.0,58.0,57.0,41.0,40.5,27.5,37.0,42.5,45.5,55.0,33.0,10.0
2021-03-31,48.0,31.0,43.0,13.0,10.0,11.0,46.0,28.0,39.5,49.0,35.0,40.0,52.0,42.0,24.5,47.5,57.0,42.0,20.0,21.0,34.5,58.0,15.0,17.0,12.0,37.0,9.0,2.0,23.0,8.0,51.5,20.0,1.0,42.5,50.0,55.0,5.0,28.0,15.0,15.0,6.0,30.5,4.0,21.0,20.0,28.0,32.0,33.0,25.0,54.0,55.0,34.0,54.0,23.5,3.0,55.0,39.5,42.5,35.5,7.0
2021-04-01,40.0,25.0,54.0,6.0,18.0,27.0,38.5,7.0,51.0,49.0,37.5,43.5,48.5,42.0,44.0,54.0,29.5,27.0,8.5,27.0,33.0,49.0,22.0,7.0,26.0,19.0,2.0,13.0,17.0,7.0,53.0,15.0,30.0,35.0,32.0,41.0,31.0,12.0,10.0,38.0,19.0,52.0,2.0,28.0,11.0,51.0,4.0,36.0,24.5,58.0,58.0,44.0,47.0,2.0,45.0,53.0,51.0,25.0,14.0,16.0
2021-04-07,10.0,23.0,53.0,11.0,3.0,42.0,34.5,14.0,38.0,27.5,44.0,34.0,51.0,49.5,33.0,59.0,58.0,36.5,27.0,48.0,19.0,21.0,12.0,29.0,13.0,25.0,1.0,16.0,5.0,4.0,51.0,15.0,39.0,46.5,35.0,20.0,9.0,40.0,19.0,48.0,8.0,41.0,7.0,32.5,25.0,42.0,21.0,21.0,12.0,56.0,57.0,45.0,49.0,32.0,35.5,53.0,41.0,46.5,6.0,2.0
2021-04-08,27.0,3.0,50.0,9.0,12.0,32.0,52.0,25.0,26.0,52.0,31.0,38.0,42.0,45.5,34.0,42.0,38.5,45.0,23.5,23.0,49.5,46.5,11.0,10.0,3.0,20.0,6.0,13.0,14.0,23.0,55.0,16.0,8.0,33.0,35.0,52.0,39.0,21.0,18.0,39.0,17.0,23.5,2.0,26.0,19.0,43.0,2.0,21.5,29.0,56.0,59.0,47.0,57.5,7.0,37.0,48.5,52.0,29.0,48.0,5.0
2021-04-09,24.0,26.0,58.0,8.0,7.0,27.0,48.0,25.0,40.5,23.0,43.0,47.5,55.0,37.0,22.0,54.0,21.0,23.5,14.0,14.5,26.0,42.5,3.0,2.0,14.0,11.0,5.0,9.0,12.0,36.5,33.0,19.0,9.0,31.0,34.0,45.0,54.0,4.5,16.0,44.0,26.0,38.0,5.0,23.0,22.0,41.0,47.5,14.0,31.0,47.5,57.0,51.0,50.0,38.0,34.0,52.5,50.5,57.0,41.0,1.0
2021-04-12,42.0,10.0,50.0,3.0,10.0,29.0,33.0,1.0,38.0,35.0,59.0,23.5,55.0,37.0,32.5,33.0,28.0,34.0,19.0,16.0,43.0,43.0,13.0,9.0,18.0,27.0,12.0,6.0,23.0,48.0,46.0,7.0,25.5,36.0,51.0,16.0,46.0,35.0,16.0,53.0,35.0,56.0,2.0,23.5,22.0,36.5,7.0,27.0,13.0,35.5,57.0,49.0,53.0,6.5,20.0,41.0,52.0,54.0,28.0,4.0
2021-04-13,6.0,18.0,25.0,13.0,15.0,28.0,34.0,30.0,36.0,51.0,33.0,33.0,54.0,49.0,54.0,43.0,33.0,28.0,18.0,22.0,30.0,53.0,16.0,12.0,14.0,21.0,6.0,3.0,1.0,4.0,45.5,10.0,9.0,26.5,37.0,50.0,44.0,47.0,8.0,38.5,21.0,58.0,6.0,25.0,24.0,37.0,35.0,17.0,35.0,43.0,59.0,54.0,44.0,11.0,25.0,57.0,53.0,47.0,40.0,2.0
2021-04-14,4.0,9.0,54.0,1.0,3.0,30.0,56.0,44.5,43.0,36.0,53.0,25.0,53.0,27.0,47.0,57.0,58.0,23.5,26.0,20.0,31.0,43.0,18.0,13.0,23.0,7.0,17.0,15.0,20.0,30.5,2.0,11.0,20.5,27.5,47.0,19.0,47.0,6.0,24.0,39.0,51.0,11.0,5.0,27.0,33.0,41.0,11.5,45.0,14.0,51.0,45.0,54.0,39.0,36.0,38.0,53.5,44.0,16.0,36.0,6.0
2021-04-15,43.0,9.0,50.5,2.0,5.0,23.0,20.0,29.0,40.0,14.0,40.0,34.5,47.0,21.0,40.5,59.5,37.0,41.0,20.5,14.0,36.0,29.0,10.0,17.0,14.5,14.0,8.0,6.0,36.0,31.0,54.5,11.0,1.0,18.5,53.0,18.0,49.0,39.5,14.0,39.0,53.5,48.0,3.0,28.0,27.0,34.5,56.0,32.5,21.0,58.0,47.0,25.0,52.0,31.0,6.0,32.0,53.0,51.0,38.5,4.0
2021-04-16,30.0,13.0,49.0,5.0,13.0,25.0,24.0,47.0,23.0,44.0,46.0,37.0,59.0,28.5,43.0,57.0,18.0,22.0,15.0,11.0,32.0,28.0,15.0,21.0,9.0,18.0,8.0,2.0,11.0,44.0,53.0,3.0,26.0,34.0,51.5,47.0,38.0,1.0,48.0,55.0,34.0,41.0,8.0,30.0,33.0,49.0,6.5,20.0,23.0,58.0,45.0,31.0,54.0,4.0,17.0,37.0,52.0,46.5,42.0,8.0
2021-04-19,9.0,5.0,29.0,5.0,15.5,16.0,32.0,36.0,19.0,43.0,49.0,25.0,56.0,33.0,19.0,48.5,43.0,47.0,11.0,19.0,27.0,39.0,20.0,4.0,32.0,7.0,14.0,2.0,13.0,53.0,54.0,12.0,14.5,33.0,43.0,36.0,25.0,1.0,23.0,53.0,22.0,27.0,9.0,34.5,33.0,44.5,57.0,28.0,30.5,45.0,53.0,39.5,59.0,40.0,10.0,51.0,53.5,48.0,37.0,3.0
2021-04-20,25.0,21.5,42.5,2.0,9.0,21.0,23.0,30.0,44.0,40.0,37.0,32.0,51.0,35.0,10.0,47.0,36.0,41.0,6.5,2.0,27.0,18.0,45.0,5.0,35.0,10.0,13.5,8.0,18.0,31.0,55.0,15.5,19.0,6.0,4.0,47.0,40.0,12.0,36.0,54.0,38.0,46.5,26.0,37.0,16.0,28.5,57.0,29.0,15.0,38.0,59.0,51.5,54.0,48.0,16.5,55.0,55.0,50.0,25.0,2.0
2021-04-21,17.0,2.0,28.0,7.0,14.0,15.0,29.0,47.0,33.0,37.5,4.0,41.0,57.0,34.0,28.0,42.5,44.0,50.0,10.0,4.0,16.0,23.0,8.0,16.0,24.0,11.0,14.0,6.0,3.0,23.0,56.0,8.0,36.0,40.0,38.0,25.0,34.0,2.0,39.0,53.0,20.0,47.5,12.0,29.0,21.0,41.0,57.0,30.5,34.0,47.0,59.0,47.0,48.0,51.0,31.0,22.0,43.0,56.0,49.0,19.0
2021-04-22,7.5,13.0,39.5,6.0,5.0,16.0,16.0,23.0,11.0,30.5,42.0,39.0,52.0,22.0,33.0,46.0,21.0,19.0,1.0,10.0,24.0,46.0,7.5,13.0,27.0,3.0,27.0,2.0,4.0,34.0,45.0,18.5,10.0,33.5,13.0,55.0,47.0,19.0,41.0,35.0,54.0,48.0,12.0,44.0,27.0,55.0,22.0,34.0,39.0,35.0,57.0,48.5,56.0,56.5,30.0,39.5,50.0,59.0,42.5,28.0
2021-04-23,5.0,7.0,48.0,1.0,11.0,10.0,29.0,26.0,29.5,35.0,37.0,31.0,38.0,51.0,29.5,42.0,32.0,34.0,17.0,23.0,24.0,50.0,22.0,5.0,18.0,15.0,18.0,12.5,4.0,52.0,50.0,9.0,8.0,26.0,42.0,36.5,57.0,19.0,41.0,29.0,24.0,41.0,2.0,47.0,15.0,18.0,44.0,23.0,34.0,45.0,54.0,44.0,54.0,58.0,3.0,40.0,56.0,60.0,55.0,12.5
2021-04-26,31.0,13.0,37.0,1.0,4.0,8.0,8.0,31.0,22.0,23.0,20.0,45.0,55.5,48.0,7.0,27.5,25.0,49.0,2.0,30.0,34.0,43.0,48.5,21.0,42.0,7.0,11.0,11.0,20.5,37.5,57.0,17.5,3.0,35.0,17.0,43.0,28.0,16.0,31.5,36.0,24.5,34.0,5.0,58.0,23.0,42.0,53.0,34.0,22.0,45.0,60.0,51.5,54.0,40.0,13.0,54.0,36.5,44.0,47.0,11.0
2021-04-27,36.0,3.0,35.0,5.0,22.0,6.0,14.0,27.5,11.0,23.0,43.5,40.0,59.0,25.5,13.0,27.0,38.5,48.0,17.5,21.0,31.0,42.0,24.5,9.0,20.5,8.0,12.0,1.5,24.0,52.0,54.0,4.0,21.0,43.0,15.5,45.0,28.5,20.0,54.0,38.0,40.0,50.0,7.0,55.0,24.0,49.0,48.0,48.5,10.0,51.0,57.0,32.0,57.0,18.5,1.5,38.0,33.0,42.0,45.0,31.0
2021-04-28,23.0,36.0,34.0,5.0,12.0,7.0,21.5,41.0,10.0,42.0,20.5,46.0,56.5,32.0,25.0,29.0,43.0,59.0,16.0,22.0,25.0,45.0,26.0,3.0,29.0,10.0,6.0,1.0,21.0,51.0,34.0,14.0,15.0,51.0,16.0,45.0,40.0,4.0,48.0,24.0,40.0,30.5,2.0,52.0,10.0,30.0,43.0,45.0,26.0,55.0,50.5,38.0,54.0,36.0,8.0,53.0,38.0,58.0,26.0,12.0
2021-04-29,7.0,11.0,13.0,9.0,22.0,10.0,14.5,31.0,3.0,33.0,31.5,40.0,40.0,44.0,57.0,18.0,49.0,45.0,25.0,14.0,46.0,41.0,27.0,7.0,43.0,12.0,2.0,5.0,37.5,59.5,58.0,20.0,23.0,37.0,30.0,30.0,26.0,5.0,43.0,40.5,56.0,24.5,31.5,49.0,17.0,18.0,55.0,49.0,5.0,20.0,54.0,34.5,49.0,29.0,1.0,46.0,51.0,37.0,54.0,15.0
2021-04-30,17.0,6.0,12.0,5.0,21.0,14.0,34.0,31.0,13.0,16.0,36.0,39.0,53.0,32.0,31.0,35.0,8.0,58.0,23.0,21.0,37.5,28.0,39.0,17.0,44.5,9.0,11.0,14.0,27.5,53.0,55.0,19.0,1.0,48.0,21.0,51.0,28.0,2.0,43.0,40.0,55.0,44.0,31.0,49.0,3.0,23.0,49.0,45.0,10.0,52.0,29.0,37.0,59.0,31.0,4.0,49.5,41.0,54.0,34.0,7.0
2021-05-03,3.0,40.0,13.0,2.0,31.0,16.0,20.0,50.0,10.0,42.0,20.5,53.5,59.0,35.0,24.0,23.0,25.0,41.0,21.0,28.0,38.0,34.0,46.0,17.5,30.0,1.0,7.0,21.5,34.0,48.5,47.0,25.0,14.0,43.0,36.5,48.0,17.0,7.0,30.0,51.0,44.5,11.5,28.0,49.0,11.0,13.0,51.0,44.5,5.0,27.0,60.0,37.0,50.5,28.0,4.0,57.0,55.0,9.0,53.0,7.0
2021-05-04,15.0,11.0,24.0,1.0,36.0,9.0,20.5,19.0,25.0,40.0,34.0,49.5,57.0,29.0,37.0,21.0,32.0,50.5,26.0,14.5,32.0,14.0,49.0,41.0,41.0,3.0,32.0,18.0,29.0,49.0,58.0,13.0,7.0,45.0,19.0,29.5,30.0,3.0,50.0,44.0,52.0,45.0,11.0,53.0,3.0,17.0,45.0,55.0,8.0,31.0,41.0,42.0,54.0,28.0,6.0,55.0,41.0,39.0,11.0,5.0
2021-05-05,26.0,11.0,22.0,3.0,24.0,19.0,16.0,38.0,14.0,42.0,25.0,47.0,59.0,15.0,37.0,34.0,4.0,55.0,33.0,2.0,26.5,29.0,51.0,24.5,22.5,8.0,45.5,20.0,8.0,36.0,49.0,24.0,23.0,30.0,10.0,44.5,13.0,8.0,40.0,41.5,42.0,31.0,33.0,53.0,7.0,27.0,57.0,50.0,13.0,53.0,52.0,46.0,44.0,37.0,5.0,56.0,46.0,15.0,45.0,1.0
2021-05-06,3.0,19.0,14.0,6.0,16.0,13.5,8.0,39.0,3.0,34.0,32.5,55.0,57.0,35.0,21.0,20.0,28.0,55.0,24.0,28.0,22.0,3.0,51.0,24.0,30.0,11.0,43.5,13.0,41.0,39.0,38.5,15.0,26.0,34.0,40.0,42.0,29.5,10.0,19.5,50.0,45.0,19.0,35.0,35.0,5.0,45.5,47.0,55.0,7.0,55.0,44.0,17.0,42.0,43.5,1.0,58.0,44.0,52.0,50.0,8.0
2021-05-07,1.0,15.0,16.0,12.0,24.0,18.0,19.0,26.0,7.0,40.0,20.0,41.0,54.5,7.0,52.0,29.0,20.0,52.0,36.0,4.0,37.0,11.0,27.0,48.5,29.5,3.0,42.0,7.0,38.0,42.0,27.0,33.0,26.5,41.5,24.0,54.0,32.0,11.0,21.0,39.5,58.0,17.0,42.5,55.0,7.0,29.0,44.5,49.0,17.0,56.0,50.0,9.0,24.0,38.0,2.0,56.0,47.0,50.0,42.0,9.0
2021-05-10,6.0,23.0,18.0,10.0,30.0,18.0,5.0,20.5,11.0,49.0,37.0,52.0,56.0,29.0,37.0,24.0,14.0,46.0,33.0,3.0,26.0,1.0,56.0,7.0,30.0,27.0,58.0,20.5,35.0,49.0,52.0,19.0,8.0,54.0,34.0,39.0,39.5,15.0,16.0,47.0,46.0,16.0,38.0,58.0,2.0,3.0,45.0,53.0,15.0,55.5,25.0,35.0,37.0,36.5,12.0,40.5,44.0,29.0,46.0,9.0
2021-05-11,10.0,33.0,6.0,13.0,38.5,21.0,5.0,13.0,13.0,54.0,14.0,48.0,55.0,26.5,21.5,18.0,39.0,49.0,36.0,3.0,18.0,39.0,57.0,46.0,24.0,29.0,43.0,5.0,48.0,40.5,43.0,15.0,22.0,50.0,37.5,51.0,1.0,9.0,41.5,33.0,58.0,25.0,18.0,59.0,5.0,16.0,34.0,44.5,24.0,29.0,50.0,45.5,27.0,52.0,2.0,49.0,34.5,21.0,31.0,8.0
2021-05-12,6.0,7.0,2.5,19.0,16.0,28.5,27.0,46.5,14.0,31.0,16.0,48.0,55.0,36.0,31.0,28.5,32.0,45.5,29.5,1.0,42.0,13.0,54.0,56.0,22.5,38.0,58.0,8.0,45.0,50.0,51.0,25.0,21.0,46.0,19.0,36.0,17.5,9.0,41.0,48.5,41.0,2.5,38.0,56.0,5.0,25.0,30.5,53.0,13.0,51.0,31.0,42.0,48.0,24.0,10.0,49.0,10.0,14.0,31.0,4.0
2021-05-13,8.0,34.0,11.0,2.0,13.0,23.0,40.0,49.0,1.0,49.0,29.0,42.0,49.0,10.0,31.5,20.0,38.0,46.0,23.0,11.0,32.0,8.0,51.0,26.0,5.5,55.0,27.0,4.0,30.0,45.0,59.0,15.0,32.0,55.0,40.0,40.0,22.0,3.0,53.0,37.5,42.5,18.0,7.0,41.5,5.5,16.0,26.0,58.5,24.0,40.0,55.0,43.0,57.0,49.0,14.0,46.0,19.0,26.0,35.5,17.0
2021-05-14,14.0,39.5,10.0,25.0,26.0,5.0,22.0,49.0,7.0,16.0,34.0,47.0,56.0,51.0,26.0,39.0,14.0,58.0,35.5,13.0,19.5,13.0,49.5,40.0,39.0,44.0,38.5,1.5,43.0,36.0,25.0,22.0,15.5,8.0,35.0,29.0,18.0,1.5,55.5,37.0,45.0,5.0,32.0,44.5,3.0,17.0,27.0,56.0,10.0,36.0,51.0,48.0,51.5,59.0,9.0,42.0,22.0,29.0,31.5,5.0
2021-05-17,5.0,9.0,1.0,17.0,30.5,4.0,46.0,15.0,7.0,43.5,25.0,43.5,54.0,40.0,21.5,32.0,36.0,55.0,27.0,15.0,33.0,18.0,49.0,30.0,31.0,36.0,32.0,12.5,19.0,58.0,48.0,7.0,7.0,35.0,24.0,37.5,18.5,12.0,22.5,48.0,49.0,11.0,25.0,39.0,3.0,16.0,43.0,55.0,21.5,51.5,53.0,35.5,56.0,59.0,2.0,41.0,46.0,23.0,48.5,10.0
2021-05-18,20.5,16.0,8.0,18.0,36.5,13.0,42.0,46.0,5.0,54.5,30.0,44.5,49.5,36.5,30.0,41.0,26.0,47.0,33.0,11.0,24.0,31.0,54.0,7.0,16.0,48.0,40.5,8.0,57.0,29.0,58.0,26.0,32.0,40.0,36.0,47.0,4.0,1.0,59.0,21.0,23.0,12.0,37.0,43.0,10.0,17.0,43.0,42.0,3.0,21.0,49.0,25.0,56.0,52.0,6.0,52.0,18.0,23.0,16.0,2.0
2021-05-20,15.0,28.0,5.0,38.0,36.0,4.0,46.0,18.0,1.0,32.5,24.0,47.0,52.0,21.0,36.5,32.0,44.0,48.0,40.5,9.0,3.0,38.5,51.0,34.0,30.0,52.0,57.0,9.0,58.0,46.0,43.0,20.0,12.0,5.0,23.5,42.5,7.0,11.0,29.0,20.5,49.0,27.5,54.0,55.0,2.0,27.0,29.0,50.0,19.0,14.0,58.0,24.0,40.5,49.0,8.0,12.0,37.0,15.0,39.0,18.0
2021-05-21,29.5,24.5,7.0,48.0,37.0,5.0,23.0,39.5,8.0,16.0,44.5,50.0,42.0,58.0,42.0,27.0,10.0,59.0,29.0,6.0,3.0,21.0,54.0,33.0,12.0,44.0,57.0,23.0,54.0,22.0,28.0,36.0,17.0,35.0,8.0,28.0,3.0,11.0,54.0,38.0,39.0,2.0,51.0,46.0,13.0,16.0,39.0,44.0,2.0,18.0,51.0,19.0,45.0,52.0,14.0,28.0,23.5,27.0,44.0,35.5
2021-05-24,15.5,22.0,9.0,29.0,45.0,15.0,39.0,44.0,17.0,33.0,22.0,40.0,41.0,25.0,34.0,10.0,20.0,57.0,13.0,2.0,4.0,6.0,57.0,54.5,29.5,42.0,55.5,1.0,54.0,46.0,30.0,37.0,22.0,45.0,32.5,52.0,4.0,7.0,49.0,12.0,46.5,4.0,48.0,53.0,6.0,38.0,28.0,58.0,14.0,32.0,49.0,25.5,20.0,49.0,11.0,43.5,30.0,27.0,33.0,17.0
2021-05-25,39.0,24.0,9.0,47.0,42.0,1.0,27.0,15.0,2.0,36.0,28.0,54.0,31.5,34.0,38.0,24.0,33.0,58.0,29.0,15.0,8.0,17.0,47.0,4.0,20.0,55.0,40.0,31.0,55.0,35.0,31.0,51.0,10.0,50.0,54.0,32.0,5.0,12.0,24.0,10.0,43.0,19.0,45.0,52.0,3.0,20.0,27.0,56.0,7.0,43.0,51.0,21.0,53.0,51.0,6.0,38.0,17.0,14.0,32.0,12.0
2021-05-26,20.0,17.0,13.0,28.0,53.0,8.0,25.0,44.0,5.0,6.0,41.0,49.0,35.0,38.0,12.0,30.0,38.0,56.5,23.0,24.0,10.0,3.5,54.0,42.0,20.0,52.5,33.0,47.0,56.0,38.5,46.0,43.0,18.0,57.5,25.0,48.0,7.0,14.0,38.0,17.0,46.0,1.0,31.0,49.0,3.5,17.0,29.0,49.5,11.0,31.0,52.0,22.5,35.0,48.0,8.0,27.0,39.0,14.0,35.0,2.0
2021-05-27,37.0,21.5,5.0,43.0,53.5,7.0,38.0,40.0,10.0,28.0,33.0,53.0,43.0,45.0,15.0,33.5,34.0,56.5,10.0,14.0,32.0,7.0,20.0,21.0,9.0,54.5,49.5,39.0,58.0,46.0,24.0,46.5,19.0,7.0,31.0,27.0,3.0,2.0,19.0,16.0,35.0,26.5,56.0,51.0,1.0,4.0,41.0,50.0,27.0,48.0,51.0,16.0,14.0,51.0,22.5,53.5,33.0,27.0,29.0,12.0
2021-05-28,23.0,28.5,7.0,34.5,57.0,11.0,39.0,50.0,8.0,49.0,34.5,45.0,38.0,59.0,9.0,29.0,26.0,41.0,5.5,38.5,15.0,7.0,35.0,22.0,3.0,43.0,57.0,27.0,46.0,46.0,34.0,32.0,18.0,48.0,41.0,51.0,4.0,2.0,24.0,16.0,56.0,24.0,43.5,41.0,18.0,13.0,20.0,50.0,31.0,43.5,54.0,15.0,12.0,53.5,1.0,31.0,21.0,13.0,39.0,11.0
2021-05-31,17.0,38.0,7.0,33.0,40.0,16.0,45.5,48.0,2.0,42.0,58.0,55.0,43.5,47.0,8.0,23.0,21.0,57.0,28.0,24.0,32.5,18.0,46.0,36.0,26.0,56.0,44.0,5.0,55.0,40.0,3.0,16.0,17.0,26.0,28.0,25.0,11.0,13.0,38.0,18.0,55.0,1.0,48.5,52.0,12.0,3.0,10.0,51.0,32.5,20.0,45.0,34.0,29.0,57.0,8.5,48.0,27.0,5.0,24.0,27.0
2021-06-01,23.0,30.5,12.0,47.0,58.0,22.0,33.0,53.0,1.0,43.5,50.0,49.0,50.0,40.0,53.5,34.0,45.0,54.0,51.0,24.0,17.0,8.0,39.0,13.0,23.0,44.0,58.0,44.5,26.0,47.0,10.0,5.0,41.5,6.0,46.0,39.0,2.0,19.0,35.0,14.5,34.5,29.5,32.0,18.5,3.0,19.0,11.0,49.0,17.0,4.0,51.0,25.0,9.0,54.0,7.0,33.5,34.5,28.0,22.0,17.0
2021-06-02,27.0,29.0,3.0,11.0,53.0,6.0,36.0,47.0,4.0,54.0,51.0,44.0,36.0,45.0,52.0,36.0,49.5,54.0,45.0,22.0,32.0,35.0,10.0,16.5,7.0,57.0,54.0,8.0,48.0,42.5,27.0,19.0,28.0,2.0,40.0,43.0,10.0,1.0,40.0,32.0,23.0,14.0,29.0,36.5,15.0,18.0,5.0,49.0,27.0,19.0,44.0,17.0,23.0,54.0,36.0,58.0,13.0,11.0,21.5,24.0
2021-06-03,21.5,30.0,12.0,52.0,33.0,15.5,55.0,8.0,5.0,30.0,43.0,52.0,41.0,38.0,48.0,35.0,46.0,54.5,50.0,28.0,26.0,47.0,42.0,11.0,24.0,57.0,58.0,12.0,45.0,43.0,22.0,47.0,20.0,3.0,55.0,33.0,1.0,5.0,21.0,14.0,58.0,35.0,55.0,7.0,19.0,14.0,5.0,35.0,39.0,16.0,35.0,2.0,18.0,42.0,10.5,17.0,26.0,8.0,28.0,37.0
2021-06-04,22.0,28.0,5.0,44.0,52.0,30.0,54.0,26.0,7.0,47.5,32.0,50.0,20.0,38.5,53.0,45.5,39.0,51.0,45.0,31.0,30.0,20.0,15.0,11.0,13.0,44.0,56.0,41.0,49.0,34.0,5.0,37.0,29.0,9.0,56.0,35.0,9.0,2.0,17.5,21.0,55.0,2.0,51.0,33.0,14.0,24.0,18.0,38.0,20.0,26.0,58.0,16.0,12.0,47.0,8.0,37.0,39.5,4.0,29.0,2.0
2021-06-07,29.0,32.0,4.0,57.0,46.5,18.0,50.0,33.0,9.0,38.5,41.0,52.0,24.0,43.0,52.0,47.0,48.0,58.5,48.0,29.0,15.0,22.0,45.0,45.0,6.0,16.0,48.0,22.0,58.0,16.0,5.0,2.0,32.0,18.0,56.0,37.0,6.0,1.0,34.0,34.0,48.5,27.0,55.0,12.0,8.0,20.0,21.5,40.5,37.0,14.0,45.0,11.0,13.0,42.5,30.0,24.5,11.0,3.0,25.0,27.0
2021-06-08,23.0,40.0,7.0,27.0,27.5,30.0,56.0,38.0,4.0,31.0,46.0,52.0,31.0,42.5,53.0,58.0,53.0,56.0,56.0,28.5,31.5,18.0,15.0,46.0,28.0,54.0,44.0,11.0,3.0,8.0,1.0,14.0,30.0,3.0,53.5,43.5,3.0,6.0,39.0,27.5,42.0,47.0,19.0,24.5,10.0,14.0,16.0,42.0,41.0,27.0,49.0,13.0,34.0,46.0,11.0,30.0,23.5,8.0,33.0,19.0
2021-06-09,21.0,10.0,3.0,54.0,55.0,30.0,51.0,36.0,6.0,43.0,41.0,47.0,32.0,49.5,26.0,54.0,29.0,57.0,45.5,12.0,8.0,36.0,52.0,31.0,12.0,43.0,54.5,31.0,48.0,16.0,8.0,28.0,13.0,14.0,54.0,23.0,9.0,4.0,5.0,23.0,52.0,39.0,41.0,8.0,27.0,18.0,2.0,41.5,34.5,24.0,48.5,1.0,16.0,44.0,29.0,43.0,54.0,18.0,27.0,25.0
2021-06-10,15.0,40.0,5.0,26.0,52.0,33.0,48.5,35.5,15.0,32.0,42.0,54.0,21.0,42.0,37.0,54.0,36.0,55.5,21.0,15.0,28.0,6.0,43.0,4.0,9.0,59.0,49.0,42.0,53.0,30.0,10.0,1.0,22.0,7.0,57.0,33.5,2.0,3.0,28.0,21.0,52.0,27.5,48.0,30.5,19.0,10.0,13.0,41.0,34.0,25.0,41.0,8.0,12.0,52.0,24.0,48.0,50.0,17.0,33.5,31.0
2021-06-11,40.0,34.0,13.0,6.5,48.0,49.0,46.5,53.0,14.0,51.5,56.0,40.0,21.0,50.0,33.5,59.0,54.0,52.0,38.5,19.0,4.0,7.0,31.0,40.0,4.5,36.5,15.0,1.0,44.0,39.0,2.0,23.0,10.0,25.0,54.0,42.0,10.0,6.0,49.0,27.0,55.0,33.0,11.0,27.0,43.0,30.0,6.0,45.5,39.0,36.0,47.0,17.0,27.0,30.0,21.0,17.0,12.5,19.0,24.0,11.0
2021-06-15,34.0,24.0,2.0,41.0,45.0,23.5,46.0,48.0,3.0,51.5,30.0,45.5,22.0,50.5,25.0,43.0,45.5,50.0,49.5,27.0,20.0,3.0,55.0,11.0,9.0,53.0,57.0,36.0,49.0,18.0,10.0,4.0,3.0,27.0,41.0,34.0,8.0,5.5,35.0,13.0,60.0,54.0,16.0,39.0,26.0,23.0,7.0,44.0,38.5,13.0,43.0,16.0,31.0,28.0,18.0,55.0,32.5,12.0,28.5,15.0
2021-06-16,35.0,17.0,4.0,45.0,50.0,27.0,54.0,31.0,27.0,49.0,41.0,1.0,21.0,36.0,55.0,46.5,47.0,54.0,42.5,22.0,7.0,12.0,13.5,48.0,25.0,57.0,57.0,15.0,36.0,32.5,9.0,36.0,4.0,18.0,47.0,42.5,11.0,7.0,25.0,25.0,57.0,56.0,53.0,4.5,36.0,38.0,17.0,35.0,35.0,13.0,44.0,2.0,22.0,33.0,15.0,9.5,31.5,20.0,38.0,6.0
2021-06-17,30.0,19.5,7.0,32.0,45.0,34.0,47.0,40.0,10.0,45.0,37.0,7.0,11.0,42.0,3.0,53.0,53.0,53.0,27.5,27.0,15.0,5.0,53.0,19.0,23.0,58.0,46.0,18.0,57.0,27.0,8.0,25.0,10.0,33.0,59.0,36.0,3.0,16.5,49.0,5.5,54.0,56.0,39.0,52.0,37.0,20.0,1.0,32.0,43.0,24.0,40.0,4.0,27.0,24.0,12.0,48.0,27.0,15.0,37.0,13.0
2021-06-18,47.0,18.0,3.0,35.0,55.0,13.0,46.0,34.0,15.5,34.0,45.0,10.0,35.5,43.0,53.0,52.0,57.0,49.0,32.0,39.0,8.0,46.0,29.5,42.0,1.0,56.0,48.5,19.0,56.0,27.0,11.0,26.0,6.0,13.0,16.0,24.5,13.0,9.0,55.0,5.0,53.0,50.0,16.0,32.5,25.0,28.0,2.0,42.0,39.0,4.0,39.0,20.0,29.0,31.0,32.0,52.0,33.0,7.0,18.5,28.5
2021-06-21,28.0,26.0,2.0,57.0,45.0,23.5,48.0,35.0,14.0,11.0,54.0,2.0,39.0,35.0,50.0,44.0,54.0,46.0,44.0,42.0,6.0,28.5,41.0,39.0,21.5,47.5,47.0,25.0,53.0,11.0,13.0,32.0,3.0,29.0,36.0,19.0,8.0,11.0,23.0,2.0,54.0,59.0,8.0,49.5,40.5,30.5,20.0,24.0,50.0,5.0,43.0,9.0,19.0,34.0,16.0,54.0,19.0,15.0,23.0,30.0
2021-06-22,27.0,25.5,14.0,31.0,58.0,10.0,51.0,35.0,2.0,56.0,59.0,51.0,38.0,30.0,24.0,47.0,55.0,32.0,41.5,29.0,11.0,40.0,46.0,27.0,25.5,42.5,48.0,33.0,56.0,12.0,13.0,2.0,9.0,14.0,33.0,6.0,4.0,2.0,42.0,19.0,54.0,4.5,44.0,52.0,29.0,39.0,20.0,40.5,53.0,6.0,39.0,8.0,23.0,28.0,17.0,48.0,38.5,18.0,15.0,22.0
2021-06-23,26.0,41.0,4.0,36.0,47.5,43.0,39.0,38.5,13.0,52.0,51.0,39.0,16.0,44.0,53.0,58.0,57.0,59.0,22.0,24.0,26.0,12.0,1.0,45.5,18.0,50.0,52.0,10.0,56.5,21.0,11.0,3.0,9.0,17.0,37.0,35.0,2.0,6.0,44.0,19.0,19.0,48.0,31.0,5.0,47.0,30.0,23.0,35.0,53.5,7.0,15.0,28.0,21.0,32.5,13.0,49.0,34.5,8.0,36.5,29.0
2021-06-24,23.0,39.0,10.0,5.0,51.0,29.0,43.0,44.0,10.0,23.0,33.5,50.0,56.0,55.0,41.0,30.5,57.0,47.5,37.0,41.0,16.0,45.0,33.0,24.0,24.5,14.0,47.0,19.0,55.5,14.0,8.0,28.0,4.0,11.0,27.0,14.0,4.0,17.0,44.5,2.0,35.0,41.0,30.0,38.0,57.0,1.0,7.0,54.0,41.0,20.0,39.0,4.0,10.0,46.5,17.0,22.5,54.0,22.0,25.0,52.0
2021-06-25,12.0,41.0,33.0,43.0,55.0,17.0,50.0,21.0,20.0,51.0,43.0,16.0,31.0,56.0,51.0,31.0,42.0,50.0,36.0,25.0,38.0,55.5,33.5,3.0,11.0,27.0,58.0,36.0,58.0,11.0,9.0,4.0,3.0,1.0,25.0,15.0,7.0,8.0,44.0,20.0,49.0,53.0,46.5,55.0,28.5,47.0,11.0,42.0,2.0,6.0,33.5,14.0,23.0,29.0,16.0,39.0,24.0,18.0,28.0,37.0
2021-06-28,37.0,25.0,11.0,3.0,56.0,53.0,57.0,49.0,11.0,44.0,53.5,27.0,41.0,48.0,49.0,31.0,30.0,41.0,27.0,22.0,33.0,48.5,46.0,19.0,35.0,51.0,53.0,29.0,59.0,11.0,1.0,40.0,5.0,15.5,21.5,11.0,5.0,16.0,55.0,2.0,6.0,7.5,45.0,31.5,42.0,41.0,15.0,38.0,23.0,18.0,25.0,7.0,22.0,40.0,9.0,15.0,46.0,19.0,36.0,31.0
2021-06-29,30.5,49.0,10.0,38.0,57.0,16.0,56.0,12.0,29.0,51.0,38.0,25.0,2.0,21.5,57.0,60.0,39.0,51.0,47.0,21.0,47.0,34.0,7.0,39.0,18.0,43.0,55.0,22.0,50.0,5.0,7.0,43.0,1.0,15.0,22.0,25.0,16.0,8.0,44.0,3.0,53.0,55.0,19.0,30.0,38.0,43.0,8.0,38.0,34.0,4.0,16.0,11.0,28.0,26.0,12.0,43.0,40.0,30.0,31.0,20.0
2021-06-30,36.0,19.0,7.0,13.0,32.5,40.0,60.0,25.0,7.0,47.0,34.0,42.0,28.0,43.0,52.0,48.5,51.0,45.0,59.0,37.5,22.0,32.0,3.0,25.0,27.0,40.0,57.0,47.0,52.0,22.0,10.0,34.0,16.0,2.0,25.0,33.0,17.0,5.0,37.0,9.0,46.0,51.5,5.0,29.0,42.0,50.0,14.0,11.0,15.0,21.0,53.0,2.0,26.0,22.0,4.0,51.0,25.0,14.5,52.0,12.0
2021-07-02,32.0,14.0,7.0,12.0,36.0,36.0,55.0,44.0,3.0,59.0,32.0,37.0,2.0,53.0,54.0,52.0,58.0,16.0,14.0,24.0,9.0,40.0,33.5,20.0,11.0,28.0,41.0,55.0,42.0,34.0,18.0,29.0,7.0,11.0,24.0,22.0,28.0,2.0,51.0,6.0,39.0,35.0,22.0,5.0,49.0,36.5,20.0,49.0,45.0,15.0,54.0,47.0,48.0,30.0,13.0,33.0,35.0,20.0,56.0,3.0
2021-07-05,29.0,9.0,2.0,39.0,26.0,36.0,52.0,22.0,5.0,60.0,33.0,14.5,37.0,50.0,55.0,51.0,59.0,57.0,43.0,44.0,41.0,42.0,21.0,18.0,12.0,28.0,56.0,22.0,53.0,8.0,39.0,25.0,5.0,3.0,19.0,25.0,13.5,1.0,31.0,7.0,51.0,46.0,5.0,48.0,37.0,11.0,18.0,46.0,23.0,9.0,31.0,26.0,46.0,16.0,28.0,55.0,19.5,33.0,43.0,11.0
2021-07-06,22.5,29.0,15.0,11.0,55.0,34.0,47.0,9.0,2.0,52.5,30.0,38.0,39.0,49.0,53.0,39.0,55.0,52.0,23.0,11.0,39.0,52.0,8.0,20.0,5.0,49.0,25.0,17.0,58.0,27.0,43.0,21.0,3.0,19.0,34.0,18.0,3.0,16.0,39.0,8.0,55.5,2.0,16.5,41.5,53.0,33.0,7.0,45.0,35.0,9.0,12.0,48.0,58.0,27.0,36.0,35.0,25.0,30.0,43.0,13.5
2021-07-07,8.5,21.0,46.0,16.0,40.0,18.0,45.0,35.0,25.0,56.0,40.0,49.0,52.0,52.0,52.0,5.0,58.0,59.0,40.0,25.0,17.0,45.0,36.0,9.0,7.0,24.0,12.0,35.0,24.0,4.0,3.0,13.0,12.0,2.0,9.0,36.0,32.0,1.0,56.0,6.0,44.0,19.0,46.0,41.0,47.0,40.0,20.0,48.0,54.0,30.0,32.0,29.0,50.0,27.0,13.0,43.0,24.0,14.0,20.0,32.0
2021-07-08,11.0,18.0,57.0,13.5,41.5,29.0,6.0,15.0,33.0,57.5,48.0,16.0,44.0,44.0,38.0,53.0,42.0,51.0,7.0,27.0,35.0,41.0,4.0,10.0,6.0,33.0,30.0,21.5,27.0,23.0,25.0,29.0,15.0,2.0,10.0,18.0,13.0,5.0,53.0,22.0,54.0,2.5,40.0,35.5,31.0,47.0,18.0,55.0,53.0,21.0,50.0,49.0,47.0,38.0,40.0,9.0,25.5,58.0,2.0,43.0
2021-07-09,1.0,6.0,26.0,25.0,32.0,47.0,41.5,35.0,4.0,57.0,27.0,34.0,35.0,55.0,38.0,16.0,59.0,49.0,47.0,5.0,17.0,55.0,39.0,20.0,16.0,43.0,15.0,22.0,11.0,2.0,9.0,27.5,7.0,23.0,18.0,42.0,3.0,26.0,38.0,10.0,47.0,53.0,57.0,54.0,38.0,45.0,8.0,40.0,42.0,21.0,49.0,23.0,51.5,28.0,15.5,51.0,13.0,37.5,15.0,29.5
2021-07-12,2.0,55.0,52.0,43.5,40.0,11.0,35.0,15.0,21.0,24.0,26.0,46.5,34.0,32.0,38.0,52.0,36.0,42.5,54.0,15.0,32.0,50.5,17.0,20.0,15.0,20.0,44.0,53.0,19.0,6.0,27.0,43.0,13.0,5.0,2.0,32.0,9.0,29.0,45.0,9.0,50.0,48.0,24.0,6.5,57.0,54.0,25.0,56.0,40.5,7.0,16.0,36.0,46.0,23.0,3.0,4.0,11.0,59.0,29.0,33.0
2021-07-13,24.0,42.0,36.0,12.0,58.0,6.0,31.0,15.5,11.0,48.0,52.0,36.0,24.0,41.0,18.0,59.0,56.0,39.0,43.0,17.0,7.0,58.0,4.0,33.5,2.0,46.5,50.0,48.0,20.0,26.0,7.0,29.0,4.0,13.0,30.0,26.0,12.0,22.0,42.0,14.0,32.0,50.0,38.0,35.0,37.0,21.5,9.0,53.0,42.0,2.0,51.0,21.0,54.0,18.0,30.0,48.0,2.0,42.0,12.0,29.0
2021-07-14,4.0,26.0,43.0,36.0,58.0,17.0,59.0,51.0,20.0,58.0,14.0,17.0,24.0,23.5,9.0,52.0,56.0,46.0,40.0,25.0,27.0,45.0,3.0,49.0,12.0,23.0,28.0,35.5,44.0,14.0,9.0,31.0,2.0,16.0,4.0,24.0,5.0,20.0,36.0,10.0,42.0,52.0,21.0,8.0,42.5,39.0,7.0,32.5,40.5,2.0,50.0,29.0,47.0,28.0,38.5,52.0,12.0,50.0,39.0,32.0
2021-07-15,1.0,21.0,39.0,13.0,46.0,5.5,46.0,41.0,5.0,56.0,38.0,55.0,57.0,35.5,13.0,54.5,22.0,6.0,51.0,31.0,5.0,54.0,23.0,27.0,21.0,34.0,52.0,59.0,45.0,11.0,25.0,48.0,14.0,10.0,17.0,15.0,8.0,22.0,41.0,2.0,25.0,48.5,11.0,50.0,34.0,44.5,30.0,37.0,42.5,11.0,41.0,28.0,32.0,28.0,18.0,20.0,4.5,57.0,34.0,31.0
2021-07-16,1.0,35.0,44.0,50.0,31.0,19.0,43.0,50.0,2.0,58.5,17.0,47.0,39.0,40.0,36.0,29.0,50.0,9.0,44.0,21.0,32.0,53.0,11.0,56.0,5.0,35.0,52.0,49.0,6.0,4.0,25.0,59.0,15.0,28.0,13.0,31.0,3.0,26.0,19.5,17.0,40.5,53.0,47.5,46.5,40.0,15.0,34.0,8.0,40.0,12.0,45.0,24.0,12.0,30.0,26.0,6.0,20.5,57.0,22.0,9.0
2021-07-19,1.5,43.0,59.0,46.0,51.0,14.0,35.5,27.5,29.0,56.0,1.5,38.0,47.0,49.0,11.0,41.5,5.0,3.0,50.0,19.0,28.0,58.0,11.0,29.0,9.0,33.0,41.0,55.0,47.5,4.0,22.0,37.0,11.0,27.0,16.0,33.5,7.0,18.0,46.0,20.0,50.0,43.5,40.0,52.0,17.0,13.0,25.0,16.0,42.5,7.0,24.0,31.0,35.0,23.0,28.0,18.0,53.0,56.0,35.0,5.0
2021-07-20,3.0,33.0,59.0,11.0,42.0,29.0,31.0,23.5,27.0,46.0,5.0,48.0,41.0,41.0,48.0,45.0,14.0,35.5,56.0,4.0,27.0,22.5,36.0,49.0,8.0,55.0,56.0,25.5,47.5,20.0,32.0,55.0,17.5,15.0,11.0,9.0,1.5,25.0,31.0,22.0,52.0,50.0,41.0,57.0,15.0,40.5,43.0,19.0,9.0,6.0,24.0,11.0,34.0,1.5,27.0,6.0,48.0,43.0,39.0,17.0
2021-07-21,7.0,39.0,39.0,50.5,43.0,14.0,36.0,21.0,25.0,57.0,18.0,46.0,43.0,44.0,41.0,55.0,33.0,36.0,39.0,56.0,27.0,52.5,28.5,58.0,8.0,50.0,36.0,5.0,53.0,20.0,16.0,55.0,11.5,26.5,10.0,1.0,3.0,22.0,15.0,6.0,47.0,43.0,29.0,59.0,21.0,33.0,45.0,24.0,2.0,8.0,28.0,4.0,31.0,14.0,10.0,24.0,24.5,48.5,41.0,14.0
2021-07-22,11.0,4.0,54.5,58.0,60.0,1.0,37.0,39.0,18.0,49.0,5.0,50.0,40.0,40.0,32.0,57.0,28.5,36.0,47.0,35.0,8.0,55.0,33.5,53.0,42.5,26.0,54.0,43.0,49.0,38.0,31.0,42.5,8.0,22.0,10.0,26.0,12.0,14.0,16.0,6.0,43.0,37.0,2.0,49.0,14.0,29.0,3.0,25.0,21.0,35.0,22.5,8.0,21.0,28.0,31.0,13.5,24.0,53.0,45.0,16.0
2021-07-23,8.0,31.0,42.5,59.0,46.0,14.0,31.0,17.0,6.0,35.0,5.0,58.0,24.0,51.0,17.0,44.0,53.0,30.0,53.0,58.0,37.0,57.0,39.0,48.0,15.0,36.0,54.0,49.0,51.0,7.0,9.0,50.5,2.5,23.0,10.0,19.0,4.0,12.0,29.5,1.0,48.0,45.5,21.0,42.0,18.0,25.0,32.0,42.0,26.0,12.0,16.0,2.5,28.0,13.0,34.0,21.0,38.0,34.0,40.0,29.0
2021-07-26,9.0,23.0,52.0,58.0,40.0,15.0,34.5,13.0,6.0,47.0,5.0,41.0,30.0,54.0,7.0,54.0,52.0,43.0,40.0,22.0,27.0,29.0,57.0,45.0,23.0,53.5,58.0,50.5,42.0,19.0,23.5,35.5,1.0,18.0,8.0,12.5,3.0,9.0,21.0,11.0,55.0,38.0,15.0,41.0,16.0,30.0,29.0,15.0,28.0,3.0,31.0,31.0,34.0,3.0,34.0,30.0,23.0,56.0,45.0,49.0
2021-07-27,6.0,21.0,52.0,53.0,14.0,26.0,36.0,48.0,12.0,54.0,17.0,46.0,34.0,50.0,26.0,58.0,48.0,41.5,56.0,45.0,19.0,38.0,16.0,36.0,42.0,33.0,55.0,58.0,50.0,23.5,16.0,32.0,4.0,13.0,1.0,11.0,3.0,7.0,2.0,15.0,10.0,37.0,25.0,30.0,8.0,31.0,39.5,36.0,31.0,6.0,9.0,21.0,29.5,28.0,35.5,41.0,46.0,53.0,44.0,19.0
2021-07-28,16.0,1.0,49.0,45.0,48.5,26.0,42.0,38.0,8.0,47.0,13.0,34.0,39.0,25.0,22.0,51.0,50.0,35.0,3.0,39.0,15.0,53.0,27.0,9.0,38.0,33.0,45.0,43.5,56.0,8.0,28.0,40.0,12.0,19.0,11.0,14.0,2.0,23.0,32.0,6.0,30.0,23.0,35.0,47.0,5.0,22.0,27.5,53.5,48.0,8.0,17.0,46.0,29.5,17.0,22.5,4.0,59.0,56.0,58.0,52.0
2021-07-29,21.0,38.0,54.5,51.0,5.0,34.0,43.0,28.5,1.0,43.0,20.0,16.0,42.0,60.0,20.5,53.0,52.0,14.0,15.0,48.5,30.0,48.0,10.0,20.0,39.0,44.5,56.0,56.5,48.5,39.0,33.0,28.0,16.0,7.0,6.0,9.0,7.0,13.0,3.0,19.0,4.0,31.0,2.0,51.0,10.0,33.5,24.0,33.0,36.0,28.0,12.0,39.0,26.0,24.5,44.0,25.0,53.0,57.0,36.0,51.0
2021-07-30,10.0,25.5,58.0,47.0,12.0,29.5,50.5,46.0,7.0,54.0,3.0,25.0,50.0,48.5,51.0,29.0,11.0,38.0,2.0,53.0,7.0,8.0,3.0,44.5,32.0,49.0,48.0,52.0,55.0,26.0,32.0,42.5,14.0,39.0,6.0,3.0,15.0,11.0,17.0,21.0,18.0,40.0,21.0,27.0,4.0,43.0,33.0,39.0,35.0,21.0,33.0,16.0,42.0,19.0,22.0,35.5,49.0,54.0,44.0,31.0
2021-08-02,7.0,41.0,52.0,26.5,4.0,53.0,37.0,39.0,21.0,49.0,14.0,17.0,24.5,35.0,29.0,57.0,43.0,24.0,52.0,50.0,50.0,23.0,29.0,13.0,34.0,54.0,41.0,59.0,47.5,34.0,32.0,33.0,19.0,46.5,4.0,7.0,11.5,1.0,3.0,6.0,13.0,17.0,9.0,47.0,2.0,39.0,56.0,46.0,32.5,22.0,17.0,13.0,20.0,44.0,12.0,35.0,37.0,48.5,32.0,23.0
2021-08-03,14.0,55.0,52.0,28.5,48.5,47.0,23.0,46.0,32.0,47.0,13.0,25.0,32.0,36.0,27.0,53.0,37.0,10.0,9.0,48.5,42.0,2.0,20.0,28.0,40.5,11.0,54.5,50.0,52.0,24.0,34.5,40.0,8.0,46.0,17.0,5.0,20.0,10.0,17.5,3.0,22.5,16.0,2.0,36.0,5.0,35.0,3.0,57.0,44.0,16.5,9.0,36.0,22.5,46.5,21.0,45.0,49.0,55.0,36.0,32.0
2021-08-04,36.5,44.0,49.0,15.0,18.0,47.0,38.0,38.5,25.0,42.5,24.0,8.0,42.0,28.0,31.0,58.0,7.0,3.0,13.0,55.0,42.0,19.0,11.0,9.0,44.5,33.0,49.0,42.0,45.0,46.0,49.0,13.0,34.0,30.0,10.0,3.0,7.0,6.0,15.0,30.0,23.0,18.0,2.0,58.0,1.0,23.0,22.0,20.5,34.0,26.5,9.0,39.5,26.0,53.0,20.0,36.0,56.0,56.5,54.0,51.0
2021-08-05,3.0,30.0,46.0,54.0,10.0,36.0,30.0,42.0,26.0,44.0,18.5,32.0,45.0,38.0,16.0,49.5,35.0,2.0,20.0,42.0,47.0,11.0,13.0,16.0,38.0,55.0,45.5,58.0,56.0,39.0,50.0,8.0,27.0,51.0,11.0,5.0,1.0,16.0,9.0,30.0,19.0,6.0,4.0,46.0,13.0,23.5,52.0,35.0,20.0,49.0,6.0,22.5,32.0,22.0,26.0,38.0,21.0,42.0,54.0,58.0
2021-08-06,3.0,36.5,55.5,30.0,19.5,34.0,19.0,37.0,7.0,48.0,24.5,9.0,39.0,35.0,16.0,53.0,31.0,12.0,44.0,52.0,32.0,11.0,26.0,22.0,50.0,56.0,47.0,44.0,59.0,40.0,9.0,15.0,6.0,53.0,14.0,4.0,11.0,5.0,11.0,24.0,23.0,27.5,2.0,54.0,1.0,16.0,28.5,35.5,27.0,55.0,35.0,19.0,44.0,42.0,25.5,38.0,34.0,43.0,59.0,48.0
2021-08-09,32.0,52.0,46.0,56.0,9.0,41.5,15.0,34.0,25.0,29.0,29.0,13.0,34.0,24.0,34.5,52.0,11.0,2.0,43.0,41.0,43.0,27.0,19.0,16.0,34.0,49.0,32.5,52.5,58.5,32.0,36.5,23.5,1.0,16.0,9.0,6.0,4.0,11.0,8.0,40.0,40.0,29.0,5.0,51.5,20.0,17.0,24.0,48.0,25.0,35.0,41.5,14.0,51.0,3.0,7.0,37.5,60.0,53.0,55.5,45.0
2021-08-10,2.0,24.0,32.0,46.0,15.5,28.0,7.0,31.5,18.0,47.5,38.0,18.0,58.0,20.0,32.0,54.0,20.0,2.0,43.0,48.0,42.0,10.0,27.0,7.0,33.0,56.0,46.0,49.0,58.0,50.0,44.0,23.0,20.0,38.5,25.0,14.0,3.0,2.0,13.0,35.5,11.0,23.0,10.0,53.0,9.0,22.0,35.0,51.0,29.0,42.5,7.0,17.0,47.0,32.0,5.0,35.0,54.0,54.0,52.0,41.0
2021-08-11,17.0,53.0,26.0,33.0,42.0,51.0,8.0,31.0,42.0,55.0,31.0,2.0,44.0,35.0,22.5,51.0,34.0,1.0,35.0,28.0,48.0,4.0,16.0,13.5,19.0,51.5,28.0,55.0,28.0,47.0,41.5,26.0,10.0,41.0,26.0,4.0,6.0,6.0,11.0,20.0,34.0,23.0,18.5,51.0,4.0,38.0,44.0,43.0,17.0,59.0,12.0,26.0,35.0,16.0,8.0,19.0,43.0,57.0,53.0,52.0
2021-08-12,26.0,56.0,51.0,37.0,18.0,46.0,1.0,43.0,11.0,59.0,11.0,6.0,56.0,35.0,22.0,56.0,43.0,7.0,56.0,45.0,54.0,10.0,5.0,24.0,30.0,52.0,42.0,46.0,52.0,40.0,37.0,26.5,8.0,22.0,21.0,16.0,18.0,3.0,12.0,5.0,45.0,22.0,15.0,49.0,2.0,28.0,25.0,38.0,20.0,37.0,32.0,34.0,32.0,30.0,13.0,9.0,39.0,49.0,45.5,22.0
2021-08-13,1.0,57.5,54.0,45.5,30.0,47.0,8.0,49.0,36.0,58.0,37.0,21.0,49.0,18.5,24.5,13.0,35.0,27.0,33.5,31.5,45.0,20.0,18.0,13.0,47.0,51.0,38.5,46.0,54.0,54.5,42.0,27.0,40.0,17.5,35.0,7.0,10.0,2.0,6.0,27.5,33.0,16.0,25.0,18.0,31.0,5.0,40.0,24.0,15.0,51.5,8.0,28.0,3.0,39.0,10.5,4.0,57.0,51.0,46.0,12.0
2021-08-16,14.0,56.0,59.0,50.0,4.0,50.5,9.0,2.0,42.5,38.0,19.0,12.0,32.0,28.5,40.0,53.0,15.0,47.0,41.0,43.0,55.0,36.0,11.0,39.0,58.0,42.5,39.0,58.0,51.0,28.0,21.0,55.0,32.0,28.0,26.0,4.0,23.0,5.0,6.0,29.0,43.0,25.5,21.0,50.0,10.0,2.0,29.0,26.0,19.0,47.0,16.5,9.0,12.0,31.0,14.0,2.0,32.0,48.0,37.0,16.0
2021-08-17,22.0,42.0,53.5,37.5,30.0,34.0,8.0,30.0,38.0,50.0,26.0,33.0,41.0,25.0,41.0,20.0,51.0,16.0,54.5,59.0,36.5,2.0,21.0,14.0,50.0,58.0,55.0,54.0,52.0,9.0,24.0,48.0,21.0,28.0,19.0,2.0,10.0,6.0,5.0,32.0,19.0,12.0,9.0,42.0,12.0,30.0,30.0,47.5,24.0,34.0,3.0,16.0,2.0,40.0,7.0,15.0,47.0,46.5,41.0,44.0
2021-08-18,2.0,40.0,54.0,46.5,27.0,30.0,16.5,39.5,46.0,56.0,29.0,23.0,40.0,31.5,57.0,50.0,51.0,15.0,40.0,33.0,37.0,2.0,13.0,33.0,53.0,15.0,48.5,53.5,59.0,42.5,16.5,48.0,25.0,44.0,6.0,14.0,19.0,11.0,2.0,37.0,31.0,6.0,19.0,49.0,10.0,5.5,34.5,25.0,36.5,29.0,6.5,5.0,15.0,20.0,22.0,8.0,46.0,52.0,41.0,22.0
2021-08-19,9.0,44.0,43.0,50.0,36.0,27.0,22.0,45.0,33.0,60.0,29.0,48.0,34.0,37.0,30.0,53.0,50.5,32.0,43.0,55.5,32.0,17.0,38.5,23.0,54.0,52.0,40.0,48.0,16.0,47.0,39.0,38.0,4.0,56.0,11.0,8.0,5.0,13.0,2.0,35.5,15.0,19.0,27.0,54.0,3.0,7.0,26.0,23.0,25.0,46.0,6.0,10.0,20.0,13.0,20.0,1.0,48.0,40.0,16.0,12.0
2021-08-20,7.0,30.5,54.0,40.0,11.0,49.0,36.0,26.0,54.0,44.0,14.0,48.0,28.0,19.0,43.0,39.0,53.0,2.0,19.0,50.5,38.5,4.0,16.0,23.0,57.0,47.0,40.0,53.0,33.0,23.0,45.0,35.0,20.0,34.0,8.0,5.0,16.0,1.0,3.0,46.0,21.0,14.0,10.0,20.0,5.0,23.0,29.0,34.0,31.0,59.0,16.0,26.0,42.0,27.0,9.0,13.5,48.0,57.0,52.0,38.0
2021-08-23,2.0,25.0,22.0,51.0,33.0,33.5,27.0,19.0,50.5,55.0,8.0,47.0,14.0,29.0,37.0,56.0,44.5,41.0,52.0,48.0,31.0,31.5,11.0,44.0,59.0,57.0,52.0,54.0,54.0,40.5,37.0,40.0,16.0,32.0,4.0,14.0,13.0,5.0,7.0,39.0,20.0,2.0,9.0,44.0,12.0,10.0,26.0,33.0,25.0,46.5,19.0,19.0,27.0,6.0,2.0,16.0,23.5,42.0,48.5,30.0
2021-08-24,30.0,29.0,45.0,27.0,27.0,46.5,30.0,14.0,45.5,53.0,17.0,43.0,43.0,25.0,12.0,52.0,57.0,51.0,45.0,26.5,36.0,10.0,31.0,18.0,59.0,12.0,56.0,45.0,42.5,47.0,34.0,20.0,18.0,32.0,2.0,8.0,23.0,7.0,14.0,50.0,8.0,2.0,6.0,23.5,3.5,5.0,21.5,33.5,33.0,55.0,22.0,35.0,47.0,24.0,12.0,2.0,50.0,57.0,39.0,28.0
2021-08-25,26.5,35.0,57.0,31.0,3.0,43.0,3.0,15.0,56.0,55.0,20.5,35.5,50.5,38.0,33.0,53.0,46.0,30.5,25.0,53.0,39.0,3.0,20.0,16.0,58.0,9.0,37.0,47.0,30.0,54.0,37.0,17.0,18.0,30.0,13.0,11.0,25.0,8.0,5.0,32.5,16.0,7.0,13.0,48.0,6.0,38.0,24.0,43.0,36.0,54.0,31.0,26.0,56.0,24.0,1.0,11.0,41.0,48.0,14.0,45.0
2021-08-26,7.0,46.0,15.0,38.0,4.0,32.0,44.0,20.0,50.0,52.0,23.5,49.0,32.0,25.0,26.0,57.5,39.5,26.0,20.0,18.5,39.0,15.5,23.0,12.0,55.0,48.0,58.0,45.0,43.0,49.0,28.0,38.0,36.0,42.0,9.5,34.0,16.0,6.0,2.0,57.0,12.0,1.0,8.0,3.5,4.0,23.0,14.0,47.0,43.0,49.0,32.0,12.0,41.0,30.0,9.0,18.0,35.0,52.0,27.0,56.0
2021-08-27,1.0,47.0,55.0,32.5,10.0,38.0,31.5,9.0,57.5,53.0,16.0,40.0,27.0,8.0,38.0,39.0,47.0,18.0,42.0,22.0,54.0,15.0,26.0,12.0,60.0,18.0,40.5,57.0,49.0,52.0,42.0,20.0,23.0,29.0,11.0,20.0,40.5,6.0,5.0,52.0,19.0,2.0,14.0,27.0,7.0,13.0,26.0,37.0,37.0,52.5,35.0,15.5,42.5,42.0,3.0,4.0,45.0,38.5,30.0,41.5
2021-08-30,17.0,46.0,44.0,13.0,1.0,38.0,27.0,10.0,37.0,42.5,19.0,39.0,40.0,7.0,33.5,56.0,39.0,28.0,38.0,49.0,55.0,36.0,25.5,4.0,60.0,35.0,19.0,53.0,58.0,37.5,33.0,44.0,13.0,53.0,20.5,2.0,29.0,3.0,5.0,40.0,13.0,15.0,9.0,46.0,15.0,24.0,52.0,44.0,32.5,54.0,23.0,27.0,50.0,17.0,8.0,6.0,27.0,52.0,13.0,27.0
2021-08-31,48.0,48.5,42.0,29.0,13.0,35.0,24.5,18.0,44.0,28.0,24.0,56.0,39.0,29.0,27.5,18.0,36.5,2.0,25.0,7.0,54.0,10.0,17.5,20.0,47.0,21.0,49.5,44.0,14.0,57.0,50.0,42.0,10.0,43.0,7.0,7.0,41.0,4.0,5.0,52.0,18.0,11.0,15.0,27.0,20.5,59.0,10.0,53.0,34.0,55.0,31.0,33.0,38.0,27.0,1.0,3.0,45.0,45.0,40.0,48.0
2021-09-01,51.0,49.5,1.0,33.0,3.0,32.0,25.0,13.0,46.0,58.0,24.0,44.0,33.0,14.0,21.0,30.0,58.0,28.5,38.5,4.0,39.0,20.0,26.0,9.0,49.0,48.0,38.0,36.0,36.0,45.0,56.0,16.0,17.0,35.5,9.5,13.0,41.0,7.0,11.0,53.0,21.0,6.0,17.0,7.0,5.0,38.5,27.0,53.0,41.0,35.0,39.0,20.0,53.0,30.5,2.0,33.0,11.0,56.0,23.0,56.0
2021-09-02,52.0,46.0,33.5,32.0,14.0,3.0,20.0,16.0,53.0,43.0,20.0,53.0,30.0,15.0,15.0,43.0,38.0,23.0,10.5,10.0,49.0,2.0,20.0,28.0,54.0,18.0,23.0,37.0,33.0,44.0,48.0,32.5,39.0,37.0,3.0,15.0,34.0,11.0,5.0,43.0,16.0,8.0,7.0,10.0,27.0,42.0,37.0,54.0,25.5,55.0,29.0,47.5,55.0,25.0,6.0,2.0,50.0,58.0,30.0,59.0
2021-09-03,55.0,40.0,7.0,46.0,12.0,45.0,34.5,23.0,49.0,54.0,37.0,52.5,33.0,23.0,21.5,27.5,36.0,17.0,35.5,10.0,6.0,14.0,26.0,6.0,57.0,42.0,33.0,51.0,20.0,51.0,57.0,36.0,9.0,38.0,32.0,26.0,34.0,2.0,4.0,54.5,40.5,16.0,3.0,24.0,8.0,48.5,17.0,40.0,43.0,33.0,47.5,23.5,51.0,26.0,14.0,6.0,1.0,47.0,11.0,33.0
2021-09-06,11.0,57.5,5.0,29.0,5.0,53.0,58.0,5.0,49.0,50.0,14.0,45.0,50.0,43.0,38.0,36.0,43.0,31.0,25.0,17.0,55.0,14.0,29.0,34.0,56.0,35.0,36.0,41.0,46.0,31.0,50.0,38.5,38.0,29.0,7.5,17.0,46.0,2.0,10.0,28.0,21.0,12.0,3.0,18.0,1.0,7.0,33.0,23.0,58.0,42.5,29.5,24.0,16.0,20.0,14.0,19.5,26.0,55.0,9.0,48.0
2021-09-07,14.0,52.0,43.0,31.0,5.0,18.0,51.0,12.0,28.0,54.5,25.0,46.5,51.0,32.0,47.0,5.0,41.0,1.0,21.0,5.0,39.0,7.0,21.0,17.0,48.5,24.0,32.0,57.0,37.5,59.0,51.0,41.0,14.0,40.5,17.5,45.0,16.0,3.0,2.0,37.0,35.0,10.0,23.0,12.0,7.0,51.0,28.0,37.0,22.0,55.5,35.0,28.0,41.5,32.0,9.0,12.0,45.0,57.0,24.0,43.0
2021-09-08,42.0,44.0,39.0,59.0,22.0,8.0,15.0,4.0,29.0,43.0,20.0,48.0,18.0,46.0,33.0,36.0,51.0,30.0,39.0,15.0,2.0,11.0,56.0,15.0,58.0,30.0,27.5,36.5,54.0,54.0,54.0,30.0,9.0,20.0,2.0,50.0,48.0,6.0,16.0,50.0,36.5,9.0,13.0,43.0,6.0,31.0,19.0,8.0,41.0,25.0,29.0,38.5,57.0,27.0,2.0,21.0,10.0,33.5,39.0,31.0
2021-09-09,25.0,38.5,48.0,58.0,24.5,16.0,57.0,12.0,31.0,3.0,31.0,38.0,44.0,17.5,51.0,46.0,50.0,33.0,44.0,8.0,25.0,13.0,36.0,14.0,49.5,36.0,49.0,54.5,34.0,58.0,2.0,16.0,20.0,30.0,1.0,26.0,23.0,5.0,7.0,51.0,37.5,3.0,10.0,30.0,8.0,18.0,47.0,15.5,41.0,44.0,11.0,36.0,52.0,19.0,6.0,21.0,27.0,37.0,55.0,52.0
2021-09-10,37.0,39.0,6.0,39.0,9.0,39.0,19.5,3.0,53.0,18.0,15.0,51.0,36.0,30.5,18.0,30.0,44.0,26.5,54.0,4.0,3.0,24.0,33.0,49.0,57.0,42.0,59.0,48.5,22.0,23.0,57.0,3.0,9.0,43.0,13.0,30.0,8.0,6.0,21.0,34.0,30.5,11.0,13.0,17.0,13.0,54.5,24.0,26.0,36.5,35.0,39.0,28.0,53.0,41.0,2.0,49.0,20.0,45.0,44.0,52.0
2021-09-13,43.0,35.0,30.0,45.0,5.0,3.0,56.0,19.0,38.0,16.0,25.0,35.0,40.0,24.5,23.0,53.0,26.0,30.0,42.0,1.0,20.0,4.0,19.5,48.5,58.0,38.0,43.0,55.5,12.0,51.5,7.0,33.0,14.0,38.0,12.0,9.0,32.0,6.0,26.0,58.0,13.0,8.0,10.0,24.0,2.0,47.0,44.5,37.0,51.0,21.0,46.0,48.5,48.0,23.0,16.0,30.0,35.0,54.0,13.0,55.0
2021-09-14,2.0,40.0,19.0,33.0,14.0,25.0,41.0,16.5,44.0,55.0,18.0,24.0,58.0,39.0,18.0,44.0,56.0,30.5,28.0,10.0,38.0,2.0,41.0,47.0,50.0,57.0,38.0,45.0,30.0,58.0,36.5,34.0,5.0,25.0,2.0,34.0,15.0,3.0,13.0,48.0,12.0,6.0,8.0,18.0,29.0,51.0,48.0,32.0,34.5,52.0,11.0,23.0,41.0,6.0,20.0,25.0,8.0,55.5,27.0,53.0
2021-09-15,13.0,44.0,21.0,55.0,8.0,13.0,17.5,9.0,45.0,47.0,25.0,42.5,47.0,33.0,51.0,35.0,29.0,17.5,57.5,15.0,33.0,11.0,26.0,21.5,53.0,52.0,19.0,13.0,32.0,48.0,41.0,58.0,13.0,26.0,7.0,29.0,36.0,5.0,22.0,39.0,3.0,4.0,1.0,51.0,2.0,52.0,43.0,31.0,31.0,43.0,39.5,20.0,59.0,15.0,6.0,24.0,22.0,49.0,46.0,52.5
2021-09-16,4.0,32.0,51.0,46.5,3.0,20.0,37.0,26.0,50.0,42.0,2.0,50.0,47.0,38.0,52.0,48.0,25.0,40.0,43.0,6.0,24.0,28.0,47.0,28.0,58.0,48.0,34.0,55.0,27.5,56.0,28.5,40.0,15.0,46.0,16.5,26.0,21.5,13.0,1.0,51.0,5.0,10.0,11.0,13.0,23.0,10.0,38.0,33.0,31.0,39.5,17.5,16.0,52.5,41.0,10.0,15.0,9.0,56.0,5.0,42.0
2021-09-17,8.0,41.0,31.0,56.0,11.0,27.0,24.0,23.0,52.5,4.0,50.0,34.0,47.0,25.0,25.0,48.0,55.0,45.0,38.0,17.0,35.0,2.0,47.5,41.5,54.0,55.0,56.5,17.0,20.5,58.0,48.5,37.0,6.0,20.0,17.0,9.0,2.0,4.0,6.0,47.0,21.0,14.0,12.0,29.0,19.5,46.5,37.5,29.0,15.5,40.0,12.0,28.5,36.0,27.5,2.0,8.0,31.5,49.0,37.0,51.5
2021-09-20,2.0,53.0,44.0,42.0,8.0,12.0,50.5,20.0,58.0,52.0,44.5,57.0,10.0,48.0,19.0,34.0,14.0,30.0,45.0,41.0,27.0,2.0,24.0,15.0,55.0,23.0,42.0,53.0,28.0,33.0,36.0,23.0,10.0,37.0,15.0,39.0,27.0,8.0,7.0,56.5,19.0,6.0,4.0,22.0,4.0,46.0,29.0,12.0,37.0,49.5,31.0,19.0,39.0,31.0,2.0,16.0,28.0,55.0,43.0,52.0
2021-09-21,2.0,22.0,46.0,56.0,18.0,33.5,47.5,28.0,60.0,46.0,47.0,37.5,32.0,48.0,30.0,57.0,3.0,32.0,58.0,1.0,53.0,16.0,27.0,42.0,53.0,43.0,30.0,55.0,35.0,32.0,17.0,11.5,9.0,12.0,5.0,42.0,7.0,4.0,8.0,38.0,21.0,10.0,14.0,45.5,15.0,29.0,22.0,23.0,11.0,34.0,30.0,18.5,32.0,40.0,5.0,16.0,42.0,44.0,51.0,54.0
2021-09-23,16.0,49.0,31.0,12.0,16.0,35.0,53.0,11.0,60.0,24.0,28.0,49.0,47.0,32.5,42.5,56.0,58.0,45.0,56.0,10.0,41.0,23.0,32.0,39.0,50.0,48.0,41.5,47.0,42.0,52.5,20.0,25.0,17.0,25.5,9.0,28.0,3.0,6.5,5.0,45.0,18.0,3.0,2.0,37.0,1.0,6.5,36.0,12.0,45.0,26.0,33.0,17.0,21.0,28.0,14.0,24.0,8.0,48.5,45.0,48.0
2021-09-24,17.0,46.0,29.0,18.0,1.0,29.0,58.0,9.0,11.0,21.0,41.0,52.0,50.0,9.0,24.0,59.0,53.0,40.5,43.0,38.0,44.0,6.0,33.5,55.0,47.0,47.0,30.0,35.0,30.0,51.0,49.0,14.0,13.0,42.0,5.0,57.0,41.0,2.0,12.0,23.0,21.0,15.0,4.0,36.0,6.0,45.0,30.5,8.0,39.0,46.0,34.0,17.0,33.0,21.0,5.0,26.0,18.0,56.0,21.0,29.0
2021-09-27,3.0,52.0,26.0,29.0,2.0,54.5,58.0,1.0,53.0,45.0,15.0,55.0,49.0,18.0,7.0,38.0,51.0,46.0,57.0,24.0,44.0,9.0,16.0,47.0,44.0,43.0,28.0,48.0,49.0,37.0,25.0,31.0,25.0,23.0,5.0,52.0,34.0,8.0,9.0,12.0,32.0,5.0,18.0,38.0,16.0,5.0,33.0,20.5,45.0,40.0,29.0,16.5,32.0,13.0,11.0,14.0,26.0,52.0,30.0,44.0
2021-09-28,12.0,42.0,20.0,34.0,14.0,47.0,37.0,16.0,58.0,50.0,27.0,50.0,56.0,36.0,17.0,58.0,42.0,24.0,55.0,45.0,45.0,23.0,12.0,53.0,30.0,55.0,45.0,25.0,29.0,32.5,4.0,5.0,51.5,38.5,10.0,43.0,39.0,2.0,5.0,48.0,17.0,7.0,20.0,8.0,22.0,30.0,28.0,11.5,31.0,33.0,38.0,20.0,25.0,18.0,8.0,2.0,2.0,57.0,54.0,37.0
2021-09-29,5.0,31.0,54.0,21.0,3.0,38.0,23.0,34.0,53.0,2.0,12.0,53.0,41.0,29.0,34.0,51.0,52.0,49.0,57.0,42.0,28.5,18.0,10.0,56.0,16.0,42.0,56.0,39.5,48.0,37.0,42.0,23.0,13.0,52.0,3.0,38.0,12.0,10.0,11.0,17.0,24.5,14.0,22.0,6.0,26.0,7.0,48.5,31.0,28.0,37.0,45.5,31.0,25.0,23.0,7.0,17.0,1.0,40.5,45.0,58.0
2021-09-30,11.0,57.0,36.0,42.0,4.0,43.0,26.0,17.0,55.0,36.0,35.0,54.0,42.5,47.0,12.0,47.5,25.0,16.0,53.0,29.0,59.0,1.0,35.0,56.5,41.0,50.0,14.0,43.0,29.0,33.0,3.0,5.0,34.0,31.0,11.0,54.0,39.5,20.0,2.0,16.0,31.0,8.0,12.0,9.5,19.0,23.0,33.0,29.0,39.0,46.0,49.0,23.5,20.0,21.0,5.0,7.0,14.0,45.0,50.0,53.0
2021-10-04,12.0,56.0,41.0,15.0,5.5,41.0,41.5,33.0,27.0,41.0,55.5,52.0,49.0,2.0,2.0,51.5,32.0,24.0,56.0,26.0,54.0,7.0,17.0,40.0,30.0,52.0,36.0,36.5,21.0,33.0,53.0,4.0,45.0,26.0,22.0,52.0,10.0,5.5,2.0,29.0,38.5,13.0,17.0,8.0,10.0,34.0,37.0,14.0,31.0,44.0,49.0,22.0,26.0,20.0,19.0,15.0,9.0,48.5,49.5,58.0
2021-10-05,4.0,57.0,33.0,12.0,3.0,11.0,30.0,12.0,44.0,6.0,47.0,54.0,54.0,20.0,9.0,51.0,26.0,23.0,36.0,44.0,58.0,15.0,29.0,57.0,37.5,54.0,51.0,39.5,36.0,42.0,1.5,40.0,47.0,18.0,22.0,56.0,36.0,16.0,9.0,20.0,29.0,1.5,27.0,44.0,23.0,5.0,40.5,7.0,31.0,7.5,42.5,35.0,15.0,15.0,19.0,37.0,32.0,48.0,27.5,51.0
2021-10-06,46.0,48.0,44.0,12.0,6.0,19.0,4.0,31.0,45.0,7.0,58.0,56.0,33.0,27.0,15.0,57.0,38.0,34.5,47.5,51.0,45.5,14.0,4.0,58.0,18.0,46.0,40.5,27.5,47.0,42.0,11.0,30.0,49.0,23.0,14.0,53.0,30.0,5.0,21.0,27.0,42.5,1.0,40.0,11.0,31.0,10.0,47.0,19.0,32.0,23.0,37.0,9.0,5.0,18.0,23.0,25.0,3.0,43.0,42.0,53.5
2021-10-07,44.0,43.0,38.0,7.0,9.0,38.0,34.0,7.0,44.0,20.0,59.0,55.0,56.0,28.0,20.0,52.0,29.5,7.0,47.0,46.0,49.0,25.0,2.0,58.0,3.0,42.0,30.0,33.0,41.0,46.0,23.5,40.0,52.0,34.0,5.0,55.5,41.0,11.0,1.0,15.0,36.5,15.0,29.0,14.5,9.0,3.0,27.0,14.0,12.0,22.0,52.0,29.0,18.0,26.0,20.0,31.5,13.0,48.5,33.5,52.0
2021-10-08,35.0,49.0,50.0,4.0,4.0,29.0,19.0,23.0,58.0,29.5,39.0,48.0,54.0,25.0,7.0,55.0,21.0,16.0,53.0,30.0,42.5,10.0,7.0,50.0,15.0,48.0,40.0,33.0,15.0,25.0,48.0,2.0,50.0,45.0,20.0,39.0,22.0,10.0,7.5,34.0,20.0,2.0,34.0,35.0,34.0,11.0,56.0,16.0,44.5,10.0,54.0,35.0,3.0,15.0,37.0,16.0,26.0,53.0,33.0,43.0
2021-10-11,44.0,46.0,41.0,20.0,15.0,49.0,43.5,17.0,59.0,8.0,53.0,40.0,57.0,33.0,24.5,57.5,40.5,20.0,53.0,40.0,39.5,2.0,23.0,50.0,29.0,38.0,26.0,38.5,49.0,22.5,12.0,36.0,55.0,34.0,9.0,52.0,38.0,15.0,3.0,3.0,6.0,5.0,24.0,33.0,11.0,2.0,43.0,40.0,36.0,18.0,47.5,28.0,6.0,10.0,26.0,13.0,17.0,14.0,24.0,52.0
2021-10-12,25.0,49.0,44.0,1.0,25.0,46.0,50.5,40.0,54.5,4.0,58.0,58.0,57.0,33.0,20.0,49.0,47.5,14.0,56.0,47.0,32.0,27.0,3.0,53.0,31.0,53.0,41.0,37.0,30.0,17.0,20.0,17.0,37.0,32.0,15.0,20.0,11.0,10.0,2.0,19.0,8.0,11.0,22.0,17.0,34.0,45.0,53.0,37.0,16.0,23.0,40.0,26.5,5.0,8.0,8.0,5.0,30.0,48.0,37.0,42.0
2021-10-15,45.0,57.0,24.0,17.0,16.0,57.0,21.0,51.0,55.0,2.0,51.0,34.0,40.0,11.0,13.0,55.0,39.0,8.0,56.0,46.0,55.0,2.0,12.0,29.0,42.0,46.5,31.0,32.0,22.0,14.0,41.5,39.0,27.0,26.0,21.0,47.5,22.5,5.0,3.0,8.0,11.5,9.0,51.0,21.0,39.5,33.0,46.0,20.0,48.0,53.0,39.0,31.0,5.0,18.0,32.0,2.0,35.0,24.0,13.0,44.0
2021-10-18,31.0,47.0,12.5,1.0,39.0,31.0,22.0,52.0,43.0,14.0,60.0,50.0,56.0,26.0,5.0,30.0,29.0,19.0,46.0,49.0,49.0,3.0,19.0,13.0,41.5,52.5,34.0,24.0,52.0,5.0,47.0,31.0,2.0,3.0,10.0,58.0,12.0,6.0,15.0,16.5,9.0,10.0,43.0,17.0,38.0,24.0,51.0,47.5,33.0,28.0,39.5,23.0,36.0,55.0,18.0,36.0,17.0,28.0,48.0,45.0
2021-10-19,47.0,38.0,21.0,4.0,6.0,33.0,23.0,45.0,41.0,9.0,55.5,45.0,53.0,11.0,2.0,57.0,34.0,31.0,42.0,59.0,18.0,8.0,15.0,41.0,30.0,45.0,27.0,27.0,38.0,6.0,52.0,33.0,38.0,28.0,14.0,51.0,23.0,10.0,17.0,3.0,20.0,11.0,23.0,15.5,46.0,43.0,53.0,39.5,20.0,3.0,53.0,51.0,27.0,33.0,2.0,38.0,18.0,16.0,49.0,53.0
2021-10-20,49.0,43.0,9.0,6.0,16.0,38.0,24.0,37.0,56.0,13.0,54.0,50.0,19.0,1.0,5.0,55.0,28.0,7.0,42.0,59.0,40.0,2.0,10.0,34.0,13.0,43.0,3.0,38.5,46.0,40.0,55.0,24.0,45.5,21.5,18.0,44.0,43.0,15.0,24.0,4.0,19.5,11.0,15.0,28.0,22.0,24.0,31.5,34.0,35.0,34.0,50.0,54.0,7.0,29.0,11.0,48.0,28.0,34.0,55.0,50.0
2021-10-21,45.0,27.0,20.0,8.0,23.0,47.0,22.0,48.0,55.0,9.0,56.0,46.5,18.0,32.0,6.0,55.5,11.0,2.0,37.0,58.0,49.0,15.0,10.0,15.0,2.0,50.0,30.5,26.0,36.0,25.5,49.0,28.0,52.0,6.0,30.0,51.0,53.0,21.0,15.0,42.0,18.0,4.0,28.0,33.0,38.0,31.5,45.0,28.0,31.0,17.0,11.0,56.0,4.0,33.5,2.0,13.0,41.0,36.0,53.0,41.0
2021-10-22,53.5,38.0,26.0,5.0,25.0,42.0,22.0,59.0,39.0,4.0,49.0,43.0,51.0,7.0,36.5,56.0,31.0,17.0,33.0,59.0,53.0,1.0,21.0,7.0,38.0,35.0,14.0,25.0,44.0,13.0,16.0,21.0,49.0,42.0,49.0,56.0,25.5,11.0,7.0,2.0,16.0,3.0,27.5,19.0,34.0,13.0,50.5,46.0,18.0,31.0,38.0,10.0,8.0,35.0,42.0,44.5,11.0,28.0,55.0,39.0
2021-10-25,7.0,28.0,43.0,4.0,7.0,33.0,24.5,59.0,54.0,18.0,54.5,39.0,46.0,45.0,19.0,55.0,21.0,12.0,37.0,42.0,50.0,2.0,27.5,31.0,7.0,46.0,10.0,35.0,32.5,9.0,42.0,26.0,50.0,22.0,56.0,12.0,36.0,19.0,1.0,52.0,13.0,3.0,17.0,15.0,47.0,23.0,48.0,35.0,36.0,14.0,9.0,41.0,7.0,25.5,33.0,45.0,37.0,48.0,58.0,25.0
2021-10-26,41.0,12.0,20.0,10.0,13.0,54.0,21.0,58.0,40.0,2.0,56.0,43.0,51.0,47.0,17.0,46.0,14.0,10.0,36.0,56.0,53.0,2.0,17.0,26.0,41.0,23.0,25.5,31.0,25.0,42.0,35.0,42.0,36.5,13.0,27.0,55.0,56.0,23.5,35.0,8.0,7.0,9.0,15.0,5.0,4.0,21.0,48.5,46.0,30.0,32.0,40.0,33.0,2.0,21.0,6.0,53.0,30.0,36.0,50.0,42.0
2021-10-27,23.0,23.0,36.0,2.0,27.0,42.0,15.0,54.0,49.0,1.0,57.0,52.0,51.0,34.0,4.0,46.0,7.0,19.0,30.5,54.0,34.0,9.0,18.0,26.0,23.0,40.0,14.0,27.0,25.0,20.0,49.0,20.0,54.0,12.0,47.0,49.0,42.0,11.0,13.0,39.0,5.0,6.0,19.0,13.0,43.0,8.0,46.0,29.0,32.0,35.0,27.0,11.0,3.0,37.0,33.5,52.0,30.5,52.0,58.5,56.0
2021-10-28,57.0,36.0,2.0,7.0,20.0,23.0,11.0,55.0,48.0,11.0,52.0,27.0,44.0,44.0,9.0,47.0,22.0,1.0,35.0,30.0,29.0,5.0,26.0,46.0,19.0,47.0,6.0,16.0,39.0,16.5,59.0,37.0,53.5,39.0,47.0,51.0,56.0,5.0,10.0,30.0,5.0,3.0,17.0,14.0,32.0,13.0,46.5,26.0,36.0,43.0,32.0,43.0,22.0,20.0,25.0,55.5,15.0,40.0,53.0,37.5
2021-10-29,31.0,15.0,36.0,4.0,6.0,26.5,14.0,55.0,56.0,17.0,50.0,38.0,54.0,47.0,24.0,54.0,13.0,7.0,21.0,39.5,18.0,9.0,21.0,2.0,44.0,54.0,12.0,22.0,27.0,30.0,43.0,34.0,51.0,30.0,41.0,58.0,54.0,12.0,21.0,34.0,9.0,5.0,18.0,12.0,31.5,26.0,39.0,37.0,35.0,24.0,42.0,46.0,29.0,9.0,2.0,59.0,2.0,51.0,47.0,51.0
2021-11-01,54.0,25.0,23.0,1.0,6.0,26.0,20.0,42.5,41.0,36.0,58.0,10.0,53.0,52.0,15.0,44.0,27.0,13.0,38.0,55.0,14.0,7.0,13.0,2.0,31.0,40.5,22.0,39.0,18.5,32.0,57.0,43.0,48.0,54.0,47.0,28.0,52.5,14.0,22.0,37.0,11.0,3.0,5.0,9.0,27.0,30.0,46.0,26.0,4.0,37.0,40.0,43.0,35.0,18.0,8.0,23.0,50.0,17.0,53.0,45.0
2021-11-02,50.0,17.0,27.5,4.0,30.0,25.5,23.0,32.0,50.0,22.0,59.0,34.0,58.0,7.0,2.0,58.0,35.0,12.5,35.0,50.0,54.5,15.0,8.0,7.0,13.0,20.0,2.0,13.0,40.0,39.5,48.0,17.0,53.0,51.0,47.0,38.0,30.0,12.0,23.0,20.0,4.0,10.0,9.0,34.0,23.0,28.0,42.5,2.0,28.5,39.5,48.0,36.0,40.0,15.0,44.0,51.0,46.0,27.0,53.0,48.0
2021-11-03,58.0,47.5,29.0,5.0,43.5,35.0,8.0,5.0,59.0,52.0,49.0,33.0,44.5,18.0,13.0,47.0,47.0,12.0,20.0,54.0,36.0,18.0,12.0,3.0,37.0,42.0,9.0,18.0,51.0,31.0,54.0,27.0,52.0,40.0,30.0,21.0,11.0,7.0,29.0,24.0,10.0,2.0,39.0,16.0,1.0,6.0,35.0,46.0,14.0,49.0,53.0,49.0,26.0,16.0,35.0,53.0,21.0,32.0,34.5,23.0
2021-11-04,54.0,20.0,23.0,4.0,32.0,23.0,28.0,54.0,46.0,12.0,53.5,3.0,59.0,26.0,16.0,58.0,38.0,7.0,41.5,46.0,54.5,12.0,14.0,22.0,27.0,41.0,7.0,31.0,52.0,36.0,47.0,5.0,51.0,52.0,29.0,51.0,41.0,24.0,20.0,9.0,10.0,2.0,36.0,14.0,12.0,8.0,41.0,42.0,21.0,37.0,27.0,46.5,21.0,1.0,18.0,51.0,38.0,30.0,36.0,38.5
