t,date,v,edges,MND,max_parents
30,2008-02-15,46,362,0.7140039447731755,12
31,2008-02-18,46,366,0.7218934911242604,11
32,2008-02-19,46,362,0.7140039447731755,11
33,2008-02-20,46,370,0.7297830374753451,11
34,2008-02-21,46,363,0.7159763313609467,11
35,2008-02-22,46,357,0.7041420118343196,10
36,2008-02-25,46,365,0.7199211045364892,12
37,2008-02-26,46,353,0.6962524654832347,11
38,2008-02-27,46,364,0.717948717948718,11
39,2008-02-28,46,363,0.7159763313609467,12
40,2008-02-29,46,357,0.7041420118343196,11
41,2008-03-03,46,363,0.7159763313609467,11
42,2008-03-04,46,360,0.7100591715976331,10
43,2008-03-05,46,349,0.6883629191321499,10
44,2008-03-06,46,351,0.6923076923076923,11
45,2008-03-07,46,349,0.6883629191321499,12
46,2008-03-10,46,343,0.6765285996055227,12
47,2008-03-11,46,342,0.6745562130177515,11
48,2008-03-12,46,333,0.6568047337278107,10
49,2008-03-13,46,341,0.6725838264299803,11
50,2008-03-14,46,346,0.6824457593688363,11
51,2008-03-17,46,353,0.6962524654832347,10
52,2008-03-18,46,356,0.7021696252465484,10
53,2008-03-19,46,351,0.6923076923076923,10
54,2008-03-20,46,353,0.6962524654832347,10
55,2008-03-25,46,351,0.6923076923076923,10
56,2008-03-26,46,348,0.6863905325443787,10
57,2008-03-27,46,353,0.6962524654832347,10
58,2008-03-28,46,354,0.6982248520710059,10
59,2008-03-31,46,347,0.6844181459566075,11
60,2008-04-01,46,359,0.7080867850098619,11
61,2008-04-02,46,351,0.6923076923076923,11
62,2008-04-03,46,359,0.7080867850098619,11
63,2008-04-07,46,353,0.6962524654832347,12
64,2008-04-08,46,362,0.7140039447731755,11
65,2008-04-09,46,356,0.7021696252465484,10
66,2008-04-10,46,361,0.7120315581854043,12
67,2008-04-11,46,356,0.7021696252465484,12
68,2008-04-14,46,350,0.6903353057199211,11
69,2008-04-15,46,356,0.7021696252465484,11
70,2008-04-16,46,350,0.6903353057199211,11
71,2008-04-17,46,341,0.6725838264299803,11
72,2008-04-18,46,342,0.6745562130177515,10
73,2008-04-21,46,353,0.6962524654832347,12
74,2008-04-22,46,345,0.6804733727810651,10
75,2008-04-23,46,343,0.6765285996055227,11
76,2008-04-24,46,343,0.6765285996055227,11
77,2008-04-25,46,357,0.7041420118343196,11
78,2008-04-28,46,354,0.6982248520710059,11
79,2008-04-29,46,340,0.6706114398422091,11
80,2008-04-30,46,341,0.6725838264299803,10
81,2008-05-02,46,339,0.6686390532544378,10
82,2008-05-05,46,335,0.6607495069033531,10
83,2008-05-06,46,340,0.6706114398422091,10
84,2008-05-07,46,338,0.6666666666666666,10
85,2008-05-08,46,334,0.6587771203155819,11
86,2008-05-09,46,337,0.6646942800788954,12
87,2008-05-13,46,335,0.6607495069033531,11
88,2008-05-14,46,335,0.6607495069033531,11
89,2008-05-15,46,319,0.6291913214990138,10
90,2008-05-16,46,317,0.6252465483234714,10
91,2008-05-19,46,325,0.6410256410256411,11
92,2008-05-20,46,326,0.6429980276134122,10
93,2008-05-21,46,318,0.6272189349112426,10
94,2008-05-22,46,319,0.6291913214990138,10
95,2008-05-23,46,329,0.6489151873767258,11
96,2008-05-26,46,331,0.6528599605522682,12
97,2008-05-27,46,329,0.6489151873767258,11
98,2008-05-28,46,323,0.6370808678500987,10
99,2008-05-29,46,330,0.650887573964497,11
100,2008-05-30,46,337,0.6646942800788954,11
101,2008-06-02,46,327,0.6449704142011834,10
102,2008-06-03,46,331,0.6528599605522682,11
103,2008-06-04,46,321,0.6331360946745562,11
104,2008-06-05,46,323,0.6370808678500987,10
105,2008-06-06,46,321,0.6331360946745562,10
106,2008-06-10,46,329,0.6489151873767258,11
107,2008-06-11,46,328,0.6469428007889546,11
108,2008-06-12,46,332,0.6548323471400395,10
109,2008-06-13,46,326,0.6429980276134122,11
110,2008-06-16,46,333,0.6568047337278107,11
111,2008-06-17,46,333,0.6568047337278107,10
112,2008-06-18,46,337,0.6646942800788954,11
113,2008-06-19,46,343,0.6765285996055227,11
114,2008-06-20,46,329,0.6489151873767258,11
115,2008-06-23,46,344,0.6785009861932939,11
116,2008-06-24,46,340,0.6706114398422091,10
117,2008-06-25,46,332,0.6548323471400395,10
118,2008-06-26,46,332,0.6548323471400395,10
119,2008-06-27,46,336,0.6627218934911243,10
120,2008-06-30,46,335,0.6607495069033531,11
121,2008-07-02,46,343,0.6765285996055227,12
122,2008-07-03,46,347,0.6844181459566075,11
123,2008-07-04,46,357,0.7041420118343196,11
124,2008-07-07,46,354,0.6982248520710059,11
125,2008-07-08,46,350,0.6903353057199211,10
126,2008-07-09,46,355,0.7001972386587771,11
127,2008-07-10,46,348,0.6863905325443787,12
128,2008-07-11,46,350,0.6903353057199211,11
129,2008-07-14,46,353,0.6962524654832347,11
130,2008-07-15,46,354,0.6982248520710059,11
131,2008-07-16,46,342,0.6745562130177515,11
132,2008-07-17,46,352,0.6942800788954635,11
133,2008-07-18,46,349,0.6883629191321499,12
134,2008-07-21,46,352,0.6942800788954635,12
135,2008-07-22,46,358,0.7061143984220908,11
136,2008-07-23,46,349,0.6883629191321499,12
137,2008-07-24,46,347,0.6844181459566075,12
138,2008-07-25,46,352,0.6942800788954635,12
139,2008-07-28,46,343,0.6765285996055227,10
140,2008-07-29,46,335,0.6607495069033531,10
141,2008-07-30,46,343,0.6765285996055227,10
142,2008-07-31,46,344,0.6785009861932939,11
143,2008-08-01,46,333,0.6568047337278107,10
144,2008-08-04,46,342,0.6745562130177515,11
145,2008-08-05,46,343,0.6765285996055227,10
146,2008-08-07,46,340,0.6706114398422091,12
147,2008-08-08,46,336,0.6627218934911243,11
148,2008-08-11,46,344,0.6785009861932939,11
149,2008-08-12,46,341,0.6725838264299803,10
150,2008-08-13,46,331,0.6528599605522682,10
151,2008-08-14,46,327,0.6449704142011834,11
152,2008-08-15,46,324,0.6390532544378699,11
153,2008-08-18,46,316,0.6232741617357002,10
154,2008-08-19,46,320,0.631163708086785,10
155,2008-08-20,46,322,0.6351084812623274,10
156,2008-08-21,46,325,0.6410256410256411,10
157,2008-08-25,46,333,0.6568047337278107,10
158,2008-08-26,46,321,0.6331360946745562,10
159,2008-08-27,46,330,0.650887573964497,10
160,2008-08-28,46,329,0.6489151873767258,11
161,2008-08-29,46,336,0.6627218934911243,10
162,2008-09-01,46,333,0.6568047337278107,11
163,2008-09-02,46,325,0.6410256410256411,10
164,2008-09-03,46,322,0.6351084812623274,10
165,2008-09-04,46,323,0.6370808678500987,10
166,2008-09-05,46,317,0.6252465483234714,10
167,2008-09-08,46,315,0.621301775147929,10
168,2008-09-09,46,322,0.6351084812623274,10
169,2008-09-10,46,324,0.6390532544378699,11
170,2008-09-11,46,335,0.6607495069033531,11
171,2008-09-12,46,338,0.6666666666666666,10
172,2008-09-16,46,332,0.6548323471400395,10
173,2008-09-17,46,329,0.6489151873767258,12
174,2008-09-18,46,313,0.6173570019723866,10
175,2008-09-19,46,332,0.6548323471400395,10
176,2008-09-22,46,338,0.6666666666666666,11
177,2008-09-23,46,337,0.6646942800788954,11
178,2008-09-24,46,339,0.6686390532544378,13
179,2008-09-25,46,347,0.6844181459566075,11
180,2008-09-26,46,337,0.6646942800788954,11
181,2008-09-29,46,339,0.6686390532544378,11
182,2008-09-30,46,339,0.6686390532544378,10
183,2008-10-02,46,346,0.6824457593688363,10
184,2008-10-03,46,335,0.6607495069033531,11
185,2008-10-06,46,339,0.6686390532544378,10
186,2008-10-08,46,340,0.6706114398422091,11
187,2008-10-09,46,346,0.6824457593688363,11
188,2008-10-10,46,341,0.6725838264299803,11
189,2008-10-13,46,346,0.6824457593688363,12
190,2008-10-14,46,351,0.6923076923076923,11
191,2008-10-15,46,358,0.7061143984220908,12
192,2008-10-16,46,354,0.6982248520710059,11
193,2008-10-17,46,352,0.6942800788954635,11
194,2008-10-20,46,352,0.6942800788954635,11
195,2008-10-21,46,358,0.7061143984220908,11
196,2008-10-22,46,363,0.7159763313609467,11
197,2008-10-23,46,347,0.6844181459566075,11
198,2008-10-24,46,360,0.7100591715976331,12
199,2008-10-27,46,362,0.7140039447731755,12
200,2008-10-28,46,365,0.7199211045364892,11
201,2008-10-29,46,369,0.727810650887574,12
202,2008-10-30,46,359,0.7080867850098619,11
203,2008-10-31,46,359,0.7080867850098619,12
204,2008-11-03,46,375,0.7396449704142012,11
205,2008-11-04,46,363,0.7159763313609467,12
206,2008-11-05,46,372,0.7337278106508875,12
207,2008-11-06,46,362,0.7140039447731755,12
208,2008-11-07,46,371,0.7317554240631163,12
209,2008-11-10,46,370,0.7297830374753451,11
210,2008-11-11,46,377,0.7435897435897436,12
211,2008-11-12,46,362,0.7140039447731755,11
212,2008-11-13,46,373,0.7357001972386588,11
213,2008-11-14,46,372,0.7337278106508875,11
214,2008-11-17,46,367,0.7238658777120316,10
215,2008-11-18,46,367,0.7238658777120316,11
216,2008-11-19,46,367,0.7238658777120316,11
217,2008-11-20,46,363,0.7159763313609467,10
218,2008-11-21,46,364,0.717948717948718,12
219,2008-11-24,46,367,0.7238658777120316,11
220,2008-11-25,46,364,0.717948717948718,12
221,2008-11-26,46,353,0.6962524654832347,10
222,2008-11-27,46,359,0.7080867850098619,11
223,2008-11-28,46,357,0.7041420118343196,10
224,2008-12-01,46,361,0.7120315581854043,12
225,2008-12-02,46,362,0.7140039447731755,11
226,2008-12-03,46,362,0.7140039447731755,12
227,2008-12-04,46,359,0.7080867850098619,11
228,2008-12-05,46,350,0.6903353057199211,12
229,2008-12-08,46,354,0.6982248520710059,12
230,2008-12-09,46,352,0.6942800788954635,12
231,2008-12-10,46,349,0.6883629191321499,10
232,2008-12-11,46,340,0.6706114398422091,11
233,2008-12-12,46,352,0.6942800788954635,12
234,2008-12-15,46,339,0.6686390532544378,10
235,2008-12-16,46,350,0.6903353057199211,10
236,2008-12-17,46,351,0.6923076923076923,10
237,2008-12-18,46,344,0.6785009861932939,10
238,2008-12-19,46,343,0.6765285996055227,10
239,2008-12-22,46,350,0.6903353057199211,12
240,2008-12-23,46,353,0.6962524654832347,11
241,2008-12-24,46,342,0.6745562130177515,10
242,2008-12-29,46,352,0.6942800788954635,12
243,2008-12-30,46,350,0.6903353057199211,11
244,2008-12-31,46,348,0.6863905325443787,11
245,2009-01-02,46,342,0.6745562130177515,10
246,2009-01-05,46,353,0.6962524654832347,11
247,2009-01-06,46,347,0.6844181459566075,11
248,2009-01-07,46,352,0.6942800788954635,12
249,2009-01-08,46,346,0.6824457593688363,10
250,2009-01-09,46,357,0.7041420118343196,11
251,2009-01-12,46,348,0.6863905325443787,10
252,2009-01-13,46,345,0.6804733727810651,11
253,2009-01-14,46,348,0.6863905325443787,11
254,2009-01-15,46,345,0.6804733727810651,11
255,2009-01-16,46,337,0.6646942800788954,12
256,2009-01-19,46,333,0.6568047337278107,10
257,2009-01-20,46,345,0.6804733727810651,11
258,2009-01-21,46,343,0.6765285996055227,11
259,2009-01-22,46,331,0.6528599605522682,10
260,2009-01-23,46,337,0.6646942800788954,10
261,2009-01-29,46,333,0.6568047337278107,10
262,2009-01-30,46,330,0.650887573964497,11
263,2009-02-02,46,333,0.6568047337278107,11
264,2009-02-03,46,322,0.6351084812623274,10
265,2009-02-04,46,336,0.6627218934911243,11
266,2009-02-05,46,334,0.6587771203155819,10
267,2009-02-06,46,337,0.6646942800788954,11
268,2009-02-09,46,335,0.6607495069033531,10
269,2009-02-10,46,331,0.6528599605522682,12
270,2009-02-11,46,322,0.6351084812623274,10
271,2009-02-12,46,335,0.6607495069033531,11
272,2009-02-13,46,336,0.6627218934911243,10
273,2009-02-16,46,341,0.6725838264299803,10
274,2009-02-17,46,344,0.6785009861932939,10
275,2009-02-18,46,341,0.6725838264299803,10
276,2009-02-19,46,337,0.6646942800788954,10
277,2009-02-20,46,334,0.6587771203155819,11
278,2009-02-23,46,337,0.6646942800788954,11
279,2009-02-24,46,344,0.6785009861932939,12
280,2009-02-25,46,334,0.6587771203155819,10
281,2009-02-26,46,357,0.7041420118343196,12
282,2009-02-27,46,341,0.6725838264299803,12
283,2009-03-02,46,341,0.6725838264299803,11
284,2009-03-03,46,349,0.6883629191321499,11
285,2009-03-04,46,350,0.6903353057199211,10
286,2009-03-05,46,345,0.6804733727810651,10
287,2009-03-06,46,345,0.6804733727810651,10
288,2009-03-09,46,343,0.6765285996055227,10
289,2009-03-10,46,350,0.6903353057199211,11
290,2009-03-11,46,349,0.6883629191321499,11
291,2009-03-12,46,353,0.6962524654832347,12
292,2009-03-13,46,352,0.6942800788954635,12
293,2009-03-16,46,353,0.6962524654832347,11
294,2009-03-17,46,345,0.6804733727810651,10
295,2009-03-18,46,352,0.6942800788954635,10
296,2009-03-19,46,358,0.7061143984220908,10
297,2009-03-20,46,347,0.6844181459566075,12
298,2009-03-23,46,351,0.6923076923076923,12
299,2009-03-24,46,351,0.6923076923076923,10
300,2009-03-25,46,348,0.6863905325443787,10
301,2009-03-26,46,347,0.6844181459566075,11
302,2009-03-27,46,349,0.6883629191321499,11
303,2009-03-30,46,359,0.7080867850098619,10
304,2009-03-31,46,348,0.6863905325443787,11
305,2009-04-01,46,349,0.6883629191321499,12
306,2009-04-02,46,354,0.6982248520710059,11
307,2009-04-03,46,354,0.6982248520710059,10
308,2009-04-06,46,353,0.6962524654832347,11
309,2009-04-07,46,343,0.6765285996055227,10
310,2009-04-08,46,341,0.6725838264299803,10
311,2009-04-09,46,349,0.6883629191321499,11
312,2009-04-14,46,351,0.6923076923076923,10
313,2009-04-15,46,348,0.6863905325443787,10
314,2009-04-16,46,351,0.6923076923076923,11
315,2009-04-17,46,347,0.6844181459566075,11
316,2009-04-20,46,336,0.6627218934911243,10
317,2009-04-21,46,341,0.6725838264299803,10
318,2009-04-22,46,345,0.6804733727810651,11
319,2009-04-23,46,350,0.6903353057199211,11
320,2009-04-24,46,355,0.7001972386587771,11
321,2009-04-27,46,356,0.7021696252465484,10
322,2009-04-28,46,353,0.6962524654832347,11
323,2009-04-29,46,352,0.6942800788954635,11
324,2009-04-30,46,350,0.6903353057199211,10
325,2009-05-04,46,360,0.7100591715976331,11
326,2009-05-05,46,358,0.7061143984220908,11
327,2009-05-06,46,357,0.7041420118343196,13
328,2009-05-07,46,357,0.7041420118343196,12
329,2009-05-08,46,345,0.6804733727810651,12
330,2009-05-11,46,357,0.7041420118343196,11
331,2009-05-12,46,340,0.6706114398422091,11
332,2009-05-13,46,347,0.6844181459566075,11
333,2009-05-14,46,342,0.6745562130177515,10
334,2009-05-15,46,339,0.6686390532544378,12
335,2009-05-18,46,350,0.6903353057199211,12
336,2009-05-19,46,341,0.6725838264299803,11
337,2009-05-20,46,344,0.6785009861932939,11
338,2009-05-21,46,341,0.6725838264299803,10
339,2009-05-22,46,348,0.6863905325443787,12
340,2009-05-25,46,341,0.6725838264299803,10
341,2009-05-26,46,340,0.6706114398422091,11
342,2009-05-27,46,339,0.6686390532544378,10
343,2009-05-29,46,337,0.6646942800788954,10
344,2009-06-01,46,338,0.6666666666666666,11
345,2009-06-02,46,337,0.6646942800788954,10
346,2009-06-03,46,342,0.6745562130177515,10
347,2009-06-04,46,334,0.6587771203155819,11
348,2009-06-05,46,327,0.6449704142011834,10
349,2009-06-08,46,333,0.6568047337278107,10
350,2009-06-09,46,338,0.6666666666666666,10
351,2009-06-10,46,338,0.6666666666666666,10
352,2009-06-11,46,338,0.6666666666666666,11
353,2009-06-12,46,324,0.6390532544378699,11
354,2009-06-15,46,327,0.6449704142011834,10
355,2009-06-16,46,322,0.6351084812623274,10
356,2009-06-17,46,329,0.6489151873767258,10
357,2009-06-18,46,326,0.6429980276134122,10
358,2009-06-19,46,331,0.6528599605522682,10
359,2009-06-22,46,325,0.6410256410256411,10
360,2009-06-23,46,330,0.650887573964497,10
361,2009-06-24,46,330,0.650887573964497,10
362,2009-06-25,46,336,0.6627218934911243,11
363,2009-06-26,46,348,0.6863905325443787,10
364,2009-06-29,46,347,0.6844181459566075,10
365,2009-06-30,46,338,0.6666666666666666,11
366,2009-07-02,46,344,0.6785009861932939,10
367,2009-07-03,46,335,0.6607495069033531,11
368,2009-07-06,46,329,0.6489151873767258,10
369,2009-07-07,46,334,0.6587771203155819,10
370,2009-07-08,46,337,0.6646942800788954,10
371,2009-07-09,46,346,0.6824457593688363,10
372,2009-07-10,46,344,0.6785009861932939,11
373,2009-07-13,46,343,0.6765285996055227,11
374,2009-07-14,46,335,0.6607495069033531,10
375,2009-07-15,46,343,0.6765285996055227,11
376,2009-07-16,46,339,0.6686390532544378,12
377,2009-07-17,46,331,0.6528599605522682,11
378,2009-07-20,46,343,0.6765285996055227,11
379,2009-07-21,46,345,0.6804733727810651,11
380,2009-07-22,46,350,0.6903353057199211,11
381,2009-07-23,46,341,0.6725838264299803,11
382,2009-07-24,46,350,0.6903353057199211,12
383,2009-07-27,46,343,0.6765285996055227,11
384,2009-07-28,46,340,0.6706114398422091,11
385,2009-07-29,46,344,0.6785009861932939,11
386,2009-07-30,46,344,0.6785009861932939,12
387,2009-07-31,46,342,0.6745562130177515,11
388,2009-08-03,46,337,0.6646942800788954,11
389,2009-08-04,46,339,0.6686390532544378,12
390,2009-08-05,46,341,0.6725838264299803,11
391,2009-08-06,46,342,0.6745562130177515,11
392,2009-08-07,46,344,0.6785009861932939,11
393,2009-08-10,46,346,0.6824457593688363,11
394,2009-08-11,46,333,0.6568047337278107,10
395,2009-08-12,46,337,0.6646942800788954,11
396,2009-08-13,46,349,0.6883629191321499,12
397,2009-08-14,46,345,0.6804733727810651,10
398,2009-08-17,46,345,0.6804733727810651,10
399,2009-08-18,46,346,0.6824457593688363,11
400,2009-08-19,46,345,0.6804733727810651,11
401,2009-08-20,46,353,0.6962524654832347,11
402,2009-08-21,46,358,0.7061143984220908,11
403,2009-08-24,46,355,0.7001972386587771,11
404,2009-08-25,46,344,0.6785009861932939,10
405,2009-08-26,46,342,0.6745562130177515,10
406,2009-08-27,46,335,0.6607495069033531,10
407,2009-08-28,46,345,0.6804733727810651,10
408,2009-08-31,46,343,0.6765285996055227,12
409,2009-09-01,46,341,0.6725838264299803,10
410,2009-09-02,46,340,0.6706114398422091,10
411,2009-09-03,46,336,0.6627218934911243,11
412,2009-09-04,46,342,0.6745562130177515,10
413,2009-09-07,46,348,0.6863905325443787,10
414,2009-09-08,46,345,0.6804733727810651,11
415,2009-09-09,46,341,0.6725838264299803,12
416,2009-09-10,46,350,0.6903353057199211,11
417,2009-09-11,46,349,0.6883629191321499,11
418,2009-09-14,46,353,0.6962524654832347,12
419,2009-09-15,46,344,0.6785009861932939,10
420,2009-09-16,46,351,0.6923076923076923,11
421,2009-09-17,46,351,0.6923076923076923,11
422,2009-09-18,46,353,0.6962524654832347,11
423,2009-09-21,46,343,0.6765285996055227,11
424,2009-09-22,46,353,0.6962524654832347,11
425,2009-09-23,46,339,0.6686390532544378,10
426,2009-09-24,46,341,0.6725838264299803,10
427,2009-09-25,46,342,0.6745562130177515,11
428,2009-09-28,46,346,0.6824457593688363,10
429,2009-09-29,46,343,0.6765285996055227,10
430,2009-09-30,46,342,0.6745562130177515,10
431,2009-10-02,46,345,0.6804733727810651,10
432,2009-10-05,46,346,0.6824457593688363,11
433,2009-10-06,46,347,0.6844181459566075,10
434,2009-10-07,46,346,0.6824457593688363,10
435,2009-10-08,46,353,0.6962524654832347,10
436,2009-10-09,46,350,0.6903353057199211,11
437,2009-10-12,46,347,0.6844181459566075,10
438,2009-10-13,46,350,0.6903353057199211,11
439,2009-10-14,46,347,0.6844181459566075,10
440,2009-10-15,46,332,0.6548323471400395,10
441,2009-10-16,46,336,0.6627218934911243,10
442,2009-10-19,46,346,0.6824457593688363,11
443,2009-10-20,46,336,0.6627218934911243,10
444,2009-10-21,46,345,0.6804733727810651,10
445,2009-10-22,46,338,0.6666666666666666,11
446,2009-10-23,46,338,0.6666666666666666,10
447,2009-10-27,46,339,0.6686390532544378,10
448,2009-10-28,46,338,0.6666666666666666,11
449,2009-10-29,46,342,0.6745562130177515,12
450,2009-10-30,46,336,0.6627218934911243,11
451,2009-11-02,46,341,0.6725838264299803,10
452,2009-11-03,46,348,0.6863905325443787,13
453,2009-11-04,46,344,0.6785009861932939,13
454,2009-11-05,46,337,0.6646942800788954,11
455,2009-11-06,46,342,0.6745562130177515,12
456,2009-11-09,46,340,0.6706114398422091,11
457,2009-11-10,46,350,0.6903353057199211,12
458,2009-11-11,46,334,0.6587771203155819,10
459,2009-11-12,46,332,0.6548323471400395,10
460,2009-11-13,46,333,0.6568047337278107,11
461,2009-11-16,46,336,0.6627218934911243,11
462,2009-11-17,46,329,0.6489151873767258,11
463,2009-11-18,46,331,0.6528599605522682,10
464,2009-11-19,46,316,0.6232741617357002,10
465,2009-11-20,46,311,0.6134122287968442,10
466,2009-11-23,46,317,0.6252465483234714,11
467,2009-11-24,46,322,0.6351084812623274,12
468,2009-11-25,46,317,0.6252465483234714,11
469,2009-11-26,46,320,0.631163708086785,10
470,2009-11-27,46,329,0.6489151873767258,11
471,2009-11-30,46,335,0.6607495069033531,11
472,2009-12-01,46,334,0.6587771203155819,11
473,2009-12-02,46,343,0.6765285996055227,10
474,2009-12-03,46,340,0.6706114398422091,10
475,2009-12-04,46,349,0.6883629191321499,11
476,2009-12-07,46,357,0.7041420118343196,11
477,2009-12-08,46,350,0.6903353057199211,11
478,2009-12-09,46,356,0.7021696252465484,13
479,2009-12-10,46,337,0.6646942800788954,11
480,2009-12-11,46,337,0.6646942800788954,11
481,2009-12-14,46,347,0.6844181459566075,11
482,2009-12-15,46,342,0.6745562130177515,11
483,2009-12-16,46,335,0.6607495069033531,11
484,2009-12-17,46,336,0.6627218934911243,11
485,2009-12-18,46,340,0.6706114398422091,11
486,2009-12-21,46,341,0.6725838264299803,10
487,2009-12-22,46,339,0.6686390532544378,10
488,2009-12-23,46,336,0.6627218934911243,11
489,2009-12-28,46,342,0.6745562130177515,11
490,2009-12-29,46,344,0.6785009861932939,11
491,2009-12-30,46,342,0.6745562130177515,10
492,2010-01-04,46,336,0.6627218934911243,10
493,2010-01-05,46,341,0.6725838264299803,10
494,2010-01-06,47,347,0.6673076923076923,10
495,2010-01-07,47,355,0.6826923076923077,11
496,2010-01-08,47,347,0.6673076923076923,11
497,2010-01-11,47,346,0.6653846153846154,10
498,2010-01-12,47,345,0.6634615384615384,10
499,2010-01-13,47,341,0.6557692307692308,10
500,2010-01-14,47,332,0.6384615384615384,10
501,2010-01-15,48,336,0.6303939962476548,10
502,2010-01-18,48,333,0.624765478424015,11
503,2010-01-19,48,334,0.626641651031895,10
504,2010-01-20,48,330,0.6191369606003753,11
505,2010-01-21,48,340,0.6378986866791745,11
506,2010-01-22,48,329,0.6172607879924953,10
507,2010-01-25,48,336,0.6303939962476548,10
508,2010-01-26,48,342,0.6416510318949343,11
509,2010-01-27,48,337,0.6322701688555347,10
510,2010-01-28,48,342,0.6416510318949343,10
511,2010-01-29,48,345,0.6472795497185742,10
512,2010-02-01,48,345,0.6472795497185742,10
513,2010-02-02,48,343,0.6435272045028143,11
514,2010-02-03,48,345,0.6472795497185742,10
515,2010-02-04,48,352,0.6604127579737336,11
516,2010-02-05,48,359,0.6735459662288931,11
517,2010-02-08,48,352,0.6604127579737336,11
518,2010-02-09,48,342,0.6416510318949343,10
519,2010-02-10,48,350,0.6566604127579737,12
520,2010-02-11,48,341,0.6397748592870544,10
521,2010-02-12,48,349,0.6547842401500938,10
522,2010-02-17,48,349,0.6547842401500938,10
523,2010-02-18,48,341,0.6397748592870544,11
524,2010-02-19,48,351,0.6585365853658537,11
525,2010-02-22,48,350,0.6566604127579737,10
526,2010-02-23,48,361,0.6772983114446529,10
527,2010-02-24,48,359,0.6735459662288931,10
528,2010-02-25,48,361,0.6772983114446529,12
529,2010-02-26,48,364,0.6829268292682927,10
530,2010-03-01,48,367,0.6885553470919324,11
531,2010-03-02,48,365,0.6848030018761726,10
532,2010-03-03,48,369,0.6923076923076923,11
533,2010-03-04,48,368,0.6904315196998124,12
534,2010-03-05,48,363,0.6810506566604128,11
535,2010-03-08,48,359,0.6735459662288931,11
536,2010-03-09,48,350,0.6566604127579737,10
537,2010-03-10,48,362,0.6791744840525328,11
538,2010-03-11,48,348,0.6529080675422139,10
539,2010-03-12,48,352,0.6604127579737336,11
540,2010-03-15,48,343,0.6435272045028143,11
541,2010-03-16,48,350,0.6566604127579737,11
542,2010-03-17,48,353,0.6622889305816135,12
543,2010-03-18,48,353,0.6622889305816135,11
544,2010-03-19,48,350,0.6566604127579737,10
545,2010-03-22,48,351,0.6585365853658537,10
546,2010-03-23,48,339,0.6360225140712945,10
547,2010-03-24,48,341,0.6397748592870544,11
548,2010-03-25,48,349,0.6547842401500938,11
549,2010-03-26,48,353,0.6622889305816135,11
550,2010-03-29,48,345,0.6472795497185742,11
551,2010-03-30,48,353,0.6622889305816135,11
552,2010-03-31,48,346,0.649155722326454,10
553,2010-04-01,48,347,0.651031894934334,11
554,2010-04-07,48,344,0.6454033771106942,10
555,2010-04-08,48,332,0.6228893058161351,10
556,2010-04-09,48,329,0.6172607879924953,10
557,2010-04-12,48,333,0.624765478424015,10
558,2010-04-13,48,320,0.600375234521576,10
559,2010-04-14,48,319,0.5984990619136961,10
560,2010-04-15,48,298,0.5590994371482176,10
561,2010-04-16,48,316,0.5928705440900562,10
562,2010-04-19,48,334,0.626641651031895,10
563,2010-04-20,48,317,0.5947467166979362,10
564,2010-04-21,48,323,0.6060037523452158,10
565,2010-04-22,48,311,0.5834896810506567,10
566,2010-04-23,48,326,0.6116322701688556,10
567,2010-04-26,48,338,0.6341463414634146,12
568,2010-04-27,48,346,0.649155722326454,10
569,2010-04-28,48,347,0.651031894934334,10
570,2010-04-29,48,348,0.6529080675422139,11
571,2010-04-30,48,349,0.6547842401500938,11
572,2010-05-03,48,348,0.6529080675422139,10
573,2010-05-04,48,349,0.6547842401500938,10
574,2010-05-05,48,362,0.6791744840525328,11
575,2010-05-06,48,352,0.6604127579737336,11
576,2010-05-07,48,347,0.651031894934334,10
577,2010-05-10,48,360,0.6754221388367729,10
578,2010-05-11,48,356,0.6679174484052532,10
579,2010-05-12,48,360,0.6754221388367729,11
580,2010-05-13,48,354,0.6641651031894934,10
581,2010-05-14,48,354,0.6641651031894934,10
582,2010-05-17,48,359,0.6735459662288931,12
583,2010-05-18,48,351,0.6585365853658537,11
584,2010-05-19,48,353,0.6622889305816135,10
585,2010-05-20,48,351,0.6585365853658537,10
586,2010-05-24,48,342,0.6416510318949343,11
587,2010-05-25,48,348,0.6529080675422139,10
588,2010-05-26,48,359,0.6735459662288931,12
589,2010-05-27,48,363,0.6810506566604128,11
590,2010-05-28,48,364,0.6829268292682927,10
591,2010-05-31,48,368,0.6904315196998124,12
592,2010-06-01,48,372,0.6979362101313321,12
593,2010-06-02,48,362,0.6791744840525328,11
594,2010-06-03,48,373,0.699812382739212,11
595,2010-06-04,48,371,0.6960600375234521,11
596,2010-06-07,48,372,0.6979362101313321,10
597,2010-06-08,48,375,0.7035647279549718,10
598,2010-06-09,48,372,0.6979362101313321,10
599,2010-06-10,48,359,0.6735459662288931,11
600,2010-06-11,48,376,0.7054409005628518,12
601,2010-06-14,48,359,0.6735459662288931,10
602,2010-06-15,48,364,0.6829268292682927,11
603,2010-06-17,48,359,0.6735459662288931,12
604,2010-06-18,48,358,0.6716697936210131,11
605,2010-06-21,48,366,0.6866791744840526,11
606,2010-06-22,48,371,0.6960600375234521,11
607,2010-06-23,48,367,0.6885553470919324,12
608,2010-06-24,48,365,0.6848030018761726,11
609,2010-06-25,48,367,0.6885553470919324,11
610,2010-06-28,48,353,0.6622889305816135,11
611,2010-06-29,48,360,0.6754221388367729,10
612,2010-06-30,48,348,0.6529080675422139,11
613,2010-07-02,48,354,0.6641651031894934,10
614,2010-07-05,48,343,0.6435272045028143,11
615,2010-07-06,48,355,0.6660412757973734,11
616,2010-07-07,48,354,0.6641651031894934,11
617,2010-07-08,48,349,0.6547842401500938,11
618,2010-07-09,48,351,0.6585365853658537,10
619,2010-07-12,48,367,0.6885553470919324,12
620,2010-07-13,48,342,0.6416510318949343,11
621,2010-07-14,48,347,0.651031894934334,10
622,2010-07-15,48,358,0.6716697936210131,10
623,2010-07-16,48,348,0.6529080675422139,10
624,2010-07-19,48,343,0.6435272045028143,10
625,2010-07-20,48,338,0.6341463414634146,11
626,2010-07-21,48,345,0.6472795497185742,11
627,2010-07-22,48,338,0.6341463414634146,11
628,2010-07-23,48,348,0.6529080675422139,11
629,2010-07-26,48,347,0.651031894934334,11
630,2010-07-27,48,344,0.6454033771106942,10
631,2010-07-28,48,339,0.6360225140712945,10
632,2010-07-29,48,330,0.6191369606003753,10
633,2010-07-30,48,331,0.6210131332082551,10
634,2010-08-02,48,334,0.626641651031895,11
635,2010-08-03,48,325,0.6097560975609756,11
636,2010-08-04,48,319,0.5984990619136961,11
637,2010-08-05,48,321,0.6022514071294559,10
638,2010-08-06,48,320,0.600375234521576,10
639,2010-08-09,48,334,0.626641651031895,11
640,2010-08-10,48,327,0.6135084427767354,10
641,2010-08-11,48,325,0.6097560975609756,10
642,2010-08-12,48,326,0.6116322701688556,10
643,2010-08-13,48,328,0.6153846153846154,10
644,2010-08-16,48,327,0.6135084427767354,10
645,2010-08-17,48,312,0.5853658536585366,10
646,2010-08-18,48,308,0.5778611632270169,10
647,2010-08-19,48,308,0.5778611632270169,10
648,2010-08-20,48,300,0.5628517823639775,10
649,2010-08-23,48,304,0.5703564727954972,10
650,2010-08-24,48,299,0.5609756097560976,10
651,2010-08-25,48,294,0.551594746716698,10
652,2010-08-26,48,295,0.5534709193245778,11
653,2010-08-27,48,297,0.5572232645403377,11
654,2010-08-30,48,301,0.5647279549718575,10
655,2010-08-31,48,294,0.551594746716698,9
656,2010-09-01,48,288,0.5403377110694184,9
657,2010-09-02,48,291,0.5459662288930581,10
658,2010-09-03,48,273,0.5121951219512195,10
659,2010-09-06,48,295,0.5534709193245778,11
660,2010-09-07,48,288,0.5403377110694184,9
661,2010-09-08,48,305,0.5722326454033771,11
662,2010-09-09,48,312,0.5853658536585366,10
663,2010-09-10,48,307,0.575984990619137,11
664,2010-09-13,48,303,0.5684803001876173,10
665,2010-09-14,48,306,0.574108818011257,10
666,2010-09-15,48,310,0.5816135084427767,10
667,2010-09-16,48,301,0.5647279549718575,9
668,2010-09-17,48,312,0.5853658536585366,10
669,2010-09-20,48,307,0.575984990619137,11
670,2010-09-21,48,294,0.551594746716698,10
671,2010-09-22,48,292,0.5478424015009381,10
672,2010-09-24,48,293,0.549718574108818,10
673,2010-09-27,48,303,0.5684803001876173,10
674,2010-09-28,48,305,0.5722326454033771,10
675,2010-09-29,48,320,0.600375234521576,11
676,2010-09-30,48,307,0.575984990619137,10
677,2010-10-04,48,318,0.5966228893058161,10
678,2010-10-05,48,313,0.5872420262664165,10
679,2010-10-06,48,310,0.5816135084427767,10
680,2010-10-07,48,312,0.5853658536585366,11
681,2010-10-08,48,307,0.575984990619137,10
682,2010-10-11,48,319,0.5984990619136961,10
683,2010-10-12,48,319,0.5984990619136961,10
684,2010-10-13,48,306,0.574108818011257,10
685,2010-10-14,48,308,0.5778611632270169,11
686,2010-10-15,48,321,0.6022514071294559,11
687,2010-10-18,48,326,0.6116322701688556,11
688,2010-10-19,48,323,0.6060037523452158,10
689,2010-10-20,48,316,0.5928705440900562,10
690,2010-10-21,48,311,0.5834896810506567,9
691,2010-10-22,48,312,0.5853658536585366,10
692,2010-10-25,48,308,0.5778611632270169,10
693,2010-10-26,48,314,0.5891181988742964,10
694,2010-10-27,48,309,0.5797373358348968,11
695,2010-10-28,48,313,0.5872420262664165,10
696,2010-10-29,48,310,0.5816135084427767,9
697,2010-11-01,48,317,0.5947467166979362,10
698,2010-11-02,48,305,0.5722326454033771,10
699,2010-11-03,48,311,0.5834896810506567,10
700,2010-11-04,48,310,0.5816135084427767,10
701,2010-11-05,48,314,0.5891181988742964,10
702,2010-11-08,48,329,0.6172607879924953,12
703,2010-11-09,48,323,0.6060037523452158,10
704,2010-11-10,48,323,0.6060037523452158,10
705,2010-11-11,48,319,0.5984990619136961,9
706,2010-11-12,48,324,0.6078799249530957,10
707,2010-11-15,48,321,0.6022514071294559,10
708,2010-11-16,48,326,0.6116322701688556,10
709,2010-11-17,48,346,0.649155722326454,11
710,2010-11-18,48,343,0.6435272045028143,11
711,2010-11-19,48,343,0.6435272045028143,11
712,2010-11-22,48,337,0.6322701688555347,10
713,2010-11-23,48,349,0.6547842401500938,10
714,2010-11-24,48,349,0.6547842401500938,11
715,2010-11-25,48,347,0.651031894934334,10
716,2010-11-26,48,350,0.6566604127579737,10
717,2010-11-29,48,349,0.6547842401500938,10
718,2010-11-30,48,347,0.651031894934334,10
719,2010-12-01,48,349,0.6547842401500938,11
720,2010-12-02,48,357,0.6697936210131332,11
721,2010-12-03,48,354,0.6641651031894934,11
722,2010-12-06,48,346,0.649155722326454,11
723,2010-12-07,48,362,0.6791744840525328,10
724,2010-12-08,48,356,0.6679174484052532,10
725,2010-12-09,48,344,0.6454033771106942,10
726,2010-12-10,49,368,0.673992673992674,10
727,2010-12-13,49,362,0.663003663003663,10
728,2010-12-14,49,369,0.6758241758241759,10
729,2010-12-15,49,365,0.6684981684981685,11
730,2010-12-16,49,360,0.6593406593406593,11
731,2010-12-17,49,352,0.6446886446886447,10
732,2010-12-20,49,366,0.6703296703296703,11
733,2010-12-21,49,365,0.6684981684981685,11
734,2010-12-22,49,357,0.6538461538461539,11
735,2010-12-23,49,362,0.663003663003663,10
736,2010-12-28,49,363,0.6648351648351648,10
737,2010-12-29,49,369,0.6758241758241759,12
738,2010-12-30,49,359,0.6575091575091575,10
739,2011-01-03,49,367,0.6721611721611722,11
740,2011-01-04,49,373,0.6831501831501832,11
741,2011-01-05,49,375,0.6868131868131868,10
742,2011-01-06,49,373,0.6831501831501832,11
743,2011-01-07,49,365,0.6684981684981685,11
744,2011-01-10,49,371,0.6794871794871795,11
745,2011-01-11,49,365,0.6684981684981685,10
746,2011-01-12,49,359,0.6575091575091575,10
747,2011-01-13,49,353,0.6465201465201466,10
748,2011-01-14,49,357,0.6538461538461539,11
749,2011-01-17,49,361,0.6611721611721612,11
750,2011-01-18,49,358,0.6556776556776557,10
751,2011-01-19,49,350,0.6410256410256411,11
752,2011-01-20,49,354,0.6483516483516484,11
753,2011-01-21,49,356,0.652014652014652,10
754,2011-01-24,49,346,0.6336996336996337,10
755,2011-01-25,49,347,0.6355311355311355,10
756,2011-01-26,49,351,0.6428571428571429,10
757,2011-01-27,49,344,0.63003663003663,10
758,2011-01-28,49,345,0.6318681318681318,10
759,2011-01-31,49,344,0.63003663003663,10
760,2011-02-01,49,326,0.5970695970695971,10
761,2011-02-07,49,337,0.6172161172161172,10
762,2011-02-08,49,330,0.6043956043956044,11
763,2011-02-09,49,328,0.6007326007326007,11
764,2011-02-10,49,336,0.6153846153846154,10
765,2011-02-11,49,333,0.6098901098901099,10
766,2011-02-14,49,333,0.6098901098901099,11
767,2011-02-15,49,323,0.5915750915750916,10
768,2011-02-16,49,324,0.5934065934065934,10
769,2011-02-17,49,327,0.5989010989010989,11
770,2011-02-18,49,323,0.5915750915750916,10
771,2011-02-21,49,315,0.5769230769230769,10
772,2011-02-22,49,317,0.5805860805860806,11
773,2011-02-23,49,321,0.5879120879120879,10
774,2011-02-24,49,323,0.5915750915750916,10
775,2011-02-25,49,326,0.5970695970695971,10
776,2011-02-28,49,330,0.6043956043956044,10
777,2011-03-01,49,340,0.6227106227106227,11
778,2011-03-02,49,345,0.6318681318681318,11
779,2011-03-03,49,350,0.6410256410256411,10
780,2011-03-04,49,353,0.6465201465201466,10
781,2011-03-07,49,348,0.6373626373626373,11
782,2011-03-08,49,350,0.6410256410256411,10
783,2011-03-09,49,341,0.6245421245421245,10
784,2011-03-10,49,352,0.6446886446886447,10
785,2011-03-11,49,356,0.652014652014652,10
786,2011-03-14,49,363,0.6648351648351648,11
787,2011-03-15,49,364,0.6666666666666666,10
788,2011-03-16,49,369,0.6758241758241759,12
789,2011-03-17,49,375,0.6868131868131868,11
790,2011-03-18,49,360,0.6593406593406593,11
791,2011-03-21,49,368,0.673992673992674,10
792,2011-03-22,49,366,0.6703296703296703,11
793,2011-03-23,49,370,0.6776556776556777,11
794,2011-03-24,49,372,0.6813186813186813,10
795,2011-03-25,49,359,0.6575091575091575,10
796,2011-03-28,49,364,0.6666666666666666,10
797,2011-03-29,49,358,0.6556776556776557,11
798,2011-03-30,49,357,0.6538461538461539,11
799,2011-03-31,49,358,0.6556776556776557,11
800,2011-04-01,49,357,0.6538461538461539,11
801,2011-04-04,49,360,0.6593406593406593,11
802,2011-04-06,49,353,0.6465201465201466,11
803,2011-04-07,49,357,0.6538461538461539,12
804,2011-04-08,49,347,0.6355311355311355,11
805,2011-04-11,49,347,0.6355311355311355,12
806,2011-04-12,49,349,0.6391941391941391,12
807,2011-04-13,49,357,0.6538461538461539,11
808,2011-04-14,49,350,0.6410256410256411,10
809,2011-04-15,49,356,0.652014652014652,10
810,2011-04-18,49,338,0.6190476190476191,10
811,2011-04-19,49,353,0.6465201465201466,11
812,2011-04-20,49,352,0.6446886446886447,10
813,2011-04-21,49,360,0.6593406593406593,10
814,2011-04-26,49,355,0.6501831501831502,9
815,2011-04-27,49,346,0.6336996336996337,10
816,2011-04-28,49,357,0.6538461538461539,11
817,2011-04-29,49,347,0.6355311355311355,11
818,2011-05-03,49,347,0.6355311355311355,10
819,2011-05-04,49,356,0.652014652014652,11
820,2011-05-05,49,356,0.652014652014652,11
821,2011-05-06,49,342,0.6263736263736264,12
822,2011-05-09,49,344,0.63003663003663,11
823,2011-05-11,49,355,0.6501831501831502,10
824,2011-05-12,49,343,0.6282051282051282,10
825,2011-05-13,49,355,0.6501831501831502,10
826,2011-05-16,49,354,0.6483516483516484,11
827,2011-05-17,49,359,0.6575091575091575,10
828,2011-05-18,49,359,0.6575091575091575,10
829,2011-05-19,49,360,0.6593406593406593,11
830,2011-05-20,49,355,0.6501831501831502,11
831,2011-05-23,49,355,0.6501831501831502,10
832,2011-05-24,49,353,0.6465201465201466,11
833,2011-05-25,49,354,0.6483516483516484,10
834,2011-05-26,49,360,0.6593406593406593,11
835,2011-05-27,49,358,0.6556776556776557,11
836,2011-05-30,49,348,0.6373626373626373,10
837,2011-05-31,49,361,0.6611721611721612,10
838,2011-06-01,49,359,0.6575091575091575,11
839,2011-06-02,49,374,0.684981684981685,12
840,2011-06-03,49,368,0.673992673992674,10
841,2011-06-07,49,372,0.6813186813186813,10
842,2011-06-08,49,361,0.6611721611721612,11
843,2011-06-09,49,358,0.6556776556776557,10
844,2011-06-10,49,361,0.6611721611721612,11
845,2011-06-13,49,346,0.6336996336996337,10
846,2011-06-14,49,352,0.6446886446886447,12
847,2011-06-15,49,362,0.663003663003663,10
848,2011-06-16,49,359,0.6575091575091575,11
849,2011-06-17,49,361,0.6611721611721612,10
850,2011-06-20,49,369,0.6758241758241759,11
851,2011-06-21,49,362,0.663003663003663,11
852,2011-06-22,49,356,0.652014652014652,11
853,2011-06-23,49,366,0.6703296703296703,12
854,2011-06-24,49,353,0.6465201465201466,11
855,2011-06-27,49,355,0.6501831501831502,11
856,2011-06-28,49,339,0.6208791208791209,10
857,2011-06-29,49,335,0.6135531135531136,11
858,2011-06-30,49,340,0.6227106227106227,10
859,2011-07-04,49,355,0.6501831501831502,10
860,2011-07-05,49,343,0.6282051282051282,10
861,2011-07-06,49,352,0.6446886446886447,10
862,2011-07-07,49,345,0.6318681318681318,11
863,2011-07-08,49,357,0.6538461538461539,11
864,2011-07-11,49,351,0.6428571428571429,11
865,2011-07-12,49,357,0.6538461538461539,11
866,2011-07-13,49,356,0.652014652014652,10
867,2011-07-14,49,351,0.6428571428571429,10
868,2011-07-15,49,345,0.6318681318681318,10
869,2011-07-18,49,342,0.6263736263736264,10
870,2011-07-19,49,342,0.6263736263736264,11
871,2011-07-20,49,339,0.6208791208791209,10
872,2011-07-21,49,337,0.6172161172161172,11
873,2011-07-22,49,352,0.6446886446886447,10
874,2011-07-25,49,346,0.6336996336996337,10
875,2011-07-26,49,360,0.6593406593406593,11
876,2011-07-27,49,358,0.6556776556776557,11
877,2011-07-28,49,348,0.6373626373626373,11
878,2011-07-29,49,348,0.6373626373626373,11
879,2011-08-01,49,342,0.6263736263736264,10
880,2011-08-02,49,361,0.6611721611721612,11
881,2011-08-03,49,361,0.6611721611721612,11
882,2011-08-04,49,355,0.6501831501831502,11
883,2011-08-05,49,362,0.663003663003663,11
884,2011-08-08,49,369,0.6758241758241759,11
885,2011-08-09,49,379,0.6941391941391941,11
886,2011-08-10,49,375,0.6868131868131868,11
887,2011-08-11,49,378,0.6923076923076923,10
888,2011-08-12,49,360,0.6593406593406593,10
889,2011-08-15,49,360,0.6593406593406593,12
890,2011-08-16,49,371,0.6794871794871795,11
891,2011-08-17,49,362,0.663003663003663,11
892,2011-08-18,49,368,0.673992673992674,11
893,2011-08-19,49,365,0.6684981684981685,11
894,2011-08-22,49,356,0.652014652014652,10
895,2011-08-23,49,366,0.6703296703296703,12
896,2011-08-24,49,358,0.6556776556776557,12
897,2011-08-25,49,360,0.6593406593406593,11
898,2011-08-26,49,367,0.6721611721611722,10
899,2011-08-29,49,368,0.673992673992674,10
900,2011-08-30,49,375,0.6868131868131868,12
901,2011-08-31,49,377,0.6904761904761905,12
902,2011-09-01,49,372,0.6813186813186813,11
903,2011-09-02,49,368,0.673992673992674,11
904,2011-09-05,49,378,0.6923076923076923,12
905,2011-09-06,49,374,0.684981684981685,12
906,2011-09-07,49,380,0.6959706959706959,11
907,2011-09-08,49,376,0.6886446886446886,11
908,2011-09-09,49,368,0.673992673992674,11
909,2011-09-12,49,368,0.673992673992674,11
910,2011-09-14,49,358,0.6556776556776557,10
911,2011-09-15,49,362,0.663003663003663,12
912,2011-09-16,49,374,0.684981684981685,11
913,2011-09-19,49,364,0.6666666666666666,11
914,2011-09-20,49,366,0.6703296703296703,12
915,2011-09-21,49,359,0.6575091575091575,10
916,2011-09-22,49,371,0.6794871794871795,12
917,2011-09-23,49,379,0.6941391941391941,12
918,2011-09-26,49,377,0.6904761904761905,12
919,2011-09-27,49,373,0.6831501831501832,10
920,2011-09-28,49,375,0.6868131868131868,11
921,2011-09-30,49,378,0.6923076923076923,11
922,2011-10-03,49,372,0.6813186813186813,10
923,2011-10-04,49,377,0.6904761904761905,12
924,2011-10-06,49,390,0.7142857142857143,12
925,2011-10-07,49,396,0.7252747252747253,12
926,2011-10-10,49,378,0.6923076923076923,12
927,2011-10-11,49,381,0.6978021978021978,10
928,2011-10-12,49,383,0.7014652014652014,10
929,2011-10-13,49,382,0.6996336996336996,11
930,2011-10-14,49,385,0.7051282051282052,11
931,2011-10-17,49,386,0.706959706959707,12
932,2011-10-18,49,387,0.7087912087912088,12
933,2011-10-19,49,389,0.7124542124542125,12
934,2011-10-20,49,385,0.7051282051282052,10
935,2011-10-21,49,384,0.7032967032967034,10
936,2011-10-24,49,376,0.6886446886446886,11
937,2011-10-25,49,391,0.7161172161172161,11
938,2011-10-26,49,394,0.7216117216117216,11
939,2011-10-27,49,399,0.7307692307692307,12
940,2011-10-28,49,391,0.7161172161172161,12
941,2011-10-31,49,394,0.7216117216117216,12
942,2011-11-01,49,392,0.717948717948718,11
943,2011-11-02,49,389,0.7124542124542125,11
944,2011-11-03,49,399,0.7307692307692307,11
945,2011-11-04,49,398,0.7289377289377289,11
946,2011-11-07,49,406,0.7435897435897436,12
947,2011-11-08,49,395,0.7234432234432234,11
948,2011-11-09,49,398,0.7289377289377289,12
949,2011-11-10,49,398,0.7289377289377289,12
950,2011-11-11,49,395,0.7234432234432234,12
951,2011-11-14,49,389,0.7124542124542125,12
952,2011-11-15,49,390,0.7142857142857143,12
953,2011-11-16,49,396,0.7252747252747253,11
954,2011-11-17,49,396,0.7252747252747253,11
955,2011-11-18,49,388,0.7106227106227107,11
956,2011-11-21,49,390,0.7142857142857143,11
957,2011-11-22,49,383,0.7014652014652014,11
958,2011-11-23,49,390,0.7142857142857143,11
959,2011-11-24,49,384,0.7032967032967034,10
960,2011-11-25,49,387,0.7087912087912088,10
961,2011-11-28,49,375,0.6868131868131868,10
962,2011-11-29,49,377,0.6904761904761905,11
963,2011-11-30,49,386,0.706959706959707,12
964,2011-12-01,49,385,0.7051282051282052,10
965,2011-12-02,49,383,0.7014652014652014,11
966,2011-12-05,49,381,0.6978021978021978,10
967,2011-12-06,49,376,0.6886446886446886,10
968,2011-12-07,49,370,0.6776556776556777,10
969,2011-12-08,49,373,0.6831501831501832,11
970,2011-12-09,49,367,0.6721611721611722,10
971,2011-12-12,49,366,0.6703296703296703,10
972,2011-12-13,49,375,0.6868131868131868,11
973,2011-12-14,49,370,0.6776556776556777,11
974,2011-12-15,49,375,0.6868131868131868,11
975,2011-12-16,49,371,0.6794871794871795,12
976,2011-12-19,49,381,0.6978021978021978,11
977,2011-12-20,49,378,0.6923076923076923,11
978,2011-12-21,49,379,0.6941391941391941,10
979,2011-12-22,49,378,0.6923076923076923,11
980,2011-12-23,49,388,0.7106227106227107,12
981,2011-12-28,49,381,0.6978021978021978,12
982,2011-12-29,49,378,0.6923076923076923,10
983,2011-12-30,49,377,0.6904761904761905,10
984,2012-01-03,49,382,0.6996336996336996,11
985,2012-01-04,49,375,0.6868131868131868,10
986,2012-01-05,49,375,0.6868131868131868,10
987,2012-01-06,49,379,0.6941391941391941,11
988,2012-01-09,49,371,0.6794871794871795,11
989,2012-01-10,49,382,0.6996336996336996,12
990,2012-01-11,49,383,0.7014652014652014,12
991,2012-01-12,49,380,0.6959706959706959,12
992,2012-01-13,49,371,0.6794871794871795,11
993,2012-01-16,49,367,0.6721611721611722,11
994,2012-01-17,49,364,0.6666666666666666,11
995,2012-01-18,49,374,0.684981684981685,11
996,2012-01-19,49,361,0.6611721611721612,10
997,2012-01-20,49,364,0.6666666666666666,10
998,2012-01-26,49,367,0.6721611721611722,11
999,2012-01-27,49,368,0.673992673992674,11
1000,2012-01-30,49,365,0.6684981684981685,11
1001,2012-01-31,49,359,0.6575091575091575,10
1002,2012-02-01,49,355,0.6501831501831502,10
1003,2012-02-02,49,359,0.6575091575091575,10
1004,2012-02-03,49,363,0.6648351648351648,11
1005,2012-02-06,49,351,0.6428571428571429,10
1006,2012-02-07,49,340,0.6227106227106227,10
1007,2012-02-08,49,349,0.6391941391941391,10
1008,2012-02-09,49,345,0.6318681318681318,10
1009,2012-02-10,49,340,0.6227106227106227,10
1010,2012-02-13,49,345,0.6318681318681318,10
1011,2012-02-14,49,348,0.6373626373626373,11
1012,2012-02-15,49,345,0.6318681318681318,11
1013,2012-02-16,49,350,0.6410256410256411,10
1014,2012-02-17,49,346,0.6336996336996337,10
1015,2012-02-20,49,355,0.6501831501831502,11
1016,2012-02-21,49,355,0.6501831501831502,11
1017,2012-02-22,49,337,0.6172161172161172,11
1018,2012-02-23,49,344,0.63003663003663,11
1019,2012-02-24,49,332,0.608058608058608,11
1020,2012-02-27,49,344,0.63003663003663,10
1021,2012-02-28,49,340,0.6227106227106227,10
1022,2012-02-29,49,340,0.6227106227106227,11
1023,2012-03-01,49,335,0.6135531135531136,11
1024,2012-03-02,49,342,0.6263736263736264,11
1025,2012-03-05,49,336,0.6153846153846154,11
1026,2012-03-06,49,342,0.6263736263736264,10
1027,2012-03-07,49,348,0.6373626373626373,10
1028,2012-03-08,49,344,0.63003663003663,11
1029,2012-03-09,49,352,0.6446886446886447,11
1030,2012-03-12,49,345,0.6318681318681318,11
1031,2012-03-13,49,357,0.6538461538461539,10
1032,2012-03-14,49,348,0.6373626373626373,11
1033,2012-03-15,49,352,0.6446886446886447,10
1034,2012-03-16,49,353,0.6465201465201466,10
1035,2012-03-20,49,348,0.6373626373626373,10
1036,2012-03-21,49,352,0.6446886446886447,10
1037,2012-03-22,49,338,0.6190476190476191,10
1038,2012-03-23,49,346,0.6336996336996337,10
1039,2012-03-26,49,345,0.6318681318681318,10
1040,2012-03-27,49,349,0.6391941391941391,10
1041,2012-03-28,49,349,0.6391941391941391,10
1042,2012-03-29,49,344,0.63003663003663,11
1043,2012-03-30,49,340,0.6227106227106227,12
1044,2012-04-02,49,343,0.6282051282051282,10
1045,2012-04-03,49,347,0.6355311355311355,10
1046,2012-04-05,49,350,0.6410256410256411,10
1047,2012-04-10,49,353,0.6465201465201466,11
1048,2012-04-11,49,365,0.6684981684981685,11
1049,2012-04-12,49,362,0.663003663003663,10
1050,2012-04-13,49,363,0.6648351648351648,10
1051,2012-04-16,49,366,0.6703296703296703,11
1052,2012-04-17,49,359,0.6575091575091575,11
1053,2012-04-18,49,350,0.6410256410256411,11
1054,2012-04-19,49,356,0.652014652014652,10
1055,2012-04-20,49,354,0.6483516483516484,10
1056,2012-04-23,49,350,0.6410256410256411,10
1057,2012-04-24,49,355,0.6501831501831502,10
1058,2012-04-25,49,342,0.6263736263736264,10
1059,2012-04-26,49,353,0.6465201465201466,10
1060,2012-04-27,49,353,0.6465201465201466,10
1061,2012-04-30,49,354,0.6483516483516484,10
1062,2012-05-02,49,349,0.6391941391941391,10
1063,2012-05-03,49,353,0.6465201465201466,10
1064,2012-05-04,49,359,0.6575091575091575,10
1065,2012-05-07,49,365,0.6684981684981685,10
1066,2012-05-08,49,364,0.6666666666666666,10
1067,2012-05-09,49,370,0.6776556776556777,11
1068,2012-05-10,49,372,0.6813186813186813,11
1069,2012-05-11,49,365,0.6684981684981685,10
1070,2012-05-14,49,369,0.6758241758241759,11
1071,2012-05-15,49,362,0.663003663003663,10
1072,2012-05-16,49,374,0.684981684981685,13
1073,2012-05-17,49,364,0.6666666666666666,10
1074,2012-05-18,49,358,0.6556776556776557,10
1075,2012-05-21,49,365,0.6684981684981685,11
1076,2012-05-22,49,369,0.6758241758241759,12
1077,2012-05-23,49,366,0.6703296703296703,10
1078,2012-05-24,49,361,0.6611721611721612,10
1079,2012-05-25,49,362,0.663003663003663,10
1080,2012-05-28,49,350,0.6410256410256411,11
1081,2012-05-29,49,364,0.6666666666666666,10
1082,2012-05-30,49,362,0.663003663003663,11
1083,2012-05-31,49,360,0.6593406593406593,11
1084,2012-06-01,49,361,0.6611721611721612,11
1085,2012-06-04,49,368,0.673992673992674,11
1086,2012-06-05,49,355,0.6501831501831502,11
1087,2012-06-06,49,367,0.6721611721611722,12
1088,2012-06-07,49,366,0.6703296703296703,10
1089,2012-06-08,49,362,0.663003663003663,11
1090,2012-06-11,49,372,0.6813186813186813,10
1091,2012-06-12,49,360,0.6593406593406593,10
1092,2012-06-13,49,363,0.6648351648351648,10
1093,2012-06-14,49,364,0.6666666666666666,12
1094,2012-06-15,49,367,0.6721611721611722,10
1095,2012-06-18,49,372,0.6813186813186813,11
1096,2012-06-19,49,369,0.6758241758241759,11
1097,2012-06-20,49,365,0.6684981684981685,12
1098,2012-06-21,49,373,0.6831501831501832,11
1099,2012-06-22,49,366,0.6703296703296703,11
1100,2012-06-25,49,362,0.663003663003663,11
1101,2012-06-26,49,359,0.6575091575091575,10
1102,2012-06-27,49,355,0.6501831501831502,10
1103,2012-06-28,49,368,0.673992673992674,10
1104,2012-06-29,49,362,0.663003663003663,10
1105,2012-07-03,49,368,0.673992673992674,11
1106,2012-07-04,49,357,0.6538461538461539,10
1107,2012-07-05,49,360,0.6593406593406593,11
1108,2012-07-06,49,357,0.6538461538461539,10
1109,2012-07-09,49,353,0.6465201465201466,10
1110,2012-07-10,49,364,0.6666666666666666,10
1111,2012-07-11,49,348,0.6373626373626373,10
1112,2012-07-12,49,349,0.6391941391941391,11
1113,2012-07-13,49,362,0.663003663003663,11
1114,2012-07-16,49,353,0.6465201465201466,11
1115,2012-07-17,49,369,0.6758241758241759,11
1116,2012-07-18,49,367,0.6721611721611722,10
1117,2012-07-19,49,375,0.6868131868131868,11
1118,2012-07-20,49,378,0.6923076923076923,11
1119,2012-07-23,49,376,0.6886446886446886,10
1120,2012-07-24,49,371,0.6794871794871795,10
1121,2012-07-25,49,368,0.673992673992674,12
1122,2012-07-26,49,377,0.6904761904761905,12
1123,2012-07-27,49,371,0.6794871794871795,11
1124,2012-07-30,49,370,0.6776556776556777,12
1125,2012-07-31,49,371,0.6794871794871795,11
1126,2012-08-01,49,368,0.673992673992674,10
1127,2012-08-02,49,361,0.6611721611721612,11
1128,2012-08-03,49,357,0.6538461538461539,12
1129,2012-08-06,49,358,0.6556776556776557,12
1130,2012-08-07,49,361,0.6611721611721612,10
1131,2012-08-08,49,366,0.6703296703296703,11
1132,2012-08-09,49,362,0.663003663003663,11
1133,2012-08-10,49,355,0.6501831501831502,11
1134,2012-08-13,49,346,0.6336996336996337,11
1135,2012-08-14,49,344,0.63003663003663,10
1136,2012-08-15,49,356,0.652014652014652,11
1137,2012-08-16,49,355,0.6501831501831502,11
1138,2012-08-17,49,357,0.6538461538461539,11
1139,2012-08-20,49,343,0.6282051282051282,11
1140,2012-08-21,49,347,0.6355311355311355,11
1141,2012-08-22,49,359,0.6575091575091575,11
1142,2012-08-23,49,368,0.673992673992674,12
1143,2012-08-24,49,368,0.673992673992674,12
1144,2012-08-27,49,372,0.6813186813186813,12
1145,2012-08-28,49,367,0.6721611721611722,11
1146,2012-08-29,49,356,0.652014652014652,11
1147,2012-08-30,49,354,0.6483516483516484,10
1148,2012-08-31,49,361,0.6611721611721612,11
1149,2012-09-03,49,352,0.6446886446886447,10
1150,2012-09-04,49,343,0.6282051282051282,10
1151,2012-09-05,49,360,0.6593406593406593,12
1152,2012-09-06,49,357,0.6538461538461539,12
1153,2012-09-07,49,353,0.6465201465201466,11
1154,2012-09-10,49,348,0.6373626373626373,12
1155,2012-09-11,49,338,0.6190476190476191,11
1156,2012-09-12,49,354,0.6483516483516484,11
1157,2012-09-13,49,345,0.6318681318681318,12
1158,2012-09-14,49,343,0.6282051282051282,10
1159,2012-09-17,49,343,0.6282051282051282,10
1160,2012-09-18,49,347,0.6355311355311355,11
1161,2012-09-19,49,345,0.6318681318681318,11
1162,2012-09-20,49,355,0.6501831501831502,10
1163,2012-09-21,49,354,0.6483516483516484,10
1164,2012-09-24,49,351,0.6428571428571429,10
1165,2012-09-25,49,351,0.6428571428571429,11
1166,2012-09-26,49,345,0.6318681318681318,11
1167,2012-09-27,49,352,0.6446886446886447,11
1168,2012-09-28,49,344,0.63003663003663,11
1169,2012-10-03,49,353,0.6465201465201466,11
1170,2012-10-04,49,352,0.6446886446886447,11
1171,2012-10-05,49,345,0.6318681318681318,10
1172,2012-10-08,49,342,0.6263736263736264,10
1173,2012-10-09,49,345,0.6318681318681318,11
1174,2012-10-10,49,345,0.6318681318681318,11
1175,2012-10-11,49,342,0.6263736263736264,10
1176,2012-10-12,49,339,0.6208791208791209,10
1177,2012-10-15,49,339,0.6208791208791209,10
1178,2012-10-16,49,344,0.63003663003663,11
1179,2012-10-17,49,341,0.6245421245421245,10
1180,2012-10-18,49,333,0.6098901098901099,10
1181,2012-10-19,49,331,0.6062271062271062,11
1182,2012-10-22,49,323,0.5915750915750916,10
1183,2012-10-24,49,322,0.5897435897435898,10
1184,2012-10-25,49,318,0.5824175824175825,10
1185,2012-10-26,49,327,0.5989010989010989,10
1186,2012-10-29,49,316,0.5787545787545788,10
1187,2012-10-30,49,322,0.5897435897435898,10
1188,2012-10-31,49,303,0.554945054945055,10
1189,2012-11-01,49,325,0.5952380952380952,10
1190,2012-11-02,49,320,0.5860805860805861,10
1191,2012-11-05,49,317,0.5805860805860806,10
1192,2012-11-06,49,316,0.5787545787545788,11
1193,2012-11-07,49,315,0.5769230769230769,10
1194,2012-11-08,49,330,0.6043956043956044,10
1195,2012-11-09,49,336,0.6153846153846154,11
1196,2012-11-12,49,332,0.608058608058608,10
1197,2012-11-13,49,332,0.608058608058608,10
1198,2012-11-14,49,337,0.6172161172161172,10
1199,2012-11-15,49,341,0.6245421245421245,10
1200,2012-11-16,49,352,0.6446886446886447,11
1201,2012-11-19,49,334,0.6117216117216118,10
1202,2012-11-20,49,330,0.6043956043956044,10
1203,2012-11-21,49,344,0.63003663003663,10
1204,2012-11-22,49,358,0.6556776556776557,11
1205,2012-11-23,49,354,0.6483516483516484,11
1206,2012-11-26,49,349,0.6391941391941391,10
1207,2012-11-27,49,355,0.6501831501831502,10
1208,2012-11-28,49,358,0.6556776556776557,11
1209,2012-11-29,49,363,0.6648351648351648,11
1210,2012-11-30,49,360,0.6593406593406593,10
1211,2012-12-03,49,360,0.6593406593406593,10
1212,2012-12-04,49,356,0.652014652014652,10
1213,2012-12-05,49,373,0.6831501831501832,10
1214,2012-12-06,49,372,0.6813186813186813,11
1215,2012-12-07,49,372,0.6813186813186813,11
1216,2012-12-10,49,361,0.6611721611721612,12
1217,2012-12-11,49,371,0.6794871794871795,11
1218,2012-12-12,49,371,0.6794871794871795,13
1219,2012-12-13,49,364,0.6666666666666666,11
1220,2012-12-14,49,358,0.6556776556776557,10
1221,2012-12-17,49,355,0.6501831501831502,10
1222,2012-12-18,49,360,0.6593406593406593,11
1223,2012-12-19,49,362,0.663003663003663,11
1224,2012-12-20,49,363,0.6648351648351648,11
1225,2012-12-21,49,353,0.6465201465201466,10
1226,2012-12-27,49,358,0.6556776556776557,12
1227,2012-12-28,49,345,0.6318681318681318,10
1228,2013-01-02,49,339,0.6208791208791209,10
1229,2013-01-03,49,319,0.5842490842490843,10
1230,2013-01-04,49,328,0.6007326007326007,11
1231,2013-01-07,49,337,0.6172161172161172,11
1232,2013-01-08,49,340,0.6227106227106227,10
1233,2013-01-09,49,332,0.608058608058608,10
1234,2013-01-10,49,327,0.5989010989010989,10
1235,2013-01-11,49,330,0.6043956043956044,10
1236,2013-01-14,49,333,0.6098901098901099,11
1237,2013-01-15,49,328,0.6007326007326007,10
1238,2013-01-16,49,329,0.6025641025641025,11
1239,2013-01-17,49,319,0.5842490842490843,10
1240,2013-01-18,49,325,0.5952380952380952,10
1241,2013-01-21,49,306,0.5604395604395604,11
1242,2013-01-22,49,312,0.5714285714285714,10
1243,2013-01-23,49,294,0.5384615384615384,9
1244,2013-01-24,49,311,0.5695970695970696,10
1245,2013-01-25,49,295,0.5402930402930403,10
1246,2013-01-28,49,300,0.5494505494505495,10
1247,2013-01-29,49,305,0.5586080586080586,10
1248,2013-01-30,49,301,0.5512820512820513,10
1249,2013-01-31,49,295,0.5402930402930403,10
1250,2013-02-01,49,290,0.5311355311355311,10
1251,2013-02-04,49,290,0.5311355311355311,10
1252,2013-02-05,49,298,0.5457875457875457,10
1253,2013-02-06,49,297,0.5439560439560439,10
1254,2013-02-07,49,297,0.5439560439560439,10
1255,2013-02-08,49,300,0.5494505494505495,11
1256,2013-02-14,49,307,0.5622710622710623,9
1257,2013-02-15,49,301,0.5512820512820513,10
1258,2013-02-18,49,289,0.5293040293040293,10
1259,2013-02-19,49,295,0.5402930402930403,9
1260,2013-02-20,49,295,0.5402930402930403,10
1261,2013-02-21,49,305,0.5586080586080586,10
1262,2013-02-22,49,298,0.5457875457875457,9
1263,2013-02-25,49,292,0.5347985347985348,9
1264,2013-02-26,49,303,0.554945054945055,10
1265,2013-02-27,49,306,0.5604395604395604,10
1266,2013-02-28,49,311,0.5695970695970696,10
1267,2013-03-01,49,311,0.5695970695970696,10
1268,2013-03-04,49,323,0.5915750915750916,10
1269,2013-03-05,49,329,0.6025641025641025,11
1270,2013-03-06,49,325,0.5952380952380952,10
1271,2013-03-07,49,319,0.5842490842490843,10
1272,2013-03-08,49,327,0.5989010989010989,10
1273,2013-03-11,49,331,0.6062271062271062,10
1274,2013-03-12,49,330,0.6043956043956044,10
1275,2013-03-13,49,339,0.6208791208791209,11
1276,2013-03-14,49,328,0.6007326007326007,10
1277,2013-03-15,49,332,0.608058608058608,10
1278,2013-03-18,49,336,0.6153846153846154,10
1279,2013-03-19,49,335,0.6135531135531136,10
1280,2013-03-20,49,336,0.6153846153846154,10
1281,2013-03-21,49,334,0.6117216117216118,11
1282,2013-03-22,49,327,0.5989010989010989,10
1283,2013-03-25,49,336,0.6153846153846154,10
1284,2013-03-26,49,332,0.608058608058608,10
1285,2013-03-27,49,332,0.608058608058608,10
1286,2013-03-28,49,336,0.6153846153846154,10
1287,2013-04-02,49,347,0.6355311355311355,10
1288,2013-04-03,49,341,0.6245421245421245,10
1289,2013-04-05,49,337,0.6172161172161172,10
1290,2013-04-08,49,347,0.6355311355311355,11
1291,2013-04-09,49,352,0.6446886446886447,10
1292,2013-04-10,49,347,0.6355311355311355,11
1293,2013-04-11,49,347,0.6355311355311355,10
1294,2013-04-12,49,345,0.6318681318681318,11
1295,2013-04-15,49,352,0.6446886446886447,10
1296,2013-04-16,49,349,0.6391941391941391,10
1297,2013-04-17,49,345,0.6318681318681318,10
1298,2013-04-18,49,335,0.6135531135531136,10
1299,2013-04-19,49,349,0.6391941391941391,10
1300,2013-04-22,49,356,0.652014652014652,11
1301,2013-04-23,49,341,0.6245421245421245,10
1302,2013-04-24,49,352,0.6446886446886447,11
1303,2013-04-25,49,356,0.652014652014652,10
1304,2013-04-26,49,351,0.6428571428571429,11
1305,2013-04-29,49,346,0.6336996336996337,11
1306,2013-04-30,49,353,0.6465201465201466,10
1307,2013-05-02,49,345,0.6318681318681318,10
1308,2013-05-03,49,345,0.6318681318681318,10
1309,2013-05-06,49,354,0.6483516483516484,10
1310,2013-05-07,49,359,0.6575091575091575,10
1311,2013-05-08,49,355,0.6501831501831502,10
1312,2013-05-09,49,354,0.6483516483516484,11
1313,2013-05-10,49,358,0.6556776556776557,11
1314,2013-05-13,49,352,0.6446886446886447,10
1315,2013-05-14,49,364,0.6666666666666666,10
1316,2013-05-15,49,358,0.6556776556776557,11
1317,2013-05-16,49,362,0.663003663003663,12
1318,2013-05-20,49,374,0.684981684981685,11
1319,2013-05-21,49,359,0.6575091575091575,12
1320,2013-05-22,49,360,0.6593406593406593,11
1321,2013-05-23,49,374,0.684981684981685,11
1322,2013-05-24,49,362,0.663003663003663,11
1323,2013-05-27,49,362,0.663003663003663,11
1324,2013-05-28,49,374,0.684981684981685,11
1325,2013-05-29,49,368,0.673992673992674,10
1326,2013-05-30,49,366,0.6703296703296703,10
1327,2013-05-31,49,365,0.6684981684981685,11
1328,2013-06-03,49,371,0.6794871794871795,10
1329,2013-06-04,49,364,0.6666666666666666,11
1330,2013-06-05,49,368,0.673992673992674,10
1331,2013-06-06,49,360,0.6593406593406593,11
1332,2013-06-07,49,363,0.6648351648351648,11
1333,2013-06-10,49,368,0.673992673992674,11
1334,2013-06-11,49,371,0.6794871794871795,11
1335,2013-06-13,49,367,0.6721611721611722,10
1336,2013-06-14,49,356,0.652014652014652,10
1337,2013-06-17,49,352,0.6446886446886447,11
1338,2013-06-18,49,363,0.6648351648351648,10
1339,2013-06-19,49,356,0.652014652014652,10
1340,2013-06-20,49,358,0.6556776556776557,10
1341,2013-06-21,49,348,0.6373626373626373,11
1342,2013-06-24,49,362,0.663003663003663,12
1343,2013-06-25,49,350,0.6410256410256411,11
1344,2013-06-26,49,353,0.6465201465201466,11
1345,2013-06-27,49,356,0.652014652014652,10
1346,2013-06-28,49,355,0.6501831501831502,11
1347,2013-07-02,49,362,0.663003663003663,11
1348,2013-07-03,49,352,0.6446886446886447,11
1349,2013-07-04,49,356,0.652014652014652,11
1350,2013-07-05,49,369,0.6758241758241759,11
1351,2013-07-08,49,371,0.6794871794871795,11
1352,2013-07-09,49,369,0.6758241758241759,11
1353,2013-07-10,49,366,0.6703296703296703,10
1354,2013-07-11,49,365,0.6684981684981685,11
1355,2013-07-12,49,368,0.673992673992674,10
1356,2013-07-15,49,369,0.6758241758241759,11
1357,2013-07-16,49,362,0.663003663003663,11
1358,2013-07-17,49,367,0.6721611721611722,11
1359,2013-07-18,49,369,0.6758241758241759,11
1360,2013-07-19,49,369,0.6758241758241759,13
1361,2013-07-22,49,356,0.652014652014652,11
1362,2013-07-23,49,362,0.663003663003663,12
1363,2013-07-24,49,352,0.6446886446886447,12
1364,2013-07-25,49,347,0.6355311355311355,10
1365,2013-07-26,49,341,0.6245421245421245,12
1366,2013-07-29,49,355,0.6501831501831502,11
1367,2013-07-30,49,348,0.6373626373626373,11
1368,2013-07-31,49,350,0.6410256410256411,11
1369,2013-08-01,49,348,0.6373626373626373,11
1370,2013-08-02,49,332,0.608058608058608,10
1371,2013-08-05,49,335,0.6135531135531136,10
1372,2013-08-06,49,338,0.6190476190476191,11
1373,2013-08-07,49,341,0.6245421245421245,10
1374,2013-08-08,49,345,0.6318681318681318,10
1375,2013-08-09,49,350,0.6410256410256411,11
1376,2013-08-12,49,357,0.6538461538461539,11
1377,2013-08-13,49,348,0.6373626373626373,10
1378,2013-08-15,49,347,0.6355311355311355,11
1379,2013-08-16,49,348,0.6373626373626373,11
1380,2013-08-19,49,348,0.6373626373626373,11
1381,2013-08-20,49,343,0.6282051282051282,10
1382,2013-08-21,49,347,0.6355311355311355,11
1383,2013-08-22,49,333,0.6098901098901099,10
1384,2013-08-23,49,327,0.5989010989010989,10
1385,2013-08-26,49,331,0.6062271062271062,10
1386,2013-08-27,49,336,0.6153846153846154,10
1387,2013-08-28,49,348,0.6373626373626373,10
1388,2013-08-29,49,344,0.63003663003663,10
1389,2013-08-30,49,350,0.6410256410256411,11
1390,2013-09-02,49,353,0.6465201465201466,10
1391,2013-09-03,49,359,0.6575091575091575,10
1392,2013-09-04,49,348,0.6373626373626373,10
1393,2013-09-05,49,350,0.6410256410256411,10
1394,2013-09-06,49,359,0.6575091575091575,10
1395,2013-09-09,49,359,0.6575091575091575,10
1396,2013-09-10,49,352,0.6446886446886447,11
1397,2013-09-11,49,349,0.6391941391941391,11
1398,2013-09-12,49,356,0.652014652014652,10
1399,2013-09-13,49,351,0.6428571428571429,10
1400,2013-09-16,49,354,0.6483516483516484,11
1401,2013-09-17,49,356,0.652014652014652,11
1402,2013-09-18,49,346,0.6336996336996337,10
1403,2013-09-19,49,339,0.6208791208791209,10
1404,2013-09-23,49,342,0.6263736263736264,10
1405,2013-09-24,49,347,0.6355311355311355,10
1406,2013-09-25,49,346,0.6336996336996337,10
1407,2013-09-26,49,345,0.6318681318681318,10
1408,2013-09-27,49,340,0.6227106227106227,10
1409,2013-09-30,49,342,0.6263736263736264,11
1410,2013-10-02,49,341,0.6245421245421245,10
1411,2013-10-03,49,326,0.5970695970695971,11
1412,2013-10-04,49,331,0.6062271062271062,11
1413,2013-10-07,49,338,0.6190476190476191,12
1414,2013-10-08,49,345,0.6318681318681318,11
1415,2013-10-09,49,357,0.6538461538461539,11
1416,2013-10-10,49,347,0.6355311355311355,11
1417,2013-10-11,49,349,0.6391941391941391,11
1418,2013-10-15,49,341,0.6245421245421245,12
1419,2013-10-16,49,342,0.6263736263736264,10
1420,2013-10-17,49,353,0.6465201465201466,11
1421,2013-10-18,49,341,0.6245421245421245,10
1422,2013-10-21,49,354,0.6483516483516484,10
1423,2013-10-22,49,341,0.6245421245421245,10
1424,2013-10-23,49,340,0.6227106227106227,10
1425,2013-10-24,49,358,0.6556776556776557,10
1426,2013-10-25,49,351,0.6428571428571429,11
1427,2013-10-28,49,339,0.6208791208791209,10
1428,2013-10-29,49,341,0.6245421245421245,10
1429,2013-10-30,49,359,0.6575091575091575,11
1430,2013-10-31,49,353,0.6465201465201466,11
1431,2013-11-01,49,337,0.6172161172161172,11
1432,2013-11-04,49,345,0.6318681318681318,10
1433,2013-11-05,49,338,0.6190476190476191,11
1434,2013-11-06,49,346,0.6336996336996337,11
1435,2013-11-07,49,340,0.6227106227106227,10
1436,2013-11-08,49,343,0.6282051282051282,10
1437,2013-11-11,49,349,0.6391941391941391,10
1438,2013-11-12,49,343,0.6282051282051282,10
1439,2013-11-13,49,345,0.6318681318681318,10
1440,2013-11-14,49,356,0.652014652014652,11
1441,2013-11-15,49,351,0.6428571428571429,10
1442,2013-11-18,49,374,0.684981684981685,10
1443,2013-11-19,49,364,0.6666666666666666,11
1444,2013-11-20,49,358,0.6556776556776557,10
1445,2013-11-21,49,357,0.6538461538461539,10
1446,2013-11-22,49,353,0.6465201465201466,10
1447,2013-11-25,49,363,0.6648351648351648,11
1448,2013-11-26,49,347,0.6355311355311355,11
1449,2013-11-27,49,347,0.6355311355311355,11
1450,2013-11-28,49,353,0.6465201465201466,11
1451,2013-11-29,49,349,0.6391941391941391,11
1452,2013-12-02,49,342,0.6263736263736264,10
1453,2013-12-03,49,348,0.6373626373626373,11
1454,2013-12-04,49,347,0.6355311355311355,11
1455,2013-12-05,49,344,0.63003663003663,10
1456,2013-12-06,49,329,0.6025641025641025,10
1457,2013-12-09,49,337,0.6172161172161172,10
1458,2013-12-10,49,341,0.6245421245421245,11
1459,2013-12-11,49,344,0.63003663003663,11
1460,2013-12-12,49,327,0.5989010989010989,10
1461,2013-12-13,49,330,0.6043956043956044,10
1462,2013-12-16,49,341,0.6245421245421245,11
1463,2013-12-17,49,334,0.6117216117216118,11
1464,2013-12-18,49,345,0.6318681318681318,11
1465,2013-12-19,49,341,0.6245421245421245,10
1466,2013-12-20,49,334,0.6117216117216118,11
1467,2013-12-23,49,322,0.5897435897435898,10
1468,2013-12-24,49,326,0.5970695970695971,10
1469,2013-12-27,49,325,0.5952380952380952,11
1470,2013-12-30,49,313,0.5732600732600732,10
1471,2013-12-31,49,312,0.5714285714285714,10
1472,2014-01-02,49,300,0.5494505494505495,10
1473,2014-01-03,49,306,0.5604395604395604,10
1474,2014-01-06,49,306,0.5604395604395604,10
1475,2014-01-07,49,306,0.5604395604395604,10
1476,2014-01-08,49,317,0.5805860805860806,10
1477,2014-01-09,49,311,0.5695970695970696,10
1478,2014-01-10,49,315,0.5769230769230769,10
1479,2014-01-13,49,316,0.5787545787545788,10
1480,2014-01-14,49,319,0.5842490842490843,10
1481,2014-01-15,49,327,0.5989010989010989,11
1482,2014-01-16,49,307,0.5622710622710623,11
1483,2014-01-17,49,301,0.5512820512820513,10
1484,2014-01-20,49,314,0.575091575091575,10
1485,2014-01-21,49,309,0.5659340659340659,10
1486,2014-01-22,49,313,0.5732600732600732,10
1487,2014-01-23,49,326,0.5970695970695971,10
1488,2014-01-24,49,316,0.5787545787545788,10
1489,2014-01-27,49,320,0.5860805860805861,11
1490,2014-01-28,50,336,0.6010733452593918,10
1491,2014-01-29,50,338,0.6046511627906976,11
1492,2014-01-30,50,336,0.6010733452593918,11
1493,2014-02-04,50,341,0.6100178890876565,10
1494,2014-02-05,50,348,0.6225402504472272,11
1495,2014-02-06,50,348,0.6225402504472272,10
1496,2014-02-07,50,359,0.6422182468694096,11
1497,2014-02-10,50,356,0.6368515205724508,10
1498,2014-02-11,50,361,0.6457960644007156,10
1499,2014-02-12,50,359,0.6422182468694096,10
1500,2014-02-13,50,359,0.6422182468694096,10
1501,2014-02-14,50,354,0.6332737030411449,10
1502,2014-02-17,50,362,0.6475849731663685,11
1503,2014-02-18,50,349,0.6243291592128801,10
1504,2014-02-19,50,362,0.6475849731663685,11
1505,2014-02-20,50,350,0.6261180679785331,10
1506,2014-02-21,50,345,0.6171735241502684,11
1507,2014-02-24,50,344,0.6153846153846154,10
1508,2014-02-25,50,357,0.6386404293381037,10
1509,2014-02-26,50,359,0.6422182468694096,10
1510,2014-02-27,50,356,0.6368515205724508,10
1511,2014-02-28,50,357,0.6386404293381037,10
1512,2014-03-03,50,367,0.6565295169946332,11
1513,2014-03-04,50,381,0.6815742397137746,10
1514,2014-03-05,50,369,0.6601073345259392,11
1515,2014-03-06,50,377,0.6744186046511628,10
1516,2014-03-07,50,364,0.6511627906976745,10
1517,2014-03-10,50,364,0.6511627906976745,10
1518,2014-03-11,50,361,0.6457960644007156,10
1519,2014-03-12,50,354,0.6332737030411449,11
1520,2014-03-13,50,361,0.6457960644007156,11
1521,2014-03-14,50,353,0.631484794275492,10
1522,2014-03-17,50,349,0.6243291592128801,10
1523,2014-03-18,50,350,0.6261180679785331,10
1524,2014-03-19,50,334,0.5974955277280859,10
1525,2014-03-20,50,337,0.6028622540250447,10
1526,2014-03-21,50,344,0.6153846153846154,10
1527,2014-03-24,50,351,0.627906976744186,10
1528,2014-03-25,50,350,0.6261180679785331,10
1529,2014-03-26,50,345,0.6171735241502684,10
1530,2014-03-27,50,337,0.6028622540250447,11
1531,2014-03-28,50,341,0.6100178890876565,11
1532,2014-03-31,50,343,0.6135957066189625,10
1533,2014-04-01,50,348,0.6225402504472272,10
1534,2014-04-02,50,347,0.6207513416815742,11
1535,2014-04-03,50,331,0.592128801431127,11
1536,2014-04-04,50,351,0.627906976744186,11
1537,2014-04-07,50,343,0.6135957066189625,11
1538,2014-04-08,50,341,0.6100178890876565,10
1539,2014-04-09,50,345,0.6171735241502684,10
1540,2014-04-10,50,332,0.59391771019678,11
1541,2014-04-11,50,339,0.6064400715563506,11
1542,2014-04-14,50,326,0.5831842576028623,10
1543,2014-04-15,50,341,0.6100178890876565,10
1544,2014-04-16,50,322,0.5760286225402504,10
1545,2014-04-17,50,319,0.5706618962432916,9
1546,2014-04-22,50,330,0.590339892665474,9
1547,2014-04-23,50,313,0.5599284436493739,10
1548,2014-04-24,50,302,0.5402504472271914,10
1549,2014-04-25,50,317,0.5670840787119857,10
1550,2014-04-28,50,328,0.5867620751341681,10
1551,2014-04-29,50,333,0.5957066189624329,10
1552,2014-04-30,50,330,0.590339892665474,10
1553,2014-05-02,50,337,0.6028622540250447,10
1554,2014-05-05,50,342,0.6118067978533095,10
1555,2014-05-07,50,333,0.5957066189624329,10
1556,2014-05-08,50,336,0.6010733452593918,10
1557,2014-05-09,50,319,0.5706618962432916,10
1558,2014-05-12,50,340,0.6082289803220036,10
1559,2014-05-13,50,334,0.5974955277280859,10
1560,2014-05-14,50,340,0.6082289803220036,10
1561,2014-05-15,50,323,0.5778175313059034,10
1562,2014-05-16,50,333,0.5957066189624329,10
1563,2014-05-19,50,331,0.592128801431127,10
1564,2014-05-20,50,332,0.59391771019678,11
1565,2014-05-21,50,328,0.5867620751341681,10
1566,2014-05-22,50,335,0.5992844364937389,10
1567,2014-05-23,50,329,0.5885509838998211,10
1568,2014-05-26,50,335,0.5992844364937389,11
1569,2014-05-27,50,336,0.6010733452593918,11
1570,2014-05-28,50,333,0.5957066189624329,10
1571,2014-05-29,50,330,0.590339892665474,11
1572,2014-05-30,50,347,0.6207513416815742,11
1573,2014-06-03,50,328,0.5867620751341681,10
1574,2014-06-04,50,328,0.5867620751341681,9
1575,2014-06-05,50,324,0.5796064400715564,10
1576,2014-06-06,50,342,0.6118067978533095,10
1577,2014-06-09,50,335,0.5992844364937389,10
1578,2014-06-10,50,335,0.5992844364937389,10
1579,2014-06-11,50,323,0.5778175313059034,11
1580,2014-06-12,50,325,0.5813953488372093,10
1581,2014-06-13,50,315,0.5635062611806798,10
1582,2014-06-16,50,308,0.5509838998211091,10
1583,2014-06-17,50,312,0.5581395348837209,10
1584,2014-06-18,50,312,0.5581395348837209,10
1585,2014-06-19,50,307,0.5491949910554562,9
1586,2014-06-20,50,298,0.5330948121645797,10
1587,2014-06-23,50,324,0.5796064400715564,10
1588,2014-06-24,50,310,0.554561717352415,9
1589,2014-06-25,50,320,0.5724508050089445,10
1590,2014-06-26,50,312,0.5581395348837209,11
1591,2014-06-27,50,312,0.5581395348837209,11
1592,2014-06-30,50,310,0.554561717352415,10
1593,2014-07-02,50,318,0.5688729874776386,10
1594,2014-07-03,50,314,0.5617173524150268,10
1595,2014-07-04,50,320,0.5724508050089445,10
1596,2014-07-07,50,308,0.5509838998211091,10
1597,2014-07-08,50,315,0.5635062611806798,10
1598,2014-07-09,50,322,0.5760286225402504,11
1599,2014-07-10,50,318,0.5688729874776386,10
1600,2014-07-11,50,309,0.552772808586762,10
1601,2014-07-14,50,325,0.5813953488372093,11
1602,2014-07-15,50,330,0.590339892665474,11
1603,2014-07-16,50,320,0.5724508050089445,11
1604,2014-07-17,50,319,0.5706618962432916,10
1605,2014-07-18,50,326,0.5831842576028623,11
1606,2014-07-21,50,319,0.5706618962432916,11
1607,2014-07-22,50,323,0.5778175313059034,10
1608,2014-07-23,50,323,0.5778175313059034,10
1609,2014-07-24,50,328,0.5867620751341681,10
1610,2014-07-25,50,317,0.5670840787119857,10
1611,2014-07-28,50,336,0.6010733452593918,11
1612,2014-07-29,50,333,0.5957066189624329,11
1613,2014-07-30,50,323,0.5778175313059034,11
1614,2014-07-31,50,323,0.5778175313059034,11
1615,2014-08-01,50,353,0.631484794275492,12
1616,2014-08-04,50,340,0.6082289803220036,11
1617,2014-08-05,50,333,0.5957066189624329,11
1618,2014-08-06,50,339,0.6064400715563506,10
1619,2014-08-07,50,326,0.5831842576028623,10
1620,2014-08-08,50,342,0.6118067978533095,11
1621,2014-08-11,50,341,0.6100178890876565,11
1622,2014-08-12,50,338,0.6046511627906976,10
1623,2014-08-13,50,338,0.6046511627906976,10
1624,2014-08-14,50,335,0.5992844364937389,10
1625,2014-08-15,50,336,0.6010733452593918,10
1626,2014-08-18,50,336,0.6010733452593918,9
1627,2014-08-19,50,346,0.6189624329159212,11
1628,2014-08-20,50,330,0.590339892665474,10
1629,2014-08-21,50,332,0.59391771019678,10
1630,2014-08-22,50,346,0.6189624329159212,10
1631,2014-08-25,50,335,0.5992844364937389,10
1632,2014-08-26,50,348,0.6225402504472272,10
1633,2014-08-27,50,352,0.629695885509839,10
1634,2014-08-28,50,344,0.6153846153846154,11
1635,2014-08-29,50,341,0.6100178890876565,10
1636,2014-09-01,50,342,0.6118067978533095,10
1637,2014-09-02,50,332,0.59391771019678,10
1638,2014-09-03,50,327,0.5849731663685152,11
1639,2014-09-04,50,320,0.5724508050089445,10
1640,2014-09-05,50,329,0.5885509838998211,11
1641,2014-09-08,50,322,0.5760286225402504,10
1642,2014-09-10,50,321,0.5742397137745975,10
1643,2014-09-11,50,334,0.5974955277280859,10
1644,2014-09-12,50,328,0.5867620751341681,11
1645,2014-09-15,50,334,0.5974955277280859,10
1646,2014-09-16,50,334,0.5974955277280859,10
1647,2014-09-17,51,334,0.583916083916084,10
1648,2014-09-18,51,353,0.6171328671328671,10
1649,2014-09-19,51,348,0.6083916083916084,10
1650,2014-09-22,51,371,0.6486013986013986,10
1651,2014-09-23,51,357,0.6241258741258742,10
1652,2014-09-24,51,343,0.5996503496503497,10
1653,2014-09-25,51,338,0.5909090909090909,10
1654,2014-09-26,51,346,0.6048951048951049,10
1655,2014-09-29,51,358,0.6258741258741258,11
1656,2014-09-30,51,363,0.6346153846153846,11
1657,2014-10-03,51,351,0.6136363636363636,10
1658,2014-10-06,51,375,0.6555944055944056,11
1659,2014-10-07,51,354,0.6188811188811189,10
1660,2014-10-08,51,360,0.6293706293706294,11
1661,2014-10-09,51,369,0.6451048951048951,11
1662,2014-10-10,51,371,0.6486013986013986,10
1663,2014-10-13,51,374,0.6538461538461539,10
1664,2014-10-14,51,359,0.6276223776223776,10
1665,2014-10-15,51,381,0.666083916083916,11
1666,2014-10-16,51,381,0.666083916083916,10
1667,2014-10-17,51,384,0.6713286713286714,10
1668,2014-10-20,51,378,0.6608391608391608,11
1669,2014-10-21,51,376,0.6573426573426573,11
1670,2014-10-22,51,369,0.6451048951048951,10
1671,2014-10-23,51,380,0.6643356643356644,12
1672,2014-10-24,51,377,0.6590909090909091,10
1673,2014-10-27,51,374,0.6538461538461539,10
1674,2014-10-28,51,381,0.666083916083916,11
1675,2014-10-29,51,381,0.666083916083916,10
1676,2014-10-30,51,379,0.6625874125874126,11
1677,2014-10-31,51,387,0.6765734265734266,11
1678,2014-11-03,51,391,0.6835664335664335,10
1679,2014-11-04,51,390,0.6818181818181818,11
1680,2014-11-05,51,386,0.6748251748251748,10
1681,2014-11-06,51,378,0.6608391608391608,10
1682,2014-11-07,51,383,0.6695804195804196,11
1683,2014-11-10,51,379,0.6625874125874126,10
1684,2014-11-11,51,382,0.6678321678321678,11
1685,2014-11-12,51,367,0.6416083916083916,11
1686,2014-11-13,51,373,0.6520979020979021,11
1687,2014-11-14,51,365,0.6381118881118881,10
1688,2014-11-17,51,370,0.6468531468531469,11
1689,2014-11-18,51,369,0.6451048951048951,10
1690,2014-11-19,51,363,0.6346153846153846,11
1691,2014-11-20,51,360,0.6293706293706294,11
1692,2014-11-21,51,358,0.6258741258741258,10
1693,2014-11-24,51,362,0.6328671328671329,10
1694,2014-11-25,51,356,0.6223776223776224,11
1695,2014-11-26,51,353,0.6171328671328671,10
1696,2014-11-27,51,348,0.6083916083916084,11
1697,2014-11-28,51,350,0.6118881118881119,10
1698,2014-12-01,51,351,0.6136363636363636,11
1699,2014-12-02,51,348,0.6083916083916084,10
1700,2014-12-03,51,360,0.6293706293706294,10
1701,2014-12-04,51,357,0.6241258741258742,11
1702,2014-12-05,51,358,0.6258741258741258,11
1703,2014-12-08,51,361,0.6311188811188811,10
1704,2014-12-09,51,352,0.6153846153846154,11
1705,2014-12-10,51,356,0.6223776223776224,11
1706,2014-12-11,51,348,0.6083916083916084,10
1707,2014-12-12,51,335,0.5856643356643356,10
1708,2014-12-15,51,337,0.5891608391608392,10
1709,2014-12-16,51,336,0.5874125874125874,10
1710,2014-12-17,51,330,0.5769230769230769,10
1711,2014-12-18,51,344,0.6013986013986014,10
1712,2014-12-19,51,355,0.6206293706293706,10
1713,2014-12-22,51,345,0.6031468531468531,10
1714,2014-12-23,51,346,0.6048951048951049,10
1715,2014-12-24,51,348,0.6083916083916084,10
1716,2014-12-29,51,355,0.6206293706293706,10
1717,2014-12-30,51,363,0.6346153846153846,10
1718,2014-12-31,51,362,0.6328671328671329,11
1719,2015-01-02,51,363,0.6346153846153846,11
1720,2015-01-05,51,360,0.6293706293706294,10
1721,2015-01-06,51,362,0.6328671328671329,10
1722,2015-01-07,51,364,0.6363636363636364,10
1723,2015-01-08,51,355,0.6206293706293706,11
1724,2015-01-09,51,354,0.6188811188811189,11
1725,2015-01-12,51,354,0.6188811188811189,10
1726,2015-01-13,51,354,0.6188811188811189,10
1727,2015-01-14,51,351,0.6136363636363636,10
1728,2015-01-15,51,339,0.5926573426573427,11
1729,2015-01-16,51,343,0.5996503496503497,9
1730,2015-01-19,51,347,0.6066433566433567,10
1731,2015-01-20,51,347,0.6066433566433567,10
1732,2015-01-21,51,348,0.6083916083916084,11
1733,2015-01-22,51,344,0.6013986013986014,10
1734,2015-01-23,51,357,0.6241258741258742,10
1735,2015-01-26,51,342,0.5979020979020979,10
1736,2015-01-27,51,338,0.5909090909090909,10
1737,2015-01-28,51,342,0.5979020979020979,12
1738,2015-01-29,51,343,0.5996503496503497,10
1739,2015-01-30,51,331,0.5786713286713286,10
1740,2015-02-02,51,347,0.6066433566433567,11
1741,2015-02-03,51,339,0.5926573426573427,10
1742,2015-02-04,51,336,0.5874125874125874,10
1743,2015-02-05,51,344,0.6013986013986014,10
1744,2015-02-06,51,334,0.583916083916084,10
1745,2015-02-09,51,339,0.5926573426573427,11
1746,2015-02-10,51,333,0.5821678321678322,10
1747,2015-02-11,51,327,0.5716783216783217,10
1748,2015-02-12,51,327,0.5716783216783217,9
1749,2015-02-13,51,331,0.5786713286713286,10
1750,2015-02-16,51,337,0.5891608391608392,10
1751,2015-02-17,51,337,0.5891608391608392,10
1752,2015-02-18,51,333,0.5821678321678322,10
1753,2015-02-23,51,351,0.6136363636363636,10
1754,2015-02-24,51,344,0.6013986013986014,11
1755,2015-02-25,51,336,0.5874125874125874,11
1756,2015-02-26,51,344,0.6013986013986014,10
1757,2015-02-27,51,336,0.5874125874125874,10
1758,2015-03-02,51,330,0.5769230769230769,10
1759,2015-03-03,51,345,0.6031468531468531,10
1760,2015-03-04,51,330,0.5769230769230769,11
1761,2015-03-05,51,319,0.5576923076923077,11
1762,2015-03-06,51,319,0.5576923076923077,9
1763,2015-03-09,51,315,0.5506993006993007,10
1764,2015-03-10,51,318,0.5559440559440559,10
1765,2015-03-11,51,311,0.5437062937062938,10
1766,2015-03-12,51,313,0.5472027972027972,10
1767,2015-03-13,51,321,0.5611888111888111,11
1768,2015-03-16,51,315,0.5506993006993007,9
1769,2015-03-17,51,309,0.5402097902097902,10
1770,2015-03-18,51,318,0.5559440559440559,10
1771,2015-03-19,51,320,0.5594405594405595,10
1772,2015-03-20,51,322,0.5629370629370629,10
1773,2015-03-23,51,331,0.5786713286713286,11
1774,2015-03-24,51,325,0.5681818181818182,10
1775,2015-03-25,51,310,0.541958041958042,10
1776,2015-03-26,51,310,0.541958041958042,10
1777,2015-03-27,51,307,0.5367132867132867,10
1778,2015-03-30,51,310,0.541958041958042,10
1779,2015-03-31,51,294,0.513986013986014,9
1780,2015-04-01,51,318,0.5559440559440559,10
1781,2015-04-02,51,318,0.5559440559440559,10
1782,2015-04-08,51,322,0.5629370629370629,9
1783,2015-04-09,51,330,0.5769230769230769,10
1784,2015-04-10,51,327,0.5716783216783217,10
1785,2015-04-13,51,340,0.5944055944055944,11
1786,2015-04-14,51,349,0.6101398601398601,11
1787,2015-04-15,51,327,0.5716783216783217,11
1788,2015-04-16,51,354,0.6188811188811189,10
1789,2015-04-17,51,339,0.5926573426573427,10
1790,2015-04-20,51,340,0.5944055944055944,11
1791,2015-04-21,51,350,0.6118881118881119,10
1792,2015-04-22,51,353,0.6171328671328671,10
1793,2015-04-23,51,352,0.6153846153846154,10
1794,2015-04-24,51,337,0.5891608391608392,10
1795,2015-04-27,51,341,0.5961538461538461,10
1796,2015-04-28,51,342,0.5979020979020979,10
1797,2015-04-29,51,341,0.5961538461538461,10
1798,2015-04-30,51,347,0.6066433566433567,10
1799,2015-05-04,51,334,0.583916083916084,10
1800,2015-05-05,51,339,0.5926573426573427,10
1801,2015-05-06,51,336,0.5874125874125874,11
1802,2015-05-07,51,345,0.6031468531468531,10
1803,2015-05-08,51,353,0.6171328671328671,10
1804,2015-05-11,51,350,0.6118881118881119,10
1805,2015-05-12,51,362,0.6328671328671329,10
1806,2015-05-13,51,359,0.6276223776223776,10
1807,2015-05-14,51,359,0.6276223776223776,10
1808,2015-05-15,51,356,0.6223776223776224,10
1809,2015-05-18,51,368,0.6433566433566433,10
1810,2015-05-19,51,374,0.6538461538461539,10
1811,2015-05-20,51,359,0.6276223776223776,11
1812,2015-05-21,51,359,0.6276223776223776,10
1813,2015-05-22,51,358,0.6258741258741258,11
1814,2015-05-26,51,363,0.6346153846153846,10
1815,2015-05-27,51,363,0.6346153846153846,10
1816,2015-05-28,51,364,0.6363636363636364,11
1817,2015-05-29,51,366,0.6398601398601399,10
1818,2015-06-01,51,365,0.6381118881118881,11
1819,2015-06-02,51,366,0.6398601398601399,10
1820,2015-06-03,51,367,0.6416083916083916,10
1821,2015-06-04,51,344,0.6013986013986014,11
1822,2015-06-05,51,359,0.6276223776223776,10
1823,2015-06-08,51,356,0.6223776223776224,10
1824,2015-06-09,51,354,0.6188811188811189,10
1825,2015-06-10,51,345,0.6031468531468531,10
1826,2015-06-11,51,349,0.6101398601398601,10
1827,2015-06-12,51,355,0.6206293706293706,10
1828,2015-06-15,51,364,0.6363636363636364,10
1829,2015-06-16,51,376,0.6573426573426573,10
1830,2015-06-17,51,375,0.6555944055944056,10
1831,2015-06-18,51,381,0.666083916083916,11
1832,2015-06-19,51,377,0.6590909090909091,11
1833,2015-06-22,51,371,0.6486013986013986,10
1834,2015-06-23,51,376,0.6573426573426573,10
1835,2015-06-24,51,365,0.6381118881118881,11
1836,2015-06-25,51,371,0.6486013986013986,11
1837,2015-06-26,51,371,0.6486013986013986,12
1838,2015-06-29,51,372,0.6503496503496503,11
1839,2015-06-30,51,377,0.6590909090909091,11
1840,2015-07-02,51,383,0.6695804195804196,11
1841,2015-07-03,51,385,0.6730769230769231,11
1842,2015-07-06,51,382,0.6678321678321678,11
1843,2015-07-07,51,381,0.666083916083916,11
1844,2015-07-08,51,387,0.6765734265734266,11
1845,2015-07-09,51,380,0.6643356643356644,12
1846,2015-07-10,51,392,0.6853146853146853,12
1847,2015-07-13,51,388,0.6783216783216783,12
1848,2015-07-14,51,388,0.6783216783216783,11
1849,2015-07-15,51,387,0.6765734265734266,12
1850,2015-07-16,52,401,0.6854700854700855,11
1851,2015-07-17,52,410,0.7008547008547008,11
1852,2015-07-20,52,398,0.6803418803418804,10
1853,2015-07-21,52,411,0.7025641025641025,11
1854,2015-07-22,52,418,0.7145299145299145,11
1855,2015-07-23,52,411,0.7025641025641025,10
1856,2015-07-24,52,413,0.705982905982906,11
1857,2015-07-27,52,415,0.7094017094017094,11
1858,2015-07-28,52,413,0.705982905982906,11
1859,2015-07-29,52,400,0.6837606837606838,12
1860,2015-07-30,52,382,0.652991452991453,10
1861,2015-07-31,52,395,0.6752136752136753,10
1862,2015-08-03,52,405,0.6923076923076923,10
1863,2015-08-04,52,387,0.6615384615384615,11
1864,2015-08-05,52,381,0.6512820512820513,11
1865,2015-08-06,52,383,0.6547008547008547,10
1866,2015-08-07,52,393,0.6717948717948717,11
1867,2015-08-10,52,379,0.6478632478632479,10
1868,2015-08-11,52,377,0.6444444444444445,11
1869,2015-08-12,52,371,0.6341880341880342,10
1870,2015-08-13,52,377,0.6444444444444445,11
1871,2015-08-14,52,373,0.6376068376068376,11
1872,2015-08-17,52,376,0.6427350427350428,11
1873,2015-08-18,52,370,0.6324786324786325,10
1874,2015-08-19,52,373,0.6376068376068376,10
1875,2015-08-20,52,372,0.6358974358974359,10
1876,2015-08-21,52,371,0.6341880341880342,10
1877,2015-08-24,52,370,0.6324786324786325,11
1878,2015-08-25,52,358,0.611965811965812,10
1879,2015-08-26,52,370,0.6324786324786325,11
1880,2015-08-27,52,368,0.629059829059829,11
1881,2015-08-28,52,361,0.6170940170940171,10
1882,2015-08-31,52,373,0.6376068376068376,10
1883,2015-09-01,52,355,0.6068376068376068,11
1884,2015-09-02,52,374,0.6393162393162393,11
1885,2015-09-04,52,362,0.6188034188034188,11
1886,2015-09-07,52,367,0.6273504273504273,10
1887,2015-09-08,52,365,0.6239316239316239,10
1888,2015-09-09,52,375,0.6410256410256411,10
1889,2015-09-10,52,383,0.6547008547008547,10
1890,2015-09-11,52,374,0.6393162393162393,10
1891,2015-09-14,52,373,0.6376068376068376,10
1892,2015-09-15,52,363,0.6205128205128205,10
1893,2015-09-16,52,370,0.6324786324786325,11
1894,2015-09-17,52,379,0.6478632478632479,11
1895,2015-09-18,52,372,0.6358974358974359,10
1896,2015-09-21,52,372,0.6358974358974359,12
1897,2015-09-22,52,368,0.629059829059829,11
1898,2015-09-23,52,374,0.6393162393162393,11
1899,2015-09-24,52,364,0.6222222222222222,10
1900,2015-09-25,52,372,0.6358974358974359,10
1901,2015-09-29,52,383,0.6547008547008547,11
1902,2015-09-30,52,378,0.6461538461538462,11
1903,2015-10-02,52,379,0.6478632478632479,10
1904,2015-10-05,52,380,0.6495726495726496,10
1905,2015-10-06,52,381,0.6512820512820513,10
1906,2015-10-07,52,384,0.6564102564102564,12
1907,2015-10-08,52,376,0.6427350427350428,10
1908,2015-10-09,52,388,0.6632478632478632,11
1909,2015-10-12,52,389,0.6649572649572649,10
1910,2015-10-13,52,388,0.6632478632478632,11
1911,2015-10-14,52,378,0.6461538461538462,10
1912,2015-10-15,52,382,0.652991452991453,11
1913,2015-10-16,52,392,0.67008547008547,10
1914,2015-10-19,52,380,0.6495726495726496,11
1915,2015-10-20,52,381,0.6512820512820513,10
1916,2015-10-22,52,379,0.6478632478632479,11
1917,2015-10-23,52,385,0.6581196581196581,11
1918,2015-10-26,52,373,0.6376068376068376,10
1919,2015-10-27,52,370,0.6324786324786325,10
1920,2015-10-28,52,366,0.6256410256410256,11
1921,2015-10-29,52,384,0.6564102564102564,11
1922,2015-10-30,52,382,0.652991452991453,12
1923,2015-11-02,52,370,0.6324786324786325,10
1924,2015-11-03,52,381,0.6512820512820513,10
1925,2015-11-04,52,389,0.6649572649572649,11
1926,2015-11-05,52,389,0.6649572649572649,11
1927,2015-11-06,52,394,0.6735042735042736,10
1928,2015-11-09,52,384,0.6564102564102564,11
1929,2015-11-10,52,395,0.6752136752136753,11
1930,2015-11-11,52,386,0.6598290598290598,11
1931,2015-11-12,52,386,0.6598290598290598,11
1932,2015-11-13,52,400,0.6837606837606838,11
1933,2015-11-16,52,388,0.6632478632478632,11
1934,2015-11-17,52,397,0.6786324786324787,11
1935,2015-11-18,52,389,0.6649572649572649,11
1936,2015-11-19,52,397,0.6786324786324787,10
1937,2015-11-20,52,392,0.67008547008547,12
1938,2015-11-23,52,391,0.6683760683760683,11
1939,2015-11-24,52,387,0.6615384615384615,10
1940,2015-11-25,52,378,0.6461538461538462,11
1941,2015-11-26,52,385,0.6581196581196581,10
1942,2015-11-27,52,389,0.6649572649572649,11
1943,2015-11-30,52,382,0.652991452991453,12
1944,2015-12-01,52,387,0.6615384615384615,12
1945,2015-12-02,52,396,0.676923076923077,11
1946,2015-12-03,52,398,0.6803418803418804,11
1947,2015-12-04,52,390,0.6666666666666666,11
1948,2015-12-07,52,386,0.6598290598290598,11
1949,2015-12-08,52,388,0.6632478632478632,11
1950,2015-12-09,52,382,0.652991452991453,11
1951,2015-12-10,52,395,0.6752136752136753,13
1952,2015-12-11,52,385,0.6581196581196581,11
1953,2015-12-14,52,381,0.6512820512820513,10
1954,2015-12-15,52,368,0.629059829059829,10
1955,2015-12-16,52,370,0.6324786324786325,11
1956,2015-12-17,52,376,0.6427350427350428,11
1957,2015-12-18,52,382,0.652991452991453,10
1958,2015-12-21,52,392,0.67008547008547,10
1959,2015-12-22,52,376,0.6427350427350428,10
1960,2015-12-23,52,383,0.6547008547008547,11
1961,2015-12-24,52,380,0.6495726495726496,10
1962,2015-12-28,52,380,0.6495726495726496,12
1963,2015-12-29,52,369,0.6307692307692307,10
1964,2015-12-30,52,358,0.611965811965812,10
1965,2015-12-31,52,362,0.6188034188034188,10
1966,2016-01-04,52,367,0.6273504273504273,11
1967,2016-01-05,52,361,0.6170940170940171,10
1968,2016-01-06,52,366,0.6256410256410256,10
1969,2016-01-07,52,368,0.629059829059829,11
1970,2016-01-08,52,369,0.6307692307692307,10
1971,2016-01-11,52,366,0.6256410256410256,11
1972,2016-01-12,52,371,0.6341880341880342,11
1973,2016-01-13,52,377,0.6444444444444445,11
1974,2016-01-14,52,363,0.6205128205128205,10
1975,2016-01-15,52,368,0.629059829059829,11
1976,2016-01-18,52,367,0.6273504273504273,11
1977,2016-01-19,52,371,0.6341880341880342,10
1978,2016-01-20,52,380,0.6495726495726496,11
1979,2016-01-21,52,379,0.6478632478632479,11
1980,2016-01-22,52,390,0.6666666666666666,10
1981,2016-01-25,52,392,0.67008547008547,10
1982,2016-01-26,52,400,0.6837606837606838,11
1983,2016-01-27,52,399,0.6820512820512821,11
1984,2016-01-28,52,403,0.6888888888888889,11
1985,2016-01-29,52,401,0.6854700854700855,11
1986,2016-02-01,52,395,0.6752136752136753,11
1987,2016-02-02,52,386,0.6598290598290598,10
1988,2016-02-03,52,391,0.6683760683760683,10
1989,2016-02-04,52,397,0.6786324786324787,13
1990,2016-02-05,52,395,0.6752136752136753,10
1991,2016-02-11,52,395,0.6752136752136753,10
1992,2016-02-12,52,394,0.6735042735042736,11
1993,2016-02-15,52,405,0.6923076923076923,12
1994,2016-02-16,52,407,0.6957264957264957,12
1995,2016-02-17,52,410,0.7008547008547008,11
1996,2016-02-18,52,417,0.7128205128205128,11
1997,2016-02-19,52,412,0.7042735042735043,10
1998,2016-02-22,52,409,0.6991452991452991,10
1999,2016-02-23,52,407,0.6957264957264957,10
2000,2016-02-24,52,412,0.7042735042735043,11
2001,2016-02-25,52,415,0.7094017094017094,11
2002,2016-02-26,52,425,0.7264957264957265,11
2003,2016-02-29,52,421,0.7196581196581197,12
2004,2016-03-01,52,423,0.7230769230769231,12
2005,2016-03-02,52,423,0.7230769230769231,12
2006,2016-03-03,52,417,0.7128205128205128,12
2007,2016-03-04,52,411,0.7025641025641025,11
2008,2016-03-07,52,408,0.6974358974358974,10
2009,2016-03-08,52,407,0.6957264957264957,10
2010,2016-03-09,52,403,0.6888888888888889,11
2011,2016-03-10,52,393,0.6717948717948717,10
2012,2016-03-11,52,400,0.6837606837606838,12
2013,2016-03-14,52,397,0.6786324786324787,11
2014,2016-03-15,52,395,0.6752136752136753,11
2015,2016-03-16,52,396,0.676923076923077,11
2016,2016-03-17,52,405,0.6923076923076923,12
2017,2016-03-18,52,404,0.6905982905982906,11
2018,2016-03-21,52,395,0.6752136752136753,10
2019,2016-03-22,52,389,0.6649572649572649,12
2020,2016-03-23,52,393,0.6717948717948717,11
2021,2016-03-24,52,394,0.6735042735042736,11
2022,2016-03-29,52,391,0.6683760683760683,12
2023,2016-03-30,52,384,0.6564102564102564,11
2024,2016-03-31,52,380,0.6495726495726496,11
2025,2016-04-01,52,380,0.6495726495726496,11
2026,2016-04-05,52,376,0.6427350427350428,10
2027,2016-04-06,52,373,0.6376068376068376,10
2028,2016-04-07,52,387,0.6615384615384615,11
2029,2016-04-08,52,382,0.652991452991453,10
2030,2016-04-11,52,377,0.6444444444444445,11
2031,2016-04-12,52,380,0.6495726495726496,11
2032,2016-04-13,52,373,0.6376068376068376,11
2033,2016-04-14,52,380,0.6495726495726496,11
2034,2016-04-15,52,363,0.6205128205128205,11
2035,2016-04-18,52,370,0.6324786324786325,11
2036,2016-04-19,52,377,0.6444444444444445,11
2037,2016-04-20,52,371,0.6341880341880342,10
2038,2016-04-21,52,365,0.6239316239316239,10
2039,2016-04-22,52,364,0.6222222222222222,10
2040,2016-04-25,52,369,0.6307692307692307,10
2041,2016-04-26,52,380,0.6495726495726496,10
2042,2016-04-27,52,367,0.6273504273504273,10
2043,2016-04-28,52,357,0.6102564102564103,10
2044,2016-04-29,52,365,0.6239316239316239,11
2045,2016-05-03,52,366,0.6256410256410256,10
2046,2016-05-04,52,374,0.6393162393162393,11
2047,2016-05-05,52,369,0.6307692307692307,10
2048,2016-05-06,52,383,0.6547008547008547,11
2049,2016-05-09,52,380,0.6495726495726496,10
2050,2016-05-10,52,386,0.6598290598290598,11
2051,2016-05-11,52,388,0.6632478632478632,10
2052,2016-05-12,52,378,0.6461538461538462,11
2053,2016-05-13,52,380,0.6495726495726496,10
2054,2016-05-16,52,373,0.6376068376068376,10
2055,2016-05-17,52,382,0.652991452991453,10
2056,2016-05-18,52,380,0.6495726495726496,11
2057,2016-05-19,52,397,0.6786324786324787,11
2058,2016-05-20,52,391,0.6683760683760683,11
2059,2016-05-23,52,375,0.6410256410256411,10
2060,2016-05-24,52,383,0.6547008547008547,11
2061,2016-05-25,52,387,0.6615384615384615,10
2062,2016-05-26,52,386,0.6598290598290598,10
2063,2016-05-27,52,379,0.6478632478632479,10
2064,2016-05-30,52,394,0.6735042735042736,10
2065,2016-05-31,52,388,0.6632478632478632,11
2066,2016-06-01,52,387,0.6615384615384615,10
2067,2016-06-02,52,385,0.6581196581196581,11
2068,2016-06-03,52,390,0.6666666666666666,10
2069,2016-06-06,52,380,0.6495726495726496,10
2070,2016-06-07,52,390,0.6666666666666666,10
2071,2016-06-08,52,374,0.6393162393162393,10
2072,2016-06-10,52,382,0.652991452991453,10
2073,2016-06-13,52,391,0.6683760683760683,11
2074,2016-06-14,52,385,0.6581196581196581,11
2075,2016-06-15,52,375,0.6410256410256411,10
2076,2016-06-16,52,383,0.6547008547008547,11
2077,2016-06-17,52,383,0.6547008547008547,10
2078,2016-06-20,52,386,0.6598290598290598,11
2079,2016-06-21,52,395,0.6752136752136753,11
2080,2016-06-22,52,395,0.6752136752136753,10
2081,2016-06-23,52,390,0.6666666666666666,10
2082,2016-06-24,52,389,0.6649572649572649,10
2083,2016-06-27,52,384,0.6564102564102564,11
2084,2016-06-28,52,394,0.6735042735042736,10
2085,2016-06-29,52,389,0.6649572649572649,11
2086,2016-06-30,52,385,0.6581196581196581,10
2087,2016-07-04,52,384,0.6564102564102564,10
2088,2016-07-05,52,389,0.6649572649572649,12
2089,2016-07-06,52,391,0.6683760683760683,11
2090,2016-07-07,52,392,0.67008547008547,11
2091,2016-07-08,52,388,0.6632478632478632,10
2092,2016-07-11,52,397,0.6786324786324787,11
2093,2016-07-12,52,407,0.6957264957264957,12
2094,2016-07-13,52,410,0.7008547008547008,12
2095,2016-07-14,52,409,0.6991452991452991,11
2096,2016-07-15,52,407,0.6957264957264957,11
2097,2016-07-18,52,413,0.705982905982906,10
2098,2016-07-19,52,412,0.7042735042735043,12
2099,2016-07-20,52,423,0.7230769230769231,11
2100,2016-07-21,52,418,0.7145299145299145,11
2101,2016-07-22,52,415,0.7094017094017094,11
2102,2016-07-25,52,422,0.7213675213675214,12
2103,2016-07-26,52,410,0.7008547008547008,11
2104,2016-07-27,52,402,0.6871794871794872,11
2105,2016-07-28,52,405,0.6923076923076923,12
2106,2016-07-29,52,406,0.694017094017094,10
2107,2016-08-01,52,405,0.6923076923076923,11
2108,2016-08-03,52,410,0.7008547008547008,13
2109,2016-08-04,52,404,0.6905982905982906,11
2110,2016-08-05,52,401,0.6854700854700855,11
2111,2016-08-08,52,404,0.6905982905982906,12
2112,2016-08-09,52,396,0.676923076923077,11
2113,2016-08-10,52,396,0.676923076923077,10
2114,2016-08-11,52,391,0.6683760683760683,10
2115,2016-08-12,52,397,0.6786324786324787,10
2116,2016-08-15,52,386,0.6598290598290598,10
2117,2016-08-16,52,395,0.6752136752136753,10
2118,2016-08-17,52,390,0.6666666666666666,11
2119,2016-08-18,52,378,0.6461538461538462,10
2120,2016-08-19,52,364,0.6222222222222222,10
2121,2016-08-22,52,365,0.6239316239316239,11
2122,2016-08-23,52,363,0.6205128205128205,11
2123,2016-08-24,52,354,0.6051282051282051,10
2124,2016-08-25,52,353,0.6034188034188034,11
2125,2016-08-26,52,345,0.5897435897435898,10
2126,2016-08-29,52,355,0.6068376068376068,10
2127,2016-08-30,52,352,0.6017094017094017,10
2128,2016-08-31,52,349,0.5965811965811966,10
2129,2016-09-01,52,348,0.5948717948717949,10
2130,2016-09-02,52,351,0.6,10
2131,2016-09-05,52,359,0.6136752136752137,11
2132,2016-09-06,52,356,0.6085470085470085,11
2133,2016-09-07,52,363,0.6205128205128205,10
2134,2016-09-08,52,369,0.6307692307692307,10
2135,2016-09-09,52,356,0.6085470085470085,11
2136,2016-09-12,52,357,0.6102564102564103,11
2137,2016-09-13,52,364,0.6222222222222222,10
2138,2016-09-14,52,353,0.6034188034188034,10
2139,2016-09-15,52,354,0.6051282051282051,10
2140,2016-09-19,52,337,0.576068376068376,10
2141,2016-09-20,52,327,0.558974358974359,10
2142,2016-09-21,52,331,0.5658119658119658,9
2143,2016-09-22,52,319,0.5452991452991452,9
2144,2016-09-23,52,321,0.5487179487179488,10
2145,2016-09-26,52,339,0.5794871794871795,10
2146,2016-09-27,52,344,0.588034188034188,11
2147,2016-09-28,52,338,0.5777777777777777,10
2148,2016-09-29,52,346,0.5914529914529915,10
2149,2016-09-30,52,348,0.5948717948717949,10
2150,2016-10-03,52,365,0.6239316239316239,10
2151,2016-10-04,52,361,0.6170940170940171,10
2152,2016-10-05,52,358,0.611965811965812,10
2153,2016-10-06,52,364,0.6222222222222222,10
2154,2016-10-07,52,359,0.6136752136752137,10
2155,2016-10-11,52,372,0.6358974358974359,13
2156,2016-10-12,52,357,0.6102564102564103,10
2157,2016-10-13,52,369,0.6307692307692307,10
2158,2016-10-14,52,381,0.6512820512820513,11
2159,2016-10-17,52,369,0.6307692307692307,11
2160,2016-10-18,52,376,0.6427350427350428,12
2161,2016-10-19,52,375,0.6410256410256411,10
2162,2016-10-20,52,374,0.6393162393162393,11
2163,2016-10-24,52,380,0.6495726495726496,11
2164,2016-10-25,52,370,0.6324786324786325,11
2165,2016-10-26,52,387,0.6615384615384615,10
2166,2016-10-27,52,383,0.6547008547008547,10
2167,2016-10-28,52,376,0.6427350427350428,12
2168,2016-10-31,52,371,0.6341880341880342,10
2169,2016-11-01,52,386,0.6598290598290598,11
2170,2016-11-02,52,397,0.6786324786324787,12
2171,2016-11-03,52,397,0.6786324786324787,12
2172,2016-11-04,52,402,0.6871794871794872,11
2173,2016-11-07,52,404,0.6905982905982906,11
2174,2016-11-08,52,403,0.6888888888888889,10
2175,2016-11-09,52,400,0.6837606837606838,10
2176,2016-11-10,52,391,0.6683760683760683,11
2177,2016-11-11,52,401,0.6854700854700855,10
2178,2016-11-14,52,411,0.7025641025641025,11
2179,2016-11-15,52,406,0.694017094017094,11
2180,2016-11-16,52,395,0.6752136752136753,10
2181,2016-11-17,52,385,0.6581196581196581,10
2182,2016-11-18,52,389,0.6649572649572649,10
2183,2016-11-21,52,397,0.6786324786324787,12
2184,2016-11-22,52,397,0.6786324786324787,10
2185,2016-11-23,52,402,0.6871794871794872,12
2186,2016-11-24,52,403,0.6888888888888889,11
2187,2016-11-25,52,402,0.6871794871794872,11
2188,2016-11-28,52,398,0.6803418803418804,10
2189,2016-11-29,52,394,0.6735042735042736,10
2190,2016-11-30,52,383,0.6547008547008547,11
2191,2016-12-01,52,386,0.6598290598290598,10
2192,2016-12-02,52,390,0.6666666666666666,13
2193,2016-12-05,52,378,0.6461538461538462,11
2194,2016-12-06,52,392,0.67008547008547,11
2195,2016-12-07,52,390,0.6666666666666666,11
2196,2016-12-08,52,383,0.6547008547008547,10
2197,2016-12-09,52,380,0.6495726495726496,10
2198,2016-12-12,52,372,0.6358974358974359,10
2199,2016-12-13,52,364,0.6222222222222222,11
2200,2016-12-14,52,366,0.6256410256410256,10
2201,2016-12-15,52,369,0.6307692307692307,11
2202,2016-12-16,52,360,0.6153846153846154,10
2203,2016-12-19,52,373,0.6376068376068376,10
2204,2016-12-20,52,372,0.6358974358974359,10
2205,2016-12-21,52,357,0.6102564102564103,11
2206,2016-12-22,52,363,0.6205128205128205,10
2207,2016-12-23,52,360,0.6153846153846154,11
2208,2016-12-28,52,354,0.6051282051282051,11
2209,2016-12-29,52,356,0.6085470085470085,11
2210,2016-12-30,52,371,0.6341880341880342,11
2211,2017-01-03,52,373,0.6376068376068376,10
2212,2017-01-04,52,371,0.6341880341880342,11
2213,2017-01-05,52,366,0.6256410256410256,10
2214,2017-01-06,52,365,0.6239316239316239,10
2215,2017-01-09,52,358,0.611965811965812,10
2216,2017-01-10,52,362,0.6188034188034188,10
2217,2017-01-11,52,367,0.6273504273504273,10
2218,2017-01-12,52,362,0.6188034188034188,11
2219,2017-01-13,52,372,0.6358974358974359,11
2220,2017-01-16,52,380,0.6495726495726496,10
2221,2017-01-17,52,382,0.652991452991453,10
2222,2017-01-18,52,375,0.6410256410256411,10
2223,2017-01-19,52,373,0.6376068376068376,10
2224,2017-01-20,52,394,0.6735042735042736,11
2225,2017-01-23,52,371,0.6341880341880342,10
2226,2017-01-24,52,377,0.6444444444444445,11
2227,2017-01-25,52,379,0.6478632478632479,10
2228,2017-01-26,52,385,0.6581196581196581,11
2229,2017-01-27,52,376,0.6427350427350428,11
2230,2017-02-01,52,368,0.629059829059829,11
2231,2017-02-02,52,373,0.6376068376068376,11
2232,2017-02-03,52,369,0.6307692307692307,11
2233,2017-02-06,52,373,0.6376068376068376,10
2234,2017-02-07,52,364,0.6222222222222222,11
2235,2017-02-08,52,378,0.6461538461538462,10
2236,2017-02-09,52,353,0.6034188034188034,10
2237,2017-02-10,52,353,0.6034188034188034,10
2238,2017-02-13,52,344,0.588034188034188,10
2239,2017-02-14,52,343,0.5863247863247864,10
2240,2017-02-15,52,337,0.576068376068376,10
2241,2017-02-16,52,335,0.5726495726495726,10
2242,2017-02-17,52,341,0.582905982905983,11
2243,2017-02-20,52,338,0.5777777777777777,12
2244,2017-02-21,52,343,0.5863247863247864,10
2245,2017-02-22,52,350,0.5982905982905983,11
2246,2017-02-23,52,341,0.582905982905983,10
2247,2017-02-24,52,340,0.5811965811965812,10
2248,2017-02-27,52,354,0.6051282051282051,10
2249,2017-02-28,52,342,0.5846153846153846,9
2250,2017-03-01,52,334,0.5709401709401709,10
2251,2017-03-02,52,329,0.5623931623931624,10
2252,2017-03-03,52,327,0.558974358974359,10
2253,2017-03-06,52,330,0.5641025641025641,9
2254,2017-03-07,52,333,0.5692307692307692,10
2255,2017-03-08,52,327,0.558974358974359,11
2256,2017-03-09,52,327,0.558974358974359,10
2257,2017-03-10,52,339,0.5794871794871795,10
2258,2017-03-13,52,338,0.5777777777777777,10
2259,2017-03-14,52,338,0.5777777777777777,11
2260,2017-03-15,52,341,0.582905982905983,12
2261,2017-03-16,52,344,0.588034188034188,10
2262,2017-03-17,52,346,0.5914529914529915,10
2263,2017-03-20,52,332,0.5675213675213675,10
2264,2017-03-21,52,344,0.588034188034188,10
2265,2017-03-22,52,329,0.5623931623931624,10
2266,2017-03-23,52,351,0.6,10
2267,2017-03-24,52,351,0.6,10
2268,2017-03-27,52,363,0.6205128205128205,10
2269,2017-03-28,52,356,0.6085470085470085,10
2270,2017-03-29,52,352,0.6017094017094017,10
2271,2017-03-30,52,349,0.5965811965811966,11
2272,2017-03-31,52,367,0.6273504273504273,10
2273,2017-04-03,52,357,0.6102564102564103,10
2274,2017-04-05,52,364,0.6222222222222222,10
2275,2017-04-06,52,352,0.6017094017094017,10
2276,2017-04-07,52,355,0.6068376068376068,10
2277,2017-04-10,52,360,0.6153846153846154,10
2278,2017-04-11,52,344,0.588034188034188,10
2279,2017-04-12,52,359,0.6136752136752137,10
2280,2017-04-13,52,362,0.6188034188034188,11
2281,2017-04-18,52,363,0.6205128205128205,10
2282,2017-04-19,52,358,0.611965811965812,10
2283,2017-04-20,52,361,0.6170940170940171,10
2284,2017-04-21,52,371,0.6341880341880342,10
2285,2017-04-24,52,364,0.6222222222222222,10
2286,2017-04-25,52,358,0.611965811965812,10
2287,2017-04-26,52,369,0.6307692307692307,10
2288,2017-04-27,52,362,0.6188034188034188,10
2289,2017-04-28,52,360,0.6153846153846154,10
2290,2017-05-02,52,364,0.6222222222222222,10
2291,2017-05-04,52,351,0.6,10
2292,2017-05-05,52,366,0.6256410256410256,10
2293,2017-05-08,52,367,0.6273504273504273,12
2294,2017-05-09,52,358,0.611965811965812,10
2295,2017-05-10,52,364,0.6222222222222222,10
2296,2017-05-11,52,366,0.6256410256410256,10
2297,2017-05-12,52,365,0.6239316239316239,10
2298,2017-05-15,52,381,0.6512820512820513,11
2299,2017-05-16,52,354,0.6051282051282051,10
2300,2017-05-17,52,363,0.6205128205128205,11
2301,2017-05-18,52,368,0.629059829059829,11
2302,2017-05-19,52,348,0.5948717948717949,10
2303,2017-05-22,52,341,0.582905982905983,10
2304,2017-05-23,52,354,0.6051282051282051,11
2305,2017-05-24,52,354,0.6051282051282051,11
2306,2017-05-25,52,358,0.611965811965812,10
2307,2017-05-26,52,357,0.6102564102564103,10
2308,2017-05-29,52,358,0.611965811965812,10
2309,2017-05-31,52,364,0.6222222222222222,11
2310,2017-06-01,52,364,0.6222222222222222,10
2311,2017-06-02,52,344,0.588034188034188,10
2312,2017-06-05,52,342,0.5846153846153846,10
2313,2017-06-06,52,351,0.6,10
2314,2017-06-07,52,345,0.5897435897435898,11
2315,2017-06-08,52,348,0.5948717948717949,11
2316,2017-06-09,52,332,0.5675213675213675,9
2317,2017-06-12,52,339,0.5794871794871795,11
2318,2017-06-13,52,347,0.5931623931623932,11
2319,2017-06-14,52,340,0.5811965811965812,11
2320,2017-06-15,52,363,0.6205128205128205,12
2321,2017-06-16,52,345,0.5897435897435898,10
2322,2017-06-19,52,354,0.6051282051282051,10
2323,2017-06-20,52,359,0.6136752136752137,10
2324,2017-06-21,52,356,0.6085470085470085,10
2325,2017-06-22,52,344,0.588034188034188,9
2326,2017-06-23,52,343,0.5863247863247864,11
2327,2017-06-26,52,353,0.6034188034188034,10
2328,2017-06-27,52,348,0.5948717948717949,11
2329,2017-06-28,52,355,0.6068376068376068,10
2330,2017-06-29,52,354,0.6051282051282051,10
2331,2017-06-30,52,346,0.5914529914529915,9
2332,2017-07-03,52,351,0.6,11
2333,2017-07-04,52,359,0.6136752136752137,11
2334,2017-07-05,52,360,0.6153846153846154,10
2335,2017-07-06,52,365,0.6239316239316239,10
2336,2017-07-07,52,359,0.6136752136752137,10
2337,2017-07-10,52,379,0.6478632478632479,10
2338,2017-07-11,52,380,0.6495726495726496,11
2339,2017-07-12,52,381,0.6512820512820513,11
2340,2017-07-13,52,383,0.6547008547008547,11
2341,2017-07-14,52,381,0.6512820512820513,10
2342,2017-07-17,52,374,0.6393162393162393,10
2343,2017-07-18,52,379,0.6478632478632479,11
2344,2017-07-19,52,365,0.6239316239316239,10
2345,2017-07-20,52,373,0.6376068376068376,11
2346,2017-07-21,52,370,0.6324786324786325,10
2347,2017-07-24,52,361,0.6170940170940171,11
2348,2017-07-25,53,360,0.6020066889632107,11
2349,2017-07-26,53,369,0.617056856187291,11
2350,2017-07-27,53,356,0.5953177257525084,10
2351,2017-07-28,53,351,0.5869565217391305,10
2352,2017-07-31,53,344,0.5752508361204013,9
2353,2017-08-01,53,349,0.5836120401337793,11
2354,2017-08-02,53,349,0.5836120401337793,10
2355,2017-08-03,53,357,0.596989966555184,10
2356,2017-08-04,53,351,0.5869565217391305,10
2357,2017-08-07,53,339,0.5668896321070234,10
2358,2017-08-08,53,339,0.5668896321070234,10
2359,2017-08-09,53,345,0.5769230769230769,10
2360,2017-08-10,53,345,0.5769230769230769,10
2361,2017-08-11,53,359,0.6003344481605352,11
2362,2017-08-14,53,366,0.6120401337792643,13
2363,2017-08-15,53,358,0.5986622073578596,11
2364,2017-08-16,53,351,0.5869565217391305,10
2365,2017-08-17,53,352,0.5886287625418061,10
2366,2017-08-18,53,359,0.6003344481605352,10
2367,2017-08-21,53,356,0.5953177257525084,10
2368,2017-08-22,53,357,0.596989966555184,10
2369,2017-08-24,53,354,0.5919732441471572,10
2370,2017-08-25,53,342,0.5719063545150501,10
2371,2017-08-28,53,338,0.5652173913043478,10
2372,2017-08-29,53,334,0.5585284280936454,10
2373,2017-08-30,53,353,0.5903010033444817,11
2374,2017-08-31,53,345,0.5769230769230769,10
2375,2017-09-01,53,349,0.5836120401337793,10
2376,2017-09-04,53,356,0.5953177257525084,10
2377,2017-09-05,53,362,0.6053511705685619,10
2378,2017-09-06,53,348,0.5819397993311036,10
2379,2017-09-07,53,350,0.5852842809364549,10
2380,2017-09-08,53,357,0.596989966555184,9
2381,2017-09-11,53,364,0.6086956521739131,10
2382,2017-09-12,53,364,0.6086956521739131,10
2383,2017-09-13,53,355,0.5936454849498328,10
2384,2017-09-14,53,355,0.5936454849498328,11
2385,2017-09-15,53,353,0.5903010033444817,11
2386,2017-09-18,53,354,0.5919732441471572,11
2387,2017-09-19,53,346,0.5785953177257525,9
2388,2017-09-20,53,354,0.5919732441471572,10
2389,2017-09-21,53,347,0.580267558528428,11
2390,2017-09-22,53,348,0.5819397993311036,10
2391,2017-09-25,53,344,0.5752508361204013,10
2392,2017-09-26,53,359,0.6003344481605352,10
2393,2017-09-27,53,351,0.5869565217391305,10
2394,2017-09-28,53,354,0.5919732441471572,10
2395,2017-09-29,53,342,0.5719063545150501,10
2396,2017-10-03,53,345,0.5769230769230769,11
2397,2017-10-04,53,356,0.5953177257525084,10
2398,2017-10-06,53,349,0.5836120401337793,10
2399,2017-10-09,53,344,0.5752508361204013,10
2400,2017-10-10,53,355,0.5936454849498328,11
2401,2017-10-11,53,370,0.6187290969899666,10
2402,2017-10-12,53,355,0.5936454849498328,11
2403,2017-10-13,53,349,0.5836120401337793,10
2404,2017-10-16,53,334,0.5585284280936454,10
2405,2017-10-17,53,356,0.5953177257525084,10
2406,2017-10-18,53,354,0.5919732441471572,11
2407,2017-10-19,53,359,0.6003344481605352,11
2408,2017-10-20,53,361,0.6036789297658863,10
2409,2017-10-23,53,374,0.6254180602006689,11
2410,2017-10-24,53,374,0.6254180602006689,10
2411,2017-10-25,53,362,0.6053511705685619,10
2412,2017-10-26,53,376,0.6287625418060201,10
2413,2017-10-27,53,362,0.6053511705685619,11
2414,2017-10-30,53,361,0.6036789297658863,11
2415,2017-10-31,53,361,0.6036789297658863,11
2416,2017-11-01,53,365,0.6103678929765887,10
2417,2017-11-02,53,365,0.6103678929765887,10
2418,2017-11-03,53,357,0.596989966555184,10
2419,2017-11-06,53,367,0.6137123745819398,10
2420,2017-11-07,53,365,0.6103678929765887,10
2421,2017-11-08,53,362,0.6053511705685619,10
2422,2017-11-09,53,362,0.6053511705685619,10
2423,2017-11-10,53,364,0.6086956521739131,10
2424,2017-11-13,53,357,0.596989966555184,10
2425,2017-11-14,53,344,0.5752508361204013,10
2426,2017-11-15,53,338,0.5652173913043478,9
2427,2017-11-16,53,329,0.5501672240802675,10
2428,2017-11-17,53,324,0.5418060200668896,9
2429,2017-11-20,53,325,0.5434782608695652,9
2430,2017-11-21,53,345,0.5769230769230769,10
2431,2017-11-22,53,332,0.5551839464882943,11
2432,2017-11-23,53,334,0.5585284280936454,9
2433,2017-11-24,53,335,0.560200668896321,11
2434,2017-11-27,53,334,0.5585284280936454,10
2435,2017-11-28,53,332,0.5551839464882943,10
2436,2017-11-29,53,340,0.568561872909699,11
2437,2017-11-30,53,328,0.5484949832775919,10
2438,2017-12-01,53,325,0.5434782608695652,10
2439,2017-12-04,53,322,0.5384615384615384,9
2440,2017-12-05,53,315,0.5267558528428093,10
2441,2017-12-06,53,330,0.5518394648829431,10
2442,2017-12-07,53,327,0.5468227424749164,10
2443,2017-12-08,53,327,0.5468227424749164,10
2444,2017-12-11,53,344,0.5752508361204013,10
2445,2017-12-12,53,324,0.5418060200668896,9
2446,2017-12-13,53,333,0.5568561872909699,10
2447,2017-12-14,53,335,0.560200668896321,10
2448,2017-12-15,53,356,0.5953177257525084,10
2449,2017-12-18,53,349,0.5836120401337793,11
2450,2017-12-19,53,335,0.560200668896321,11
2451,2017-12-20,53,346,0.5785953177257525,9
2452,2017-12-21,53,339,0.5668896321070234,10
2453,2017-12-22,53,349,0.5836120401337793,10
2454,2017-12-27,53,338,0.5652173913043478,10
2455,2017-12-28,53,365,0.6103678929765887,10
2456,2017-12-29,54,369,0.6039279869067103,10
2457,2018-01-02,54,367,0.6006546644844517,10
2458,2018-01-03,54,373,0.6104746317512275,10
2459,2018-01-04,54,358,0.5859247135842881,10
2460,2018-01-05,54,360,0.5891980360065466,10
2461,2018-01-08,54,345,0.5646481178396072,9
2462,2018-01-09,54,356,0.5826513911620295,10
2463,2018-01-10,54,346,0.5662847790507365,10
2464,2018-01-11,54,335,0.5482815057283142,9
2465,2018-01-12,54,354,0.5793780687397708,10
2466,2018-01-15,54,353,0.5777414075286416,10
2467,2018-01-16,54,344,0.563011456628478,9
2468,2018-01-17,54,346,0.5662847790507365,10
2469,2018-01-18,54,352,0.5761047463175123,10
2470,2018-01-19,54,347,0.5679214402618658,10
2471,2018-01-22,54,340,0.5564648117839607,11
2472,2018-01-23,54,351,0.574468085106383,10
2473,2018-01-24,54,343,0.5613747954173486,10
2474,2018-01-25,54,340,0.5564648117839607,10
2475,2018-01-26,54,330,0.5400981996726678,10
2476,2018-01-29,54,328,0.5368248772504092,10
2477,2018-01-30,54,317,0.5188216039279869,10
2478,2018-01-31,54,325,0.5319148936170213,10
2479,2018-02-01,54,330,0.5400981996726678,10
2480,2018-02-02,54,325,0.5319148936170213,11
2481,2018-02-05,54,329,0.5384615384615384,10
2482,2018-02-06,54,339,0.5548281505728314,11
2483,2018-02-07,54,352,0.5761047463175123,10
2484,2018-02-08,54,346,0.5662847790507365,11
2485,2018-02-09,54,361,0.5908346972176759,11
2486,2018-02-12,54,347,0.5679214402618658,10
2487,2018-02-13,54,351,0.574468085106383,10
2488,2018-02-14,54,361,0.5908346972176759,10
2489,2018-02-15,54,379,0.6202945990180033,11
2490,2018-02-20,54,376,0.6153846153846154,11
2491,2018-02-21,54,372,0.6088379705400983,10
2492,2018-02-22,54,383,0.6268412438625205,11
2493,2018-02-23,54,389,0.6366612111292962,12
2494,2018-02-26,54,388,0.6350245499181669,10
2495,2018-02-27,54,386,0.6317512274959084,11
2496,2018-02-28,54,395,0.646481178396072,10
2497,2018-03-01,54,386,0.6317512274959084,11
2498,2018-03-02,54,400,0.6546644844517185,11
2499,2018-03-05,54,408,0.6677577741407529,12
2500,2018-03-06,54,407,0.6661211129296236,11
2501,2018-03-07,54,424,0.6939443535188216,12
2502,2018-03-08,54,418,0.6841243862520459,11
2503,2018-03-09,54,418,0.6841243862520459,11
2504,2018-03-12,54,428,0.7004909983633388,12
2505,2018-03-13,54,427,0.6988543371522095,12
2506,2018-03-14,54,416,0.6808510638297872,12
2507,2018-03-15,54,414,0.6775777414075287,11
2508,2018-03-16,54,412,0.67430441898527,12
2509,2018-03-19,54,409,0.6693944353518821,12
2510,2018-03-20,54,404,0.6612111292962357,11
2511,2018-03-21,54,402,0.6579378068739771,11
2512,2018-03-22,54,395,0.646481178396072,10
2513,2018-03-23,54,406,0.6644844517184942,10
2514,2018-03-26,54,407,0.6661211129296236,12
2515,2018-03-27,54,409,0.6693944353518821,10
2516,2018-03-28,54,422,0.690671031096563,12
2517,2018-03-29,54,413,0.6759410801963993,10
2518,2018-04-03,54,398,0.6513911620294599,11
2519,2018-04-04,54,403,0.6595744680851063,11
2520,2018-04-06,54,396,0.6481178396072013,11
2521,2018-04-09,54,400,0.6546644844517185,12
2522,2018-04-10,54,400,0.6546644844517185,10
2523,2018-04-11,54,398,0.6513911620294599,10
2524,2018-04-12,54,399,0.6530278232405892,10
2525,2018-04-13,54,388,0.6350245499181669,10
2526,2018-04-16,54,389,0.6366612111292962,11
2527,2018-04-17,54,407,0.6661211129296236,11
2528,2018-04-18,54,408,0.6677577741407529,11
2529,2018-04-19,54,401,0.6563011456628478,10
2530,2018-04-20,54,402,0.6579378068739771,10
2531,2018-04-23,54,397,0.6497545008183306,11
2532,2018-04-24,54,397,0.6497545008183306,11
2533,2018-04-25,54,397,0.6497545008183306,11
2534,2018-04-26,54,392,0.6415711947626841,11
2535,2018-04-27,54,410,0.6710310965630114,12
2536,2018-04-30,54,411,0.6726677577741408,10
2537,2018-05-02,54,415,0.679214402618658,11
2538,2018-05-03,54,421,0.6890343698854338,12
2539,2018-05-04,54,422,0.690671031096563,11
2540,2018-05-07,54,423,0.6923076923076923,11
2541,2018-05-08,54,416,0.6808510638297872,11
2542,2018-05-09,54,432,0.707037643207856,11
2543,2018-05-10,54,424,0.6939443535188216,11
2544,2018-05-11,54,425,0.6955810147299509,11
2545,2018-05-14,54,424,0.6939443535188216,11
2546,2018-05-15,54,419,0.6857610474631751,10
2547,2018-05-16,54,419,0.6857610474631751,12
2548,2018-05-17,54,427,0.6988543371522095,11
2549,2018-05-18,54,422,0.690671031096563,12
2550,2018-05-21,54,409,0.6693944353518821,10
2551,2018-05-23,54,404,0.6612111292962357,11
2552,2018-05-24,54,410,0.6710310965630114,11
2553,2018-05-25,54,422,0.690671031096563,12
2554,2018-05-28,54,408,0.6677577741407529,11
2555,2018-05-29,54,410,0.6710310965630114,10
2556,2018-05-30,54,419,0.6857610474631751,11
2557,2018-05-31,54,408,0.6677577741407529,10
2558,2018-06-01,54,410,0.6710310965630114,12
2559,2018-06-04,54,410,0.6710310965630114,11
2560,2018-06-05,54,411,0.6726677577741408,10
2561,2018-06-06,54,403,0.6595744680851063,11
2562,2018-06-07,54,415,0.679214402618658,10
2563,2018-06-08,54,413,0.6759410801963993,10
2564,2018-06-11,54,407,0.6661211129296236,12
2565,2018-06-12,54,405,0.662847790507365,12
2566,2018-06-13,54,401,0.6563011456628478,10
2567,2018-06-14,54,413,0.6759410801963993,11
2568,2018-06-15,54,409,0.6693944353518821,11
2569,2018-06-19,54,408,0.6677577741407529,12
2570,2018-06-20,54,410,0.6710310965630114,11
2571,2018-06-21,54,409,0.6693944353518821,11
2572,2018-06-22,54,406,0.6644844517184942,10
2573,2018-06-25,54,415,0.679214402618658,11
2574,2018-06-26,54,410,0.6710310965630114,11
2575,2018-06-27,54,396,0.6481178396072013,10
2576,2018-06-28,54,402,0.6579378068739771,10
2577,2018-06-29,54,415,0.679214402618658,10
2578,2018-07-03,54,407,0.6661211129296236,11
2579,2018-07-04,54,418,0.6841243862520459,10
2580,2018-07-05,54,419,0.6857610474631751,10
2581,2018-07-06,54,411,0.6726677577741408,11
2582,2018-07-09,54,412,0.67430441898527,11
2583,2018-07-10,54,403,0.6595744680851063,10
2584,2018-07-11,54,415,0.679214402618658,10
2585,2018-07-12,54,428,0.7004909983633388,12
2586,2018-07-13,54,430,0.7037643207855974,12
2587,2018-07-16,54,413,0.6759410801963993,11
2588,2018-07-17,54,421,0.6890343698854338,11
2589,2018-07-18,54,400,0.6546644844517185,10
2590,2018-07-19,54,400,0.6546644844517185,10
2591,2018-07-20,54,407,0.6661211129296236,10
2592,2018-07-23,54,400,0.6546644844517185,10
2593,2018-07-24,54,409,0.6693944353518821,11
2594,2018-07-25,54,397,0.6497545008183306,10
2595,2018-07-26,54,413,0.6759410801963993,10
2596,2018-07-27,54,405,0.662847790507365,11
2597,2018-07-30,54,393,0.6432078559738135,10
2598,2018-07-31,54,397,0.6497545008183306,10
2599,2018-08-01,55,403,0.6458333333333334,11
2600,2018-08-02,55,408,0.6538461538461539,10
2601,2018-08-03,55,396,0.6346153846153846,11
2602,2018-08-06,55,399,0.6394230769230769,11
2603,2018-08-07,55,404,0.6474358974358975,10
2604,2018-08-08,55,404,0.6474358974358975,11
2605,2018-08-09,55,408,0.6538461538461539,11
2606,2018-08-10,55,408,0.6538461538461539,11
2607,2018-08-13,55,402,0.6442307692307693,10
2608,2018-08-14,55,401,0.6426282051282052,10
2609,2018-08-15,55,402,0.6442307692307693,11
2610,2018-08-16,55,406,0.6506410256410257,11
2611,2018-08-17,55,408,0.6538461538461539,11
2612,2018-08-20,56,416,0.6530612244897959,10
2613,2018-08-21,56,413,0.6483516483516484,10
2614,2018-08-22,56,416,0.6530612244897959,10
2615,2018-08-23,56,418,0.6562009419152276,10
2616,2018-08-24,56,397,0.6232339089481946,10
2617,2018-08-27,56,404,0.6342229199372057,11
2618,2018-08-28,56,396,0.6216640502354788,10
2619,2018-08-29,56,403,0.6326530612244898,10
2620,2018-08-30,56,401,0.6295133437990581,11
2621,2018-08-31,56,399,0.6263736263736264,10
2622,2018-09-03,56,410,0.6436420722135008,10
2623,2018-09-04,56,414,0.6499215070643642,11
2624,2018-09-05,56,401,0.6295133437990581,11
2625,2018-09-06,56,411,0.6452119309262166,11
2626,2018-09-07,56,415,0.6514913657770801,10
2627,2018-09-10,56,421,0.6609105180533752,11
2628,2018-09-11,56,423,0.6640502354788069,11
2629,2018-09-12,56,411,0.6452119309262166,11
2630,2018-09-13,56,414,0.6499215070643642,10
2631,2018-09-14,56,427,0.6703296703296703,10
2632,2018-09-17,56,437,0.6860282574568289,10
2633,2018-09-18,56,432,0.6781789638932496,11
2634,2018-09-19,56,435,0.6828885400313972,11
2635,2018-09-20,56,430,0.6750392464678179,11
2636,2018-09-21,56,429,0.673469387755102,10
2637,2018-09-24,56,435,0.6828885400313972,11
2638,2018-09-26,56,429,0.673469387755102,10
2639,2018-09-27,56,428,0.6718995290423861,10
2640,2018-09-28,56,429,0.673469387755102,10
2641,2018-10-02,56,431,0.6766091051805337,10
2642,2018-10-03,56,430,0.6750392464678179,11
2643,2018-10-04,56,420,0.6593406593406593,10
2644,2018-10-05,56,439,0.6891679748822606,11
2645,2018-10-08,56,437,0.6860282574568289,12
2646,2018-10-09,56,429,0.673469387755102,12
2647,2018-10-10,56,426,0.6687598116169545,11
2648,2018-10-11,56,428,0.6718995290423861,10
2649,2018-10-12,56,435,0.6828885400313972,12
2650,2018-10-15,56,438,0.6875981161695447,11
2651,2018-10-16,56,440,0.6907378335949764,10
2652,2018-10-18,56,427,0.6703296703296703,10
2653,2018-10-19,56,438,0.6875981161695447,10
2654,2018-10-22,56,438,0.6875981161695447,10
2655,2018-10-23,56,442,0.6938775510204082,12
2656,2018-10-24,56,436,0.6844583987441131,10
2657,2018-10-25,56,441,0.6923076923076923,10
2658,2018-10-26,56,436,0.6844583987441131,12
2659,2018-10-29,56,432,0.6781789638932496,10
2660,2018-10-30,56,427,0.6703296703296703,11
2661,2018-10-31,56,424,0.6656200941915228,11
2662,2018-11-01,56,418,0.6562009419152276,11
2663,2018-11-02,56,426,0.6687598116169545,11
2664,2018-11-05,56,417,0.6546310832025117,11
2665,2018-11-06,57,423,0.6507692307692308,11
2666,2018-11-07,57,418,0.6430769230769231,11
2667,2018-11-08,57,413,0.6353846153846154,11
2668,2018-11-09,58,412,0.6214177978883861,11
2669,2018-11-12,58,419,0.6319758672699849,11
2670,2018-11-13,58,431,0.6500754147812972,11
2671,2018-11-14,58,435,0.6561085972850679,12
2672,2018-11-15,58,424,0.6395173453996983,10
2673,2018-11-16,58,427,0.6440422322775264,10
2674,2018-11-19,58,424,0.6395173453996983,11
2675,2018-11-20,58,420,0.6334841628959276,12
2676,2018-11-21,58,426,0.6425339366515838,12
2677,2018-11-22,58,424,0.6395173453996983,11
2678,2018-11-23,58,416,0.6274509803921569,10
2679,2018-11-26,58,418,0.6304675716440422,11
2680,2018-11-27,58,407,0.6138763197586727,12
2681,2018-11-28,58,411,0.6199095022624435,11
2682,2018-11-29,58,407,0.6138763197586727,11
2683,2018-11-30,58,408,0.6153846153846154,10
2684,2018-12-03,58,406,0.6123680241327301,10
2685,2018-12-04,58,395,0.5957767722473605,10
2686,2018-12-05,58,412,0.6214177978883861,10
2687,2018-12-06,58,414,0.6244343891402715,12
2688,2018-12-07,58,418,0.6304675716440422,12
2689,2018-12-10,58,424,0.6395173453996983,11
2690,2018-12-11,58,426,0.6425339366515838,12
2691,2018-12-12,58,436,0.6576168929110106,12
2692,2018-12-13,58,444,0.669683257918552,13
2693,2018-12-14,58,434,0.6546003016591252,11
2694,2018-12-17,58,434,0.6546003016591252,11
2695,2018-12-18,58,426,0.6425339366515838,10
2696,2018-12-19,58,431,0.6500754147812972,11
2697,2018-12-20,58,434,0.6546003016591252,11
2698,2018-12-21,58,428,0.6455505279034691,10
2699,2018-12-24,58,426,0.6425339366515838,11
2700,2018-12-27,58,426,0.6425339366515838,11
2701,2018-12-28,58,441,0.665158371040724,12
2702,2018-12-31,58,441,0.665158371040724,11
2703,2019-01-02,58,442,0.6666666666666666,10
2704,2019-01-03,58,440,0.6636500754147813,11
2705,2019-01-04,58,440,0.6636500754147813,11
2706,2019-01-07,58,439,0.6621417797888386,12
2707,2019-01-08,58,431,0.6500754147812972,11
2708,2019-01-09,58,442,0.6666666666666666,11
2709,2019-01-10,58,437,0.6591251885369532,11
2710,2019-01-11,58,451,0.6802413273001509,12
2711,2019-01-14,58,444,0.669683257918552,12
2712,2019-01-15,58,449,0.6772247360482655,10
2713,2019-01-16,58,456,0.6877828054298643,11
2714,2019-01-17,58,454,0.6847662141779789,11
2715,2019-01-18,58,450,0.6787330316742082,11
2716,2019-01-21,58,449,0.6772247360482655,11
2717,2019-01-22,58,452,0.6817496229260935,10
2718,2019-01-23,58,442,0.6666666666666666,10
2719,2019-01-24,58,438,0.6606334841628959,11
2720,2019-01-25,58,449,0.6772247360482655,11
2721,2019-01-28,58,438,0.6606334841628959,10
2722,2019-01-29,58,439,0.6621417797888386,12
2723,2019-01-30,58,435,0.6561085972850679,11
2724,2019-01-31,58,435,0.6561085972850679,11
2725,2019-02-01,58,434,0.6546003016591252,12
2726,2019-02-04,58,427,0.6440422322775264,11
2727,2019-02-08,58,422,0.6365007541478129,11
2728,2019-02-11,58,417,0.6289592760180995,11
2729,2019-02-12,58,437,0.6591251885369532,11
2730,2019-02-13,58,426,0.6425339366515838,11
2731,2019-02-14,58,418,0.6304675716440422,11
2732,2019-02-15,58,429,0.6470588235294118,12
2733,2019-02-18,58,426,0.6425339366515838,11
2734,2019-02-19,58,426,0.6425339366515838,11
2735,2019-02-20,58,425,0.6410256410256411,11
2736,2019-02-21,58,418,0.6304675716440422,11
2737,2019-02-22,58,416,0.6274509803921569,11
2738,2019-02-25,58,407,0.6138763197586727,10
2739,2019-02-26,58,428,0.6455505279034691,10
2740,2019-02-27,58,426,0.6425339366515838,10
2741,2019-02-28,58,415,0.6259426847662142,10
2742,2019-03-01,58,420,0.6334841628959276,10
2743,2019-03-04,58,416,0.6274509803921569,11
2744,2019-03-05,58,404,0.6093514328808446,10
2745,2019-03-06,58,411,0.6199095022624435,10
2746,2019-03-07,58,418,0.6304675716440422,10
2747,2019-03-08,58,416,0.6274509803921569,10
2748,2019-03-11,58,412,0.6214177978883861,10
2749,2019-03-12,58,416,0.6274509803921569,11
2750,2019-03-13,58,421,0.6349924585218703,11
2751,2019-03-14,58,417,0.6289592760180995,10
2752,2019-03-15,58,425,0.6410256410256411,10
2753,2019-03-18,58,421,0.6349924585218703,10
2754,2019-03-19,58,415,0.6259426847662142,10
2755,2019-03-20,58,429,0.6470588235294118,10
2756,2019-03-21,58,433,0.6530920060331825,10
2757,2019-03-22,58,421,0.6349924585218703,11
2758,2019-03-25,58,432,0.6515837104072398,11
2759,2019-03-26,58,428,0.6455505279034691,12
2760,2019-03-27,58,422,0.6365007541478129,12
2761,2019-03-28,58,415,0.6259426847662142,10
2762,2019-03-29,58,408,0.6153846153846154,10
2763,2019-04-01,58,421,0.6349924585218703,12
2764,2019-04-02,58,423,0.6380090497737556,12
2765,2019-04-03,58,426,0.6425339366515838,11
2766,2019-04-04,58,406,0.6123680241327301,10
2767,2019-04-08,58,398,0.6003016591251885,10
2768,2019-04-09,58,404,0.6093514328808446,11
2769,2019-04-10,58,392,0.5912518853695324,10
2770,2019-04-11,58,407,0.6138763197586727,10
2771,2019-04-12,58,404,0.6093514328808446,11
2772,2019-04-15,58,397,0.5987933634992458,10
2773,2019-04-16,58,395,0.5957767722473605,11
2774,2019-04-17,58,397,0.5987933634992458,10
2775,2019-04-18,58,391,0.5897435897435898,10
2776,2019-04-23,58,381,0.5746606334841629,10
2777,2019-04-24,58,380,0.5731523378582202,10
2778,2019-04-25,58,377,0.5686274509803921,10
2779,2019-04-26,58,389,0.5867269984917044,11
2780,2019-04-29,58,393,0.5927601809954751,10
2781,2019-04-30,58,394,0.5942684766214178,11
2782,2019-05-02,58,396,0.5972850678733032,11
2783,2019-05-03,58,388,0.5852187028657617,11
2784,2019-05-06,58,393,0.5927601809954751,10
2785,2019-05-07,58,398,0.6003016591251885,10
2786,2019-05-08,58,407,0.6138763197586727,10
2787,2019-05-09,58,416,0.6274509803921569,11
2788,2019-05-10,58,405,0.6108597285067874,11
2789,2019-05-14,58,414,0.6244343891402715,10
2790,2019-05-15,58,412,0.6214177978883861,10
2791,2019-05-16,58,425,0.6410256410256411,11
2792,2019-05-17,58,427,0.6440422322775264,12
2793,2019-05-20,58,410,0.6184012066365008,11
2794,2019-05-21,58,406,0.6123680241327301,10
2795,2019-05-22,58,415,0.6259426847662142,11
2796,2019-05-23,58,408,0.6153846153846154,10
2797,2019-05-24,58,400,0.6033182503770739,10
2798,2019-05-27,58,404,0.6093514328808446,10
2799,2019-05-28,58,417,0.6289592760180995,10
2800,2019-05-29,58,403,0.6078431372549019,11
2801,2019-05-30,58,411,0.6199095022624435,10
2802,2019-05-31,58,404,0.6093514328808446,10
2803,2019-06-03,58,415,0.6259426847662142,10
2804,2019-06-04,58,403,0.6078431372549019,10
2805,2019-06-05,58,419,0.6319758672699849,10
2806,2019-06-06,58,421,0.6349924585218703,11
2807,2019-06-10,58,427,0.6440422322775264,10
2808,2019-06-11,58,429,0.6470588235294118,10
2809,2019-06-12,58,432,0.6515837104072398,10
2810,2019-06-13,58,430,0.6485671191553545,10
2811,2019-06-14,58,418,0.6304675716440422,10
2812,2019-06-17,58,421,0.6349924585218703,10
2813,2019-06-18,58,423,0.6380090497737556,11
2814,2019-06-19,58,420,0.6334841628959276,11
2815,2019-06-20,58,439,0.6621417797888386,11
2816,2019-06-21,58,440,0.6636500754147813,11
2817,2019-06-24,58,440,0.6636500754147813,11
2818,2019-06-25,58,434,0.6546003016591252,10
2819,2019-06-26,58,420,0.6334841628959276,10
2820,2019-06-27,58,428,0.6455505279034691,11
2821,2019-06-28,58,437,0.6591251885369532,11
2822,2019-07-02,58,425,0.6410256410256411,10
2823,2019-07-03,58,428,0.6455505279034691,11
2824,2019-07-04,58,433,0.6530920060331825,12
2825,2019-07-05,58,422,0.6365007541478129,10
2826,2019-07-08,58,418,0.6304675716440422,11
2827,2019-07-09,58,426,0.6425339366515838,11
2828,2019-07-10,58,425,0.6410256410256411,11
2829,2019-07-11,58,415,0.6259426847662142,11
2830,2019-07-12,58,421,0.6349924585218703,10
2831,2019-07-15,58,412,0.6214177978883861,10
2832,2019-07-16,58,423,0.6380090497737556,11
2833,2019-07-17,58,421,0.6349924585218703,10
2834,2019-07-18,58,418,0.6304675716440422,10
2835,2019-07-19,58,434,0.6546003016591252,11
2836,2019-07-22,58,419,0.6319758672699849,10
2837,2019-07-23,58,421,0.6349924585218703,10
2838,2019-07-24,58,419,0.6319758672699849,10
2839,2019-07-25,58,420,0.6334841628959276,12
2840,2019-07-26,58,426,0.6425339366515838,10
2841,2019-07-29,58,419,0.6319758672699849,10
2842,2019-07-30,58,423,0.6380090497737556,11
2843,2019-07-31,58,423,0.6380090497737556,10
2844,2019-08-01,58,415,0.6259426847662142,10
2845,2019-08-02,58,411,0.6199095022624435,10
2846,2019-08-05,58,433,0.6530920060331825,10
2847,2019-08-06,58,440,0.6636500754147813,11
2848,2019-08-07,58,425,0.6410256410256411,11
2849,2019-08-08,58,442,0.6666666666666666,11
2850,2019-08-09,58,429,0.6470588235294118,10
2851,2019-08-12,58,424,0.6395173453996983,11
2852,2019-08-13,58,421,0.6349924585218703,10
2853,2019-08-14,58,431,0.6500754147812972,11
2854,2019-08-15,58,429,0.6470588235294118,11
2855,2019-08-16,58,439,0.6621417797888386,10
2856,2019-08-19,58,442,0.6666666666666666,10
2857,2019-08-20,58,431,0.6500754147812972,10
2858,2019-08-21,58,431,0.6500754147812972,11
2859,2019-08-22,58,430,0.6485671191553545,11
2860,2019-08-23,58,430,0.6485671191553545,10
2861,2019-08-26,58,441,0.665158371040724,11
2862,2019-08-27,58,440,0.6636500754147813,11
2863,2019-08-28,58,438,0.6606334841628959,10
2864,2019-08-29,58,431,0.6500754147812972,10
2865,2019-08-30,58,435,0.6561085972850679,11
2866,2019-09-02,58,419,0.6319758672699849,11
2867,2019-09-03,58,414,0.6244343891402715,11
2868,2019-09-04,58,441,0.665158371040724,11
2869,2019-09-05,58,422,0.6365007541478129,10
2870,2019-09-06,58,416,0.6274509803921569,10
2871,2019-09-09,58,417,0.6289592760180995,11
2872,2019-09-10,58,415,0.6259426847662142,11
2873,2019-09-11,58,424,0.6395173453996983,10
2874,2019-09-12,58,417,0.6289592760180995,12
2875,2019-09-13,58,423,0.6380090497737556,11
2876,2019-09-16,58,422,0.6365007541478129,11
2877,2019-09-17,58,417,0.6289592760180995,12
2878,2019-09-18,58,413,0.6229260935143288,11
2879,2019-09-19,58,408,0.6153846153846154,10
2880,2019-09-20,58,414,0.6244343891402715,10
2881,2019-09-23,58,408,0.6153846153846154,11
2882,2019-09-24,58,402,0.6063348416289592,11
2883,2019-09-25,58,405,0.6108597285067874,11
2884,2019-09-26,58,398,0.6003016591251885,10
2885,2019-09-27,58,406,0.6123680241327301,11
2886,2019-09-30,58,405,0.6108597285067874,11
2887,2019-10-02,58,402,0.6063348416289592,12
2888,2019-10-03,58,414,0.6244343891402715,13
2889,2019-10-04,58,412,0.6214177978883861,11
2890,2019-10-08,58,403,0.6078431372549019,11
2891,2019-10-09,58,396,0.5972850678733032,11
2892,2019-10-10,58,384,0.579185520361991,10
2893,2019-10-11,58,404,0.6093514328808446,10
2894,2019-10-14,58,414,0.6244343891402715,10
2895,2019-10-15,58,415,0.6259426847662142,12
2896,2019-10-16,58,424,0.6395173453996983,11
2897,2019-10-17,58,418,0.6304675716440422,11
2898,2019-10-18,58,418,0.6304675716440422,11
2899,2019-10-21,58,425,0.6410256410256411,10
2900,2019-10-22,58,410,0.6184012066365008,10
2901,2019-10-23,58,421,0.6349924585218703,10
2902,2019-10-24,58,432,0.6515837104072398,11
2903,2019-10-25,58,433,0.6530920060331825,11
2904,2019-10-28,58,426,0.6425339366515838,11
2905,2019-10-29,58,412,0.6214177978883861,10
2906,2019-10-30,58,414,0.6244343891402715,10
2907,2019-10-31,58,405,0.6108597285067874,10
2908,2019-11-01,58,412,0.6214177978883861,11
2909,2019-11-04,58,410,0.6184012066365008,10
2910,2019-11-05,58,406,0.6123680241327301,11
2911,2019-11-06,58,400,0.6033182503770739,10
2912,2019-11-07,58,394,0.5942684766214178,10
2913,2019-11-08,58,401,0.6048265460030166,12
2914,2019-11-11,58,420,0.6334841628959276,11
2915,2019-11-12,58,417,0.6289592760180995,11
2916,2019-11-13,59,447,0.6612426035502958,11
2917,2019-11-14,59,442,0.6538461538461539,11
2918,2019-11-15,59,444,0.6568047337278107,10
2919,2019-11-18,59,431,0.6375739644970414,10
2920,2019-11-19,59,438,0.6479289940828402,11
2921,2019-11-20,59,447,0.6612426035502958,11
2922,2019-11-21,59,451,0.6671597633136095,11
2923,2019-11-22,59,447,0.6612426035502958,10
2924,2019-11-25,59,444,0.6568047337278107,10
2925,2019-11-26,59,460,0.6804733727810651,11
2926,2019-11-27,59,453,0.6701183431952663,10
2927,2019-11-28,59,447,0.6612426035502958,10
2928,2019-11-29,59,454,0.6715976331360947,11
2929,2019-12-02,59,458,0.6775147928994083,11
2930,2019-12-03,59,452,0.6686390532544378,12
2931,2019-12-04,59,459,0.6789940828402367,10
2932,2019-12-05,59,459,0.6789940828402367,11
2933,2019-12-06,59,447,0.6612426035502958,10
2934,2019-12-09,59,460,0.6804733727810651,12
2935,2019-12-10,59,456,0.6745562130177515,10
2936,2019-12-11,59,453,0.6701183431952663,11
2937,2019-12-12,59,450,0.665680473372781,12
2938,2019-12-13,59,451,0.6671597633136095,11
2939,2019-12-16,59,460,0.6804733727810651,12
2940,2019-12-17,59,464,0.6863905325443787,11
2941,2019-12-18,59,465,0.6878698224852071,12
2942,2019-12-19,59,459,0.6789940828402367,11
2943,2019-12-20,59,458,0.6775147928994083,11
2944,2019-12-23,59,457,0.6760355029585798,12
2945,2019-12-24,59,444,0.6568047337278107,11
2946,2019-12-27,59,441,0.6523668639053254,11
2947,2019-12-30,59,441,0.6523668639053254,11
2948,2019-12-31,59,437,0.6464497041420119,10
2949,2020-01-02,59,434,0.6420118343195266,11
2950,2020-01-03,59,432,0.6390532544378699,11
2951,2020-01-06,59,432,0.6390532544378699,10
2952,2020-01-07,59,414,0.6124260355029586,10
2953,2020-01-08,59,423,0.6257396449704142,10
2954,2020-01-09,59,416,0.6153846153846154,10
2955,2020-01-10,60,426,0.6182873730043541,10
2956,2020-01-13,60,421,0.6110304789550073,10
2957,2020-01-14,60,425,0.6168359941944848,11
2958,2020-01-15,60,420,0.6095791001451378,10
2959,2020-01-16,60,429,0.6226415094339622,11
2960,2020-01-17,60,431,0.625544267053701,10
2961,2020-01-20,60,423,0.613933236574746,10
2962,2020-01-21,60,431,0.625544267053701,10
2963,2020-01-22,60,431,0.625544267053701,11
2964,2020-01-23,60,439,0.637155297532656,10
2965,2020-01-24,60,438,0.6357039187227866,12
2966,2020-01-29,60,445,0.6458635703918723,12
2967,2020-01-30,60,440,0.6386066763425254,12
2968,2020-01-31,60,436,0.6328011611030478,12
2969,2020-02-03,60,438,0.6357039187227866,11
2970,2020-02-04,60,442,0.6415094339622641,12
2971,2020-02-05,60,444,0.6444121915820029,11
2972,2020-02-06,60,447,0.648766328011611,12
2973,2020-02-07,60,441,0.6400580551523948,10
2974,2020-02-10,60,442,0.6415094339622641,10
2975,2020-02-11,60,452,0.6560232220609579,10
2976,2020-02-12,60,449,0.6516690856313497,11
2977,2020-02-13,60,445,0.6458635703918723,10
2978,2020-02-14,60,465,0.6748911465892597,11
2979,2020-02-17,60,446,0.6473149492017417,12
2980,2020-02-18,60,457,0.6632801161103048,11
2981,2020-02-19,60,461,0.6690856313497823,11
2982,2020-02-20,60,461,0.6690856313497823,11
2983,2020-02-21,60,465,0.6748911465892597,12
2984,2020-02-24,60,468,0.6792452830188679,10
2985,2020-02-25,60,475,0.6894049346879536,11
2986,2020-02-26,60,464,0.6734397677793904,10
2987,2020-02-27,60,466,0.6763425253991292,11
2988,2020-02-28,60,481,0.6981132075471698,11
2989,2020-03-02,60,474,0.6879535558780842,11
2990,2020-03-03,60,475,0.6894049346879536,10
2991,2020-03-04,60,473,0.6865021770682148,11
2992,2020-03-05,60,472,0.6850507982583455,11
2993,2020-03-06,60,469,0.6806966618287373,11
2994,2020-03-09,60,464,0.6734397677793904,11
2995,2020-03-10,60,478,0.6937590711175616,12
2996,2020-03-11,60,467,0.6777939042089985,11
2997,2020-03-12,60,471,0.683599419448476,11
2998,2020-03-13,60,466,0.6763425253991292,12
2999,2020-03-16,60,467,0.6777939042089985,12
3000,2020-03-17,60,462,0.6705370101596516,12
3001,2020-03-18,60,472,0.6850507982583455,12
3002,2020-03-19,60,468,0.6792452830188679,11
3003,2020-03-20,60,458,0.6647314949201741,11
3004,2020-03-23,60,473,0.6865021770682148,12
3005,2020-03-24,60,459,0.6661828737300436,12
3006,2020-03-25,60,468,0.6792452830188679,12
3007,2020-03-26,60,477,0.6923076923076923,11
3008,2020-03-27,60,468,0.6792452830188679,12
3009,2020-03-30,60,469,0.6806966618287373,12
3010,2020-03-31,60,464,0.6734397677793904,12
3011,2020-04-01,60,455,0.660377358490566,11
3012,2020-04-02,60,469,0.6806966618287373,12
3013,2020-04-03,60,472,0.6850507982583455,12
3014,2020-04-06,60,472,0.6850507982583455,12
3015,2020-04-07,60,472,0.6850507982583455,11
3016,2020-04-08,60,470,0.6821480406386067,12
3017,2020-04-09,60,468,0.6792452830188679,12
3018,2020-04-14,60,473,0.6865021770682148,11
3019,2020-04-15,60,477,0.6923076923076923,10
3020,2020-04-16,60,492,0.714078374455733,12
3021,2020-04-17,60,497,0.7213352685050798,12
3022,2020-04-20,60,482,0.6995645863570392,12
3023,2020-04-21,60,490,0.7111756168359942,12
3024,2020-04-22,60,484,0.7024673439767779,13
3025,2020-04-23,60,475,0.6894049346879536,12
3026,2020-04-24,60,475,0.6894049346879536,12
3027,2020-04-27,60,478,0.6937590711175616,12
3028,2020-04-28,60,471,0.683599419448476,10
3029,2020-04-29,60,468,0.6792452830188679,11
3030,2020-05-04,60,482,0.6995645863570392,12
3031,2020-05-05,60,477,0.6923076923076923,10
3032,2020-05-06,60,468,0.6792452830188679,10
3033,2020-05-07,60,471,0.683599419448476,10
3034,2020-05-08,60,478,0.6937590711175616,10
3035,2020-05-11,60,470,0.6821480406386067,10
3036,2020-05-12,60,473,0.6865021770682148,11
3037,2020-05-13,60,468,0.6792452830188679,10
3038,2020-05-14,60,470,0.6821480406386067,11
3039,2020-05-15,60,473,0.6865021770682148,11
3040,2020-05-18,60,469,0.6806966618287373,11
3041,2020-05-19,60,474,0.6879535558780842,11
3042,2020-05-20,60,476,0.690856313497823,12
3043,2020-05-21,60,472,0.6850507982583455,10
3044,2020-05-22,60,480,0.6966618287373004,11
3045,2020-05-25,60,472,0.6850507982583455,11
3046,2020-05-26,60,473,0.6865021770682148,12
3047,2020-05-27,60,470,0.6821480406386067,11
3048,2020-05-28,60,472,0.6850507982583455,13
3049,2020-05-29,60,467,0.6777939042089985,13
3050,2020-06-01,60,471,0.683599419448476,12
3051,2020-06-02,60,471,0.683599419448476,10
3052,2020-06-03,60,464,0.6734397677793904,11
3053,2020-06-04,60,462,0.6705370101596516,10
3054,2020-06-05,60,468,0.6792452830188679,10
3055,2020-06-08,60,472,0.6850507982583455,12
3056,2020-06-09,60,460,0.6676342525399129,11
3057,2020-06-10,60,459,0.6661828737300436,11
3058,2020-06-11,60,462,0.6705370101596516,12
3059,2020-06-12,60,456,0.6618287373004355,12
3060,2020-06-15,60,452,0.6560232220609579,12
3061,2020-06-16,60,459,0.6661828737300436,11
3062,2020-06-17,60,451,0.6545718432510885,11
3063,2020-06-18,60,449,0.6516690856313497,10
3064,2020-06-19,60,459,0.6661828737300436,12
3065,2020-06-22,60,450,0.6531204644412192,11
3066,2020-06-23,60,440,0.6386066763425254,11
3067,2020-06-24,60,458,0.6647314949201741,10
3068,2020-06-26,60,450,0.6531204644412192,10
3069,2020-06-29,60,461,0.6690856313497823,11
3070,2020-06-30,60,455,0.660377358490566,10
3071,2020-07-02,60,448,0.6502177068214804,10
3072,2020-07-03,60,440,0.6386066763425254,11
3073,2020-07-06,60,458,0.6647314949201741,10
3074,2020-07-07,60,453,0.6574746008708273,11
3075,2020-07-08,60,462,0.6705370101596516,12
3076,2020-07-09,60,456,0.6618287373004355,11
3077,2020-07-10,60,461,0.6690856313497823,11
3078,2020-07-13,60,460,0.6676342525399129,10
3079,2020-07-14,60,461,0.6690856313497823,12
3080,2020-07-15,60,454,0.6589259796806967,11
3081,2020-07-16,60,449,0.6516690856313497,12
3082,2020-07-17,60,449,0.6516690856313497,11
3083,2020-07-20,60,441,0.6400580551523948,10
3084,2020-07-21,60,440,0.6386066763425254,11
3085,2020-07-22,60,438,0.6357039187227866,10
3086,2020-07-23,60,429,0.6226415094339622,10
3087,2020-07-24,60,436,0.6328011611030478,12
3088,2020-07-27,60,437,0.6342525399129173,11
3089,2020-07-28,60,436,0.6328011611030478,10
3090,2020-07-29,60,432,0.6269956458635704,11
3091,2020-07-30,60,435,0.6313497822931785,11
3092,2020-07-31,60,420,0.6095791001451378,10
3093,2020-08-03,60,420,0.6095791001451378,10
3094,2020-08-04,60,419,0.6081277213352685,10
3095,2020-08-05,60,406,0.5892597968069666,10
3096,2020-08-06,60,410,0.5950653120464441,11
3097,2020-08-07,60,412,0.5979680696661829,11
3098,2020-08-10,60,409,0.5936139332365747,10
3099,2020-08-11,60,404,0.5863570391872278,10
3100,2020-08-12,60,410,0.5950653120464441,10
3101,2020-08-13,60,404,0.5863570391872278,10
3102,2020-08-14,60,393,0.5703918722786647,10
3103,2020-08-17,60,378,0.548621190130624,10
3104,2020-08-18,60,371,0.5384615384615384,10
3105,2020-08-19,60,383,0.555878084179971,10
3106,2020-08-20,60,389,0.5645863570391872,11
3107,2020-08-21,60,388,0.5631349782293179,10
3108,2020-08-24,60,401,0.5820029027576198,10
3109,2020-08-25,60,396,0.5747460087082729,10
3110,2020-08-26,60,374,0.5428156748911466,11
3111,2020-08-27,60,396,0.5747460087082729,10
3112,2020-08-28,60,400,0.5805515239477503,10
3113,2020-08-31,60,394,0.5718432510885341,10
3114,2020-09-01,60,411,0.5965166908563135,10
3115,2020-09-02,60,402,0.5834542815674891,10
3116,2020-09-03,60,406,0.5892597968069666,10
3117,2020-09-04,60,405,0.5878084179970973,11
3118,2020-09-07,60,395,0.5732946298984035,10
3119,2020-09-08,60,385,0.5587808417997098,10
3120,2020-09-09,60,384,0.5573294629898403,10
3121,2020-09-10,60,407,0.590711175616836,10
3122,2020-09-11,60,398,0.5776487663280117,11
3123,2020-09-14,60,405,0.5878084179970973,10
3124,2020-09-15,60,390,0.5660377358490566,11
3125,2020-09-16,60,399,0.579100145137881,10
3126,2020-09-17,60,391,0.5674891146589259,9
3127,2020-09-18,60,384,0.5573294629898403,9
3128,2020-09-21,60,403,0.5849056603773585,10
3129,2020-09-22,60,398,0.5776487663280117,10
3130,2020-09-23,60,408,0.5921625544267054,10
3131,2020-09-24,60,403,0.5849056603773585,11
3132,2020-09-25,60,400,0.5805515239477503,10
3133,2020-09-28,60,391,0.5674891146589259,10
3134,2020-09-29,60,406,0.5892597968069666,10
3135,2020-09-30,60,405,0.5878084179970973,10
3136,2020-10-05,60,407,0.590711175616836,10
3137,2020-10-06,60,405,0.5878084179970973,10
3138,2020-10-07,60,385,0.5587808417997098,10
3139,2020-10-08,60,392,0.5689404934687954,10
3140,2020-10-09,60,391,0.5674891146589259,10
3141,2020-10-12,60,402,0.5834542815674891,10
3142,2020-10-14,60,395,0.5732946298984035,10
3143,2020-10-15,60,401,0.5820029027576198,10
3144,2020-10-16,60,404,0.5863570391872278,10
3145,2020-10-19,60,407,0.590711175616836,10
3146,2020-10-20,60,414,0.6008708272859217,11
3147,2020-10-21,60,404,0.5863570391872278,11
3148,2020-10-22,60,394,0.5718432510885341,10
3149,2020-10-23,60,395,0.5732946298984035,11
3150,2020-10-27,60,386,0.5602322206095791,10
3151,2020-10-28,60,394,0.5718432510885341,11
3152,2020-10-29,60,397,0.5761973875181422,10
3153,2020-10-30,60,398,0.5776487663280117,10
3154,2020-11-02,60,397,0.5761973875181422,10
3155,2020-11-03,60,391,0.5674891146589259,10
3156,2020-11-04,60,392,0.5689404934687954,11
3157,2020-11-05,60,401,0.5820029027576198,10
3158,2020-11-06,60,410,0.5950653120464441,10
3159,2020-11-09,60,400,0.5805515239477503,10
3160,2020-11-10,60,403,0.5849056603773585,10
3161,2020-11-11,60,405,0.5878084179970973,11
3162,2020-11-12,60,412,0.5979680696661829,11
3163,2020-11-13,60,413,0.5994194484760522,12
3164,2020-11-16,60,401,0.5820029027576198,10
3165,2020-11-17,60,404,0.5863570391872278,10
3166,2020-11-18,60,408,0.5921625544267054,10
3167,2020-11-19,60,406,0.5892597968069666,10
3168,2020-11-20,60,402,0.5834542815674891,10
3169,2020-11-23,60,409,0.5936139332365747,10
3170,2020-11-24,60,401,0.5820029027576198,10
3171,2020-11-25,60,397,0.5761973875181422,10
3172,2020-11-26,60,404,0.5863570391872278,10
3173,2020-11-27,60,417,0.6052249637155298,11
3174,2020-11-30,60,409,0.5936139332365747,11
3175,2020-12-01,60,405,0.5878084179970973,10
3176,2020-12-02,60,410,0.5950653120464441,11
3177,2020-12-03,60,404,0.5863570391872278,10
3178,2020-12-04,60,405,0.5878084179970973,10
3179,2020-12-07,60,411,0.5965166908563135,10
3180,2020-12-08,60,405,0.5878084179970973,10
3181,2020-12-09,60,405,0.5878084179970973,11
3182,2020-12-10,60,406,0.5892597968069666,10
3183,2020-12-11,60,406,0.5892597968069666,10
3184,2020-12-14,60,407,0.590711175616836,10
3185,2020-12-15,60,412,0.5979680696661829,11
3186,2020-12-16,60,408,0.5921625544267054,11
3187,2020-12-17,60,403,0.5849056603773585,12
3188,2020-12-18,60,401,0.5820029027576198,10
3189,2020-12-21,60,394,0.5718432510885341,11
3190,2020-12-22,60,394,0.5718432510885341,11
3191,2020-12-23,60,378,0.548621190130624,10
3192,2020-12-24,60,387,0.5616835994194485,11
3193,2020-12-28,60,384,0.5573294629898403,10
3194,2020-12-29,60,384,0.5573294629898403,10
3195,2020-12-30,60,392,0.5689404934687954,11
3196,2020-12-31,60,384,0.5573294629898403,10
3197,2021-01-04,60,379,0.5500725689404935,10
3198,2021-01-05,60,366,0.5312046444121916,10
3199,2021-01-06,60,385,0.5587808417997098,11
3200,2021-01-07,60,366,0.5312046444121916,10
3201,2021-01-08,60,375,0.5442670537010159,10
3202,2021-01-11,60,371,0.5384615384615384,10
3203,2021-01-12,60,363,0.5268505079825835,9
3204,2021-01-13,60,363,0.5268505079825835,10
3205,2021-01-14,60,367,0.532656023222061,10
3206,2021-01-15,60,366,0.5312046444121916,10
3207,2021-01-18,60,358,0.5195936139332366,10
3208,2021-01-19,60,370,0.5370101596516691,9
3209,2021-01-20,60,370,0.5370101596516691,10
3210,2021-01-21,60,365,0.5297532656023222,10
3211,2021-01-22,60,376,0.5457184325108854,10
3212,2021-01-25,60,373,0.5413642960812772,11
3213,2021-01-26,60,368,0.5341074020319303,10
3214,2021-01-27,60,382,0.5544267053701016,10
3215,2021-01-28,60,373,0.5413642960812772,10
3216,2021-01-29,60,385,0.5587808417997098,11
3217,2021-02-01,60,374,0.5428156748911466,10
3218,2021-02-02,60,379,0.5500725689404935,10
3219,2021-02-03,60,379,0.5500725689404935,10
3220,2021-02-04,60,369,0.5355587808417998,11
3221,2021-02-05,60,366,0.5312046444121916,10
3222,2021-02-08,60,355,0.5152394775036284,10
3223,2021-02-09,60,374,0.5428156748911466,10
3224,2021-02-10,60,384,0.5573294629898403,10
3225,2021-02-11,60,378,0.548621190130624,10
3226,2021-02-16,60,381,0.5529753265602322,10
3227,2021-02-17,60,390,0.5660377358490566,10
3228,2021-02-18,60,385,0.5587808417997098,11
3229,2021-02-19,60,381,0.5529753265602322,9
3230,2021-02-22,60,381,0.5529753265602322,11
3231,2021-02-23,60,377,0.5471698113207547,11
3232,2021-02-24,60,390,0.5660377358490566,10
3233,2021-02-25,60,379,0.5500725689404935,10
3234,2021-02-26,60,394,0.5718432510885341,10
3235,2021-03-01,60,398,0.5776487663280117,11
3236,2021-03-02,60,400,0.5805515239477503,10
3237,2021-03-03,60,415,0.602322206095791,10
3238,2021-03-04,60,406,0.5892597968069666,11
3239,2021-03-05,60,417,0.6052249637155298,11
3240,2021-03-08,60,410,0.5950653120464441,11
3241,2021-03-09,60,400,0.5805515239477503,10
3242,2021-03-10,60,406,0.5892597968069666,10
3243,2021-03-11,60,409,0.5936139332365747,11
3244,2021-03-12,60,405,0.5878084179970973,10
3245,2021-03-15,60,417,0.6052249637155298,11
3246,2021-03-16,60,417,0.6052249637155298,12
3247,2021-03-17,60,413,0.5994194484760522,10
3248,2021-03-18,60,411,0.5965166908563135,11
3249,2021-03-19,60,413,0.5994194484760522,11
3250,2021-03-22,60,413,0.5994194484760522,10
3251,2021-03-23,60,417,0.6052249637155298,11
3252,2021-03-24,60,417,0.6052249637155298,10
3253,2021-03-25,60,424,0.6153846153846154,11
3254,2021-03-26,60,417,0.6052249637155298,10
3255,2021-03-29,60,409,0.5936139332365747,10
3256,2021-03-30,60,418,0.6066763425253991,10
3257,2021-03-31,60,420,0.6095791001451378,10
3258,2021-04-01,60,423,0.613933236574746,10
3259,2021-04-07,60,408,0.5921625544267054,10
3260,2021-04-08,60,416,0.6037735849056604,10
3261,2021-04-09,60,416,0.6037735849056604,11
3262,2021-04-12,60,418,0.6066763425253991,10
3263,2021-04-13,60,414,0.6008708272859217,12
3264,2021-04-14,60,405,0.5878084179970973,10
3265,2021-04-15,60,413,0.5994194484760522,10
3266,2021-04-16,60,411,0.5965166908563135,10
3267,2021-04-19,60,410,0.5950653120464441,10
3268,2021-04-20,60,406,0.5892597968069666,10
3269,2021-04-21,60,405,0.5878084179970973,10
3270,2021-04-22,60,422,0.6124818577648766,12
3271,2021-04-23,60,418,0.6066763425253991,10
3272,2021-04-26,60,414,0.6008708272859217,10
3273,2021-04-27,60,424,0.6153846153846154,11
3274,2021-04-28,60,421,0.6110304789550073,11
3275,2021-04-29,60,422,0.6124818577648766,11
3276,2021-04-30,60,408,0.5921625544267054,10
3277,2021-05-03,60,422,0.6124818577648766,11
3278,2021-05-04,60,423,0.613933236574746,10
3279,2021-05-05,60,413,0.5994194484760522,10
3280,2021-05-06,60,419,0.6081277213352685,10
3281,2021-05-07,60,418,0.6066763425253991,11
3282,2021-05-10,60,418,0.6066763425253991,10
3283,2021-05-11,60,424,0.6153846153846154,11
3284,2021-05-12,60,417,0.6052249637155298,10
3285,2021-05-13,60,412,0.5979680696661829,10
3286,2021-05-14,60,414,0.6008708272859217,10
3287,2021-05-17,60,404,0.5863570391872278,11
3288,2021-05-18,60,412,0.5979680696661829,10
3289,2021-05-20,60,412,0.5979680696661829,10
3290,2021-05-21,60,414,0.6008708272859217,10
3291,2021-05-24,60,413,0.5994194484760522,10
3292,2021-05-25,60,417,0.6052249637155298,10
3293,2021-05-26,60,418,0.6066763425253991,10
3294,2021-05-27,60,412,0.5979680696661829,11
3295,2021-05-28,60,409,0.5936139332365747,10
3296,2021-05-31,60,415,0.602322206095791,10
3297,2021-06-01,60,412,0.5979680696661829,10
3298,2021-06-02,60,407,0.590711175616836,10
3299,2021-06-03,60,404,0.5863570391872278,10
3300,2021-06-04,60,403,0.5849056603773585,10
3301,2021-06-07,60,409,0.5936139332365747,10
3302,2021-06-08,60,401,0.5820029027576198,10
3303,2021-06-09,60,407,0.590711175616836,10
3304,2021-06-10,60,406,0.5892597968069666,10
3305,2021-06-11,60,393,0.5703918722786647,10
3306,2021-06-15,60,419,0.6081277213352685,10
3307,2021-06-16,60,397,0.5761973875181422,10
3308,2021-06-17,60,400,0.5805515239477503,10
3309,2021-06-18,60,385,0.5587808417997098,10
3310,2021-06-21,60,399,0.579100145137881,10
3311,2021-06-22,60,393,0.5703918722786647,11
3312,2021-06-23,60,390,0.5660377358490566,10
3313,2021-06-24,60,370,0.5370101596516691,10
3314,2021-06-25,60,384,0.5573294629898403,10
3315,2021-06-28,60,367,0.532656023222061,10
3316,2021-06-29,60,386,0.5602322206095791,9
3317,2021-06-30,60,378,0.548621190130624,10
3318,2021-07-02,60,362,0.525399129172714,10
3319,2021-07-05,60,371,0.5384615384615384,10
3320,2021-07-06,60,356,0.5166908563134979,9
3321,2021-07-07,60,378,0.548621190130624,10
3322,2021-07-08,60,362,0.525399129172714,9
3323,2021-07-09,60,378,0.548621190130624,11
3324,2021-07-12,60,360,0.5224963715529753,10
3325,2021-07-13,60,378,0.548621190130624,10
3326,2021-07-14,60,375,0.5442670537010159,9
3327,2021-07-15,60,383,0.555878084179971,9
3328,2021-07-16,60,377,0.5471698113207547,10
3329,2021-07-19,60,389,0.5645863570391872,11
3330,2021-07-20,60,382,0.5544267053701016,10
3331,2021-07-21,60,394,0.5718432510885341,11
3332,2021-07-22,60,406,0.5892597968069666,11
3333,2021-07-23,60,407,0.590711175616836,10
3334,2021-07-26,60,415,0.602322206095791,10
3335,2021-07-27,60,414,0.6008708272859217,10
3336,2021-07-28,60,410,0.5950653120464441,11
3337,2021-07-29,60,406,0.5892597968069666,11
3338,2021-07-30,60,394,0.5718432510885341,10
3339,2021-08-02,60,411,0.5965166908563135,11
3340,2021-08-03,60,401,0.5820029027576198,10
3341,2021-08-04,60,403,0.5849056603773585,11
3342,2021-08-05,60,404,0.5863570391872278,11
3343,2021-08-06,60,403,0.5849056603773585,10
3344,2021-08-09,60,399,0.579100145137881,10
3345,2021-08-10,60,407,0.590711175616836,10
3346,2021-08-11,60,398,0.5776487663280117,10
3347,2021-08-12,60,399,0.579100145137881,10
3348,2021-08-13,60,398,0.5776487663280117,10
3349,2021-08-16,60,395,0.5732946298984035,10
3350,2021-08-17,60,410,0.5950653120464441,10
3351,2021-08-18,60,412,0.5979680696661829,11
3352,2021-08-19,60,410,0.5950653120464441,10
3353,2021-08-20,60,409,0.5936139332365747,11
3354,2021-08-23,60,411,0.5965166908563135,10
3355,2021-08-24,60,406,0.5892597968069666,10
3356,2021-08-25,60,414,0.6008708272859217,11
3357,2021-08-26,60,409,0.5936139332365747,10
3358,2021-08-27,60,418,0.6066763425253991,10
3359,2021-08-30,60,405,0.5878084179970973,10
3360,2021-08-31,60,404,0.5863570391872278,10
3361,2021-09-01,60,404,0.5863570391872278,10
3362,2021-09-02,60,404,0.5863570391872278,10
3363,2021-09-03,60,393,0.5703918722786647,10
3364,2021-09-06,60,397,0.5761973875181422,10
3365,2021-09-07,60,375,0.5442670537010159,10
3366,2021-09-08,60,379,0.5500725689404935,10
3367,2021-09-09,60,380,0.5515239477503628,10
3368,2021-09-10,60,382,0.5544267053701016,10
3369,2021-09-13,60,387,0.5616835994194485,11
3370,2021-09-14,60,382,0.5544267053701016,10
3371,2021-09-15,60,387,0.5616835994194485,10
3372,2021-09-16,60,381,0.5529753265602322,11
3373,2021-09-17,60,378,0.548621190130624,10
3374,2021-09-20,60,380,0.5515239477503628,10
3375,2021-09-21,60,390,0.5660377358490566,10
3376,2021-09-23,60,391,0.5674891146589259,10
3377,2021-09-24,60,407,0.590711175616836,10
3378,2021-09-27,60,410,0.5950653120464441,11
3379,2021-09-28,60,414,0.6008708272859217,10
3380,2021-09-29,60,398,0.5776487663280117,10
3381,2021-09-30,60,410,0.5950653120464441,10
3382,2021-10-04,60,406,0.5892597968069666,10
3383,2021-10-05,60,397,0.5761973875181422,10
3384,2021-10-06,60,403,0.5849056603773585,11
3385,2021-10-07,60,408,0.5921625544267054,11
3386,2021-10-08,60,402,0.5834542815674891,10
3387,2021-10-11,60,393,0.5703918722786647,10
3388,2021-10-12,60,400,0.5805515239477503,11
3389,2021-10-15,60,405,0.5878084179970973,11
3390,2021-10-18,60,400,0.5805515239477503,11
3391,2021-10-19,60,408,0.5921625544267054,11
3392,2021-10-20,60,414,0.6008708272859217,11
3393,2021-10-21,60,410,0.5950653120464441,11
3394,2021-10-22,60,418,0.6066763425253991,11
3395,2021-10-25,60,419,0.6081277213352685,10
3396,2021-10-26,60,412,0.5979680696661829,11
3397,2021-10-27,60,423,0.613933236574746,11
3398,2021-10-28,60,408,0.5921625544267054,11
3399,2021-10-29,60,400,0.5805515239477503,11
3400,2021-11-01,60,398,0.5776487663280117,10
3401,2021-11-02,60,401,0.5820029027576198,10
3402,2021-11-03,60,369,0.5355587808417998,10
3403,2021-11-04,60,386,0.5602322206095791,10
